state,county,lat,lon,population
AK,Aleutians East,54.6729,-163.7637,3420
AK,Aleutians West,54.0246,-168.1480,5232
AK,Anchorage,61.1915,-149.7923,291247
AK,Bethel,60.6676,-162.1783,18666
AK,Bristol Bay,58.7335,-156.8336,844
AK,Chugach,60.8814,-146.1992,7102
AK,Copper River,62.0608,-145.0329,2617
AK,Denali,63.8643,-149.0275,1619
AK,Dillingham,59.1288,-158.7513,4857
AK,Fairbanks North Star,64.8312,-147.6232,95655
AK,Haines,59.2342,-135.4973,2080
AK,Hoonah-Angoon,58.1239,-135.4235,2365
AK,Juneau,58.3602,-134.5330,32255
AK,Kenai Peninsula,60.2840,-151.0681,58799
AK,Ketchikan Gateway,55.3691,-131.6784,13948
AK,Kodiak Island,57.7746,-152.4548,13101
AK,Kusilvak,62.0768,-164.3405,8368
AK,Lake and Peninsula,58.6172,-156.2734,1476
AK,Matanuska-Susitna,61.6072,-149.4326,107081
AK,Nome,64.4316,-165.2691,10046
AK,North Slope,70.4808,-155.2954,11031
AK,Northwest Arctic,66.8971,-161.5830,7793
AK,Petersburg,56.7951,-132.9436,3398
AK,Prince of Wales-Hyder,55.5908,-132.6688,5753
AK,Sitka,57.0628,-135.3360,8458
AK,Skagway,59.4659,-135.3106,1240
AK,Southeast Fairbanks,63.8616,-144.6988,6808
AK,Wrangell,56.4261,-132.3554,2127
AK,Yakutat,59.5451,-139.7149,662
AK,Yukon-Koyukuk,64.9661,-152.8277,5343
AL,Autauga,32.5002,-86.4878,58805
AL,Baldwin,30.5374,-87.7615,231767
AL,Barbour,31.8440,-85.3013,25223
AL,Bibb,33.0322,-87.1368,22293
AL,Blount,33.9546,-86.5927,59134
AL,Bullock,32.1158,-85.7024,10357
AL,Butler,31.7760,-86.6524,19051
AL,Calhoun,33.7272,-85.8180,116441
AL,Chambers,32.8564,-85.2596,34772
AL,Cherokee,34.1805,-85.6299,24971
AL,Chilton,32.8791,-86.6889,45014
AL,Choctaw,32.0161,-88.2625,12665
AL,Clarke,31.6835,-87.8159,23087
AL,Clay,33.2743,-85.8172,14236
AL,Cleburne,33.6252,-85.4957,15056
AL,Coffee,31.3532,-85.8996,53465
AL,Colbert,34.7243,-87.6819,57227
AL,Conecuh,31.4164,-86.9975,11597
AL,Coosa,32.9769,-86.1562,10387
AL,Covington,31.2841,-86.4092,37570
AL,Crenshaw,31.7473,-86.2968,13194
AL,Cullman,34.1627,-86.8327,87866
AL,Dale,31.3839,-85.6377,49326
AL,Dallas,32.4118,-87.0353,38462
AL,DeKalb,34.4527,-85.8175,71608
AL,Elmore,32.5585,-86.2253,87977
AL,Escambia,31.0854,-87.2801,36757
AL,Etowah,34.0122,-86.0259,103436
AL,Fayette,33.7269,-87.7675,16321
AL,Franklin,34.4635,-87.7936,32113
AL,Geneva,31.0945,-85.7814,26659
AL,Greene,32.8338,-87.9245,7730
AL,Hale,32.7833,-87.6280,14785
AL,Henry,31.4693,-85.2711,17146
AL,Houston,31.2048,-85.3963,107202
AL,Jackson,34.7273,-85.9436,52579
AL,Jefferson,33.5172,-86.8116,674721
AL,Lamar,33.7613,-88.1088,13972
AL,Lauderdale,34.8655,-87.6089,93564
AL,Lawrence,34.5409,-87.2716,33073
AL,Lee,32.5923,-85.3598,174241
AL,Limestone,34.8040,-86.9224,103570
AL,Lowndes,32.1642,-86.6152,10311
AL,Macon,32.4291,-85.7118,19532
AL,Madison,34.7430,-86.6153,388153
AL,Marengo,32.3424,-87.8035,19323
AL,Marion,34.1104,-87.8765,29341
AL,Marshall,34.3112,-86.2913,97612
AL,Mobile,30.6840,-88.1752,414809
AL,Monroe,31.4988,-87.3646,19772
AL,Montgomery,32.3465,-86.2338,228954
AL,Morgan,34.5139,-86.9320,123421
AL,Perry,32.5849,-87.3697,8511
AL,Pickens,33.2847,-88.0744,19123
AL,Pike,31.7860,-85.9470,33009
AL,Randolph,33.2647,-85.4274,21967
AL,Russell,32.4149,-85.0546,59183
AL,Shelby,33.2903,-86.7390,223024
AL,St. Clair,33.6609,-86.3749,91103
AL,Sumter,32.5710,-88.2309,12345
AL,Talladega,33.3769,-86.1659,82149
AL,Tallapoosa,32.8517,-85.8640,41311
AL,Tuscaloosa,33.2148,-87.5185,227036
AL,Walker,33.8342,-87.2505,65342
AL,Washington,31.4137,-88.1953,15388
AL,Wilcox,32.0074,-87.3769,10600
AL,Winston,34.1644,-87.4156,23540
AR,Arkansas,34.4035,-91.4608,17149
AR,Ashley,33.1796,-91.8779,19062
AR,Baxter,36.3318,-92.3839,41627
AR,Benton,36.3351,-94.2303,284333
AR,Boone,36.2666,-93.0988,37373
AR,Bradley,33.5744,-92.1013,10545
AR,Calhoun,33.5860,-92.5007,4739
AR,Carroll,36.3757,-93.5747,28260
AR,Chicot,33.3260,-91.3184,10208
AR,Clark,34.0993,-93.1240,21446
AR,Clay,36.3703,-90.3664,14552
AR,Cleburne,35.5072,-92.0378,24711
AR,Cleveland,33.9130,-92.1364,7550
AR,Columbia,33.2588,-93.2472,22801
AR,Conway,35.2130,-92.7059,20715
AR,Craighead,35.8358,-90.6692,111231
AR,Crawford,35.4941,-94.2859,60133
AR,Crittenden,35.1767,-90.2135,48163
AR,Cross,35.2517,-90.7774,16833
AR,Dallas,33.8649,-92.5252,6482
AR,Desha,33.7680,-91.4152,11395
AR,Drew,33.6273,-91.7841,17350
AR,Faulkner,35.1057,-92.4061,123498
AR,Franklin,35.4422,-93.8910,17097
AR,Fulton,36.3757,-91.7668,12075
AR,Garland,34.5058,-93.0807,100180
AR,Grant,34.3117,-92.4126,17958
AR,Greene,36.0715,-90.5226,45736
AR,Hempstead,33.6982,-93.6208,20065
AR,Hot Spring,34.3536,-92.8955,33040
AR,Howard,33.9815,-93.9089,12785
AR,Independence,35.7507,-91.6073,37938
AR,Izard,36.1215,-91.9117,13577
AR,Jackson,35.6231,-91.2465,16755
AR,Jefferson,34.2348,-92.0451,67260
AR,Johnson,35.4765,-93.4731,25749
AR,Lafayette,33.2789,-93.5577,6308
AR,Lawrence,36.0708,-91.0644,16216
AR,Lee,34.7874,-90.7696,8600
AR,Lincoln,33.9734,-91.7459,12941
AR,Little River,33.7003,-94.1987,12026
AR,Logan,35.2277,-93.7683,21131
AR,Lonoke,34.9170,-91.9739,74015
AR,Madison,36.0629,-93.7577,16521
AR,Marion,36.2844,-92.6602,16826
AR,Miller,33.4024,-93.9872,42600
AR,Mississippi,35.8434,-90.0016,40685
AR,Monroe,34.7771,-91.2215,6799
AR,Montgomery,34.5146,-93.6224,8484
AR,Nevada,33.7255,-93.3594,8310
AR,Newton,35.9826,-93.1657,7225
AR,Ouachita,33.5738,-92.8387,22650
AR,Perry,34.9987,-92.7777,10019
AR,Phillips,34.5309,-90.7038,16568
AR,Pike,34.1864,-93.6262,10171
AR,Poinsett,35.6048,-90.5584,22965
AR,Polk,34.5228,-94.2579,19221
AR,Pope,35.3091,-93.0968,63381
AR,Prairie,34.8638,-91.5405,8282
AR,Pulaski,34.7752,-92.3151,399125
AR,Randolph,36.3021,-90.9896,18571
AR,Saline,34.5970,-92.5461,123416
AR,Scott,34.9042,-94.0970,9836
AR,Searcy,35.9231,-92.6607,7828
AR,Sebastian,35.3187,-94.3548,127799
AR,Sevier,34.0153,-94.3038,15839
AR,Sharp,36.1781,-91.5195,17271
AR,St. Francis,35.0164,-90.7749,23090
AR,Stone,35.8557,-92.1338,12359
AR,Union,33.2074,-92.6520,39054
AR,Van Buren,35.5681,-92.4201,15796
AR,Washington,36.0959,-94.1723,245871
AR,White,35.2394,-91.7736,76822
AR,Woodruff,35.2332,-91.2510,6269
AR,Yell,35.1278,-93.2829,20263
AZ,Apache,35.5437,-109.4190,66021
AZ,Cochise,31.6035,-110.0728,125447
AZ,Coconino,35.4761,-111.6018,145101
AZ,Gila,33.8444,-111.0150,53272
AZ,Graham,32.8671,-109.8081,38533
AZ,Greenlee,32.9852,-109.2595,9563
AZ,La Paz,33.9542,-114.1838,16557
AZ,Maricopa,33.4901,-112.0440,4420568
AZ,Mohave,35.0345,-114.2624,213267
AZ,Navajo,34.8622,-110.2052,106717
AZ,Pima,32.2164,-110.9580,1043433
AZ,Pinal,33.0693,-111.6021,425264
AZ,Santa Cruz,31.4392,-110.9459,47669
AZ,Yavapai,34.6287,-112.2738,236209
AZ,Yuma,32.6414,-114.6054,203881
CA,Alameda,37.7066,-122.0988,1682353
CA,Alpine,38.7285,-119.8478,1204
CA,Amador,38.3959,-120.7780,40474
CA,Butte,39.6589,-121.7265,211632
CA,Calaveras,38.1573,-120.6452,45292
CA,Colusa,39.1534,-122.0838,21839
CA,Contra Costa,37.9350,-122.0250,1165927
CA,Del Norte,41.7908,-124.1642,27743
CA,El Dorado,38.7410,-120.7614,191185
CA,Fresno,36.7438,-119.7653,1008654
CA,Glenn,39.6658,-122.1793,28917
CA,Humboldt,40.7576,-124.0881,136463
CA,Imperial,32.8416,-115.5400,179702
CA,Inyo,37.1714,-118.2686,19016
CA,Kern,35.3698,-118.9418,909235
CA,Kings,36.2527,-119.7269,152486
CA,Lake,38.9762,-122.7329,68163
CA,Lassen,40.3937,-120.5845,32730
CA,Los Angeles,34.0679,-118.2460,10014009
CA,Madera,37.0371,-120.0098,156255
CA,Marin,37.9865,-122.5467,262321
CA,Mariposa,37.5321,-119.9714,17131
CA,Mendocino,39.2856,-123.3942,91601
CA,Merced,37.2748,-120.6289,281202
CA,Modoc,41.5217,-120.6312,8700
CA,Mono,37.7730,-118.9706,13195
CA,Monterey,36.6147,-121.6467,439035
CA,Napa,38.3251,-122.3200,138019
CA,Nevada,39.2200,-120.9152,102241
CA,Orange,33.7327,-117.8588,3186989
CA,Placer,38.8397,-121.1984,404739
CA,Plumas,39.9812,-120.8220,19790
CA,Riverside,33.7993,-117.0770,2418185
CA,Sacramento,38.5683,-121.3812,1585055
CA,San Benito,36.8431,-121.4026,64209
CA,San Bernardino,34.1910,-117.3598,2181654
CA,San Diego,32.8844,-117.1123,3298634
CA,San Francisco,37.7606,-122.4365,873965
CA,San Joaquin,37.9245,-121.3023,779233
CA,San Luis Obispo,35.3418,-120.6658,282424
CA,San Mateo,37.5636,-122.3399,764442
CA,Santa Barbara,34.6451,-120.1029,448229
CA,Santa Clara,37.3155,-121.9111,1936259
CA,Santa Cruz,36.9863,-121.9387,270861
CA,Shasta,40.5783,-122.3001,182155
CA,Sierra,39.6072,-120.4219,3236
CA,Siskiyou,41.5727,-122.4937,44076
CA,Solano,38.2363,-122.0673,453491
CA,Sonoma,38.4123,-122.7204,488863
CA,Stanislaus,37.6184,-120.9559,552878
CA,Sutter,39.1372,-121.6440,99633
CA,Tehama,40.1148,-122.2191,65829
CA,Trinity,40.6300,-123.0966,16112
CA,Tulare,36.2541,-119.2345,473117
CA,Tuolumne,37.9720,-120.3252,55620
CA,Ventura,34.2428,-119.0255,843843
CA,Yolo,38.5982,-121.7189,216403
CA,Yuba,39.1319,-121.5106,81575
CO,Adams,39.8769,-104.9209,519572
CO,Alamosa,37.4819,-105.8776,16376
CO,Arapahoe,39.6466,-104.8386,655070
CO,Archuleta,37.2403,-107.0898,13359
CO,Baca,37.3681,-102.5320,3506
CO,Bent,38.0729,-103.1660,5650
CO,Boulder,40.0630,-105.1802,330758
CO,Broomfield,39.9399,-105.0581,74112
CO,Chaffee,38.6768,-106.0851,19476
CO,Cheyenne,38.8177,-102.4701,1748
CO,Clear Creek,39.7135,-105.5325,9397
CO,Conejos,37.1996,-105.9873,7461
CO,Costilla,37.2922,-105.4443,3499
CO,Crowley,38.1938,-103.8564,5922
CO,Custer,38.1332,-105.3825,4704
CO,Delta,38.7982,-107.9138,31196
CO,Denver,39.7249,-104.9500,715522
CO,Dolores,37.7469,-108.7587,2326
CO,Douglas,39.4820,-104.8736,357978
CO,Eagle,39.6005,-106.7334,55731
CO,El Paso,38.8773,-104.7521,730395
CO,Elbert,39.3886,-104.5231,26062
CO,Fremont,38.4269,-105.2143,48939
CO,Garfield,39.5071,-107.5490,61685
CO,Gilpin,39.8561,-105.4832,5808
CO,Grand,40.0511,-105.9785,15717
CO,Gunnison,38.6600,-106.9444,16918
CO,Hinsdale,38.0026,-107.2987,788
CO,Huerfano,37.6125,-104.8876,6820
CO,Jackson,40.6902,-106.2955,1379
CO,Jefferson,39.7237,-105.1303,582910
CO,Kiowa,38.4701,-102.7010,1446
CO,Kit Carson,39.3104,-102.4620,7087
CO,La Plata,37.2660,-107.8039,55638
CO,Lake,39.2448,-106.3075,7436
CO,Larimer,40.5044,-105.0892,359066
CO,Las Animas,37.1921,-104.5013,14555
CO,Lincoln,39.1800,-103.6142,5675
CO,Logan,40.6403,-103.1860,21528
CO,Mesa,39.0929,-108.5467,155703
CO,Mineral,37.7791,-106.9421,865
CO,Moffat,40.5161,-107.6140,13292
CO,Montezuma,37.3719,-108.5545,25849
CO,Montrose,38.4813,-107.9223,42679
CO,Morgan,40.2542,-103.7891,29111
CO,Otero,38.0232,-103.6558,18690
CO,Ouray,38.1460,-107.7519,4874
CO,Park,39.3057,-105.6254,17390
CO,Phillips,40.5994,-102.3859,4530
CO,Pitkin,39.2318,-106.9087,17358
CO,Prowers,38.0830,-102.5486,11999
CO,Pueblo,38.2658,-104.6470,168162
CO,Rio Blanco,40.0511,-108.2687,6529
CO,Rio Grande,37.6118,-106.2421,11539
CO,Routt,40.4555,-106.8974,24829
CO,Saguache,37.9253,-106.0061,6368
CO,San Juan,37.8019,-107.6736,705
CO,San Miguel,37.9718,-107.9581,8072
CO,Sedgwick,40.9622,-102.3257,2404
CO,Summit,39.5724,-106.0557,31055
CO,Teller,38.9448,-105.1399,24710
CO,Washington,40.0983,-103.1571,4817
CO,Weld,40.3224,-104.8070,328981
CO,Yuma,40.0658,-102.4808,9988
CT,Fairfield,41.2060,-73.3672,957419
CT,Hartford,41.7612,-72.7179,899498
CT,Litchfield,41.7270,-73.1904,185186
CT,Middlesex,41.4790,-72.5716,164245
CT,New Haven,41.3966,-72.9423,864835
CT,New London,41.4433,-72.0975,268555
CT,Tolland,41.8423,-72.3730,149788
CT,Windham,41.8051,-71.9935,116418
DC,District of Columbia,38.9102,-77.0140,689545
DE,Kent,39.1271,-75.5591,181851
DE,New Castle,39.6789,-75.6353,570719
DE,Sussex,38.6618,-75.3315,237378
FL,Alachua,29.6647,-82.3916,278468
FL,Baker,30.2864,-82.1845,28259
FL,Bay,30.2128,-85.6706,175216
FL,Bradford,29.9499,-82.1283,28303
FL,Brevard,28.2251,-80.6909,606612
FL,Broward,26.1354,-80.2270,1944375
FL,Calhoun,30.4643,-85.1258,13648
FL,Charlotte,26.9538,-82.1173,186847
FL,Citrus,28.8656,-82.4552,153843
FL,Clay,30.0878,-81.8005,218245
FL,Collier,26.2037,-81.6926,375752
FL,Columbia,30.1220,-82.6645,69698
FL,DeSoto,27.1868,-81.8705,33976
FL,Dixie,29.6346,-83.0587,16759
FL,Duval,30.2986,-81.6204,995567
FL,Escambia,30.4857,-87.2771,321905
FL,Flagler,29.5215,-81.2221,115378
FL,Franklin,29.7860,-84.8132,12451
FL,Gadsden,30.5936,-84.5717,43826
FL,Gilchrist,29.7053,-82.8081,17864
FL,Glades,26.8970,-81.1896,12126
FL,Gulf,29.9556,-85.2597,14192
FL,Hamilton,30.5014,-82.9990,14004
FL,Hardee,27.5481,-81.8170,25327
FL,Hendry,26.7266,-81.2161,39619
FL,Hernando,28.5044,-82.4970,194515
FL,Highlands,27.4626,-81.4448,101235
FL,Hillsborough,27.9673,-82.3986,1459762
FL,Holmes,30.8470,-85.7547,19653
FL,Indian River,27.6713,-80.4407,159788
FL,Jackson,30.7972,-85.2190,47319
FL,Jefferson,30.5029,-83.8913,14510
FL,Lafayette,30.0636,-83.1764,8226
FL,Lake,28.7169,-81.7507,383956
FL,Lee,26.5760,-81.8518,760822
FL,Leon,30.4661,-84.2697,292198
FL,Levy,29.3801,-82.6629,42915
FL,Liberty,30.3991,-84.9071,7974
FL,Madison,30.4724,-83.4259,17968
FL,Manatee,27.4783,-82.5205,399710
FL,Marion,29.1358,-82.1261,375908
FL,Martin,27.1459,-80.2457,158431
FL,Miami-Dade,25.7693,-80.3012,2701767
FL,Monroe,24.7474,-81.2448,82874
FL,Nassau,30.6083,-81.6343,90352
FL,Okaloosa,30.5516,-86.5656,211668
FL,Okeechobee,27.2719,-80.8243,39644
FL,Orange,28.5261,-81.3884,1429908
FL,Osceola,28.2691,-81.3904,388656
FL,Palm Beach,26.6165,-80.1437,1492191
FL,Pasco,28.2582,-82.5102,561891
FL,Pinellas,27.9002,-82.7270,959107
FL,Polk,28.0425,-81.7869,725046
FL,Putnam,29.6092,-81.7212,73321
FL,Santa Rosa,30.5472,-87.0358,188000
FL,Sarasota,27.2011,-82.4160,434006
FL,Seminole,28.6992,-81.3101,470856
FL,St. Johns,29.9918,-81.4349,273425
FL,St. Lucie,27.3336,-80.3571,329226
FL,Sumter,28.8335,-82.0248,129752
FL,Suwannee,30.2137,-82.9851,43474
FL,Taylor,30.0569,-83.5903,21796
FL,Union,30.0114,-82.3577,16147
FL,Volusia,29.0724,-81.1263,553543
FL,Wakulla,30.1874,-84.3329,33764
FL,Walton,30.5438,-86.1902,75305
FL,Washington,30.6494,-85.6239,25318
GA,Appling,31.7707,-82.3388,18444
GA,Atkinson,31.3175,-82.8781,8286
GA,Bacon,31.5470,-82.4661,11140
GA,Baker,31.3110,-84.4336,2876
GA,Baldwin,33.0855,-83.2436,43799
GA,Banks,34.3492,-83.5075,18035
GA,Barrow,33.9925,-83.7286,83505
GA,Bartow,34.2085,-84.8291,108901
GA,Ben Hill,31.7271,-83.2481,17194
GA,Berrien,31.2335,-83.2518,18160
GA,Bibb,32.8346,-83.6901,157346
GA,Bleckley,32.4015,-83.3322,12583
GA,Brantley,31.2172,-81.9700,18021
GA,Brooks,30.8411,-83.5423,16301
GA,Bryan,31.9587,-81.3534,44738
GA,Bulloch,32.4153,-81.7624,81099
GA,Burke,33.1032,-82.0023,24596
GA,Butts,33.2949,-83.9729,25434
GA,Calhoun,31.5261,-84.6630,5573
GA,Camden,30.8125,-81.6314,54768
GA,Candler,32.3992,-82.0604,10981
GA,Carroll,33.6240,-85.0438,119148
GA,Catoosa,34.9285,-85.1722,67872
GA,Charlton,30.7866,-82.0242,12518
GA,Chatham,32.0432,-81.1366,295291
GA,Chattahoochee,32.3428,-84.8964,9565
GA,Chattooga,34.4960,-85.3440,24965
GA,Cherokee,34.1705,-84.4947,266620
GA,Clarke,33.9504,-83.3814,128671
GA,Clay,31.6350,-85.0146,2848
GA,Clayton,33.5516,-84.3612,297595
GA,Clinch,31.0213,-82.7444,6749
GA,Cobb,33.9418,-84.5580,766149
GA,Coffee,31.5157,-82.8384,43092
GA,Colquitt,31.1797,-83.7679,45898
GA,Columbia,33.5147,-82.1753,156010
GA,Cook,31.1484,-83.4238,17229
GA,Coweta,33.3780,-84.7335,146158
GA,Crawford,32.7067,-83.9302,12130
GA,Crisp,31.9493,-83.7780,20128
GA,Dade,34.8812,-85.4979,16251
GA,Dawson,34.4002,-84.1022,26798
GA,DeKalb,33.7902,-84.2476,764382
GA,Decatur,30.8898,-84.5700,29367
GA,Dodge,32.2124,-83.1737,19925
GA,Dooly,32.1702,-83.7807,11208
GA,Dougherty,31.5741,-84.1712,85790
GA,Douglas,33.7246,-84.7355,144237
GA,Early,31.3356,-84.9199,10854
GA,Echols,30.7123,-83.0503,3697
GA,Effingham,32.2873,-81.2998,64769
GA,Elbert,34.1284,-82.8805,19637
GA,Emanuel,32.5866,-82.3064,22768
GA,Evans,32.1687,-81.9066,10774
GA,Fannin,34.9029,-84.3129,25319
GA,Fayette,33.4281,-84.5132,119194
GA,Floyd,34.2562,-85.1833,98584
GA,Forsyth,34.1905,-84.1502,251283
GA,Franklin,34.3781,-83.1864,23424
GA,Fulton,33.8325,-84.3962,1066710
GA,Gilmer,34.6751,-84.4861,31353
GA,Glascock,33.2366,-82.6097,2884
GA,Glynn,31.2026,-81.4862,84499
GA,Gordon,34.4982,-84.9078,57544
GA,Grady,30.8818,-84.2124,26236
GA,Greene,33.5352,-83.1794,18915
GA,Gwinnett,33.9541,-84.0532,957062
GA,Habersham,34.5657,-83.5414,46031
GA,Hall,34.2694,-83.8476,203136
GA,Hancock,33.2548,-83.0132,8735
GA,Haralson,33.7607,-85.1847,29919
GA,Harris,32.6975,-84.8943,34668
GA,Hart,34.3555,-82.9650,25828
GA,Heard,33.3080,-85.1167,11412
GA,Henry,33.4703,-84.1746,240712
GA,Houston,32.5658,-83.6637,163633
GA,Irwin,31.6043,-83.2799,9666
GA,Jackson,34.1295,-83.5990,75907
GA,Jasper,33.3583,-83.7265,14588
GA,Jeff Davis,31.8478,-82.6003,14779
GA,Jefferson,33.0690,-82.4081,15709
GA,Jenkins,32.7899,-81.9472,8674
GA,Johnson,32.6994,-82.6845,9189
GA,Jones,32.9612,-83.5502,28347
GA,Lamar,33.0842,-84.1544,18500
GA,Lanier,31.0373,-83.0976,9877
GA,Laurens,32.5175,-82.9254,49570
GA,Lee,31.6806,-84.1771,33163
GA,Liberty,31.8288,-81.5777,65256
GA,Lincoln,33.7806,-82.4455,7690
GA,Long,31.7759,-81.7317,16168
GA,Lowndes,30.8603,-83.2814,118251
GA,Lumpkin,34.5245,-83.9882,33488
GA,Macon,32.3241,-84.0395,12082
GA,Madison,34.1013,-83.2403,30120
GA,Marion,32.3826,-84.5246,7498
GA,McDuffie,33.4596,-82.4687,21632
GA,McIntosh,31.4801,-81.4057,10975
GA,Meriwether,33.0166,-84.6754,20613
GA,Miller,31.1604,-84.7383,6000
GA,Mitchell,31.2182,-84.1712,21755
GA,Monroe,33.0370,-83.9091,27957
GA,Montgomery,32.1733,-82.5295,8610
GA,Morgan,33.6000,-83.4857,20097
GA,Murray,34.7817,-84.7916,39973
GA,Muscogee,32.4956,-84.9289,206922
GA,Newton,33.5706,-83.8980,112483
GA,Oconee,33.8770,-83.4641,41799
GA,Oglethorpe,33.9189,-83.1474,14825
GA,Paulding,33.9139,-84.8142,168661
GA,Peach,32.5891,-83.8228,27981
GA,Pickens,34.4558,-84.4360,33216
GA,Pierce,31.3130,-82.2424,19716
GA,Pike,33.1048,-84.3666,18889
GA,Polk,34.0109,-85.1746,42853
GA,Pulaski,32.2734,-83.4790,9855
GA,Putnam,33.3197,-83.3355,22047
GA,Quitman,31.8596,-85.0781,2235
GA,Rabun,34.8797,-83.4070,16883
GA,Randolph,31.7586,-84.7581,6425
GA,Richmond,33.4279,-82.0519,206607
GA,Rockdale,33.6421,-84.0192,93570
GA,Schley,32.2418,-84.3066,4547
GA,Screven,32.7222,-81.6298,14067
GA,Seminole,30.9679,-84.8667,9147
GA,Spalding,33.2589,-84.2716,67306
GA,Stephens,34.5584,-83.2897,26784
GA,Stewart,32.0686,-84.7580,5314
GA,Sumter,32.0614,-84.2224,29616
GA,Talbot,32.7007,-84.5830,5733
GA,Taliaferro,33.5690,-82.8861,1559
GA,Tattnall,32.0365,-82.0585,22842
GA,Taylor,32.5591,-84.2097,7816
GA,Telfair,32.0193,-82.8950,12477
GA,Terrell,31.7720,-84.4290,9185
GA,Thomas,30.8693,-83.9480,45798
GA,Tift,31.4551,-83.5139,41344
GA,Toombs,32.1855,-82.3687,27030
GA,Towns,34.9400,-83.7829,12493
GA,Treutlen,32.3873,-82.5892,6406
GA,Troup,33.0381,-85.0297,69426
GA,Turner,31.7028,-83.6383,9006
GA,Twiggs,32.7023,-83.4167,8022
GA,Union,34.8775,-84.0048,24632
GA,Upson,32.9072,-84.3253,27700
GA,Walker,34.8387,-85.2931,67654
GA,Walton,33.7960,-83.7853,96673
GA,Ware,31.2270,-82.3838,36251
GA,Warren,33.4067,-82.6616,5215
GA,Washington,32.9643,-82.7756,19988
GA,Wayne,31.6106,-81.9166,30144
GA,Webster,32.0525,-84.5618,2348
GA,Wheeler,32.1475,-82.7562,7471
GA,White,34.5996,-83.7437,28003
GA,Whitfield,34.7936,-84.9663,102864
GA,Wilcox,31.9755,-83.4092,8766
GA,Wilkes,33.7572,-82.7527,9565
GA,Wilkinson,32.8440,-83.2392,8877
GA,Worth,31.5453,-83.8592,20784
HI,Hawaii,19.6727,-155.4281,200629
HI,Honolulu,21.3715,-157.9172,1016508
HI,Kalawao,21.1896,-156.9821,82
HI,Kauai,22.0198,-159.4390,73298
HI,Maui,20.8629,-156.4920,164754
IA,Adair,41.3477,-94.4783,7496
IA,Adams,41.0072,-94.7088,3704
IA,Allamakee,43.2530,-91.4248,14061
IA,Appanoose,40.7413,-92.8647,12317
IA,Audubon,41.6759,-94.9254,5674
IA,Benton,42.0633,-92.0133,25575
IA,Black Hawk,42.4902,-92.3718,131144
IA,Boone,42.0262,-93.8922,26715
IA,Bremer,42.7403,-92.3807,24988
IA,Buchanan,42.4851,-91.9011,20565
IA,Buena Vista,42.6767,-95.1843,20823
IA,Butler,42.7016,-92.7583,14334
IA,Calhoun,42.3978,-94.6232,9927
IA,Carroll,42.0395,-94.8677,20760
IA,Cass,41.3665,-94.9777,13127
IA,Cedar,41.7560,-91.1404,18505
IA,Cerro Gordo,43.1352,-93.2461,43127
IA,Cherokee,42.7512,-95.5919,11658
IA,Chickasaw,43.0387,-92.3428,12012
IA,Clarke,41.0348,-93.7835,9748
IA,Clay,43.1274,-95.1593,16384
IA,Clayton,42.8607,-91.3211,17043
IA,Clinton,41.8521,-90.3412,46460
IA,Crawford,42.0267,-95.3574,16525
IA,Dallas,41.6307,-93.9005,99678
IA,Davis,40.7625,-92.4183,9110
IA,Decatur,40.7123,-93.8172,7645
IA,Delaware,42.4816,-91.3839,17488
IA,Des Moines,40.8353,-91.1433,38910
IA,Dickinson,43.3890,-95.1346,17703
IA,Dubuque,42.4932,-90.7622,99266
IA,Emmet,43.3960,-94.7583,9388
IA,Fayette,42.8215,-91.8557,19509
IA,Floyd,43.0752,-92.7514,15627
IA,Franklin,42.7546,-93.2393,10019
IA,Fremont,40.7537,-95.6168,6605
IA,Greene,42.0291,-94.3799,8771
IA,Grundy,42.3805,-92.7473,12329
IA,Guthrie,41.6658,-94.4277,10623
IA,Hamilton,42.4066,-93.7674,15039
IA,Hancock,43.0923,-93.7027,10795
IA,Hardin,42.4363,-93.2170,16878
IA,Harrison,41.6626,-95.8046,14582
IA,Henry,40.9780,-91.5369,20482
IA,Howard,43.3620,-92.2294,9469
IA,Humboldt,42.7466,-94.2166,9597
IA,Ida,42.3933,-95.5055,7005
IA,Iowa,41.7010,-92.0392,16662
IA,Jackson,42.1415,-90.5677,19485
IA,Jasper,41.6781,-93.0714,37813
IA,Jefferson,41.0126,-91.9659,15663
IA,Johnson,41.6836,-91.5613,152854
IA,Jones,42.1381,-91.2005,20646
IA,Keokuk,41.3244,-92.1752,10033
IA,Kossuth,43.1433,-94.2214,14828
IA,Lee,40.5607,-91.3971,33555
IA,Linn,42.0085,-91.6484,230299
IA,Louisa,41.2253,-91.2627,10837
IA,Lucas,41.0221,-93.3125,8634
IA,Lyon,43.3855,-96.2273,11934
IA,Madison,41.3487,-93.9868,16548
IA,Mahaska,41.3118,-92.6421,22190
IA,Marion,41.3573,-93.0417,33414
IA,Marshall,42.0304,-92.9382,40105
IA,Mills,41.0509,-95.6937,14484
IA,Mitchell,43.3345,-92.8061,10565
IA,Monona,42.0626,-95.9889,8751
IA,Monroe,41.0338,-92.8252,7577
IA,Montgomery,41.0093,-95.1697,10330
IA,Muscatine,41.4655,-91.0778,43235
IA,O'Brien,43.1292,-95.6953,14182
IA,Osceola,43.3872,-95.6810,6192
IA,Page,40.7470,-95.1873,15211
IA,Palo Alto,43.1011,-94.6885,8996
IA,Plymouth,42.7480,-96.2030,25698
IA,Pocahontas,42.7440,-94.7070,7078
IA,Polk,41.6310,-93.6402,492401
IA,Pottawattamie,41.2784,-95.7939,93667
IA,Poweshiek,41.7125,-92.6249,18662
IA,Ringgold,40.7380,-94.2371,4663
IA,Sac,42.3753,-95.0896,9814
IA,Scott,41.5647,-90.5627,174669
IA,Shelby,41.6626,-95.3233,11746
IA,Sioux,43.0808,-96.1680,35872
IA,Story,42.0251,-93.6049,98537
IA,Tama,42.0624,-92.5441,17135
IA,Taylor,40.7536,-94.6798,5896
IA,Union,41.0548,-94.3183,12138
IA,Van Buren,40.7442,-91.9425,7203
IA,Wapello,41.0164,-92.4189,35437
IA,Warren,41.4068,-93.5956,52403
IA,Washington,41.3651,-91.6942,22565
IA,Wayne,40.7333,-93.3041,6497
IA,Webster,42.4812,-94.1795,36999
IA,Winnebago,43.3415,-93.6639,10679
IA,Winneshiek,43.2811,-91.8132,20070
IA,Woodbury,42.4833,-96.3460,105941
IA,Worth,43.3694,-93.2504,7443
IA,Wright,42.7330,-93.7563,12943
ID,Ada,43.6121,-116.3131,494967
ID,Adams,44.8439,-116.3833,4379
ID,Bannock,42.8711,-112.4251,87018
ID,Bear Lake,42.3075,-111.3412,6372
ID,Benewah,47.2731,-116.6446,9530
ID,Bingham,43.2231,-112.3463,47992
ID,Blaine,43.5481,-114.2990,24272
ID,Boise,43.9065,-115.9853,7610
ID,Bonner,48.2365,-116.6302,47110
ID,Bonneville,43.4948,-111.9944,123964
ID,Boundary,48.7106,-116.3026,12056
ID,Butte,43.6973,-113.3022,2574
ID,Camas,43.3529,-114.7545,1077
ID,Canyon,43.6125,-116.6250,231105
ID,Caribou,42.6462,-111.6521,7027
ID,Cassia,42.4874,-113.7478,24655
ID,Clark,44.1947,-112.2621,790
ID,Clearwater,46.4891,-116.1908,8734
ID,Custer,44.2803,-114.0963,4275
ID,Elmore,43.1177,-115.6851,28666
ID,Franklin,42.0982,-111.8718,14194
ID,Fremont,44.0129,-111.6169,13388
ID,Gem,43.8831,-116.5077,19123
ID,Gooding,42.8535,-114.7504,15598
ID,Idaho,45.9720,-116.1055,16541
ID,Jefferson,43.6871,-111.9590,30891
ID,Jerome,42.6995,-114.4650,24237
ID,Kootenai,47.7386,-116.8374,171362
ID,Latah,46.7426,-116.9348,39517
ID,Lemhi,45.1304,-113.8610,7974
ID,Lewis,46.2376,-116.2640,3533
ID,Lincoln,42.9717,-114.3333,5127
ID,Madison,43.8192,-111.7939,52913
ID,Minidoka,42.6112,-113.7126,21613
ID,Nez Perce,46.3939,-116.9521,42090
ID,Oneida,42.1822,-112.2955,4564
ID,Owyhee,43.3934,-116.7047,11913
ID,Payette,44.0196,-116.8933,25386
ID,Power,42.7746,-112.8273,7878
ID,Shoshone,47.5149,-116.0918,13169
ID,Teton,43.6924,-111.1221,11630
ID,Twin Falls,42.5603,-114.4996,90046
ID,Valley,44.7662,-116.0747,11746
ID,Washington,44.2983,-116.9210,10500
IL,Adams,39.9439,-91.3274,65737
IL,Alexander,37.1529,-89.2949,5240
IL,Bond,38.8848,-89.4320,16725
IL,Boone,42.2943,-88.8521,53448
IL,Brown,39.9660,-90.7475,6244
IL,Bureau,41.3824,-89.4205,33244
IL,Calhoun,39.1230,-90.6382,4437
IL,Carroll,42.0673,-89.9692,15702
IL,Cass,39.9804,-90.3209,13042
IL,Champaign,40.1269,-88.2365,205865
IL,Christian,39.5254,-89.2541,34032
IL,Clark,39.3515,-87.7962,15455
IL,Clay,38.7157,-88.4918,13288
IL,Clinton,38.5887,-89.4857,36899
IL,Coles,39.4880,-88.2646,46863
IL,Cook,41.8695,-87.7580,5275541
IL,Crawford,39.0048,-87.7500,18679
IL,Cumberland,39.2750,-88.2807,10450
IL,De Witt,40.1709,-88.9114,15516
IL,DeKalb,41.9276,-88.7268,100420
IL,Douglas,39.7670,-88.2804,19740
IL,DuPage,41.8489,-88.0713,932877
IL,Edgar,39.6364,-87.7138,16866
IL,Edwards,38.4016,-88.0412,6245
IL,Effingham,39.0959,-88.5733,34668
IL,Fayette,38.9959,-89.0340,21488
IL,Ford,40.5217,-88.2194,13534
IL,Franklin,37.9640,-88.9537,37804
IL,Fulton,40.5248,-90.1166,33609
IL,Gallatin,37.7729,-88.2392,4946
IL,Greene,39.3689,-90.3712,11985
IL,Grundy,41.3500,-88.3446,52533
IL,Hamilton,38.0916,-88.5590,7993
IL,Hancock,40.4250,-91.2024,17620
IL,Hardin,37.4783,-88.2960,3649
IL,Henderson,40.8248,-90.9447,6387
IL,Henry,41.3509,-90.1358,49284
IL,Iroquois,40.7623,-87.8385,27077
IL,Jackson,37.7502,-89.2771,52974
IL,Jasper,39.0039,-88.1626,9287
IL,Jefferson,38.3112,-88.9116,37113
IL,Jersey,39.0752,-90.3193,21512
IL,Jo Daviess,42.4113,-90.3085,22035
IL,Johnson,37.4701,-88.8765,13308
IL,Kane,41.9284,-88.3354,516522
IL,Kankakee,41.1505,-87.8517,107502
IL,Kendall,41.6608,-88.3756,131869
IL,Knox,40.9380,-90.3278,49967
IL,LaSalle,41.3543,-88.8951,109658
IL,Lake,42.3116,-87.9705,714342
IL,Lawrence,38.7182,-87.7460,15280
IL,Lee,41.8121,-89.4019,34145
IL,Livingston,40.9018,-88.5762,35815
IL,Logan,40.1416,-89.3614,27987
IL,Macon,39.8506,-88.9466,103998
IL,Macoupin,39.1917,-89.8771,44967
IL,Madison,38.8010,-90.0126,265859
IL,Marion,38.5906,-89.0161,37729
IL,Marshall,41.0433,-89.3162,11742
IL,Mason,40.2862,-89.8994,13086
IL,Massac,37.1809,-88.7178,14169
IL,McDonough,40.4700,-90.6678,27238
IL,McHenry,42.2703,-88.3514,310229
IL,McLean,40.4938,-88.9538,170954
IL,Menard,39.9969,-89.7992,12297
IL,Mercer,41.2145,-90.6866,15699
IL,Monroe,38.3622,-90.1720,34962
IL,Montgomery,39.1984,-89.5074,28288
IL,Morgan,39.7171,-90.2284,32915
IL,Moultrie,39.6317,-88.6127,14526
IL,Ogle,42.0287,-89.2540,51788
IL,Peoria,40.7467,-89.6399,181830
IL,Perry,38.0577,-89.3224,20945
IL,Piatt,40.0090,-88.5819,16673
IL,Pike,39.6219,-90.8613,14739
IL,Pope,37.4008,-88.5558,3763
IL,Pulaski,37.1985,-89.1306,5193
IL,Putnam,41.2305,-89.2681,5637
IL,Randolph,38.0614,-89.8097,30163
IL,Richland,38.7254,-88.0879,15813
IL,Rock Island,41.4891,-90.5025,144672
IL,Saline,37.7534,-88.5381,23768
IL,Sangamon,39.7711,-89.6549,196343
IL,Schuyler,40.1301,-90.5688,6902
IL,Scott,39.6460,-90.4620,4949
IL,Shelby,39.3994,-88.8006,20990
IL,St. Clair,38.5482,-89.9902,257400
IL,Stark,41.0984,-89.7920,5400
IL,Stephenson,42.3250,-89.6436,44630
IL,Tazewell,40.6052,-89.5302,131343
IL,Union,37.4690,-89.2343,17244
IL,Vermilion,40.1511,-87.6555,74188
IL,Wabash,38.4319,-87.7889,11361
IL,Warren,40.8907,-90.6368,16835
IL,Washington,38.3607,-89.3954,13761
IL,Wayne,38.4082,-88.4218,16179
IL,White,38.0889,-88.1965,13877
IL,Whiteside,41.7820,-89.8252,55691
IL,Will,41.5655,-88.0586,696355
IL,Williamson,37.7544,-88.9766,67153
IL,Winnebago,42.3083,-89.0604,285350
IL,Woodford,40.7692,-89.2916,38467
IN,Adams,40.7495,-84.9343,35809
IN,Allen,41.1008,-85.1252,385410
IN,Bartholomew,39.2150,-85.9053,82208
IN,Benton,40.5763,-87.2919,8719
IN,Blackford,40.4681,-85.3456,12112
IN,Boone,40.0046,-86.3832,70812
IN,Brown,39.2367,-86.2087,15475
IN,Carroll,40.5792,-86.6012,20306
IN,Cass,40.7471,-86.3390,37870
IN,Clark,38.3734,-85.7325,121093
IN,Clay,39.4693,-87.1240,26466
IN,Clinton,40.2978,-86.5136,33190
IN,Crawford,38.3157,-86.4221,10526
IN,Daviess,38.6975,-87.0962,33381
IN,DeKalb,41.3772,-85.0345,43265
IN,Dearborn,39.1468,-84.9205,50679
IN,Decatur,39.3207,-85.4931,26472
IN,Delaware,40.2052,-85.4029,111903
IN,Dubois,38.3587,-86.9157,43637
IN,Elkhart,41.6372,-85.9057,207047
IN,Fayette,39.6404,-85.1473,23398
IN,Floyd,38.3222,-85.8579,80484
IN,Fountain,40.1494,-87.2744,16479
IN,Franklin,39.3985,-85.0710,22785
IN,Fulton,41.0593,-86.2172,20480
IN,Gibson,38.3058,-87.5494,33011
IN,Grant,40.5253,-85.6442,66674
IN,Greene,39.0525,-86.9942,30803
IN,Hamilton,40.0015,-86.0576,347467
IN,Hancock,39.8152,-85.8296,79840
IN,Harrison,38.2342,-86.0982,39654
IN,Hendricks,39.7731,-86.4111,174788
IN,Henry,39.9288,-85.4037,48914
IN,Howard,40.4703,-86.1336,83658
IN,Huntington,40.8699,-85.4862,36662
IN,Jackson,38.9287,-85.9363,46428
IN,Jasper,41.0825,-87.1506,32918
IN,Jay,40.4308,-85.0287,20478
IN,Jefferson,38.7587,-85.4332,33147
IN,Jennings,39.0055,-85.6497,27613
IN,Johnson,39.5559,-86.1152,161765
IN,Knox,38.6993,-87.4548,36282
IN,Kosciusko,41.2678,-85.8305,80240
IN,LaGrange,41.6329,-85.4673,40446
IN,LaPorte,41.6323,-86.7912,112417
IN,Lake,41.5190,-87.4075,498700
IN,Lawrence,38.8478,-86.4959,45011
IN,Madison,40.1135,-85.7088,130129
IN,Marion,39.7889,-86.1363,977203
IN,Marshall,41.3477,-86.2723,46095
IN,Martin,38.6797,-86.8505,9812
IN,Miami,40.7294,-86.0761,35962
IN,Monroe,39.1623,-86.5386,139718
IN,Montgomery,40.0345,-86.9006,37936
IN,Morgan,39.5129,-86.3991,71780
IN,Newton,40.9992,-87.3805,13830
IN,Noble,41.4158,-85.3890,47457
IN,Ohio,38.9544,-84.9100,5940
IN,Orange,38.5623,-86.4960,19867
IN,Owen,39.3146,-86.7982,21321
IN,Parke,39.7579,-87.2252,16156
IN,Perry,38.0086,-86.7055,19170
IN,Pike,38.4270,-87.2331,12250
IN,Porter,41.5140,-87.1043,173215
IN,Posey,38.0127,-87.8199,25222
IN,Pulaski,41.0514,-86.6848,12514
IN,Putnam,39.6464,-86.8343,36726
IN,Randolph,40.1695,-84.9969,24502
IN,Ripley,39.1607,-85.2193,28995
IN,Rush,39.6221,-85.4757,16752
IN,Scott,38.6979,-85.7641,24384
IN,Shelby,39.5350,-85.7901,45055
IN,Spencer,38.0192,-87.0091,19810
IN,St. Joseph,41.6764,-86.2271,272912
IN,Starke,41.2817,-86.6327,23371
IN,Steuben,41.6500,-85.0110,34435
IN,Sullivan,39.1038,-87.3932,20817
IN,Switzerland,38.8170,-85.0237,9737
IN,Tippecanoe,40.4187,-86.8870,186251
IN,Tipton,40.3075,-86.0513,15359
IN,Union,39.6184,-84.9195,7087
IN,Vanderburgh,37.9982,-87.5496,180136
IN,Vermillion,39.7599,-87.4390,15439
IN,Vigo,39.4605,-87.3869,106153
IN,Wabash,40.8558,-85.8042,30976
IN,Warren,40.3127,-87.3254,8440
IN,Warrick,38.0111,-87.3556,63898
IN,Washington,38.5734,-86.0846,28182
IN,Wayne,39.8433,-84.9487,66553
IN,Wells,40.7708,-85.1930,28180
IN,White,40.7536,-86.8100,24688
IN,Whitley,41.1630,-85.4780,34191
KS,Allen,37.8969,-95.3693,12526
KS,Anderson,38.2518,-95.2632,7836
KS,Atchison,39.5554,-95.1792,16348
KS,Barber,37.2119,-98.5577,4228
KS,Barton,38.3965,-98.7583,25493
KS,Bourbon,37.8460,-94.7497,14360
KS,Brown,39.8050,-95.5518,9508
KS,Butler,37.7254,-96.9985,67380
KS,Chase,38.3582,-96.5583,2572
KS,Chautauqua,37.1158,-96.2281,3379
KS,Cherokee,37.1148,-94.7517,19362
KS,Cheyenne,39.7693,-101.7381,2616
KS,Clark,37.2958,-99.8864,1991
KS,Clay,39.3543,-97.1224,8117
KS,Cloud,39.5349,-97.6358,9032
KS,Coffey,38.2491,-95.7416,8360
KS,Comanche,37.2337,-99.3732,1689
KS,Cowley,37.1746,-96.9984,34549
KS,Crawford,37.4383,-94.7294,38972
KS,Decatur,39.8042,-100.4844,2764
KS,Dickinson,38.8860,-97.1521,18402
KS,Doniphan,39.7875,-95.0714,7510
KS,Douglas,38.9425,-95.2542,118785
KS,Edwards,37.9132,-99.3528,2907
KS,Elk,37.4237,-96.2391,2483
KS,Ellis,38.8822,-99.3305,28934
KS,Ellsworth,38.7254,-98.2681,6376
KS,Finney,37.9772,-100.8630,38470
KS,Ford,37.7530,-99.9955,34287
KS,Franklin,38.6035,-95.2604,25996
KS,Geary,39.0405,-96.8388,36739
KS,Gove,39.0471,-100.3778,2718
KS,Graham,39.3582,-99.8556,2415
KS,Grant,37.5803,-101.3513,7352
KS,Gray,37.7241,-100.4123,5653
KS,Greeley,38.4836,-101.7581,1284
KS,Greenwood,37.8619,-96.2246,6016
KS,Hamilton,37.9806,-101.7606,2518
KS,Harper,37.2153,-98.0499,5485
KS,Harvey,38.0461,-97.3859,34024
KS,Haskell,37.4950,-100.8902,3780
KS,Hodgeman,38.0859,-99.8601,1723
KS,Jackson,39.4023,-95.7528,13232
KS,Jefferson,39.2110,-95.3975,18368
KS,Jewell,39.7776,-98.1989,2932
KS,Johnson,38.9249,-94.7403,609863
KS,Kearny,37.9515,-101.2417,3983
KS,Kingman,37.6103,-98.0980,7470
KS,Kiowa,37.5960,-99.2523,2460
KS,Labette,37.2598,-95.2624,20184
KS,Lane,38.5040,-100.4834,1574
KS,Leavenworth,39.2351,-94.9595,81881
KS,Lincoln,39.0350,-98.1862,2939
KS,Linn,38.2396,-94.8010,9591
KS,Logan,39.0955,-100.9263,2762
KS,Lyon,38.4162,-96.1791,32179
KS,Marion,38.3248,-97.1275,11823
KS,Marshall,39.8003,-96.5739,10038
KS,McPherson,38.3826,-97.6467,30223
KS,Meade,37.2922,-100.3969,4055
KS,Miami,38.5952,-94.8311,34191
KS,Mitchell,39.4543,-98.1750,5796
KS,Montgomery,37.1434,-95.6939,31486
KS,Morris,38.6944,-96.5808,5386
KS,Morton,37.0432,-101.8400,2701
KS,Nemaha,39.8294,-95.9663,10273
KS,Neosho,37.6238,-95.3961,15904
KS,Ness,38.4883,-99.8977,2687
KS,Norton,39.8235,-99.8768,5459
KS,Osage,38.6992,-95.7131,15766
KS,Osborne,39.4259,-98.7053,3500
KS,Ottawa,39.0964,-97.6824,5735
KS,Pawnee,38.1798,-99.1470,6253
KS,Phillips,39.7595,-99.3486,4981
KS,Pottawatomie,39.2517,-96.3323,25348
KS,Pratt,37.6448,-98.7306,9157
KS,Rawlins,39.8072,-101.0503,2561
KS,Reno,38.0516,-97.9319,61898
KS,Republic,39.8179,-97.6591,4674
KS,Rice,38.3204,-98.1999,9427
KS,Riley,39.1902,-96.6327,71959
KS,Rooks,39.3217,-99.3141,4919
KS,Rush,38.5278,-99.2812,2956
KS,Russell,38.9042,-98.8307,6691
KS,Saline,38.8148,-97.6056,54303
KS,Scott,38.4816,-100.9131,5151
KS,Sedgwick,37.6803,-97.3444,523824
KS,Seward,37.0511,-100.9187,21964
KS,Shawnee,39.0348,-95.7064,178909
KS,Sheridan,39.3681,-100.4634,2447
KS,Sherman,39.3509,-101.7260,5927
KS,Smith,39.7706,-98.8056,3570
KS,Stafford,38.0051,-98.7338,4072
KS,Stanton,37.5653,-101.7574,2084
KS,Stevens,37.1871,-101.3225,5250
KS,Sumner,37.3034,-97.4068,22382
KS,Thomas,39.3847,-101.0502,7930
KS,Trego,39.0037,-99.8814,2808
KS,Wabaunsee,38.9897,-96.1786,6877
KS,Wallace,38.8858,-101.7616,1512
KS,Washington,39.7793,-97.0489,5530
KS,Wichita,38.4946,-101.3496,2152
KS,Wilson,37.5115,-95.7397,8624
KS,Woodson,37.8761,-95.7350,3115
KS,Wyandotte,39.1060,-94.7128,169245
KY,Adair,37.1075,-85.2797,18903
KY,Allen,36.7502,-86.2101,20588
KY,Anderson,38.0280,-84.9257,23852
KY,Ballard,37.0436,-88.9770,7728
KY,Barren,36.9953,-85.9322,44485
KY,Bath,38.1385,-83.7406,12750
KY,Bell,36.6808,-83.7044,24097
KY,Boone,38.9849,-84.6790,135968
KY,Bourbon,38.2040,-84.2467,20252
KY,Boyd,38.4322,-82.6663,48261
KY,Boyle,37.6379,-84.7968,30614
KY,Bracken,38.7012,-84.0727,8400
KY,Breathitt,37.5187,-83.3774,13718
KY,Breckinridge,37.7698,-86.4081,20432
KY,Bullitt,38.0238,-85.6518,82217
KY,Butler,37.2175,-86.6777,12371
KY,Caldwell,37.1255,-87.8788,12649
KY,Calloway,36.6210,-88.3061,37103
KY,Campbell,39.0324,-84.4393,93076
KY,Carlisle,36.8556,-88.9463,4826
KY,Carroll,38.6692,-85.1407,10810
KY,Carter,38.3141,-83.0349,26627
KY,Casey,37.3016,-84.9260,15941
KY,Christian,36.8090,-87.4778,72748
KY,Clark,37.9864,-84.1828,36972
KY,Clay,37.1690,-83.7501,20345
KY,Clinton,36.7159,-85.1345,9253
KY,Crittenden,37.3322,-88.0950,8990
KY,Cumberland,36.7824,-85.3897,5888
KY,Daviess,37.7474,-87.0951,103312
KY,Edmonson,37.1923,-86.2533,12126
KY,Elliott,38.1230,-83.1087,7354
KY,Estill,37.7071,-83.9918,14163
KY,Fayette,38.0203,-84.4944,322570
KY,Fleming,38.3889,-83.7097,15082
KY,Floyd,37.5586,-82.7396,35942
KY,Franklin,38.1954,-84.8672,51541
KY,Fulton,36.5381,-89.0371,6515
KY,Gallatin,38.7649,-84.8416,8690
KY,Garrard,37.6503,-84.5752,16953
KY,Grant,38.6892,-84.6029,24941
KY,Graves,36.7422,-88.6507,36649
KY,Grayson,37.4713,-86.3046,26420
KY,Green,37.2660,-85.5389,11107
KY,Greenup,38.5544,-82.8092,35962
KY,Hancock,37.8685,-86.8051,9095
KY,Hardin,37.7436,-85.9159,110702
KY,Harlan,36.8661,-83.2338,26831
KY,Harrison,38.4141,-84.3143,18692
KY,Hart,37.2804,-85.8878,19288
KY,Henderson,37.8180,-87.5645,44793
KY,Henry,38.4314,-85.1808,15678
KY,Hickman,36.6644,-88.9566,4521
KY,Hopkins,37.3089,-87.5220,45423
KY,Jackson,37.4006,-83.9924,12955
KY,Jefferson,38.2015,-85.6862,782969
KY,Jessamine,37.8869,-84.5854,52991
KY,Johnson,37.8306,-82.8171,22680
KY,Kenton,39.0111,-84.5491,169064
KY,Knott,37.3290,-82.9424,14251
KY,Knox,36.9027,-83.9211,30193
KY,Larue,37.5428,-85.7232,14867
KY,Laurel,37.0920,-84.0875,62613
KY,Lawrence,38.0810,-82.6775,16293
KY,Lee,37.5907,-83.7027,7395
KY,Leslie,37.1157,-83.3760,10513
KY,Letcher,37.1468,-82.8072,21548
KY,Lewis,38.5641,-83.3505,13080
KY,Lincoln,37.4734,-84.6704,24275
KY,Livingston,37.1331,-88.3514,8888
KY,Logan,36.8600,-86.8628,27432
KY,Lyon,37.0655,-88.0795,8680
KY,Madison,37.7069,-84.2867,92701
KY,Magoffin,37.7334,-83.0571,11637
KY,Marion,37.5701,-85.2844,19581
KY,Marshall,36.8970,-88.3400,31659
KY,Martin,37.8355,-82.5170,11287
KY,Mason,38.6165,-83.7891,17120
KY,McCracken,37.0493,-88.6499,67875
KY,McCreary,36.7130,-84.4474,16888
KY,McLean,37.5155,-87.2214,9152
KY,Meade,37.9344,-86.1346,30003
KY,Menifee,37.9453,-83.5960,6113
KY,Mercer,37.7850,-84.8489,22641
KY,Metcalfe,36.9910,-85.6410,10286
KY,Monroe,36.7078,-85.7234,11338
KY,Montgomery,38.0380,-83.9182,28114
KY,Morgan,37.9145,-83.2690,13726
KY,Muhlenberg,37.2381,-87.1462,30928
KY,Nelson,37.8208,-85.4595,46738
KY,Nicholas,38.3246,-84.0230,7537
KY,Ohio,37.4645,-86.8648,23772
KY,Oldham,38.3726,-85.4592,67607
KY,Owen,38.5310,-84.8310,11278
KY,Owsley,37.4524,-83.6848,4051
KY,Pendleton,38.7153,-84.3592,14644
KY,Perry,37.2588,-83.2003,28473
KY,Pike,37.4639,-82.4272,58669
KY,Powell,37.8507,-83.8805,13129
KY,Pulaski,37.0922,-84.6144,65034
KY,Robertson,38.5209,-84.0510,2193
KY,Rockcastle,37.3809,-84.3512,16037
KY,Rowan,38.1948,-83.4443,24662
KY,Russell,37.0308,-85.0585,17991
KY,Scott,38.2306,-84.5683,57155
KY,Shelby,38.2130,-85.2322,48065
KY,Simpson,36.7325,-86.5719,19594
KY,Spencer,38.0631,-85.3503,19490
KY,Taylor,37.3503,-85.3425,26023
KY,Todd,36.8121,-87.1732,12243
KY,Trigg,36.8455,-87.8349,14061
KY,Trimble,38.6193,-85.3321,8474
KY,Union,37.6523,-87.9299,13668
KY,Warren,36.9670,-86.4358,134554
KY,Washington,37.7382,-85.1928,12027
KY,Wayne,36.8382,-84.8460,19555
KY,Webster,37.5024,-87.6819,13017
KY,Whitley,36.8141,-84.1415,36712
KY,Wolfe,37.7398,-83.5097,6562
KY,Woodford,38.0484,-84.7267,26871
LA,Acadia,30.2816,-92.3510,57576
LA,Allen,30.6694,-92.7795,22750
LA,Ascension,30.2544,-90.9341,126500
LA,Assumption,29.9215,-91.0658,21039
LA,Avoyelles,31.0573,-92.0675,39693
LA,Beauregard,30.7235,-93.2825,36549
LA,Bienville,32.3843,-93.0790,12981
LA,Bossier,32.5608,-93.6590,128746
LA,Caddo,32.4689,-93.7992,237848
LA,Calcasieu,30.2251,-93.2577,216785
LA,Caldwell,32.0730,-92.1046,9645
LA,Cameron,29.9571,-93.2109,5617
LA,Catahoula,31.6950,-91.8200,8906
LA,Claiborne,32.8264,-93.0332,14170
LA,Concordia,31.5922,-91.5463,18687
LA,De Soto,32.1213,-93.7783,26812
LA,East Baton Rouge,30.4603,-91.1001,456781
LA,East Carroll,32.7618,-91.1846,7459
LA,East Feliciana,30.8205,-91.0906,19539
LA,Evangeline,30.6903,-92.3616,32350
LA,Franklin,32.1477,-91.6957,19774
LA,Grant,31.5302,-92.5381,22169
LA,Iberia,29.9942,-91.8096,69929
LA,Iberville,30.2710,-91.2320,30241
LA,Jackson,32.2832,-92.6431,15031
LA,Jefferson,29.9458,-90.1523,440781
LA,Jefferson Davis,30.2411,-92.7462,32250
LA,LaSalle,31.7260,-92.1695,14791
LA,Lafayette,30.1981,-92.0422,241753
LA,Lafourche,29.6903,-90.6340,97557
LA,Lincoln,32.5496,-92.6450,48396
LA,Livingston,30.4824,-90.8431,142282
LA,Madison,32.3977,-91.1978,10017
LA,Morehouse,32.7859,-91.8883,25629
LA,Natchitoches,31.7571,-93.0974,37515
LA,Orleans,29.9758,-90.0529,383997
LA,Ouachita,32.5164,-92.1319,160368
LA,Plaquemines,29.7259,-89.9033,23515
LA,Pointe Coupee,30.6648,-91.4947,20758
LA,Rapides,31.2864,-92.4554,130023
LA,Red River,32.0548,-93.3052,7620
LA,Richland,32.4402,-91.7187,20043
LA,Sabine,31.5781,-93.5645,22155
LA,St. Bernard,29.9306,-89.9372,43764
LA,St. Charles,29.9383,-90.3762,52549
LA,St. Helena,30.7867,-90.6935,10920
LA,St. James,30.0208,-90.7366,20192
LA,St. John the Baptist,30.0722,-90.5112,42477
LA,St. Landry,30.5101,-92.1127,82540
LA,St. Martin,30.2311,-91.8374,51767
LA,St. Mary,29.7380,-91.3390,49406
LA,St. Tammany,30.3869,-89.9618,264570
LA,Tangipahoa,30.5611,-90.4490,133157
LA,Tensas,31.9606,-91.2990,4147
LA,Terrebonne,29.5963,-90.7256,109580
LA,Union,32.7888,-92.3985,21107
LA,Vermilion,29.9987,-92.1618,57359
LA,Vernon,31.0946,-93.2471,48750
LA,Washington,30.8396,-90.0041,45463
LA,Webster,32.6990,-93.3381,36967
LA,West Baton Rouge,30.4368,-91.2666,27199
LA,West Carroll,32.8270,-91.4274,9751
LA,West Feliciana,30.8883,-91.4426,15310
LA,Winn,31.9306,-92.6779,13755
MA,Barnstable,41.6923,-70.3287,228996
MA,Berkshire,42.4569,-73.2183,129026
MA,Bristol,41.7943,-71.1095,579200
MA,Dukes,41.4197,-70.6033,20600
MA,Essex,42.6253,-70.9914,809829
MA,Franklin,42.5782,-72.5592,71029
MA,Hampden,42.1256,-72.5743,465825
MA,Hampshire,42.3127,-72.5722,162308
MA,Middlesex,42.4478,-71.2546,1632002
MA,Nantucket,41.2672,-70.0892,14255
MA,Norfolk,42.2024,-71.1464,725981
MA,Plymouth,42.0237,-70.8556,530819
MA,Suffolk,42.3361,-71.0771,797936
MA,Worcester,42.3034,-71.8027,862111
MD,Allegany,39.6285,-78.8207,68106
MD,Anne Arundel,39.0710,-76.6044,588261
MD,Baltimore,39.3688,-76.6203,854535
MD,Baltimore,39.3144,-76.6181,585708
MD,Calvert,38.5511,-76.5441,92783
MD,Caroline,38.8735,-75.8302,33293
MD,Carroll,39.5262,-76.9931,172891
MD,Cecil,39.6142,-75.9363,103725
MD,Charles,38.5815,-76.9515,166617
MD,Dorchester,38.5713,-76.0117,32531
MD,Frederick,39.4277,-77.4006,271717
MD,Garrett,39.5132,-79.3058,28806
MD,Harford,39.5206,-76.3093,260924
MD,Howard,39.2177,-76.8543,332317
MD,Kent,39.2447,-76.0577,19198
MD,Montgomery,39.0871,-77.1241,1062061
MD,Prince George's,38.9093,-76.8887,967201
MD,Queen Anne's,39.0214,-76.1500,49874
MD,Somerset,38.1331,-75.7422,24620
MD,St. Mary's,38.3072,-76.5780,113777
MD,Talbot,38.7685,-76.0980,37526
MD,Washington,39.6187,-77.7315,154705
MD,Wicomico,38.3723,-75.5938,103588
MD,Worcester,38.3036,-75.2345,52460
ME,Androscoggin,44.1172,-70.2021,111139
ME,Aroostook,46.7013,-68.0884,67105
ME,Cumberland,43.7464,-70.3050,303069
ME,Franklin,44.7074,-70.2259,29456
ME,Hancock,44.4710,-68.4682,55478
ME,Kennebec,44.3956,-69.7489,123642
ME,Knox,44.1329,-69.1616,40607
ME,Lincoln,44.0343,-69.5534,35237
ME,Oxford,44.2793,-70.6141,57777
ME,Penobscot,44.9445,-68.7975,152199
ME,Piscataquis,45.2427,-69.2560,16800
ME,Sagadahoc,43.9568,-69.8715,36699
ME,Somerset,44.8202,-69.6851,50477
ME,Waldo,44.4901,-69.0862,39607
ME,Washington,44.8619,-67.4660,31095
ME,York,43.4225,-70.6402,211972
MI,Alcona,44.6681,-83.4656,10167
MI,Alger,46.3845,-86.7118,8842
MI,Allegan,42.6084,-85.8710,120502
MI,Alpena,45.0506,-83.5029,28907
MI,Antrim,44.9783,-85.1986,23431
MI,Arenac,44.0445,-83.8845,15002
MI,Baraga,46.7665,-88.4500,8158
MI,Barry,42.6185,-85.3494,62423
MI,Bay,43.6300,-83.9292,103856
MI,Benzie,44.6518,-86.0114,17970
MI,Berrien,41.9857,-86.4064,154316
MI,Branch,41.9292,-85.0307,44862
MI,Calhoun,42.2896,-85.1060,134310
MI,Cass,41.8923,-86.0405,51589
MI,Charlevoix,45.2445,-85.1110,26054
MI,Cheboygan,45.5110,-84.5211,25579
MI,Chippewa,46.3656,-84.3963,36785
MI,Clare,43.9444,-84.8257,30856
MI,Clinton,42.8863,-84.5543,79128
MI,Crawford,44.6571,-84.6690,12988
MI,Delta,45.8019,-87.0658,36903
MI,Dickinson,45.8330,-88.0140,25947
MI,Eaton,42.6451,-84.7396,109175
MI,Emmet,45.4320,-84.9104,34112
MI,Genesee,43.0024,-83.6938,406211
MI,Gladwin,43.9680,-84.4398,25386
MI,Gogebic,46.4464,-89.9930,14380
MI,Grand Traverse,44.7134,-85.6130,95238
MI,Gratiot,43.3441,-84.6313,41761
MI,Hillsdale,41.9169,-84.6052,45746
MI,Houghton,47.1273,-88.5418,37361
MI,Huron,43.8324,-83.0630,31407
MI,Ingham,42.6884,-84.4863,284900
MI,Ionia,42.9570,-85.0867,66804
MI,Iosco,44.3570,-83.5324,25237
MI,Iron,46.0996,-88.5376,11631
MI,Isabella,43.6085,-84.8034,64394
MI,Jackson,42.2418,-84.4066,160366
MI,Kalamazoo,42.2625,-85.5864,261670
MI,Kalkaska,44.7206,-85.1650,17939
MI,Kent,42.9618,-85.6256,657974
MI,Keweenaw,47.3361,-88.2893,2046
MI,Lake,43.9572,-85.7994,12096
MI,Lapeer,43.0582,-83.2494,88619
MI,Leelanau,44.9070,-85.7301,22301
MI,Lenawee,41.9261,-84.0528,99423
MI,Livingston,42.5750,-83.8565,193866
MI,Luce,46.3357,-85.5614,5339
MI,Mackinac,45.9973,-84.8813,10834
MI,Macomb,42.5891,-82.9579,881217
MI,Manistee,44.3063,-86.1853,25032
MI,Marquette,46.4867,-87.4928,66017
MI,Mason,43.9746,-86.3467,29052
MI,Mecosta,43.6509,-85.3822,39714
MI,Menominee,45.3421,-87.5798,23502
MI,Midland,43.6433,-84.2963,83494
MI,Missaukee,44.3077,-85.1799,15052
MI,Monroe,41.9017,-83.4864,154809
MI,Montcalm,43.2836,-85.1727,66614
MI,Montmorency,44.9974,-84.1259,9153
MI,Muskegon,43.2438,-86.2149,175824
MI,Newaygo,43.4662,-85.8113,49978
MI,Oakland,42.5869,-83.3140,1274395
MI,Oceana,43.6327,-86.3058,26659
MI,Ogemaw,44.2866,-84.1273,20770
MI,Ontonagon,46.7189,-89.2882,5816
MI,Osceola,43.9654,-85.3578,22891
MI,Oscoda,44.7015,-84.1484,8219
MI,Otsego,45.0069,-84.6668,25091
MI,Ottawa,42.9111,-86.0159,296200
MI,Presque Isle,45.3570,-83.8682,12982
MI,Roscommon,44.3643,-84.6501,23459
MI,Saginaw,43.3991,-83.9964,190124
MI,Sanilac,43.3652,-82.7830,40611
MI,Schoolcraft,46.0061,-86.2268,8047
MI,Shiawassee,42.9427,-84.1479,68094
MI,St. Clair,42.9122,-82.5635,160383
MI,St. Joseph,41.8875,-85.5269,60939
MI,Tuscola,43.4299,-83.4339,53323
MI,Van Buren,42.2602,-86.0013,75587
MI,Washtenaw,42.2576,-83.7269,372258
MI,Wayne,42.3295,-83.2263,1793561
MI,Wexford,44.3097,-85.4866,33673
MN,Aitkin,46.5708,-93.5300,15697
MN,Anoka,45.1950,-93.2693,363887
MN,Becker,46.8470,-95.7811,35183
MN,Beltrami,47.5853,-94.8633,46228
MN,Benton,45.6347,-94.1043,41379
MN,Big Stone,45.3954,-96.4463,5166
MN,Blue Earth,44.1336,-93.9944,69112
MN,Brown,44.2851,-94.5918,25912
MN,Carlton,46.6442,-92.5323,36207
MN,Carver,44.8369,-93.6793,106922
MN,Cass,46.8177,-94.4179,30066
MN,Chippewa,44.9618,-95.6183,12598
MN,Chisago,45.4521,-92.9240,56621
MN,Clay,46.8550,-96.6739,65318
MN,Clearwater,47.5600,-95.3888,8524
MN,Cook,47.7901,-90.3394,5600
MN,Cottonwood,43.9386,-95.1209,11517
MN,Crow Wing,46.4309,-94.1623,66123
MN,Dakota,44.7632,-93.1546,439882
MN,Dodge,44.0301,-92.8060,20867
MN,Douglas,45.9079,-95.3895,39006
MN,Faribault,43.6828,-93.9550,13921
MN,Fillmore,43.6963,-92.0818,21228
MN,Freeborn,43.6628,-93.3617,30895
MN,Goodhue,44.4464,-92.6666,47582
MN,Grant,45.9485,-95.9315,6074
MN,Hennepin,44.9767,-93.3612,1281565
MN,Houston,43.7204,-91.4387,18843
MN,Hubbard,47.0584,-94.9334,21344
MN,Isanti,45.5427,-93.2598,41135
MN,Itasca,47.3150,-93.5211,45014
MN,Jackson,43.6654,-95.1096,9989
MN,Kanabec,45.8852,-93.2980,16032
MN,Kandiyohi,45.1546,-95.0175,43732
MN,Kittson,48.7293,-96.7766,4207
MN,Koochiching,48.5110,-93.4898,12062
MN,Lac qui Parle,44.9824,-96.1309,6719
MN,Lake,47.1865,-91.5608,10905
MN,Lake of the Woods,48.7695,-94.7446,3763
MN,Le Sueur,44.3968,-93.7161,28674
MN,Lincoln,44.3739,-96.2523,5640
MN,Lyon,44.4285,-95.7967,25269
MN,Mahnomen,47.3002,-95.8375,5411
MN,Marshall,48.3069,-96.5301,9040
MN,Martin,43.6656,-94.5093,20025
MN,McLeod,44.8597,-94.2648,36771
MN,Meeker,45.1363,-94.4812,23400
MN,Mille Lacs,45.7908,-93.6230,26459
MN,Morrison,45.9846,-94.3291,34010
MN,Mower,43.6654,-92.9019,40029
MN,Murray,43.9824,-95.7408,8179
MN,Nicollet,44.2654,-94.0584,34454
MN,Nobles,43.6350,-95.6639,22290
MN,Norman,47.3085,-96.4844,6441
MN,Olmsted,44.0245,-92.4762,162847
MN,Otter Tail,46.4087,-95.7892,60081
MN,Pennington,48.1029,-96.1480,13992
MN,Pine,46.0304,-92.8942,28876
MN,Pipestone,43.9807,-96.2683,9424
MN,Polk,47.7839,-96.5628,31192
MN,Pope,45.6302,-95.4394,11308
MN,Ramsey,44.9929,-93.1056,552352
MN,Red Lake,47.8757,-96.1321,3935
MN,Redwood,44.4400,-95.1899,15425
MN,Renville,44.7212,-94.9423,14723
MN,Rice,44.3727,-93.2617,67097
MN,Rock,43.6481,-96.2371,9704
MN,Roseau,48.8244,-95.6467,15331
MN,Scott,44.7146,-93.4664,150928
MN,Sherburne,45.4024,-93.7189,97183
MN,Sibley,44.5825,-94.1655,14836
MN,St. Louis,47.0784,-92.3074,200231
MN,Stearns,45.5592,-94.3550,158292
MN,Steele,44.0659,-93.2146,37406
MN,Stevens,45.5780,-95.9218,9671
MN,Swift,45.2729,-95.6376,9838
MN,Todd,46.0658,-94.8891,25262
MN,Traverse,45.7520,-96.5473,3360
MN,Wabasha,44.2983,-92.2188,21387
MN,Wadena,46.5274,-95.0448,14065
MN,Waseca,44.0625,-93.5513,18968
MN,Washington,44.9857,-92.9214,267568
MN,Watonwan,43.9928,-94.5836,11253
MN,Wilkin,46.3164,-96.5256,6506
MN,Winona,44.0237,-91.7185,49671
MN,Wright,45.1991,-93.8181,141337
MN,Yellow Medicine,44.7374,-95.8301,9528
MO,Adair,40.1953,-92.5815,25314
MO,Andrew,39.9199,-94.8166,18135
MO,Atchison,40.4209,-95.4361,5305
MO,Audrain,39.2039,-91.8266,24962
MO,Barry,36.7375,-93.8657,34534
MO,Barton,37.4959,-94.3054,11637
MO,Bates,38.2808,-94.3628,16042
MO,Benton,38.3010,-93.3100,19394
MO,Bollinger,37.3407,-89.9997,10567
MO,Boone,38.9567,-92.3216,183610
MO,Buchanan,39.7507,-94.8198,84793
MO,Butler,36.7570,-90.4180,42130
MO,Caldwell,39.6639,-93.9989,8815
MO,Callaway,38.7975,-91.9975,44283
MO,Camden,38.0731,-92.7460,42745
MO,Cape Girardeau,37.3552,-89.6077,81710
MO,Carroll,39.4083,-93.4965,8495
MO,Carter,36.9475,-90.8857,5202
MO,Cass,38.7511,-94.4243,107824
MO,Cedar,37.7655,-93.8953,14188
MO,Chariton,39.4861,-92.9315,7408
MO,Christian,37.0279,-93.2644,88842
MO,Clark,40.4121,-91.7086,6634
MO,Clay,39.2530,-94.4973,253335
MO,Clinton,39.6024,-94.3675,21184
MO,Cole,38.5525,-92.2206,77279
MO,Cooper,38.9101,-92.7728,17103
MO,Crawford,38.0619,-91.3216,23056
MO,Dade,37.4154,-93.8249,7569
MO,Dallas,37.6438,-93.0666,17071
MO,Daviess,39.9382,-93.9807,8430
MO,DeKalb,39.8256,-94.3546,11029
MO,Dent,37.6314,-91.5451,14421
MO,Douglas,36.9407,-92.6034,11578
MO,Dunklin,36.3249,-90.0581,28283
MO,Franklin,38.4364,-90.9990,104682
MO,Gasconade,38.4464,-91.4901,14794
MO,Gentry,40.2037,-94.4328,6162
MO,Greene,37.1922,-93.3095,298915
MO,Grundy,40.0933,-93.5958,9808
MO,Harrison,40.3156,-94.0013,8157
MO,Henry,38.3943,-93.7377,21946
MO,Hickory,37.9111,-93.3291,8279
MO,Holt,40.0843,-95.1859,4223
MO,Howard,39.1406,-92.7045,10151
MO,Howell,36.7926,-91.8737,39750
MO,Iron,37.5780,-90.7138,9537
MO,Jackson,39.0100,-94.4443,717204
MO,Jasper,37.1296,-94.4441,122761
MO,Jefferson,38.3409,-90.4751,226739
MO,Johnson,38.7586,-93.7703,54013
MO,Knox,40.1552,-92.1541,3744
MO,Laclede,37.6697,-92.6538,36039
MO,Lafayette,39.0552,-93.8422,32984
MO,Lawrence,37.0350,-93.7997,38001
MO,Lewis,40.0892,-91.6417,10032
MO,Lincoln,38.9968,-90.9298,59574
MO,Linn,39.7972,-93.0667,11874
MO,Livingston,39.7981,-93.5531,14557
MO,Macon,39.7965,-92.5081,15209
MO,Madison,37.5395,-90.2998,12626
MO,Maries,38.1700,-91.8788,8432
MO,Marion,39.7414,-91.4574,28525
MO,McDonald,36.6153,-94.3990,23303
MO,Mercer,40.4150,-93.5795,3538
MO,Miller,38.2464,-92.5090,24722
MO,Mississippi,36.8560,-89.3685,12577
MO,Moniteau,38.6275,-92.6110,15473
MO,Monroe,39.5248,-91.9663,8666
MO,Montgomery,38.9490,-91.4674,11322
MO,Morgan,38.3838,-92.8510,21006
MO,New Madrid,36.6128,-89.6519,16434
MO,Newton,36.9217,-94.4144,58648
MO,Nodaway,40.3523,-94.8683,21241
MO,Oregon,36.6150,-91.4739,8635
MO,Osage,38.4551,-91.8845,13274
MO,Ozark,36.6233,-92.4219,8553
MO,Pemiscot,36.1800,-89.7447,15661
MO,Perry,37.7139,-89.8579,18956
MO,Pettis,38.7014,-93.2475,42980
MO,Phelps,37.9434,-91.7470,44638
MO,Pike,39.3630,-91.1600,17587
MO,Platte,39.2603,-94.6837,106718
MO,Polk,37.6020,-93.4044,31519
MO,Pulaski,37.8220,-92.1757,53955
MO,Putnam,40.4830,-92.9845,4681
MO,Ralls,39.5798,-91.4692,10355
MO,Randolph,39.4137,-92.4518,24716
MO,Ray,39.3366,-94.0621,23158
MO,Reynolds,37.3290,-90.9701,6096
MO,Ripley,36.6269,-90.7907,10679
MO,Saline,39.1114,-93.2027,23333
MO,Schuyler,40.4619,-92.5204,4032
MO,Scotland,40.4481,-92.1518,4716
MO,Scott,37.0152,-89.5775,38059
MO,Shannon,37.0690,-91.4329,7031
MO,Shelby,39.7617,-92.0773,6103
MO,St. Charles,38.7786,-90.6713,405262
MO,St. Clair,38.0572,-93.7639,9284
MO,St. Francois,37.8345,-90.4881,66922
MO,St. Louis,38.6445,-90.3895,1004125
MO,St. Louis,38.6206,-90.2533,301578
MO,Ste. Genevieve,37.9408,-90.1657,18479
MO,Stoddard,36.8479,-89.9709,28672
MO,Stone,36.7234,-93.4378,31076
MO,Sullivan,40.2149,-93.1016,5999
MO,Taney,36.6571,-93.1951,56066
MO,Texas,37.3301,-91.9661,24487
MO,Vernon,37.8368,-94.3374,19707
MO,Warren,38.7904,-91.0986,35532
MO,Washington,37.9538,-90.7858,23514
MO,Wayne,37.1091,-90.5235,10974
MO,Webster,37.2629,-92.9068,39085
MO,Worth,40.4816,-94.4371,1973
MO,Wright,37.1933,-92.4333,18188
MS,Adams,31.5458,-91.3543,29538
MS,Alcorn,34.9095,-88.5298,34740
MS,Amite,31.1871,-90.8076,12720
MS,Attala,33.0653,-89.5892,17889
MS,Benton,34.8138,-89.2039,7646
MS,Bolivar,33.7719,-90.7688,30985
MS,Calhoun,33.9301,-89.3095,13266
MS,Carroll,33.4618,-89.9193,9998
MS,Chickasaw,33.9308,-88.9389,17106
MS,Choctaw,33.3392,-89.2342,8246
MS,Claiborne,31.9315,-90.9507,9135
MS,Clarke,32.0672,-88.7317,15615
MS,Clay,33.6249,-88.6930,18636
MS,Coahoma,34.2201,-90.5704,21390
MS,Copiah,31.8934,-90.3786,28368
MS,Covington,31.6347,-89.5470,18340
MS,DeSoto,34.9274,-89.9497,185314
MS,Forrest,31.3093,-89.2880,78158
MS,Franklin,31.4717,-90.8667,7675
MS,George,30.8684,-88.5909,24350
MS,Greene,31.1954,-88.6294,13530
MS,Grenada,33.7676,-89.8034,21629
MS,Hancock,30.3791,-89.4041,46053
MS,Harrison,30.4342,-89.0638,208621
MS,Hinds,32.3040,-90.2570,227742
MS,Holmes,33.0896,-90.0287,17000
MS,Humphreys,33.1641,-90.5189,7785
MS,Issaquena,32.8893,-91.0186,1338
MS,Itawamba,34.2897,-88.4043,23863
MS,Jackson,30.4437,-88.6686,143252
MS,Jasper,31.9611,-89.1448,16367
MS,Jefferson,31.7140,-91.0575,7260
MS,Jefferson Davis,31.5754,-89.8160,11321
MS,Jones,31.6672,-89.1672,67246
MS,Kemper,32.7638,-88.6730,8988
MS,Lafayette,34.3594,-89.5268,55813
MS,Lamar,31.2739,-89.4399,64222
MS,Lauderdale,32.4013,-88.6929,72984
MS,Lawrence,31.5538,-90.1106,12016
MS,Leake,32.7337,-89.5110,21275
MS,Lee,34.2782,-88.7038,83343
MS,Leflore,33.5135,-90.2034,28339
MS,Lincoln,31.5493,-90.4579,34907
MS,Lowndes,33.5203,-88.3894,58879
MS,Madison,32.5099,-90.1048,109145
MS,Marion,31.2458,-89.8305,24441
MS,Marshall,34.8166,-89.5441,33752
MS,Monroe,33.9265,-88.4991,34180
MS,Montgomery,33.4963,-89.6825,9822
MS,Neshoba,32.7550,-89.1200,29087
MS,Newton,32.4153,-89.1294,21291
MS,Noxubee,33.1328,-88.5497,10285
MS,Oktibbeha,33.4484,-88.8254,51788
MS,Panola,34.3453,-89.9349,33208
MS,Pearl River,30.6408,-89.6317,56145
MS,Perry,31.2621,-88.9926,11511
MS,Pike,31.2190,-90.4350,40324
MS,Pontotoc,34.2536,-89.0151,31184
MS,Prentiss,34.6326,-88.5521,25008
MS,Quitman,34.2677,-90.2632,6176
MS,Rankin,32.2813,-90.0305,157031
MS,Scott,32.4016,-89.5296,27990
MS,Sharkey,32.9217,-90.8626,3800
MS,Simpson,31.9159,-89.8557,25949
MS,Smith,31.9701,-89.5045,14209
MS,Stone,30.8064,-89.1358,18333
MS,Sunflower,33.5933,-90.5841,25971
MS,Tallahatchie,33.9842,-90.1821,12715
MS,Tate,34.6442,-89.9483,28064
MS,Tippah,34.7658,-88.9243,21815
MS,Tishomingo,34.7306,-88.2283,18850
MS,Tunica,34.7207,-90.3414,9782
MS,Union,34.4831,-89.0105,27777
MS,Walthall,31.1508,-90.1230,13884
MS,Warren,32.3248,-90.8438,44722
MS,Washington,33.3690,-91.0108,44922
MS,Wayne,31.6505,-88.6625,19779
MS,Webster,33.5828,-89.2207,9926
MS,Wilkinson,31.1232,-91.2452,8587
MS,Winston,33.0850,-89.0420,17714
MS,Yalobusha,34.0815,-89.6950,12481
MS,Yazoo,32.8292,-90.3822,26743
MT,Beaverhead,45.2250,-112.6935,9371
MT,Big Horn,45.5686,-107.4997,13124
MT,Blaine,48.4324,-108.8716,7044
MT,Broadwater,46.2816,-111.5434,6774
MT,Carbon,45.3223,-109.0848,10473
MT,Carter,45.6874,-104.5253,1415
MT,Cascade,47.4916,-111.3066,84414
MT,Chouteau,47.9626,-110.3863,5895
MT,Custer,46.4017,-105.8146,11867
MT,Daniels,48.7836,-105.4317,1661
MT,Dawson,47.1372,-104.7488,8940
MT,Deer Lodge,46.1359,-112.9556,9421
MT,Fallon,46.3605,-104.3161,3049
MT,Fergus,47.0920,-109.4146,11446
MT,Flathead,48.2474,-114.2809,104357
MT,Gallatin,45.6830,-111.1288,118960
MT,Garfield,47.3100,-106.9467,1173
MT,Glacier,48.6011,-112.8031,13778
MT,Golden Valley,46.2979,-109.1208,823
MT,Granite,46.4454,-113.3199,3309
MT,Hill,48.5117,-109.7671,16309
MT,Jefferson,46.2684,-112.0455,12085
MT,Judith Basin,47.0940,-110.1713,2023
MT,Lake,47.6084,-114.1232,31134
MT,Lewis and Clark,46.6466,-112.0196,70973
MT,Liberty,48.5380,-110.9852,1959
MT,Lincoln,48.5533,-115.4265,19677
MT,Madison,45.4190,-111.9226,8623
MT,McCone,47.5697,-105.6389,1729
MT,Meagher,46.5298,-110.8815,1927
MT,Mineral,47.1828,-114.8943,4535
MT,Missoula,46.8755,-114.0215,117922
MT,Musselshell,46.4201,-108.4831,4730
MT,Park,45.6049,-110.5969,17191
MT,Petroleum,47.0122,-108.3179,496
MT,Phillips,48.3672,-107.8666,4217
MT,Pondera,48.2114,-112.1578,5898
MT,Powder River,45.4385,-105.5446,1694
MT,Powell,46.4506,-112.7580,6946
MT,Prairie,46.8097,-105.2762,1088
MT,Ravalli,46.3585,-114.1114,44174
MT,Richland,47.7207,-104.2042,11491
MT,Roosevelt,48.1344,-105.2126,10794
MT,Rosebud,45.9029,-106.6122,8329
MT,Sanders,47.6350,-115.1758,12400
MT,Sheridan,48.7341,-104.4937,3539
MT,Silver Bow,45.9875,-112.5255,35133
MT,Stillwater,45.6154,-109.2382,8963
MT,Sweet Grass,45.8294,-109.9165,3678
MT,Teton,47.7625,-112.0393,6226
MT,Toole,48.5781,-111.8505,4971
MT,Treasure,46.2471,-107.2471,762
MT,Valley,48.2362,-106.5416,7578
MT,Wheatland,46.4546,-109.8455,2069
MT,Wibaux,46.9700,-104.1912,937
MT,Yellowstone,45.7899,-108.5461,164731
NC,Alamance,36.0715,-79.4132,171415
NC,Alexander,35.8893,-81.1935,36444
NC,Alleghany,36.4976,-81.1060,10888
NC,Anson,34.9741,-80.1108,22055
NC,Ashe,36.4136,-81.4880,26577
NC,Avery,36.0760,-81.9395,17806
NC,Beaufort,35.5216,-76.9618,44652
NC,Bertie,36.0817,-76.9627,17934
NC,Bladen,34.6092,-78.6433,29606
NC,Brunswick,34.0418,-78.2166,136693
NC,Buncombe,35.5853,-82.5518,269452
NC,Burke,35.7313,-81.6412,87570
NC,Cabarrus,35.3957,-80.6211,225804
NC,Caldwell,35.8730,-81.5025,80652
NC,Camden,36.3693,-76.1977,10355
NC,Carteret,34.7441,-76.8187,67686
NC,Caswell,36.3999,-79.3613,22736
NC,Catawba,35.6955,-81.2453,160610
NC,Chatham,35.7560,-79.2084,76285
NC,Cherokee,35.1014,-84.0226,28774
NC,Chowan,36.1170,-76.6266,13708
NC,Clay,35.0363,-83.8057,11089
NC,Cleveland,35.2914,-81.5158,99519
NC,Columbus,34.2806,-78.7069,50623
NC,Craven,35.0692,-77.0414,100720
NC,Cumberland,35.0546,-78.9373,334728
NC,Currituck,36.4032,-76.0168,28100
NC,Dare,35.9204,-75.6760,36915
NC,Davidson,35.8579,-80.2005,168930
NC,Davie,35.9314,-80.5204,42712
NC,Duplin,34.9284,-77.9403,48715
NC,Durham,35.9862,-78.9017,324833
NC,Edgecombe,35.9024,-77.6561,48900
NC,Forsyth,36.1046,-80.2585,382590
NC,Franklin,36.0442,-78.3540,68573
NC,Gaston,35.2737,-81.1508,227943
NC,Gates,36.4646,-76.7070,10478
NC,Graham,35.3321,-83.7871,8030
NC,Granville,36.2166,-78.6497,60992
NC,Greene,35.4667,-77.6652,20451
NC,Guilford,36.0667,-79.8474,541299
NC,Halifax,36.3614,-77.6741,48622
NC,Harnett,35.3541,-78.8674,133568
NC,Haywood,35.5189,-82.9431,62089
NC,Henderson,35.3416,-82.4716,116281
NC,Hertford,36.3522,-77.0113,21552
NC,Hoke,34.9926,-79.1701,52082
NC,Hyde,35.4305,-76.2051,4589
NC,Iredell,35.6948,-80.8668,186693
NC,Jackson,35.3329,-83.1990,43109
NC,Johnston,35.5706,-78.4191,215999
NC,Jones,35.0307,-77.3541,9172
NC,Lee,35.4538,-79.1736,63285
NC,Lenoir,35.2606,-77.6340,55122
NC,Lincoln,35.4855,-81.1625,86810
NC,Macon,35.1569,-83.3773,37014
NC,Madison,35.8390,-82.6361,21193
NC,Martin,35.8303,-77.0973,22031
NC,McDowell,35.6674,-82.0199,44578
NC,Mecklenburg,35.2253,-80.8199,1115482
NC,Mitchell,35.9601,-82.1140,14903
NC,Montgomery,35.3406,-79.8929,25751
NC,Moore,35.2378,-79.4392,99727
NC,Nash,35.9460,-77.9259,94970
NC,New Hanover,34.2102,-77.8784,225702
NC,Northampton,36.4407,-77.4500,17471
NC,Onslow,34.7343,-77.4053,204576
NC,Orange,35.9801,-79.0823,148696
NC,Pamlico,35.1021,-76.7822,12276
NC,Pasquotank,36.2941,-76.2473,40568
NC,Pender,34.4538,-77.8067,60203
NC,Perquimans,36.1806,-76.4229,13005
NC,Person,36.3720,-78.9704,39097
NC,Pitt,35.5765,-77.3834,170243
NC,Polk,35.2584,-82.1769,19328
NC,Randolph,35.7662,-79.8291,144171
NC,Richmond,34.9427,-79.7354,42946
NC,Robeson,34.6772,-79.0918,116530
NC,Rockingham,36.4003,-79.7734,91096
NC,Rowan,35.6209,-80.5228,146875
NC,Rutherford,35.3508,-81.8979,64444
NC,Sampson,35.0367,-78.3976,59036
NC,Scotland,34.7857,-79.4740,34174
NC,Stanly,35.3206,-80.2519,62504
NC,Stokes,36.3495,-80.2752,44520
NC,Surry,36.4311,-80.6572,71359
NC,Swain,35.4378,-83.4120,14117
NC,Transylvania,35.2101,-82.7431,32986
NC,Tyrrell,35.8953,-76.2425,3245
NC,Union,35.0125,-80.6320,238267
NC,Vance,36.3328,-78.4030,42578
NC,Wake,35.7953,-78.6800,1129410
NC,Warren,36.4113,-78.1345,18642
NC,Washington,35.8632,-76.6517,11003
NC,Watauga,36.2182,-81.6860,54086
NC,Wayne,35.3729,-77.9867,117333
NC,Wilkes,36.1919,-81.1337,65969
NC,Wilson,35.7277,-77.9338,78784
NC,Yadkin,36.1640,-80.6740,37214
NC,Yancey,35.9109,-82.2946,18470
ND,Adams,46.0359,-102.6218,2200
ND,Barnes,46.9269,-98.0304,10853
ND,Benson,48.0222,-99.1490,5964
ND,Billings,47.0034,-103.3063,945
ND,Bottineau,48.8190,-100.6351,6379
ND,Bowman,46.1710,-103.3897,2993
ND,Burke,48.7605,-102.5393,2201
ND,Burleigh,46.8231,-100.7613,98458
ND,Cass,46.8532,-96.8661,184525
ND,Cavalier,48.7563,-98.4087,3704
ND,Dickey,46.0903,-98.3168,4999
ND,Divide,48.8732,-103.3406,2195
ND,Dunn,47.3372,-102.6382,4095
ND,Eddy,47.7058,-99.0569,2347
ND,Emmons,46.2670,-100.2215,3301
ND,Foster,47.4606,-99.0323,3397
ND,Golden Valley,46.8910,-103.9593,1736
ND,Grand Forks,47.9041,-97.1141,73170
ND,Grant,46.3936,-101.7099,2301
ND,Griggs,47.4515,-98.1844,2306
ND,Hettinger,46.4528,-102.5637,2489
ND,Kidder,46.9138,-99.8032,2394
ND,LaMoure,46.4050,-98.5311,4093
ND,Logan,46.4972,-99.5537,1876
ND,McHenry,48.1797,-100.7007,5345
ND,McIntosh,46.1461,-99.4930,2530
ND,McKenzie,47.8154,-103.2499,14704
ND,McLean,47.5240,-101.2270,9771
ND,Mercer,47.3010,-101.7120,8350
ND,Morton,46.8208,-100.9874,33291
ND,Mountrail,48.1348,-102.3851,9809
ND,Nelson,47.9141,-98.2115,3015
ND,Oliver,47.1203,-101.3071,1877
ND,Pembina,48.7864,-97.5831,6844
ND,Pierce,48.3280,-99.9854,3990
ND,Ramsey,48.1300,-98.8346,11605
ND,Ransom,46.4733,-97.6541,5703
ND,Renville,48.7122,-101.5130,2282
ND,Richland,46.2654,-96.7651,16529
ND,Rolette,48.8376,-99.8157,12187
ND,Sargent,46.1662,-97.5879,3862
ND,Sheridan,47.5818,-100.3336,1265
ND,Sioux,46.1668,-100.7275,3898
ND,Slope,46.4184,-103.4162,706
ND,Stark,46.8833,-102.7850,33646
ND,Steele,47.4599,-97.7505,1798
ND,Stutsman,46.9174,-98.7395,21593
ND,Towner,48.5756,-99.2330,2162
ND,Traill,47.4894,-97.2214,7997
ND,Walsh,48.3924,-97.5562,10563
ND,Ward,48.2510,-101.3243,69919
ND,Wells,47.6735,-99.7762,3982
ND,Williams,48.1982,-103.5820,40950
NE,Adams,40.5855,-98.4152,31205
NE,Antelope,42.1471,-98.0574,6295
NE,Arthur,41.5694,-101.6789,434
NE,Banner,41.5588,-103.7216,674
NE,Blaine,41.9061,-100.0134,431
NE,Boone,41.6773,-98.0140,5379
NE,Box Butte,42.1367,-102.9052,10842
NE,Boyd,42.8936,-98.7448,1810
NE,Brown,42.5431,-99.8496,2903
NE,Buffalo,40.7378,-99.0728,50084
NE,Burt,41.8452,-96.3478,6722
NE,Butler,41.2474,-97.1417,8369
NE,Cass,40.9495,-96.0637,26598
NE,Cedar,42.5767,-97.2510,8380
NE,Chase,40.5020,-101.6256,3893
NE,Cherry,42.7884,-100.7497,5455
NE,Cheyenne,41.1649,-102.9826,9468
NE,Clay,40.5476,-98.0279,6104
NE,Colfax,41.5156,-97.0764,10582
NE,Cuming,41.8969,-96.7584,9013
NE,Custer,41.4006,-99.6739,10545
NE,Dakota,42.4469,-96.4386,21582
NE,Dawes,42.7863,-103.0663,8199
NE,Dawson,40.8274,-99.8567,24111
NE,Deuel,41.0909,-102.3365,1838
NE,Dixon,42.4368,-96.8261,5606
NE,Dodge,41.4713,-96.5286,37167
NE,Douglas,41.2617,-96.0697,584526
NE,Dundy,40.0895,-101.5993,1654
NE,Fillmore,40.5412,-97.5801,5551
NE,Franklin,40.1860,-98.9545,2889
NE,Frontier,40.6100,-100.3988,2519
NE,Furnas,40.2508,-99.9341,4636
NE,Gage,40.2809,-96.7136,21704
NE,Garden,41.4295,-102.3239,1874
NE,Garfield,41.8037,-99.1041,1813
NE,Gosper,40.5944,-99.8268,1893
NE,Grant,41.9696,-101.7346,611
NE,Greeley,41.5553,-98.4994,2188
NE,Hall,40.9163,-98.3778,62895
NE,Hamilton,40.8795,-98.0230,9429
NE,Harlan,40.1453,-99.4063,3073
NE,Hayes,40.5008,-101.0498,856
NE,Hitchcock,40.2109,-101.0047,2616
NE,Holt,42.4605,-98.7438,10127
NE,Hooker,42.0107,-101.0506,711
NE,Howard,41.1892,-98.4896,6475
NE,Jefferson,40.1642,-97.1417,7240
NE,Johnson,40.4011,-96.2277,5290
NE,Kearney,40.5073,-98.9922,6688
NE,Keith,41.1418,-101.6998,8335
NE,Keya Paha,42.8689,-99.7174,769
NE,Kimball,41.2313,-103.6616,3434
NE,Knox,42.6242,-97.7826,8391
NE,Lancaster,40.7993,-96.6715,322608
NE,Lincoln,41.1193,-100.7895,34676
NE,Logan,41.4992,-100.5077,716
NE,Loup,41.8326,-99.4164,607
NE,Madison,42.0064,-97.4614,35585
NE,McPherson,41.5604,-101.0049,399
NE,Merrick,41.1308,-98.0372,7668
NE,Morrill,41.7086,-103.1629,4555
NE,Nance,41.4046,-97.8962,3380
NE,Nemaha,40.4020,-95.8392,7074
NE,Nuckolls,40.1146,-98.0618,4095
NE,Otoe,40.6708,-96.0369,15912
NE,Pawnee,40.1332,-96.1773,2544
NE,Perkins,40.8449,-101.6755,2858
NE,Phelps,40.4664,-99.4045,8968
NE,Pierce,42.2595,-97.5916,7317
NE,Platte,41.4670,-97.3855,34296
NE,Polk,41.1736,-97.5567,5214
NE,Red Willow,40.2067,-100.5921,10702
NE,Richardson,40.0999,-95.6697,7871
NE,Rock,42.5367,-99.4999,1262
NE,Saline,40.5792,-97.0169,14292
NE,Sarpy,41.1529,-96.0437,190604
NE,Saunders,41.1954,-96.5601,22278
NE,Scotts Bluff,41.8651,-103.6804,36084
NE,Seward,40.8751,-97.1023,17609
NE,Sheridan,42.7048,-102.4041,5127
NE,Sherman,41.2286,-98.9686,2959
NE,Sioux,42.4088,-103.8332,1135
NE,Stanton,41.9851,-97.2550,5842
NE,Thayer,40.1783,-97.6281,5034
NE,Thomas,41.9671,-100.5656,669
NE,Thurston,42.1619,-96.5225,6773
NE,Valley,41.5737,-98.9489,4059
NE,Washington,41.5047,-96.1566,20865
NE,Wayne,42.2236,-97.0563,9697
NE,Webster,40.1959,-98.4866,3395
NE,Wheeler,41.8852,-98.5455,774
NE,York,40.8635,-97.6050,14125
NH,Belknap,43.5182,-71.4395,63705
NH,Carroll,43.8101,-71.1701,50107
NH,Cheshire,42.8979,-72.2606,76458
NH,Coos,44.5445,-71.3636,31268
NH,Grafton,43.8374,-71.9572,91118
NH,Hillsborough,42.8794,-71.5315,422937
NH,Merrimack,43.2440,-71.5868,153808
NH,Rockingham,42.9375,-71.1059,314176
NH,Strafford,43.2461,-70.9544,130889
NH,Sullivan,43.3702,-72.2565,43063
NJ,Atlantic,39.4282,-74.5847,274534
NJ,Bergen,40.9169,-74.0568,955732
NJ,Burlington,39.9837,-74.8366,461860
NJ,Camden,39.8631,-75.0264,523485
NJ,Cape May,39.0969,-74.8070,95263
NJ,Cumberland,39.4317,-75.0896,154152
NJ,Essex,40.7679,-74.2161,863728
NJ,Gloucester,39.7488,-75.1303,302294
NJ,Hudson,40.7416,-74.0614,724854
NJ,Hunterdon,40.5726,-74.8960,128947
NJ,Mercer,40.2554,-74.6994,387340
NJ,Middlesex,40.4844,-74.3886,863162
NJ,Monmouth,40.2912,-74.1486,643615
NJ,Morris,40.8591,-74.5003,509285
NJ,Ocean,39.9786,-74.2159,637229
NJ,Passaic,40.9240,-74.1899,524118
NJ,Salem,39.6272,-75.3782,64837
NJ,Somerset,40.5599,-74.5784,345361
NJ,Sussex,41.0905,-74.6555,144221
NJ,Union,40.6594,-74.2937,575345
NJ,Warren,40.7947,-75.0149,109632
NM,Bernalillo,35.1095,-106.6178,676444
NM,Catron,33.9587,-108.5315,3579
NM,Chaves,33.3657,-104.5147,65157
NM,Cibola,35.1070,-107.8188,27172
NM,Colfax,36.6981,-104.6566,12387
NM,Curry,34.4211,-103.2132,48430
NM,De Baca,34.4607,-104.2480,1698
NM,Doña Ana,32.2484,-106.7288,219561
NM,Eddy,32.5382,-104.2886,62314
NM,Grant,32.7811,-108.2432,28185
NM,Guadalupe,34.9326,-104.7645,4452
NM,Harding,35.8530,-103.9786,657
NM,Hidalgo,32.2865,-108.7712,4178
NM,Lea,32.7517,-103.1905,74455
NM,Lincoln,33.4196,-105.6311,20269
NM,Los Alamos,35.8692,-106.2723,19419
NM,Luna,32.2230,-107.7419,25427
NM,McKinley,35.5132,-108.6343,72902
NM,Mora,36.0042,-105.2371,4189
NM,Otero,32.7785,-106.0003,67839
NM,Quay,35.1783,-103.6624,8746
NM,Rio Arriba,36.2040,-106.2052,40363
NM,Roosevelt,34.1686,-103.3475,19191
NM,San Juan,36.7240,-108.2202,121661
NM,San Miguel,35.5763,-105.3079,27201
NM,Sandoval,35.3197,-106.6492,148834
NM,Santa Fe,35.6326,-106.0048,154823
NM,Sierra,33.1070,-107.2817,11576
NM,Socorro,34.1549,-106.9604,16595
NM,Taos,36.4351,-105.6079,34489
NM,Torrance,34.8706,-106.1027,15045
NM,Union,36.4682,-103.2659,4079
NM,Valencia,34.7557,-106.7228,76205
NV,Carson City,39.1661,-119.7541,58639
NV,Churchill,39.4745,-118.7961,25516
NV,Clark,36.1411,-115.1530,2265461
NV,Douglas,38.9575,-119.7562,49488
NV,Elko,40.8563,-115.5343,53702
NV,Esmeralda,37.7044,-117.6706,729
NV,Eureka,39.9470,-116.2091,1855
NV,Humboldt,41.0176,-117.7443,17285
NV,Lander,40.4985,-116.9495,5734
NV,Lincoln,37.7101,-114.6264,4499
NV,Lyon,39.3558,-119.3272,59235
NV,Mineral,38.6016,-118.6434,4554
NV,Nye,36.4143,-116.1257,51591
NV,Pershing,40.3347,-118.2942,6650
NV,Storey,39.3898,-119.6224,4104
NV,Washoe,39.5345,-119.7935,486492
NV,White Pine,39.2783,-114.8755,9080
NY,Albany,42.6806,-73.8116,314848
NY,Allegany,42.2287,-78.0208,46456
NY,Bronx,40.8494,-73.8823,1472654
NY,Broome,42.1208,-75.9363,198683
NY,Cattaraugus,42.2237,-78.6084,77042
NY,Cayuga,42.9389,-76.5607,76248
NY,Chautauqua,42.2450,-79.3148,127657
NY,Chemung,42.1206,-76.8138,84148
NY,Chenango,42.4810,-75.5689,47220
NY,Clinton,44.7299,-73.5428,79843
NY,Columbia,42.2744,-73.6804,61570
NY,Cortland,42.5955,-76.1462,46809
NY,Delaware,42.2487,-74.9963,44308
NY,Dutchess,41.6781,-73.8415,295911
NY,Erie,42.8911,-78.7927,954236
NY,Essex,44.1684,-73.6764,37381
NY,Franklin,44.7177,-74.3514,47555
NY,Fulton,43.0586,-74.3299,53324
NY,Genesee,42.9989,-78.1710,58388
NY,Greene,42.2983,-73.9788,47931
NY,Hamilton,43.6127,-74.3855,5107
NY,Herkimer,43.0713,-74.9949,60139
NY,Jefferson,44.0199,-75.8950,116721
NY,Kings,40.6517,-73.9550,2736074
NY,Lewis,43.7887,-75.4492,26582
NY,Livingston,42.7690,-77.7628,61834
NY,Madison,42.9869,-75.7200,68016
NY,Monroe,43.1607,-77.6190,759443
NY,Montgomery,42.9327,-74.3441,49532
NY,Nassau,40.7164,-73.6037,1395774
NY,New York,40.7764,-73.9674,1694251
NY,Niagara,43.1344,-78.8511,212666
NY,Oneida,43.1463,-75.3559,232125
NY,Onondaga,43.0680,-76.1674,476516
NY,Ontario,42.9023,-77.2669,112458
NY,Orange,41.4196,-74.2394,401310
NY,Orleans,43.2493,-78.2244,40343
NY,Oswego,43.3922,-76.3118,117525
NY,Otsego,42.5641,-75.0602,58524
NY,Putnam,41.4109,-73.7186,97668
NY,Queens,40.7212,-73.8340,2405464
NY,Rensselaer,42.6996,-73.6320,161130
NY,Richmond,40.5893,-74.1367,495747
NY,Rockland,41.1274,-74.0221,338329
NY,Saratoga,43.0079,-73.7844,235509
NY,Schenectady,42.8091,-73.9453,158061
NY,Schoharie,42.6440,-74.4357,29714
NY,Schuyler,42.3893,-76.8691,17898
NY,Seneca,42.8285,-76.8277,33814
NY,St. Lawrence,44.6528,-75.1479,108505
NY,Steuben,42.2648,-77.3197,93584
NY,Suffolk,40.8234,-73.1033,1525920
NY,Sullivan,41.6985,-74.6986,78624
NY,Tioga,42.1214,-76.2989,48455
NY,Tompkins,42.4591,-76.4790,105740
NY,Ulster,41.8417,-74.0984,181851
NY,Warren,43.3929,-73.7112,65737
NY,Washington,43.2890,-73.4608,61302
NY,Wayne,43.1436,-77.1302,91283
NY,Westchester,41.0386,-73.8055,1004457
NY,Wyoming,42.7227,-78.2096,40531
NY,Yates,42.6347,-77.0781,24774
OH,Adams,38.8512,-83.5192,27477
OH,Allen,40.7572,-84.1237,102206
OH,Ashland,40.8544,-82.2843,52447
OH,Ashtabula,41.7921,-80.7690,97574
OH,Athens,39.3427,-82.0996,62431
OH,Auglaize,40.5440,-84.2725,46422
OH,Belmont,40.0425,-80.8929,66497
OH,Brown,38.9521,-83.8928,43676
OH,Butler,39.4106,-84.4984,390357
OH,Carroll,40.6088,-81.1142,26721
OH,Champaign,40.1212,-83.7565,38714
OH,Clark,39.9276,-83.8317,136001
OH,Clermont,39.1049,-84.2138,208601
OH,Clinton,39.4115,-83.8430,42018
OH,Columbiana,40.7803,-80.7306,101877
OH,Coshocton,40.2915,-81.8631,36612
OH,Crawford,40.7963,-82.8735,42025
OH,Cuyahoga,41.4484,-81.6775,1264817
OH,Darke,40.1161,-84.6063,51881
OH,Defiance,41.2948,-84.4487,38286
OH,Delaware,40.2134,-83.0123,214124
OH,Erie,41.4053,-82.6273,75622
OH,Fairfield,39.7994,-82.6729,158921
OH,Fayette,39.5485,-83.4439,28951
OH,Franklin,40.0012,-82.9922,1323807
OH,Fulton,41.5781,-84.0952,42713
OH,Gallia,38.8318,-82.2752,29220
OH,Geauga,41.4875,-81.2234,95397
OH,Greene,39.7258,-83.9972,167966
OH,Guernsey,40.0177,-81.5420,38438
OH,Hamilton,39.1811,-84.5091,830639
OH,Hancock,41.0388,-83.6421,74920
OH,Hardin,40.6873,-83.6730,30696
OH,Harrison,40.3083,-81.0529,14483
OH,Henry,41.3602,-84.0781,27662
OH,Highland,39.2191,-83.5821,43317
OH,Hocking,39.5249,-82.4497,28050
OH,Holmes,40.5682,-81.8695,44223
OH,Huron,41.1764,-82.6138,58565
OH,Jackson,39.0358,-82.6109,32653
OH,Jefferson,40.3655,-80.6924,65249
OH,Knox,40.4003,-82.4543,62721
OH,Lake,41.6850,-81.3199,232603
OH,Lawrence,38.5014,-82.5388,58240
OH,Licking,40.0511,-82.5216,178519
OH,Logan,40.3826,-83.7768,46150
OH,Lorain,41.3917,-82.1102,312964
OH,Lucas,41.6520,-83.6203,431279
OH,Madison,39.9235,-83.3784,43824
OH,Mahoning,41.0482,-80.6970,228614
OH,Marion,40.5821,-83.1271,65359
OH,Medina,41.1442,-81.8377,182470
OH,Meigs,39.0615,-82.0111,22210
OH,Mercer,40.5156,-84.6064,42528
OH,Miami,40.0399,-84.2295,108774
OH,Monroe,39.7439,-81.0667,13385
OH,Montgomery,39.7442,-84.2064,537309
OH,Morgan,39.6160,-81.8659,13802
OH,Morrow,40.5185,-82.7938,34950
OH,Muskingum,39.9635,-81.9968,86410
OH,Noble,39.7729,-81.4871,14115
OH,Ottawa,41.5325,-83.0804,40364
OH,Paulding,41.1327,-84.5885,18806
OH,Perry,39.7585,-82.2380,35408
OH,Pickaway,39.6711,-82.9927,58539
OH,Pike,39.0842,-83.0366,27088
OH,Portage,41.1808,-81.2769,161791
OH,Preble,39.7432,-84.6254,40999
OH,Putnam,41.0083,-84.1155,34451
OH,Richland,40.7616,-82.5404,124936
OH,Ross,39.3417,-83.0230,77093
OH,Sandusky,41.3404,-83.1005,58896
OH,Scioto,38.7809,-82.9447,74008
OH,Seneca,41.1278,-83.2021,55069
OH,Shelby,40.3195,-84.1943,48230
OH,Stark,40.8376,-81.3890,374853
OH,Summit,41.1161,-81.5119,540428
OH,Trumbull,41.2405,-80.7599,201977
OH,Tuscarawas,40.4814,-81.4670,93263
OH,Union,40.2419,-83.3349,62784
OH,Van Wert,40.8562,-84.5658,28931
OH,Vinton,39.2412,-82.5042,12800
OH,Warren,39.4233,-84.2439,242337
OH,Washington,39.4098,-81.5177,59771
OH,Wayne,40.8365,-81.8645,116894
OH,Williams,41.5325,-84.5717,37102
OH,Wood,41.4533,-83.6028,132248
OH,Wyandot,40.8660,-83.2993,21900
OK,Adair,35.8875,-94.6357,19495
OK,Alfalfa,36.6585,-98.3176,5699
OK,Atoka,34.3300,-96.0975,14143
OK,Beaver,36.8294,-100.6382,5049
OK,Beckham,35.3612,-99.5110,22410
OK,Blaine,35.8852,-98.4282,8735
OK,Bryan,33.9807,-96.3861,46067
OK,Caddo,35.1760,-98.3394,26945
OK,Canadian,35.4934,-97.7662,154405
OK,Carter,34.1895,-97.1975,48003
OK,Cherokee,35.9023,-94.9956,47078
OK,Choctaw,34.0191,-95.5283,14204
OK,Cimarron,36.7344,-102.4960,2296
OK,Cleveland,35.2693,-97.4504,295528
OK,Coal,34.5480,-96.2782,5266
OK,Comanche,34.6330,-98.4194,121125
OK,Cotton,34.3126,-98.3315,5527
OK,Craig,36.6792,-95.1546,14107
OK,Creek,35.9754,-96.2260,71754
OK,Custer,35.5477,-98.8287,28513
OK,Delaware,36.4685,-94.7933,40397
OK,Dewey,36.0571,-99.0742,4484
OK,Ellis,36.2625,-99.7870,3749
OK,Garfield,36.3985,-97.8855,62846
OK,Garvin,34.7375,-97.2895,25656
OK,Grady,35.1124,-97.8504,54795
OK,Grant,36.7611,-97.7797,4169
OK,Greer,34.9120,-99.4642,5491
OK,Harmon,34.6945,-99.8974,2488
OK,Harper,36.7686,-99.7618,3272
OK,Haskell,35.2390,-95.1248,11561
OK,Hughes,35.0792,-96.3262,13367
OK,Jackson,34.6572,-99.3314,24785
OK,Jefferson,34.1321,-97.8717,5337
OK,Johnston,34.2623,-96.6501,10272
OK,Kay,36.7443,-97.1252,43700
OK,Kingfisher,35.9139,-97.9110,15184
OK,Kiowa,34.9369,-99.0180,8509
OK,Latimer,34.8820,-95.2552,9444
OK,Le Flore,35.0652,-94.6391,48129
OK,Lincoln,35.6563,-96.8823,33458
OK,Logan,35.8223,-97.4429,49555
OK,Love,33.9227,-97.1701,10146
OK,Major,36.2989,-98.4324,7782
OK,Marshall,34.0181,-96.7493,15312
OK,Mayes,36.2922,-95.2432,39046
OK,McClain,35.1063,-97.5276,41662
OK,McCurtain,33.9997,-94.8147,30814
OK,McIntosh,35.3859,-95.5814,18941
OK,Murray,34.5071,-97.0277,13904
OK,Muskogee,35.7118,-95.3666,66339
OK,Noble,36.3241,-97.2331,10924
OK,Nowata,36.7750,-95.6352,9320
OK,Okfuskee,35.4511,-96.3380,11310
OK,Oklahoma,35.5255,-97.5124,796292
OK,Okmulgee,35.6179,-95.9692,36706
OK,Osage,36.4152,-96.2286,45818
OK,Ottawa,36.8574,-94.8348,30285
OK,Pawnee,36.2704,-96.5392,15553
OK,Payne,36.0913,-97.0070,81646
OK,Pittsburg,34.9563,-95.7213,43773
OK,Pontotoc,34.7742,-96.6732,38065
OK,Pottawatomie,35.3214,-96.9529,72454
OK,Pushmataha,34.3278,-95.4820,10812
OK,Roger Mills,35.6285,-99.6594,3442
OK,Rogers,36.3153,-95.6506,95240
OK,Seminole,35.1862,-96.6312,23556
OK,Sequoyah,35.4662,-94.7297,39281
OK,Stephens,34.5185,-97.9466,42848
OK,Texas,36.7122,-101.4484,21384
OK,Tillman,34.3825,-98.9711,6968
OK,Tulsa,36.1027,-95.9115,669279
OK,Wagoner,36.0160,-95.6276,80981
OK,Washington,36.7285,-95.9374,52455
OK,Washita,35.3143,-99.0535,10924
OK,Woods,36.7675,-98.7081,8624
OK,Woodward,36.4237,-99.3836,20470
OR,Baker,44.7800,-117.7621,16668
OR,Benton,44.5731,-123.2751,95184
OR,Clackamas,45.3634,-122.5750,421401
OR,Clatsop,46.0989,-123.8410,41072
OR,Columbia,45.8900,-122.9294,52589
OR,Coos,43.3055,-124.2324,64929
OR,Crook,44.2836,-120.8436,24738
OR,Curry,42.2519,-124.3280,23446
OR,Deschutes,44.0910,-121.3062,198253
OR,Douglas,43.2400,-123.3888,111201
OR,Gilliam,45.4496,-120.1970,1995
OR,Grant,44.4515,-119.0036,7233
OR,Harney,43.5216,-118.9869,7495
OR,Hood River,45.6590,-121.5657,23977
OR,Jackson,42.3478,-122.8586,223259
OR,Jefferson,44.5915,-121.1904,24502
OR,Josephine,42.4044,-123.3852,88090
OR,Klamath,42.2859,-121.7268,69413
OR,Lake,42.4784,-120.4764,8160
OR,Lane,44.0396,-123.1192,382971
OR,Lincoln,44.7137,-124.0020,50395
OR,Linn,44.5563,-122.9595,128610
OR,Malheur,43.9754,-117.0611,31571
OR,Marion,44.9601,-122.9559,345920
OR,Morrow,45.7391,-119.6173,12186
OR,Multnomah,45.5179,-122.5912,815428
OR,Polk,44.9209,-123.2081,87433
OR,Sherman,45.5184,-120.7215,1870
OR,Tillamook,45.4695,-123.8585,27390
OR,Umatilla,45.8012,-118.9675,80075
OR,Union,45.3416,-118.0182,26196
OR,Wallowa,45.4433,-117.3056,7391
OR,Wasco,45.5415,-121.2041,26670
OR,Washington,45.4861,-122.8709,600372
OR,Wheeler,44.8371,-120.0888,1451
OR,Yamhill,45.2395,-123.1370,107722
PA,Adams,39.8511,-77.1570,103852
PA,Allegheny,40.4478,-79.9716,1250578
PA,Armstrong,40.7696,-79.5110,65558
PA,Beaver,40.6843,-80.3020,168215
PA,Bedford,40.0543,-78.4769,47577
PA,Berks,40.3627,-75.9099,428849
PA,Blair,40.4872,-78.3766,122822
PA,Bradford,41.8339,-76.5279,59967
PA,Bucks,40.2394,-75.0264,646538
PA,Butler,40.8216,-79.9665,193763
PA,Cambria,40.4081,-78.8002,133472
PA,Cameron,41.5024,-78.2388,4547
PA,Carbon,40.8720,-75.7089,64749
PA,Centre,40.8398,-77.8362,158172
PA,Chester,39.9934,-75.6781,534413
PA,Clarion,41.1824,-79.4295,37241
PA,Clearfield,40.9915,-78.4993,80562
PA,Clinton,41.1401,-77.4488,37450
PA,Columbia,41.0387,-76.3896,64727
PA,Crawford,41.6664,-80.0984,83938
PA,Cumberland,40.2059,-77.0926,259469
PA,Dauphin,40.3046,-76.7965,286401
PA,Delaware,39.9226,-75.3489,576830
PA,Elk,41.4191,-78.6197,30990
PA,Erie,42.0686,-80.0727,270876
PA,Fayette,39.9492,-79.7160,128804
PA,Forest,41.4871,-79.2232,6973
PA,Franklin,39.8835,-77.6549,155932
PA,Fulton,39.9183,-78.0862,14556
PA,Greene,39.8769,-80.1135,35954
PA,Huntingdon,40.4286,-78.0029,44092
PA,Indiana,40.6175,-79.1305,83246
PA,Jefferson,41.0859,-78.9643,44492
PA,Juniata,40.5730,-77.3277,23509
PA,Lackawanna,41.4415,-75.6364,215896
PA,Lancaster,40.0739,-76.2925,552984
PA,Lawrence,40.9868,-80.3365,86070
PA,Lebanon,40.3403,-76.4431,143257
PA,Lehigh,40.5978,-75.5094,374557
PA,Luzerne,41.1953,-75.9284,325594
PA,Lycoming,41.2493,-76.9813,114188
PA,McKean,41.8652,-78.5833,40432
PA,Mercer,41.2639,-80.3367,110652
PA,Mifflin,40.6043,-77.6159,46143
PA,Monroe,41.0386,-75.3059,168327
PA,Montgomery,40.1695,-75.3145,856553
PA,Montour,40.9968,-76.6302,18136
PA,Northampton,40.6991,-75.3209,312951
PA,Northumberland,40.8746,-76.6845,91647
PA,Perry,40.4108,-77.1544,45842
PA,Philadelphia,40.0035,-75.1395,1603797
PA,Pike,41.3024,-74.9835,58535
PA,Potter,41.8233,-77.9358,16396
PA,Schuylkill,40.7127,-76.1959,143049
PA,Snyder,40.7874,-76.9809,39736
PA,Somerset,40.0290,-79.0124,74129
PA,Sullivan,41.4696,-76.4929,5840
PA,Susquehanna,41.8231,-75.7692,38434
PA,Tioga,41.8148,-77.2111,41045
PA,Union,40.9702,-76.9592,42681
PA,Venango,41.4042,-79.7654,50454
PA,Warren,41.8531,-79.2333,38587
PA,Washington,40.2084,-80.1461,209349
PA,Wayne,41.5397,-75.3076,51155
PA,Westmoreland,40.3402,-79.5946,354663
PA,Wyoming,41.5387,-75.9386,26069
PA,York,39.9419,-76.7537,456438
PR,Adjuntas,18.1736,-66.7409,18020
PR,Aguada,18.3626,-67.1764,38136
PR,Aguadilla,18.4599,-67.1263,55101
PR,Aguas Buenas,18.2487,-66.1229,24223
PR,Aibonito,18.1373,-66.2687,24637
PR,Arecibo,18.4390,-66.6910,87754
PR,Arroyo,17.9848,-66.0549,15843
PR,Añasco,18.2904,-67.1400,25596
PR,Barceloneta,18.4445,-66.5587,22657
PR,Barranquitas,18.2030,-66.3114,28983
PR,Bayamón,18.3729,-66.1682,185187
PR,Cabo Rojo,18.0704,-67.1567,47158
PR,Caguas,18.2269,-66.0460,127244
PR,Camuy,18.4445,-66.8633,32827
PR,Canóvanas,18.3596,-65.8952,42337
PR,Carolina,18.3927,-65.9717,154815
PR,Cataño,18.4367,-66.1414,23155
PR,Cayey,18.1194,-66.1505,41652
PR,Ceiba,18.2629,-65.6563,11307
PR,Ciales,18.3149,-66.4937,16984
PR,Cidra,18.1720,-66.1513,39970
PR,Coamo,18.0789,-66.3617,34668
PR,Comerío,18.2269,-66.2238,18883
PR,Corozal,18.3165,-66.3229,34571
PR,Culebra,18.3119,-65.3019,1792
PR,Dorado,18.4403,-66.2841,35879
PR,Fajardo,18.3272,-65.6570,32124
PR,Florida,18.3684,-66.5631,11692
PR,Guayama,17.9811,-66.1201,36614
PR,Guayanilla,18.0327,-66.7930,17784
PR,Guaynabo,18.3663,-66.1133,89780
PR,Gurabo,18.2538,-65.9795,40622
PR,Guánica,17.9856,-66.9120,13787
PR,Hatillo,18.4408,-66.7977,38486
PR,Hormigueros,18.1412,-67.1208,15654
PR,Humacao,18.1420,-65.8169,50896
PR,Isabela,18.4737,-67.0182,42943
PR,Jayuya,18.2166,-66.5937,14779
PR,Juana Díaz,18.0408,-66.5039,46538
PR,Juncos,18.2239,-65.9138,37012
PR,Lajas,18.0326,-67.0470,23334
PR,Lares,18.2939,-66.8707,28105
PR,Las Marías,18.2421,-66.9933,8874
PR,Las Piedras,18.1804,-65.8738,35180
PR,Loíza,18.4189,-65.8691,23693
PR,Luquillo,18.3615,-65.7233,17781
PR,Manatí,18.4280,-66.4827,39492
PR,Maricao,18.1764,-66.9551,4755
PR,Maunabo,18.0104,-65.9047,10589
PR,Mayagüez,18.2004,-67.1327,73077
PR,Moca,18.3809,-67.0838,37460
PR,Morovis,18.3288,-66.4130,28727
PR,Naguabo,18.2187,-65.7494,23386
PR,Naranjito,18.2926,-66.2511,29241
PR,Orocovis,18.2220,-66.4067,21434
PR,Patillas,18.0075,-66.0046,15985
PR,Peñuelas,18.0586,-66.7223,20399
PR,Ponce,18.0218,-66.6170,137491
PR,Quebradillas,18.4546,-66.9274,23638
PR,Rincón,18.3341,-67.2336,15187
PR,Río Grande,18.3673,-65.8275,47060
PR,Sabana Grande,18.0704,-66.9505,22729
PR,Salinas,17.9911,-66.2604,25789
PR,San Germán,18.0961,-67.0412,31879
PR,San Juan,18.4020,-66.0562,342259
PR,San Lorenzo,18.1716,-65.9721,37693
PR,San Sebastián,18.3352,-66.9822,39345
PR,Santa Isabel,17.9892,-66.3946,20281
PR,Toa Alta,18.3674,-66.2296,66852
PR,Toa Baja,18.4293,-66.2017,75293
PR,Trujillo Alto,18.3507,-66.0081,67740
PR,Utuado,18.2687,-66.7072,28287
PR,Vega Alta,18.4234,-66.3316,35395
PR,Vega Baja,18.4397,-66.3991,54414
PR,Vieques,18.1342,-65.4490,8249
PR,Villalba,18.1238,-66.4866,22093
PR,Yabucoa,18.0690,-65.8859,30426
PR,Yauco,18.0433,-66.8595,34172
RI,Bristol,41.7126,-71.2847,50793
RI,Kent,41.6985,-71.4890,170363
RI,Newport,41.5486,-71.2666,85643
RI,Providence,41.8572,-71.4497,660741
RI,Washington,41.4673,-71.5900,129839
SC,Abbeville,34.2416,-82.4221,24295
SC,Aiken,33.5357,-81.7745,168808
SC,Allendale,32.9971,-81.2913,8039
SC,Anderson,34.5647,-82.6166,203718
SC,Bamberg,33.2676,-81.0722,13311
SC,Barnwell,33.2945,-81.3567,20589
SC,Beaufort,32.3180,-80.7869,187117
SC,Berkeley,33.0593,-80.0350,229861
SC,Calhoun,33.6779,-80.8221,14119
SC,Charleston,32.8258,-79.9781,408235
SC,Cherokee,35.0810,-81.6483,56216
SC,Chester,34.7044,-81.1186,32294
SC,Chesterfield,34.6811,-80.1498,43273
SC,Clarendon,33.6862,-80.2080,31144
SC,Colleton,32.9088,-80.6469,38604
SC,Darlington,34.3261,-79.9855,62905
SC,Dillon,34.3948,-79.3616,28292
SC,Dorchester,32.9959,-80.2127,161540
SC,Edgefield,33.7131,-81.9230,25657
SC,Fairfield,34.3613,-81.0693,20948
SC,Florence,34.1060,-79.7647,137059
SC,Georgetown,33.4576,-79.2509,63404
SC,Greenville,34.8447,-82.3313,525534
SC,Greenwood,34.2052,-82.1479,69351
SC,Hampton,32.8016,-81.1164,18561
SC,Horry,33.7802,-78.9377,351029
SC,Jasper,32.4073,-81.0021,28791
SC,Kershaw,34.2572,-80.6509,65403
SC,Lancaster,34.8048,-80.7718,96016
SC,Laurens,34.5095,-82.0320,67539
SC,Lee,34.1836,-80.2669,16531
SC,Lexington,33.9622,-81.2189,293991
SC,Marion,34.1661,-79.3405,29183
SC,Marlboro,34.6380,-79.6717,26667
SC,McCormick,33.8793,-82.2977,9526
SC,Newberry,34.2647,-81.5736,37719
SC,Oconee,34.7075,-83.0020,78607
SC,Orangeburg,33.4718,-80.7988,84223
SC,Pickens,34.8053,-82.6897,131404
SC,Richland,34.0680,-80.9888,416147
SC,Saluda,33.9988,-81.7028,18862
SC,Spartanburg,34.9639,-82.0078,327997
SC,Sumter,33.9295,-80.3896,105556
SC,Union,34.7331,-81.6277,27244
SC,Williamsburg,33.6519,-79.7332,31026
SC,York,34.9986,-81.0514,282090
SD,Aurora,43.6937,-98.5297,2747
SD,Beadle,44.3673,-98.2277,19149
SD,Bennett,43.2106,-101.7859,3381
SD,Bon Homme,42.9661,-97.8599,7003
SD,Brookings,44.3109,-96.7859,34375
SD,Brown,45.4754,-98.4517,38301
SD,Brule,43.7627,-99.1914,5247
SD,Buffalo,44.0591,-99.3710,1948
SD,Butte,44.6697,-103.7663,10243
SD,Campbell,45.8013,-100.1006,1377
SD,Charles Mix,43.1753,-98.5278,9373
SD,Clark,44.8256,-97.7092,3837
SD,Clay,42.8090,-96.9368,14967
SD,Codington,44.9141,-97.1299,28325
SD,Corson,45.7581,-100.9124,3902
SD,Custer,43.7407,-103.5149,8318
SD,Davison,43.7064,-98.0404,19956
SD,Day,45.3691,-97.5192,5449
SD,Deuel,44.7387,-96.6609,4295
SD,Dewey,45.1166,-101.1101,5239
SD,Douglas,43.3776,-98.3697,2835
SD,Edmunds,45.4534,-99.1487,3986
SD,Fall River,43.3874,-103.5131,6973
SD,Faulk,45.0610,-99.0993,2125
SD,Grant,45.2069,-96.6587,7556
SD,Gregory,43.1835,-99.2796,3994
SD,Haakon,44.1333,-101.5727,1872
SD,Hamlin,44.6462,-97.1482,6164
SD,Hand,44.5255,-98.9916,3145
SD,Hanson,43.6561,-97.7717,3461
SD,Harding,45.6059,-103.5203,1311
SD,Hughes,44.3828,-100.3053,17765
SD,Hutchinson,43.3370,-97.7455,7427
SD,Hyde,44.5197,-99.4553,1262
SD,Jackson,43.6497,-101.6651,2806
SD,Jerauld,44.0910,-98.5380,1663
SD,Jones,43.8953,-100.6951,917
SD,Kingsbury,44.3771,-97.4088,5187
SD,Lake,44.0015,-97.0950,11059
SD,Lawrence,44.4534,-103.8059,25768
SD,Lincoln,43.4411,-96.7445,65161
SD,Lyman,43.9537,-99.7170,3718
SD,Marshall,45.7579,-97.6289,4306
SD,McCook,43.6615,-97.3483,5682
SD,McPherson,45.7662,-99.2431,2411
SD,Meade,44.2814,-103.2801,29852
SD,Mellette,43.5494,-100.8092,1918
SD,Miner,44.0113,-97.5515,2298
SD,Minnehaha,43.5583,-96.7315,197214
SD,Moody,44.0184,-96.6634,6336
SD,Oglala Lakota,43.1834,-102.4796,13672
SD,Pennington,44.0649,-103.2109,109222
SD,Perkins,45.7096,-102.3310,2835
SD,Potter,45.0704,-99.9519,2472
SD,Roberts,45.6112,-96.9591,10280
SD,Sanborn,44.0056,-98.1451,2330
SD,Spink,44.9047,-98.4129,6361
SD,Stanley,44.3722,-100.4481,2980
SD,Sully,44.7031,-100.1359,1446
SD,Todd,43.2493,-100.7802,9319
SD,Tripp,43.3502,-99.8470,5624
SD,Turner,43.3044,-97.1128,8673
SD,Union,42.6810,-96.5922,16811
SD,Walworth,45.5185,-100.3118,5315
SD,Yankton,42.9013,-97.3969,23310
SD,Ziebach,44.9298,-101.5302,2413
TN,Anderson,36.0812,-84.1788,77123
TN,Bedford,35.5122,-86.4650,50237
TN,Benton,36.0709,-88.0900,15864
TN,Bledsoe,35.6215,-85.2003,14913
TN,Blount,35.7532,-83.9735,135280
TN,Bradley,35.1674,-84.8597,108620
TN,Campbell,36.3815,-84.1260,39272
TN,Cannon,35.7994,-86.0640,14506
TN,Carroll,36.0189,-88.4642,28440
TN,Carter,36.3190,-82.2034,56356
TN,Cheatham,36.2723,-87.0635,41072
TN,Chester,35.4383,-88.6225,17341
TN,Claiborne,36.4887,-83.6398,32043
TN,Clay,36.5528,-85.5629,7581
TN,Cocke,35.9473,-83.1740,35999
TN,Coffee,35.4542,-86.1246,57889
TN,Crockett,35.7875,-89.1200,13911
TN,Cumberland,35.9556,-85.0178,61145
TN,Davidson,36.1378,-86.7448,715884
TN,DeKalb,35.9670,-85.8369,20080
TN,Decatur,35.6062,-88.1233,11435
TN,Dickson,36.1042,-87.3439,54315
TN,Dyer,36.0594,-89.3584,36801
TN,Fayette,35.2011,-89.4798,41990
TN,Fentress,36.3632,-84.9367,18489
TN,Franklin,35.2082,-86.1162,42774
TN,Gibson,35.9323,-88.8710,50429
TN,Giles,35.1922,-87.0304,30346
TN,Grainger,36.2662,-83.4866,23527
TN,Greene,36.1775,-82.8326,70152
TN,Grundy,35.3432,-85.7223,13529
TN,Hamblen,36.2155,-83.2975,64499
TN,Hamilton,35.0938,-85.2018,366207
TN,Hancock,36.5172,-83.2311,6662
TN,Hardeman,35.2229,-89.0185,25462
TN,Hardin,35.1985,-88.2260,26831
TN,Hawkins,36.4630,-82.8740,56721
TN,Haywood,35.5862,-89.2677,17864
TN,Henderson,35.6480,-88.4029,27842
TN,Henry,36.3198,-88.2914,32199
TN,Hickman,35.8547,-87.4055,24925
TN,Houston,36.3042,-87.7043,8283
TN,Humphreys,36.0712,-87.7751,18990
TN,Jackson,36.3280,-85.6294,11617
TN,Jefferson,36.0648,-83.4531,54683
TN,Johnson,36.4501,-81.8447,17948
TN,Knox,35.9719,-83.9916,478971
TN,Lake,36.3564,-89.4672,7005
TN,Lauderdale,35.7651,-89.5374,25143
TN,Lawrence,35.2376,-87.3536,44159
TN,Lewis,35.5332,-87.5217,12582
TN,Lincoln,35.1052,-86.5717,35319
TN,Loudon,35.7606,-84.2843,54886
TN,Macon,36.5353,-86.0256,25216
TN,Madison,35.6535,-88.8245,98823
TN,Marion,35.1095,-85.6088,28837
TN,Marshall,35.4967,-86.7708,34318
TN,Maury,35.6356,-87.0292,100974
TN,McMinn,35.4260,-84.5987,53276
TN,McNairy,35.1770,-88.5375,25866
TN,Meigs,35.5021,-84.8162,12758
TN,Monroe,35.5184,-84.3542,46250
TN,Montgomery,36.5571,-87.3460,220069
TN,Moore,35.2964,-86.3404,6461
TN,Morgan,36.0984,-84.5932,21035
TN,Obion,36.3972,-89.0799,30787
TN,Overton,36.3449,-85.3249,22511
TN,Perry,35.6538,-87.8593,8366
TN,Pickett,36.5656,-85.1413,5001
TN,Polk,35.1252,-84.5684,17544
TN,Putnam,36.1632,-85.5038,79854
TN,Rhea,35.5568,-84.9544,32870
TN,Roane,35.8811,-84.5222,53404
TN,Robertson,36.4846,-86.8303,72803
TN,Rutherford,35.8883,-86.4503,341486
TN,Scott,36.4545,-84.5083,21850
TN,Sequatchie,35.3554,-85.3914,15826
TN,Sevier,35.8642,-83.5825,98380
TN,Shelby,35.1310,-89.8864,929744
TN,Smith,36.2413,-85.9682,19904
TN,Stewart,36.4937,-87.8001,13657
TN,Sullivan,36.5299,-82.3971,158163
TN,Sumner,36.3962,-86.5360,196281
TN,Tipton,35.4759,-89.7503,60970
TN,Trousdale,36.3862,-86.1534,11615
TN,Unicoi,36.1513,-82.3947,17928
TN,Union,36.2453,-83.8160,19802
TN,Van Buren,35.7115,-85.4546,6168
TN,Warren,35.6952,-85.7948,40953
TN,Washington,36.3256,-82.4338,133001
TN,Wayne,35.2581,-87.7903,16232
TN,Weakley,36.2925,-88.7738,32902
TN,White,35.9416,-85.4889,27351
TN,Williamson,35.9123,-86.8462,247726
TN,Wilson,36.2003,-86.4095,147737
TX,Anderson,31.7753,-95.6839,57922
TX,Andrews,32.3214,-102.5396,18610
TX,Angelina,31.3135,-94.7161,86395
TX,Aransas,28.0307,-97.0725,23830
TX,Archer,33.7128,-98.6073,8560
TX,Armstrong,35.0922,-101.3921,1848
TX,Atascosa,29.0416,-98.5784,48981
TX,Austin,29.8510,-96.2199,30167
TX,Bailey,34.2187,-102.7441,6904
TX,Bandera,29.7035,-99.0316,20851
TX,Bastrop,30.1426,-97.3667,97216
TX,Baylor,33.5912,-99.2646,3465
TX,Bee,28.3956,-97.7338,31047
TX,Bell,31.0815,-97.5917,370647
TX,Bexar,29.4847,-98.5329,2009324
TX,Blanco,30.1771,-98.3921,11374
TX,Borden,32.7576,-101.4365,631
TX,Bosque,31.8621,-97.5709,18235
TX,Bowie,33.4366,-94.2008,92893
TX,Brazoria,29.3553,-95.3850,372031
TX,Brazos,30.6242,-96.3288,233849
TX,Brewster,30.2224,-103.6201,9546
TX,Briscoe,34.4435,-101.2343,1435
TX,Brooks,27.2087,-98.1448,7076
TX,Brown,31.7316,-98.9893,38095
TX,Burleson,30.4756,-96.6446,17642
TX,Burnet,30.6722,-98.2417,49130
TX,Caldwell,29.8653,-97.6746,45883
TX,Calhoun,28.5892,-96.6259,20106
TX,Callahan,32.3518,-99.4529,13708
TX,Cameron,26.0474,-97.5612,421017
TX,Camp,32.9902,-94.9850,12464
TX,Carson,35.3821,-101.3283,5807
TX,Cass,33.0806,-94.2973,28454
TX,Castro,34.5251,-102.2722,7371
TX,Chambers,29.8054,-94.7690,46571
TX,Cherokee,31.9135,-95.2162,50412
TX,Childress,34.4281,-100.2240,6664
TX,Clay,33.8254,-98.2448,10218
TX,Cochran,33.6894,-102.7410,2547
TX,Coke,31.9041,-100.4166,3285
TX,Coleman,31.8081,-99.4250,7684
TX,Collin,33.1129,-96.6906,1064465
TX,Collingsworth,34.8618,-100.2217,2652
TX,Colorado,29.6648,-96.5389,20557
TX,Comal,29.7645,-98.2217,161501
TX,Comanche,31.9722,-98.5590,13594
TX,Concho,31.2912,-99.8571,3303
TX,Cooke,33.6074,-97.1338,41668
TX,Coryell,31.2364,-97.8325,83093
TX,Cottle,34.0278,-100.3043,1380
TX,Crane,31.4023,-102.3527,4675
TX,Crockett,30.7047,-101.2166,3098
TX,Crosby,33.6604,-101.3576,5133
TX,Culberson,31.0642,-104.8195,2188
TX,Dallam,36.1050,-102.5687,7115
TX,Dallas,32.8098,-96.7876,2613539
TX,Dawson,32.7347,-101.9493,12456
TX,DeWitt,29.0996,-97.3115,19824
TX,Deaf Smith,34.8356,-102.4028,18583
TX,Delta,33.3748,-95.7046,5230
TX,Denton,33.1164,-97.0147,906422
TX,Dickens,33.5467,-100.8559,1770
TX,Dimmit,28.5207,-99.8270,8615
TX,Donley,34.9439,-100.8623,3258
TX,Duval,27.7425,-98.3910,9831
TX,Eastland,32.3573,-98.8454,17725
TX,Ector,31.8667,-102.3896,165171
TX,Edwards,29.9859,-100.2028,1422
TX,El Paso,31.7830,-106.3655,865657
TX,Ellis,32.4290,-96.8280,192455
TX,Erath,32.2121,-98.2252,42545
TX,Falls,31.2609,-96.9511,16968
TX,Fannin,33.5569,-96.1813,35662
TX,Fayette,29.8561,-96.9012,24435
TX,Fisher,32.7709,-100.4140,3672
TX,Floyd,34.0398,-101.3744,5402
TX,Foard,33.9916,-99.7052,1095
TX,Fort Bend,29.6202,-95.6813,822779
TX,Franklin,33.1221,-95.2239,10359
TX,Freestone,31.7001,-96.2093,19435
TX,Frio,28.8395,-99.1085,18385
TX,Gaines,32.7520,-102.6580,21598
TX,Galveston,29.4281,-95.0193,350682
TX,Garza,33.1975,-101.3806,5816
TX,Gillespie,30.2736,-98.9081,26725
TX,Glasscock,31.8426,-101.5253,1116
TX,Goliad,28.7106,-97.3623,7012
TX,Gonzales,29.4772,-97.5043,19653
TX,Gray,35.5304,-100.9399,21227
TX,Grayson,33.6449,-96.6266,135543
TX,Gregg,32.4999,-94.7908,124239
TX,Grimes,30.4393,-96.0073,29268
TX,Guadalupe,29.6020,-98.1074,172706
TX,Hale,34.1435,-101.7424,32522
TX,Hall,34.6647,-100.5926,2825
TX,Hamilton,31.7630,-98.0957,8222
TX,Hansford,36.2137,-101.2712,5285
TX,Hardeman,34.2852,-99.7014,3549
TX,Hardin,30.2994,-94.2572,56231
TX,Harris,29.8169,-95.4257,4731145
TX,Harrison,32.5343,-94.4273,68839
TX,Hartley,35.9946,-102.5023,5382
TX,Haskell,33.1775,-99.7647,5416
TX,Hays,30.0094,-97.9254,241067
TX,Hemphill,35.8930,-100.3608,3382
TX,Henderson,32.2413,-95.8894,82150
TX,Hidalgo,26.2359,-98.1845,870781
TX,Hill,31.9982,-97.1771,35874
TX,Hockley,33.5835,-102.3333,21537
TX,Hood,32.4343,-97.7623,61598
TX,Hopkins,33.1245,-95.5893,36787
TX,Houston,31.2979,-95.4664,22066
TX,Howard,32.2414,-101.4631,34860
TX,Hudspeth,31.3683,-105.5460,3202
TX,Hunt,33.0821,-96.1045,99956
TX,Hutchinson,35.6792,-101.4471,20617
TX,Irion,31.2704,-100.8347,1513
TX,Jack,33.2002,-98.1688,8472
TX,Jackson,28.9592,-96.5944,14988
TX,Jasper,30.7316,-93.9933,32980
TX,Jeff Davis,30.6089,-103.9969,1996
TX,Jefferson,30.0115,-94.0676,256526
TX,Jim Hogg,27.3031,-98.6852,4838
TX,Jim Wells,27.7556,-98.0628,38891
TX,Johnson,32.4413,-97.3228,179927
TX,Jones,32.7066,-99.8051,19663
TX,Karnes,28.8581,-97.8703,14710
TX,Kaufman,32.6712,-96.3581,145310
TX,Kendall,29.8314,-98.7176,44279
TX,Kenedy,27.1041,-97.7889,350
TX,Kent,33.2505,-100.6251,753
TX,Kerr,30.0403,-99.1594,52598
TX,Kimble,30.4863,-99.7277,4286
TX,King,33.6444,-100.2957,265
TX,Kinney,29.3034,-100.4182,3129
TX,Kleberg,27.4914,-97.8570,31040
TX,Knox,33.4598,-99.7040,3353
TX,La Salle,28.3534,-99.2464,6664
TX,Lamar,33.6755,-95.5340,50088
TX,Lamb,34.0283,-102.3247,13045
TX,Lampasas,31.0952,-98.1132,21627
TX,Lavaca,29.4071,-97.0438,20337
TX,Lee,30.2748,-96.9714,17478
TX,Leon,31.2913,-96.0483,15719
TX,Liberty,30.1592,-94.9255,91628
TX,Limestone,31.5904,-96.5191,22146
TX,Lipscomb,36.3866,-100.3631,3059
TX,Live Oak,28.3366,-98.1081,11335
TX,Llano,30.6802,-98.5087,21243
TX,Loving,31.7779,-103.6090,64
TX,Lubbock,33.5526,-101.8943,310639
TX,Lynn,33.1991,-101.8172,5596
TX,Madison,30.9558,-95.8997,13455
TX,Marion,32.7895,-94.4232,9725
TX,Martin,32.1736,-101.8275,5237
TX,Mason,30.7544,-99.2202,3953
TX,Matagorda,28.9181,-95.9989,36255
TX,Maverick,28.7064,-100.4782,57887
TX,McCulloch,31.1480,-99.3388,7630
TX,McLennan,31.5400,-97.1748,260579
TX,McMullen,28.4387,-98.5230,600
TX,Medina,29.3139,-98.9534,50748
TX,Menard,30.9011,-99.7767,1962
TX,Midland,32.0032,-102.1065,169983
TX,Milam,30.7443,-97.0086,24754
TX,Mills,31.4840,-98.5784,4456
TX,Mitchell,32.3923,-100.8640,8990
TX,Montague,33.6328,-97.7607,19965
TX,Montgomery,30.2288,-95.4621,620443
TX,Moore,35.9029,-101.9565,21358
TX,Morris,33.0732,-94.7229,11973
TX,Motley,34.0136,-100.8429,1063
TX,Nacogdoches,31.6257,-94.6446,64653
TX,Navarro,32.0813,-96.4860,52624
TX,Newton,30.6858,-93.7548,12217
TX,Nolan,32.4511,-100.4117,14738
TX,Nueces,27.7286,-97.4283,353178
TX,Ochiltree,36.3811,-100.8101,10015
TX,Oldham,35.2919,-102.4076,1758
TX,Orange,30.1202,-93.8658,84808
TX,Palo Pinto,32.7793,-98.1640,28409
TX,Panola,32.1634,-94.3351,22491
TX,Parker,32.7894,-97.7274,148222
TX,Parmer,34.5407,-102.8157,9869
TX,Pecos,30.8971,-102.7993,15193
TX,Polk,30.7365,-94.9368,50123
TX,Potter,35.2215,-101.8398,118525
TX,Presidio,29.8385,-104.2494,6131
TX,Rains,32.8857,-95.7951,12164
TX,Randall,35.1198,-101.8914,140753
TX,Reagan,31.2143,-101.4663,3385
TX,Real,29.7237,-99.8237,2758
TX,Red River,33.5919,-95.0783,11587
TX,Reeves,31.3871,-103.5263,14748
TX,Refugio,28.2905,-97.2476,6741
TX,Roberts,35.7163,-100.6955,827
TX,Robertson,30.9660,-96.5432,16757
TX,Rockwall,32.9169,-96.4280,107819
TX,Runnels,31.7992,-99.9936,9900
TX,Rusk,32.1944,-94.7985,52214
TX,Sabine,31.3390,-93.8494,9894
TX,San Augustine,31.4411,-94.1528,7918
TX,San Jacinto,30.5491,-95.1347,27402
TX,San Patricio,27.9427,-97.3910,68755
TX,San Saba,31.1882,-98.7604,5730
TX,Schleicher,30.8697,-100.5928,2451
TX,Scurry,32.7041,-100.9091,16932
TX,Shackelford,32.6910,-99.3062,3105
TX,Shelby,31.8235,-94.1815,24022
TX,Sherman,36.3327,-102.0083,2782
TX,Smith,32.3261,-95.3010,233479
TX,Somervell,32.2350,-97.7522,9205
TX,Starr,26.3878,-98.8434,65920
TX,Stephens,32.7562,-98.9022,9101
TX,Sterling,31.8348,-100.9933,1372
TX,Stonewall,33.1445,-100.2325,1245
TX,Sutton,30.5633,-100.6277,3372
TX,Swisher,34.5322,-101.7716,6971
TX,Tarrant,32.7645,-97.2477,2110640
TX,Taylor,32.4178,-99.7671,143208
TX,Terrell,30.1601,-102.3522,760
TX,Terry,33.1827,-102.2718,11831
TX,Throckmorton,33.1414,-99.1396,1440
TX,Titus,33.1759,-94.9665,31247
TX,Tom Green,31.4510,-100.4612,120003
TX,Travis,30.3143,-97.7482,1290188
TX,Trinity,30.9989,-95.2447,13602
TX,Tyler,30.7387,-94.3677,19798
TX,Upshur,32.6979,-94.9223,40892
TX,Upton,31.1810,-102.1250,3308
TX,Uvalde,29.2433,-99.7578,24564
TX,Val Verde,29.3809,-100.8981,47586
TX,Van Zandt,32.5775,-95.8376,59541
TX,Victoria,28.8250,-96.9916,91319
TX,Walker,30.7258,-95.5387,76400
TX,Waller,29.9968,-95.9536,56794
TX,Ward,31.5693,-102.9126,11644
TX,Washington,30.1815,-96.3978,35805
TX,Webb,27.5230,-99.4755,267114
TX,Wharton,29.2767,-96.1754,41570
TX,Wheeler,35.3525,-100.2635,4990
TX,Wichita,33.9209,-98.5525,129350
TX,Wilbarger,34.1449,-99.2970,12887
TX,Willacy,26.4524,-97.7774,20164
TX,Williamson,30.5610,-97.7170,609017
TX,Wilson,29.2314,-98.1430,49753
TX,Winkler,31.8423,-103.0992,7791
TX,Wise,33.1618,-97.6299,68632
TX,Wood,32.7760,-95.4001,44843
TX,Yoakum,33.0226,-102.8331,7694
TX,Young,33.1643,-98.6242,17867
TX,Zapata,26.9034,-99.2660,13889
TX,Zavala,28.7494,-99.8102,9670
UT,Beaver,38.2981,-112.7625,7072
UT,Box Elder,41.5926,-112.0984,57666
UT,Cache,41.7454,-111.8397,133154
UT,Carbon,39.6024,-110.7776,20412
UT,Daggett,40.9671,-109.6471,935
UT,Davis,41.0199,-111.9609,362679
UT,Duchesne,40.2895,-110.1624,19596
UT,Emery,39.2176,-110.9299,9825
UT,Garfield,37.7654,-112.1005,5083
UT,Grand,38.5691,-109.5287,9669
UT,Iron,37.7089,-113.0762,57289
UT,Juab,39.7484,-111.8786,11786
UT,Kane,37.1122,-112.4530,7667
UT,Millard,39.2093,-112.4856,12975
UT,Morgan,41.0837,-111.7250,12295
UT,Piute,38.2772,-112.2144,1438
UT,Rich,41.7765,-111.2858,2510
UT,Salt Lake,40.6385,-111.9277,1185238
UT,San Juan,37.5205,-109.5455,14518
UT,Sanpete,39.3845,-111.6052,28437
UT,Sevier,38.7718,-112.0447,21522
UT,Summit,40.7268,-111.4710,42357
UT,Tooele,40.5682,-112.3630,72698
UT,Uintah,40.4264,-109.5903,35620
UT,Utah,40.2783,-111.7499,659399
UT,Wasatch,40.5114,-111.4122,34788
UT,Washington,37.1302,-113.5240,180279
UT,Wayne,38.3617,-111.4739,2486
UT,Weber,41.2276,-111.9927,262223
VA,Accomack,37.7891,-75.6294,33413
VA,Albemarle,38.0524,-78.5192,112395
VA,Alexandria,38.8198,-77.0910,159467
VA,Alleghany,37.8025,-79.9299,15223
VA,Amelia,37.3415,-77.9740,13265
VA,Amherst,37.5189,-79.1035,31307
VA,Appomattox,37.3602,-78.8370,16119
VA,Arlington,38.8747,-77.0999,238643
VA,Augusta,38.1271,-79.0310,77487
VA,Bath,38.0189,-79.7589,4209
VA,Bedford,37.3202,-79.4854,79462
VA,Bland,37.1501,-81.0873,6270
VA,Botetourt,37.4464,-79.8531,33596
VA,Bristol,36.6105,-82.1692,17219
VA,Brunswick,36.7583,-77.8633,15849
VA,Buchanan,37.2641,-82.0591,20355
VA,Buckingham,37.5802,-78.4851,16824
VA,Buena Vista,37.7340,-79.3527,6641
VA,Campbell,37.2615,-79.1690,55696
VA,Caroline,38.0087,-77.4387,30887
VA,Carroll,36.7130,-80.7621,29155
VA,Charles City,37.3834,-77.1014,6773
VA,Charlotte,37.0221,-78.6303,11529
VA,Charlottesville,38.0332,-78.4904,46553
VA,Chesapeake,36.7557,-76.2827,249422
VA,Chesterfield,37.4183,-77.5562,364548
VA,Clarke,39.1294,-77.9874,14783
VA,Colonial Heights,37.2641,-77.4018,18170
VA,Covington,37.7812,-79.9894,5737
VA,Craig,37.4754,-80.1738,4892
VA,Culpeper,38.4982,-77.9991,52552
VA,Cumberland,37.4814,-78.2587,9675
VA,Danville,36.5915,-79.4092,42590
VA,Dickenson,37.1434,-82.3788,14124
VA,Dinwiddie,37.1357,-77.5605,27947
VA,Emporia,36.6922,-77.5413,5766
VA,Essex,37.9088,-76.9013,10599
VA,Fairfax,38.8447,-77.2591,1150309
VA,Fairfax,38.8518,-77.3024,24146
VA,Falls Church,38.8836,-77.1743,14658
VA,Fauquier,38.6955,-77.7741,72972
VA,Floyd,36.9432,-80.3424,15476
VA,Fluvanna,37.8886,-78.3018,27249
VA,Franklin,37.0209,-79.8576,54477
VA,Franklin,36.6790,-76.9370,8180
VA,Frederick,39.1663,-78.1884,91419
VA,Fredericksburg,38.2991,-77.4835,27982
VA,Galax,36.6662,-80.9189,6720
VA,Giles,37.3185,-80.7178,16787
VA,Gloucester,37.3763,-76.5295,38711
VA,Goochland,37.7000,-77.8376,24727
VA,Grayson,36.6456,-81.1146,15333
VA,Greene,38.2506,-78.4197,20552
VA,Greensville,36.7238,-77.5368,11391
VA,Halifax,36.7485,-78.9269,34022
VA,Hampton,37.0431,-76.3679,137148
VA,Hanover,37.6869,-77.4181,109979
VA,Harrisonburg,38.4408,-78.8683,51814
VA,Henrico,37.6046,-77.4986,334389
VA,Henry,36.6901,-79.9023,50948
VA,Highland,38.3866,-79.5705,2232
VA,Hopewell,37.2894,-77.3055,23033
VA,Isle of Wight,36.9246,-76.6447,38606
VA,James City,37.2979,-76.7599,78254
VA,King George,38.2902,-77.1636,26723
VA,King William,37.7057,-77.0626,17810
VA,King and Queen,37.6980,-76.8912,6608
VA,Lancaster,37.7040,-76.4359,10919
VA,Lee,36.7144,-83.1026,22173
VA,Lexington,37.7844,-79.4437,7320
VA,Loudoun,39.0343,-77.5175,420959
VA,Louisa,37.9823,-77.9714,37596
VA,Lunenburg,36.9700,-78.2166,11936
VA,Lynchburg,37.3928,-79.1906,79009
VA,Madison,38.3761,-78.2345,13837
VA,Manassas,38.7527,-77.4751,42772
VA,Manassas Park,38.7722,-77.4487,17219
VA,Martinsville,36.6828,-79.8638,13485
VA,Mathews,37.4452,-76.3423,8533
VA,Mecklenburg,36.6904,-78.3185,30319
VA,Middlesex,37.6013,-76.5039,10625
VA,Montgomery,37.1895,-80.4136,99721
VA,Nelson,37.8123,-78.8730,14775
VA,New Kent,37.4980,-77.0411,22945
VA,Newport News,37.0905,-76.4963,186247
VA,Norfolk,36.8962,-76.2606,238005
VA,Northampton,37.3884,-75.9192,12282
VA,Northumberland,37.8883,-76.4083,11839
VA,Norton,36.9380,-82.6233,3687
VA,Nottoway,37.1463,-78.0788,15642
VA,Orange,38.2719,-77.9547,36254
VA,Page,38.6045,-78.5006,23709
VA,Patrick,36.6544,-80.2845,17608
VA,Petersburg,37.2100,-77.3954,33458
VA,Pittsylvania,36.7698,-79.4112,60501
VA,Poquoson,37.1316,-76.3815,12460
VA,Portsmouth,36.8332,-76.3528,97915
VA,Powhatan,37.5429,-77.8758,30333
VA,Prince Edward,37.2578,-78.4222,21849
VA,Prince George,37.2191,-77.3001,43010
VA,Prince William,38.6919,-77.4116,482204
VA,Pulaski,37.0821,-80.7038,33800
VA,Radford,37.1283,-80.5596,16070
VA,Rappahannock,38.6957,-78.1238,7348
VA,Richmond,37.9474,-76.7165,8923
VA,Richmond,37.5355,-77.4665,226610
VA,Roanoke,37.2706,-79.9902,96929
VA,Roanoke,37.2785,-79.9602,100011
VA,Rockbridge,37.7877,-79.4272,22650
VA,Rockingham,38.4522,-78.8381,83757
VA,Russell,36.9353,-82.0868,25781
VA,Salem,37.2869,-80.0563,25346
VA,Scott,36.6831,-82.5966,21576
VA,Shenandoah,38.8707,-78.5267,44186
VA,Smyth,36.8282,-81.5745,29800
VA,Southampton,36.7173,-77.0674,17996
VA,Spotsylvania,38.2386,-77.5692,140032
VA,Stafford,38.4151,-77.4503,156927
VA,Staunton,38.1576,-79.0772,25750
VA,Suffolk,36.7819,-76.5511,94324
VA,Surry,37.1164,-76.8683,6561
VA,Sussex,36.9732,-77.2121,10829
VA,Tazewell,37.1467,-81.5645,40429
VA,Virginia Beach,36.8214,-76.1006,459470
VA,Warren,38.9277,-78.1783,40727
VA,Washington,36.7029,-81.9727,53935
VA,Waynesboro,38.0721,-78.8983,22196
VA,Westmoreland,38.1608,-76.8542,18477
VA,Williamsburg,37.2752,-76.7104,15425
VA,Winchester,39.1750,-78.1707,28120
VA,Wise,36.9512,-82.6130,36130
VA,Wythe,36.9196,-81.0685,28290
VA,York,37.1746,-76.4953,70045
VT,Addison,44.0605,-73.1654,37363
VT,Bennington,42.9803,-73.1486,37347
VT,Caledonia,44.4665,-72.0764,30233
VT,Chittenden,44.4803,-73.1498,168323
VT,Essex,44.6637,-71.7417,5920
VT,Franklin,44.8363,-72.9976,49946
VT,Grand Isle,44.7962,-73.2987,7293
VT,Lamoille,44.5837,-72.6556,25945
VT,Orange,43.9961,-72.3928,29277
VT,Orleans,44.8626,-72.2255,27393
VT,Rutland,43.6026,-73.0413,60572
VT,Washington,44.2433,-72.5872,59807
VT,Windham,42.9529,-72.6279,45905
VT,Windsor,43.5473,-72.4906,57753
WA,Adams,46.8649,-119.0315,20613
WA,Asotin,46.3884,-117.0679,22285
WA,Benton,46.2299,-119.2767,206873
WA,Chelan,47.5302,-120.3447,79074
WA,Clallam,48.0950,-123.4366,77155
WA,Clark,45.6806,-122.5624,503311
WA,Columbia,46.3231,-117.9762,3952
WA,Cowlitz,46.1355,-122.8948,110730
WA,Douglas,47.5043,-120.1789,42938
WA,Ferry,48.6176,-118.5208,7178
WA,Franklin,46.3035,-119.1253,96749
WA,Garfield,46.4721,-117.5779,2286
WA,Grant,47.1447,-119.4661,99123
WA,Grays Harbor,46.9913,-123.7675,75636
WA,Island,48.2063,-122.5770,86857
WA,Jefferson,48.0105,-122.8205,32977
WA,King,47.5505,-122.2304,2269675
WA,Kitsap,47.6122,-122.6329,275611
WA,Kittitas,47.0518,-120.6305,44337
WA,Klickitat,45.7984,-121.1461,22735
WA,Lewis,46.6189,-122.8392,82149
WA,Lincoln,47.6385,-118.3245,10876
WA,Mason,47.2886,-123.0344,65726
WA,Okanogan,48.4461,-119.5920,42104
WA,Pacific,46.5246,-123.9048,23365
WA,Pend Oreille,48.2815,-117.2242,13401
WA,Pierce,47.1777,-122.4075,921130
WA,San Juan,48.5752,-122.9792,17788
WA,Skagit,48.4668,-122.3353,129523
WA,Skamania,45.6886,-121.9342,12036
WA,Snohomish,47.9275,-122.1888,827957
WA,Spokane,47.6802,-117.3689,539339
WA,Stevens,48.2777,-117.8130,46445
WA,Thurston,47.0009,-122.8366,294793
WA,Wahkiakum,46.2365,-123.4262,4422
WA,Walla Walla,46.0779,-118.3912,62584
WA,Whatcom,48.8232,-122.4876,226847
WA,Whitman,46.7936,-117.2181,47973
WA,Yakima,46.5193,-120.4216,256728
WI,Adams,43.9462,-89.7831,20654
WI,Ashland,46.4759,-90.7854,16027
WI,Barron,45.4370,-91.8151,46711
WI,Bayfield,46.5941,-91.1044,16220
WI,Brown,44.4972,-88.0341,268740
WI,Buffalo,44.3802,-91.7414,13317
WI,Burnett,45.8369,-92.4038,16526
WI,Calumet,44.1526,-88.2629,52442
WI,Chippewa,44.9849,-91.3281,66297
WI,Clark,44.7881,-90.5510,34659
WI,Columbia,43.4602,-89.3662,58490
WI,Crawford,43.1654,-91.0051,16113
WI,Dane,43.0756,-89.3955,561504
WI,Dodge,43.4359,-88.7131,89396
WI,Door,44.9151,-87.3358,30066
WI,Douglas,46.6286,-92.0148,44295
WI,Dunn,44.9147,-91.8929,45440
WI,Eau Claire,44.7902,-91.4548,105710
WI,Florence,45.8537,-88.2443,4558
WI,Fond du Lac,43.7655,-88.4870,104154
WI,Forest,45.5634,-88.8121,9179
WI,Grant,42.8272,-90.6126,51938
WI,Green,42.6738,-89.5751,37093
WI,Green Lake,43.8451,-89.0147,19018
WI,Iowa,42.9820,-90.1222,23709
WI,Iron,46.3432,-90.1900,6137
WI,Jackson,44.3207,-90.9030,21145
WI,Jefferson,43.0403,-88.7856,84900
WI,Juneau,43.8431,-90.0976,26718
WI,Kenosha,42.5724,-87.9240,169151
WI,Kewaunee,44.5278,-87.5917,20563
WI,La Crosse,43.8610,-91.2089,120784
WI,Lafayette,42.6633,-90.1406,16611
WI,Langlade,45.1851,-89.1050,19491
WI,Lincoln,45.2885,-89.6865,28415
WI,Manitowoc,44.1036,-87.7243,81359
WI,Marathon,44.9075,-89.7078,138013
WI,Marinette,45.2191,-87.8480,41872
WI,Marquette,43.8109,-89.4079,15592
WI,Menominee,44.9126,-88.6357,4255
WI,Milwaukee,43.0314,-87.9595,939489
WI,Monroe,43.9426,-90.6442,46274
WI,Oconto,44.8954,-88.1463,38965
WI,Oneida,45.7110,-89.4939,37845
WI,Outagamie,44.3087,-88.4014,190705
WI,Ozaukee,43.3188,-87.9501,91503
WI,Pepin,44.5918,-91.9874,7318
WI,Pierce,44.7734,-92.5477,42212
WI,Polk,45.4049,-92.4814,44977
WI,Portage,44.4980,-89.5261,70377
WI,Price,45.7244,-90.3980,14054
WI,Racine,42.7350,-87.9280,197727
WI,Richland,43.3503,-90.3904,17304
WI,Rock,42.6548,-89.0379,163687
WI,Rusk,45.4450,-91.1306,14188
WI,Sauk,43.4493,-89.8680,65763
WI,Sawyer,45.9381,-91.3452,18074
WI,Shawano,44.7869,-88.6810,40881
WI,Sheboygan,43.7336,-87.8191,118034
WI,St. Croix,45.0180,-92.5806,93536
WI,Taylor,45.1723,-90.4086,19913
WI,Trempealeau,44.2874,-91.3635,30760
WI,Vernon,43.6053,-90.8357,30714
WI,Vilas,45.9882,-89.4970,23047
WI,Walworth,42.6629,-88.5403,106478
WI,Washburn,45.8482,-91.8354,16623
WI,Washington,43.3456,-88.2164,136761
WI,Waukesha,43.0360,-88.2362,406978
WI,Waupaca,44.4327,-88.9370,51812
WI,Waushara,44.1015,-89.2258,24520
WI,Winnebago,44.1015,-88.5409,171730
WI,Wood,44.4785,-89.9625,74207
WV,Barbour,39.1101,-80.0044,15465
WV,Berkeley,39.4588,-77.9812,122076
WV,Boone,38.0564,-81.7575,21809
WV,Braxton,38.6919,-80.7236,12447
WV,Brooke,40.3095,-80.5859,22559
WV,Cabell,38.4136,-82.3352,94350
WV,Calhoun,38.8526,-81.1044,6229
WV,Clay,38.4719,-81.0993,8051
WV,Doddridge,39.2853,-80.7213,7808
WV,Fayette,38.0325,-81.1290,40488
WV,Gilmer,38.9231,-80.8265,7408
WV,Grant,39.0587,-79.1610,10976
WV,Greenbrier,37.8545,-80.4909,32977
WV,Hampshire,39.3294,-78.6105,23093
WV,Hancock,40.4772,-80.5689,29095
WV,Hardy,39.0392,-78.8814,14299
WV,Harrison,39.2879,-80.3388,65921
WV,Jackson,38.8398,-81.7131,27791
WV,Jefferson,39.3138,-77.8476,57701
WV,Kanawha,38.3633,-81.6582,180745
WV,Lewis,39.0342,-80.4678,17033
WV,Lincoln,38.2018,-82.0664,20463
WV,Logan,37.8562,-81.9725,32567
WV,Marion,39.4843,-80.1788,56205
WV,Marshall,39.9283,-80.7048,30591
WV,Mason,38.8275,-82.0583,25453
WV,McDowell,37.3964,-81.6563,19111
WV,Mercer,37.3526,-81.1382,59664
WV,Mineral,39.4648,-78.9097,26938
WV,Mingo,37.7040,-82.1533,23568
WV,Monongalia,39.6365,-79.9568,105822
WV,Monroe,37.5248,-80.6420,12376
WV,Morgan,39.5810,-78.2230,17063
WV,Nicholas,38.2784,-80.7723,24604
WV,Ohio,40.0785,-80.6723,42425
WV,Pendleton,38.6723,-79.3380,6143
WV,Pleasants,39.3834,-81.1928,7653
WV,Pocahontas,38.2870,-80.0214,7869
WV,Preston,39.5055,-79.6698,34216
WV,Putnam,38.4744,-81.9294,57440
WV,Raleigh,37.7705,-81.2000,74591
WV,Randolph,38.8709,-79.8725,27932
WV,Ritchie,39.2177,-81.0415,8444
WV,Roane,38.7285,-81.3457,14028
WV,Summers,37.6652,-80.8494,11959
WV,Taylor,39.3386,-80.0669,16705
WV,Tucker,39.1107,-79.6021,6762
WV,Tyler,39.5146,-80.9305,8313
WV,Upshur,38.9541,-80.2285,23816
WV,Wayne,38.2673,-82.4942,38982
WV,Webster,38.4698,-80.4762,8378
WV,Wetzel,39.6300,-80.7688,14442
WV,Wirt,39.0542,-81.3945,5194
WV,Wood,39.2670,-81.5306,84296
WV,Wyoming,37.6286,-81.5673,21382
WY,Albany,41.3134,-105.5961,37066
WY,Big Horn,44.6353,-108.2510,11521
WY,Campbell,44.2570,-105.4955,47026
WY,Carbon,41.6599,-107.0781,14537
WY,Converse,42.7885,-105.5207,13751
WY,Crook,44.4349,-104.6197,7181
WY,Fremont,43.0107,-108.6095,39234
WY,Goshen,42.0501,-104.2202,12498
WY,Hot Springs,43.6615,-108.2326,4621
WY,Johnson,44.2883,-106.6957,8447
WY,Laramie,41.1539,-104.7713,100512
WY,Lincoln,42.6483,-110.8729,19581
WY,Natrona,42.8422,-106.3353,79955
WY,Niobrara,42.8109,-104.4510,2467
WY,Park,44.6140,-108.9725,29624
WY,Platte,42.1065,-104.9298,8605
WY,Sheridan,44.7810,-106.9778,30921
WY,Sublette,42.8073,-109.9435,8728
WY,Sweetwater,41.5806,-109.3025,42272
WY,Teton,43.4917,-110.7858,23331
WY,Uinta,41.2715,-110.7604,20450
WY,Washakie,44.0122,-107.9051,7685
WY,Weston,43.9084,-104.3044,6838
