domain,type,org,city,state
adak-ak.gov,City,City of Adak,Adak,AK
aleknagikak.gov,City,City of Aleknagik,Aleknagik,AK
anchorageak.gov,City,Municipality of Anchorage,Anchorage,AK
cordovapdak.gov,City,City of Cordova,Cordova,AK
fairbanks.gov,City,City of Fairbanks,Fairbanks,AK
fnsb.gov,County,Fairbanks North Star Borough,Fairbanks,AK
gustavus-ak.gov,City,City of Gustavus,Gustavus,AK
hainesalaska.gov,County,Haines Borough,Haines,AK
cityofhomer-ak.gov,City,City of Homer,Homer,AK
houston-ak.gov,City,"City of Houston, Alaska",Houston,AK
juneau.gov,City,City and Borough of Juneau,Juneau,AK
cityofkasaanak.gov,City,City of Kasaan,Kasaan,AK
kenai.gov,City,City of Kenai,Kenai,AK
ketchikan.gov,City,City of Ketchikan,Ketchikan,AK
kingcovedps.gov,City,King Cove Department of Public Safety,King Cove,AK
baysidefireak.gov,County,Kodiak Island Borough,Kodiak,AK
kodiak.gov,County,Kodiak Island Borough,Kodiak,AK
womensbayfireak.gov,County,Womens Bay Fire Department,Kodiak,AK
cityofkotzebue.gov,City,City of Kotzebue,Kotzebue,AK
portofnenana.gov,City,City of Nenana,Nenana,AK
northpoleak.gov,City,City of North Pole,North Pole,AK
northpolefireak.gov,City,North Pole Fire Department,North Pole,AK
northpolepoliceak.gov,City,North Pole Police Department,North Pole,AK
matsu.gov,County,Matanuska-Susitna Borough,Palmer,AK
petersburgak.gov,City,"Petersburg Borough, Alaska",Petersburg,AK
sewardak.gov,City,City of Seward,Seward,AK
sitkapd.gov,City,Sitka Police Department,Sitka,AK
skagway.gov,County,Municipality of Skagway,Skagway,AK
thornebay-ak.gov,City,City Of Thorne Bay,Thorne Bay,AK
unk.gov,City,City of Unalakleet,Unalakleet,AK
unalaska.gov,City,City of Unalaska,Unalaska,AK
valdezak.gov,City,City of Valdez,Valdez,AK
cityofwasilla.gov,City,City of Wasilla,WASILLA,AK
whittieralaska.gov,City,City of Whittier,Whittier,AK
auburnal.gov,City,"City of Auburn, AL",,AL
henrycountyal.gov,County,Henry County Commission,Abbeville,AL
henrycountysheriff-al.gov,County,Henry County Sheriff's Office,Abbeville,AL
cityofadamsville.gov,City,City of Adamsville,Adamsville,AL
cityofalbertvilleal.gov,City,City of Albertville,Albertville,AL
alexandercityal.gov,City,City of Alexander City,Alexander City,AL
townofaltoona.gov,City,Town of Altoona,"Altoona, AL",AL
andalusiaal.gov,City,City of Andalusia,Andalusia,AL
covingtoncountyal.gov,County,Covington County Commission,Andalusia,AL
annistonal.gov,City,"City of Anniston, Alabama",Anniston,AL
calhounalsheriff.gov,County,Calhoun County Sheriff’s Office,Anniston,AL
calhouncountyal.gov,County,Calhoun County Commission,Anniston,AL
limestonecounty-al.gov,County,Limestone County Commission,Athens,AL
limestonecountyema-al.gov,County,Limestone County Emergency Management Agency,Athens,AL
atmore.gov,City,City of Atmore,Atmore,AL
cityofatmore.gov,City,City of Atmore,Atmore,AL
townofbaileytonal.gov,City,Town of Baileyton,Baileyton,AL
baldwincountyal.gov,County,Baldwin County Commission,Bay Minette,AL
bayminette.gov,City,City of Bay Minette,Bay Minette,AL
cityofbayminetteal.gov,City,City of Bay Minette,Bay Minette,AL
blbutilitiesal.gov,City,Utilities Board for the City of Bayou la Batre,Bayou la Batre,AL
cityoflipscomb.gov,City,City of Lipscomb,Bessemer,AL
mcadoryfire.gov,Special district,McAdory Area Fire District,Bessemer,AL
birminghamal.gov,City,City of Birmingham,Birmingham,AL
birminghamal911.gov,City,Birmingham Emergency Communication District,Birmingham,AL
caw-al.gov,Special district,Central Alabama Water,Birmingham,AL
escambiacountyal.gov,County,Escambia County Commission of Alabama,Brewton,AL
cityofbrookwoodal.gov,City,City of Brookwood,Brookwood,AL
brundidgeal.gov,City,City of Brundidge,Brundidge,AL
wilcoxcountyal.gov,County,WILCOX COUNTY COMMISSION,CAMDEN,AL
centreal.gov,City,City of Centre,Centre,AL
cherokeecounty-al.gov,County,Cherokee County Commission,Centre,AL
chiltoncountyso.gov,County,Chilton County Sheriff's Office,Clanton,AL
clantonal.gov,City,City of Clanton,Clanton,AL
barbourcountyal.gov,County,Barbour County Commission,Clayton,AL
clevelandal.gov,City,Town of Cleveland,Cleveland,AL
coosada911al.gov,Special district,Coosada 911 Communications District,Coosada,AL
coosadaal.gov,City,Town of Coosada,Coosada,AL
cowarts.gov,City,City of Cowarts,Cowarts,AL
berlinal.gov,City,Town of Berlin,Cullman,AL
cullmanal.gov,City,City of Cullman,CULLMAN,AL
dauphinisland.gov,City,Town of Dauphin Island,Dauphin Island,AL
decatur-al.gov,City,City of Decatur,Decatur,AL
morgancounty-al.gov,County,Morgan County Commission,Decatur,AL
morgancountysheriffal.gov,County,Morgan County Sheriff's Office,Decatur,AL
pricevillepdal.gov,City,City of Priceville Police Department,Decatur,AL
demopolisal.gov,City,City of Demopolis,Demopolis,AL
houstoncosoal.gov,County,Houston County Sheriff's Office,Dothan,AL
houstoncountyal.gov,County,Houston County Commission,Dothan,AL
winstonal.gov,County,Winston County Commission,Double Springs,AL
eclectic-al.gov,City,Town of Eclectic,ECLECTIC,AL
elbaal.gov,City,"City of Elba, Alabama",Elba,AL
elbertaal.gov,City,Town of Elberta,Elberta,AL
elkmontal.gov,City,Town of Elkmont,Elkmont,AL
enterpriseal.gov,City,City of Enterprise,Enterprise,AL
eutawal.gov,City,City of Eutaw,Eutaw,AL
evergreenal.gov,City,City of Evergreen,Evergreen,AL
fairhope-al.gov,City,City of Fairhope,Fairhope,AL
fairhopeal.gov,City,City of Fairhope,Fairhope,AL
fairhopealpolice.gov,City,City of Fairhope Police Department,Fairhope,AL
fairhopeutilities-al.gov,City,City of Fairhope Public Utilities,Fairhope,AL
flomatonal.gov,City,Town of Flomaton,Flomaton,AL
lauderdalecountyal.gov,County,Lauderdale County Commission,Florence,AL
cityoffoley.gov,City,City of Foley,Foley,AL
foleyalpd.gov,City,City of Foley,Foley,AL
rivierautilitiesal.gov,Special district,Riviera Utilities,Foley,AL
fortdeposital.gov,City,Fort Deposit,Fort Deposit,AL
fultondaleal.gov,City,City of Fultondale,Fultondale,AL
gardencityal.gov,City,"Town of Garden City, Alabama",Garden City,AL
gardendale.gov,City,City of Gardendale,Gardendale,AL
genevaal.gov,City,City of Geneva,Geneva,AL
genevacountyal.gov,County,Geneva County Probate Judge,Geneva,AL
townofglenwoodal.gov,City,Town of Glenwood,Glenwood,AL
greensboroal.gov,City,City of Greensboro,Greensboro,AL
halecoso.gov,County,HALE COUNTY SHERIFFS OFFICE SUITE 18,GREENSBORO,AL
halecountyal.gov,County,Hale County Commission,Greensboro,AL
greenvilleal.gov,City,"City of Greenville, AL",Greenville,AL
clarkecountyal.gov,County,Clarke County Commission,Grove Hill,AL
gulfshoresal.gov,City,City of Gulf Shores,Gulf Shores,AL
guntersvilleal.gov,City,City of Guntersville,Guntersville,AL
marshallal.gov,County,Marshall County Commission,Guntersville,AL
marshallalso.gov,County,Marshall County Sherriff's Office,Guntersville,AL
haleburgal.gov,City,Town of Haleburg,Haleburg,AL
al25da.gov,County,25th Judicial Circuit of Alabama,Hamilton,AL
hancevillewateral.gov,Special district,Hanceville Water & Sewer Board,Hanceville,AL
harpersvilleal.gov,City,Town of Harpersville,Harpersville,AL
haydenal.gov,City,Town of Hayden,hayden,AL
lowndes-al.gov,County,Lowndes County Commission,Hayneville,AL
headlandpd.gov,City,Headland Police Department,Headland,AL
highlandlakeal.gov,City,Town of Highland Lake,Highland Lake,AL
hooveral.gov,City,City of Hoover,Hoover,AL
hooveralabama.gov,City,City of Hoover,Hoover,AL
hueytownal.gov,City,City Of Hueytown,Hueytown,AL
huntsvilleal.gov,City,City of Huntsville,Huntsville,AL
huntsvillealtransit.gov,City,City of Huntsville,Huntsville,AL
madco911al.gov,Special district,Huntsville-Madison County 911 Center,Huntsville,AL
madisoncountyal.gov,County,Madison County Commission,Huntsville,AL
madisoncountyalema.gov,County,Huntsville-Madison County Emergency Management Agency,Huntsville,AL
cityofirondaleal.gov,City,City Of Irondale,Irondale,AL
jacksonvilleal.gov,City,City of Jacksonville Alabama,Jacksonville,AL
kimberlyal.gov,City,"City of Kimberly, Alabama",Kimberly,AL
chamberscountyal.gov,County,Chambers County Commission,Lafayette,AL
leedsalabama.gov,City,City of Leeds,Leeds,AL
louisvillealabama.gov,City,Town of Louisville,Louisville,AL
cityofluverneal.gov,City,City of Luverne,Luverne,AL
crenshawal911.gov,County,Crenshaw County Emergency Communications District,Luverne,AL
crenshawcounty.gov,County,Crenshaw County Emergency Management,Luverne,AL
madisonal.gov,City,City of Madison,Madison,AL
magnoliaspringsal.gov,City,Town of Magnolia Springs,Magnolia Springs,AL
perrycountyal.gov,County,Perry County Commission,Marion,AL
maytownal.gov,City,Town of Maytown,Maytown,AL
lakeviewalabama.gov,City,Lake View Alabama,McCalla,AL
mentonealabama.gov,City,Town of Mentone,Mentone,AL
cityofmillbrook-al.gov,City,City of Millbrook Alabama,Millbrook,AL
cityofmobile.gov,City,City of Mobile,Mobile,AL
mobileccc.gov,Special district,Mobile Community Corrections Center,Mobile,AL
mobilecounty911.gov,County,Mobile County Communications District,Mobile,AL
mobilecountyal.gov,County,Mobile County Commission,Mobile,AL
mobilecountyema.gov,County,Mobile County Emergency Management Agency,Mobile,AL
mobilecountylc.gov,County,Mobile County License Commission,Mobile,AL
monroecountyal.gov,County,Monroe County Commission,Monroeville,AL
monroevilleal.gov,City,City of Monroeville,Monroeville,AL
alsar.gov,Special district,Alabama Search and Rescue,Montgomery,AL
montgomeryal.gov,City,City of Montgomery,Montgomery,AL
montgomerycountyal.gov,County,Montgomery County Commission,Montgomery,AL
montgomeryprobatecourtal.gov,County,Montgomery County Probate Court,Montgomery,AL
moodyalabama.gov,City,City of Moody,Moody,AL
lawrencecountyal.gov,County,Lawrence County Commission,Moulton,AL
moultoncityal.gov,City,City of Moulton,MOULTON,AL
nauvooal.gov,City,Town of Nauvoo,Nauvoo,AL
newhopeal.gov,City,CITY OF NEW HOPE,NEW HOPE,AL
northportal.gov,City,City of Northport,Northport,AL
cityofmargaretalabama.gov,City,City of Margaret,ODENVILLE,AL
margaretal.gov,City,City of Margaret,Odenville,AL
odenvilleal.gov,City,City of Odenville,Odenville,AL
blountcountyal.gov,County,Blount County Commission,Oneonta,AL
oneontaalpd.gov,City,Oneonta Police Department,Oneonta,AL
leecosheriffal.gov,County,Lee County Sheriff's Office,Opelika,AL
leecountyal.gov,County,Lee County Commission,Opelika,AL
leecountyalcoroner.gov,County,Office of Lee County Coroner,Opelika,AL
opelika-al.gov,City,City of Opelika,Opelika,AL
cityofoppal.gov,City,"The City of Opp, AL",Opp,AL
hornhillal.gov,City,TOWN OF HORN HILL,Opp,AL
orangebeachal.gov,City,City of Orange Beach,Orange Beach,AL
orangebeachlibrary.gov,City,Orange Beach Public Library,Orange Beach,AL
owenscrossroadsal.gov,City,City of Owens Cross Roads,Owens Cross Roads,AL
oxfordal.gov,City,"City of Oxford, AL",Oxford,AL
dalecountyal.gov,County,Dale County,Ozark,AL
daleso.gov,County,Dale County Sheriff’s Office,Ozark,AL
ozarkal.gov,City,City of Ozark,Ozark,AL
townofparrishal.gov,City,Town of Parrish,Parrish,AL
pelhamalabama.gov,City,City of Pelham,Pelham,AL
pelhamalrecreation.gov,City,Pelham Parks & Recreation,Pelham,AL
pelhamlibraryal.gov,City,Pelham Publc Library,Pelham,AL
pellcity.gov,City,City of Pell City,Pell City,AL
phenixcityal.gov,City,"City of Phenix City, AL",Phenix City,AL
russellcountyal.gov,County,Russell County Commission,Phenix City,AL
philcampbellal.gov,City,Town of Phil Campbell,Phil Campbell,AL
pinsonal.gov,City,"City of Pinson, Al.",Pinson,AL
pinelevelal.gov,City,"Town of Pine Level, Alabama",Prattville,AL
prattville-al.gov,City,City of Prattville,Prattville,AL
prattvilleal.gov,City,City of Prattville,Prattville,AL
dekalbcountyal911.gov,Special district,DeKalb County E-911,Rainsville,AL
redbay-al.gov,City,City of Red Bay,Red Bay,AL
coosacountyal.gov,County,Coosa County Commission,ROCKFORD,AL
rogersvillealabama.gov,City,Town of Rogersville,Rogersville,AL
franklincountyal.gov,County,Franklin County Commission,Russellville,AL
saraland.gov,City,City of Saraland,Saraland,AL
sardiscityal.gov,City,Sardis City Alabama,Sardis City,AL
jacksoncountyal.gov,County,Jackson County Commission,Scottsboro,AL
scottsboropdal.gov,City,City of Scottsboro,Scottsboro,AL
dallascowateral.gov,County,Dallas County Water & Sewer Authority,Selma,AL
selma-al.gov,City,City of Selma,Selma,AL
cityofsemmesal.gov,City,City of Semmes,Semmes,AL
sheffieldalabama.gov,City,"City of Sheffield, Alabama",Sheffield,AL
shorteral.gov,City,Town of Shorter,Shorter,AL
smithsstational-fpd.gov,Special district,Smiths Station Fire Protection District,Smiths Station,AL
smithsstational.gov,City,City of Smiths Station AL,Smiths Station,AL
spanishfortal.gov,City,City of Spanish Fort,Spanish Fort,AL
stevensonal.gov,City,City Of Stevenson,Stevenson,AL
thecityofsumiton.gov,City,City of Sumiton,Sumiton,AL
sweetwateral.gov,City,Town of Sweet Water Alabama,Sweet Water,AL
sylacaugaal.gov,City,City of Sylacauga,Sylacauga,AL
southtallpoosaairportal.gov,Special district,South Tallapoosa County Airport and Industrial Authority,Tallassee,AL
tallassee-al.gov,City,Tallassee,Tallassee,AL
tallasseeal.gov,City,City of Tallassee,Tallassee,AL
tarrant.gov,City,City of Tarrant,Tarrant,AL
traffordal.gov,City,Town of Trafford,Trafford,AL
townoftrianaal.gov,City,Town of Triana,Triana,AL
caddo-midwayfire.gov,Special district,Caddo-Midway Fire and Rescue District,Trinity,AL
trinityal.gov,City,Town of Trinity Alabama,Trinity,AL
pccdal.gov,Special district,Pike County Communications District,Troy,AL
troyal.gov,City,City of Troy,Troy,AL
trussville.gov,City,City of Trussville,Trussville,AL
trussvillegasandwater.gov,City,Trussville Gas and Water,Trussville,AL
tuscaloosa-al.gov,City,"City of Tuscaloosa, AL",Tuscaloosa,AL
franklinalabama.gov,City,Town of Franklin,Tuskegee,AL
tuskegeealabama.gov,City,City of Tuskegee,Tuskegee,AL
bullockcountyal.gov,County,Bullock County Commission,Union Springs,AL
unionspringsal.gov,City,City of Union Springs,Union Springs,AL
uniontownpdal.gov,City,Uniontown Police Department,UNIONTOWN,AL
lamarcountyal.gov,County,Lamar County Commission,Vernon,AL
warrioral.gov,City,City of Warrior,Warrior,AL
weaveral.gov,City,City of Weaver,Weaver,AL
randolphcountyal.gov,County,Randolph County Commission,Wedowee,AL
randolphcountyalabama.gov,County,Randolph County Commission,Wedowee,AL
townofwedowee.gov,City,Wedowee Police Department,Wedowee,AL
westoveral.gov,City,City of Westover Alabama,Westover,AL
wetumpkaal.gov,City,City of Wetumpka,Wetumpka,AL
whitehallal.gov,City,Town of White Hall,White Hall,AL
almaarkansas.gov,City,City of Alma,Alma,AR
almaarkansaspd.gov,City,Alma Police Department,Alma,AR
townofalpena.gov,City,Town of Alpena,Alpena,AR
arkadelphia.gov,City,City of Arkadelphia,Arkadelphia,AR
clarkcountyar.gov,County,Clark County Arkansas,Arkadelphia,AR
ashflatar.gov,City,City of Ash Flat,Ash Flat,AR
ashdownarkansas.gov,City,City of Ashdown,Ashdown,AR
ashdownpd.gov,City,Ashdown Police Department,Ashdown,AR
littlerivercircuitclerkar.gov,County,Little River Circuit Clerk,Ashdown,AR
atkinsar.gov,City,Atkins City Hall,Atkins,AR
cityofaugustaar.gov,City,City of Augusta,Augusta,AR
woodruffcircuitclerkar.gov,County,Woodruff County Circuit Clerk,Augusta,AR
woodruffcountyar.gov,County,Woodruff County Arkansas,Augusta,AR
avocaarkansas.gov,City,Town of Avoca,Avoca,AR
baldknobar.gov,City,City of Bald Knob,Bald Knob,AR
barlingar.gov,City,City of Barling,Barling,AR
arcircuitcourts16th.gov,Special district,Arkansas Sixteenth Judicial Circuit,Batesville,AR
batesvillearkansas.gov,City,City of Batesville,Batesville,AR
batesvillepolicear.gov,City,City of Batesville,Batesville,AR
independencecircuitclerkar.gov,County,Independence County Circuit Clerk,Batesville,AR
townofmoorefieldar.gov,City,Town of Moorefield,Batesville,AR
cityofbayar.gov,City,City of Bay,Bay,AR
beebeark.gov,City,City of Beebe,Beebe,AR
bellavistaar.gov,City,City of Bella Vista,Bella Vista,AR
bentonar.gov,City,City of Benton,BENTON,AR
bentonpolicear.gov,City,City of Benton,Benton,AR
haskellar.gov,City,City of Haskell,Benton,AR
srpwa-ar.gov,Special district,Saline Regional Public Water Authority,Benton,AR
bencosoar.gov,County,Benton County Sheriff's Office,Bentonville,AR
bentoncountyar.gov,County,Benton County Government,Bentonville,AR
3statedistrictcourtar.gov,City,Third Judicial District - Berryville Division,Berryville,AR
berryvillear.gov,City,City of Berryville,Berryville,AR
carrollcountysheriffar.gov,County,Carroll County Sheriff's Office,Berryville,AR
cityofbigflatar.gov,City,City of Big Flat AR,Big Flat,AR
blackrockar.gov,City,"City of Black Rock, AR",Black Rock,AR
cityofblevinsar.gov,City,City of Blevins,Blevins,AR
cityofbluemtnar.gov,City,City of Blue Mountain,Blue Mountain,AR
blythevillepdar.gov,City,Blytheville Police Department,Blytheville,AR
cityofblytheville.gov,City,City of Blytheville,Blytheville,AR
mississippicircuitclerkar.gov,Special district,Mississippi County Circuit Clerk,Blytheville,AR
cityofbono.gov,City,City of Bono,Bono,AR
cityofbriarcliffar.gov,City,City of Briarcliff,Briarcliff,AR
brinkleyar.gov,City,City of Brinkley,Brinkley,AR
bryantar.gov,City,City of Bryant,Bryant,AR
cityofbullshoals.gov,City,City of Bull Shoals,Bull Shoals,AR
cabotar.gov,City,City of Cabot,Cabot,AR
lonokepsap.gov,County,Lonoke County PSAP,Cabot,AR
cityofcalicorock.gov,City,City of Calico Rock,Calico Rock,AR
cityofcalion.gov,City,City of Calion,Calion,AR
camdenairportar.gov,City,Camden Municipal Airport,Camden,AR
eastcamdenar.gov,City,City of East Camden,Camden,AR
ouachitacircuitclerkar.gov,Special district,Ouachita County Circuit Clerk,Camden,AR
carlislear.gov,City,CITY OF CARLISLE,CARLISLE,AR
cityofcasa.gov,City,City of Casa,Casa,AR
cavecityarkansas.gov,City,City of Cave City,Cave City,AR
cavespringsar.gov,City,City of Cave Springs,Cave Springs,AR
cedarvillear.gov,City,City of Cedarville,Cedarville,AR
centertonar.gov,City,City of Centerton,Centerton,AR
centertonfire.gov,City,Centerton Fire Department,Centerton,AR
centertonpd.gov,City,Centerton Police Department,Centerton,AR
centertonwater.gov,City,Centerton Utilities,Centerton,AR
centralcityar.gov,City,Central City,Central City,AR
charlestonar.gov,City,City of Charleston,Charleston,AR
cherokeevillage.gov,City,"Cherokee Village, Arkansas",Cherokee Village,AR
cherryvalleyar.gov,City,"City of Cherry Valley, AR",Cherry Valley,AR
chesterar.gov,City,Town of Chester,Chester,AR
monroecountyassessorar.gov,County,Monroe County Assessor,Clarendon,AR
clarksvillear.gov,City,City of Clarksville,Clarksville,AR
clintonar.gov,City,"City of Clinton, AR",Clinton,AR
vanburencountyar.gov,County,Van Buren County Arkansas,Clinton,AR
vbcardistrictcourt.gov,County,Van Buren County District Court,Clinton,AR
cityofconway-ar.gov,City,City of Conway- Information Technology,Conway,AR
conwayarkansas.gov,City,"City of Conway, Arkansas",Conway,AR
faulknerassessor.gov,County,Faulkner County Assessor,Conway,AR
faulknercountyar.gov,County,Faulkner County Arkansas,Conway,AR
corningar.gov,City,City of Corning Arkansas,Corning,AR
cityofcrossettar.gov,City,City of Crossett,Crossett,AR
townofdamascusar.gov,City,Town of Damascus,Damascus,AR
danvillear.gov,City,City of Danville,Danville,AR
yellcosheriffar.gov,County,Yell County Sherrif's Department,Danville,AR
yellcountyar.gov,County,Yell County,Danville,AR
dardanelle.gov,City,City of Dardanelle,Dardanelle,AR
seviercountyar.gov,County,Sevier County Arkansas,De Queen,AR
decaturar.gov,City,City of Decatur,Decatur,AR
seviercountyassessor-ar.gov,County,Sevier County Arkansas Assessor Office,DeQueen,AR
prairiecountyar.gov,County,"Prairie County, Arkansas",Des Arc,AR
arkansascountyar.gov,County,Arkansas County,DeWitt,AR
dewittar.gov,City,City of DeWitt,DeWitt,AR
diamondcityar.gov,City,City of Diamond City,Diamond City,AR
doverar.gov,City,City of Dover,Dover,AR
cityofdyerar.gov,City,City of Dyer,Dyer,AR
earlear.gov,City,"City of Earle, AR",Earle,AR
eldoradoar.gov,City,City Of El Dorado,El Dorado,AR
eldoradofirear.gov,City,El Dorado Fire Department,El Dorado,AR
unioncountyar.gov,County,County of Union,El Dorado,AR
elmspringsar.gov,City,"City of Elm Springs, Arkansas",Elm Springs,AR
cityofengland.gov,City,City of England,England,AR
etowahar.gov,City,"Town of Etowah, Arkansas",Etowah,AR
eurekaspringsar.gov,City,Eureka Springs,Eureka Springs,AR
cityoffairfieldbay.gov,City,City of Fairfield Bay,Fairfield Bay,AR
cityoffarmington-ar.gov,City,city of farmington,Farmington,AR
fayetteville-ar.gov,City,City of Fayetteville,Fayetteville,AR
washcosoar.gov,County,Washington County Sheriff's Office,Fayetteville,AR
washingtoncountyar.gov,County,Washington County Arkansas,Fayetteville,AR
dallascosoar.gov,County,Dallas County Sheriff's Office,FORDYCE,AR
fordycewaterar.gov,City,City of Fordyce Water Fund,Fordyce,AR
foremanar.gov,City,City of Foreman,Foreman,AR
cityofforrestcityar.gov,City,City of Forrest City,Forrest City,AR
forrestcitylibrary.gov,City,Forrest City Public Library,Forrest City,AR
forrestcitywater.gov,City,Forrest City Water Utility,Forrest City,AR
stfranciscircuitclerkar.gov,County,St Francis County Circuit Clerk,Forrest City,AR
stfranciscountyar.gov,County,St Francis County Arkansas,Forrest City,AR
fortsmithar.gov,City,City of Fort Smith,Fort Smith,AR
fortsmithpd.gov,City,Fort Smith Police Department,Fort Smith,AR
rivervalleyar911.gov,Special district,River Valley Communication Center,Fort Smith,AR
sebastiancountyar.gov,County,Sebastian County,Fort Smith,AR
franklinar.gov,City,Town of Franklin,Franklin,AR
garfieldar.gov,City,City of Garfield,Garfield,AR
cityofgassville.gov,City,City of Gassville,Gassville,AR
gentryar.gov,City,City of Gentry,Gentry,AR
gentryarkansaspd.gov,City,City of Gentry Police Department,Gentry,AR
gentryarlib.gov,City,Gentry Public Library,Gentry,AR
gillettar.gov,City,"City of Gillett, Arkansas",Gillett,AR
goshenar.gov,City,City of Goshen,Goshen,AR
grannis.gov,City,Town of Grannis,Grannis,AR
gravettear.gov,City,City of Gravette,Gravette,AR
gravettelibrary.gov,City,Gravette Public Library,Gravette,AR
greenbrierar.gov,City,City of Greenbrier,Greenbrier,AR
greenlandar.gov,City,City of Greenland,Greenland,AR
greenwoodar.gov,City,City of Greenwood,Greenwood,AR
greersferry.gov,City,City of Greers Ferry,Greers Ferry,AR
cityofgurdon.gov,City,City of Gurdon,Gurdon,AR
gurdonpd.gov,City,City of Gurdon,Gurdon,AR
hamburgark.gov,City,City of Hamburg,Hamburg,AR
cityofhamptonar.gov,City,City of Hampton,Hampton,AR
poinsettar.gov,County,Poinsett County,Harrisburg,AR
poinsettcircuitclerkar.gov,Special district,Poinsett County Circuit Clerk,Harrisburg,AR
poinsettsheriffar.gov,County,Poinsett County Sheriff's Office,Harrisburg,AR
boonecounty-ar.gov,County,Boone County Circuit Clerk,Harrison,AR
boonecountyartreasurer.gov,County,Boone County Treasurer,Harrison,AR
boonecountyassessorar.gov,County,Boone County Assessor,Harrison,AR
boonecountycollectorar.gov,County,Boone County Collector,Harrison,AR
harrisonar.gov,City,"City of Harrison, Arkansas",Harrison,AR
havanaar.gov,City,City of Havana,Havana,AR
cityofhazenar.gov,City,City of Hazen,Hazen,AR
cleburnearso.gov,County,Cleburne County Sheriff's Office,Heber Springs,AR
cleburnecircuitclerkar.gov,Special district,Circuit Clerk Cleburne County,Heber Springs,AR
cleburnecoar.gov,County,Cleburne County,Heber Springs,AR
hebersprings.gov,City,City of Heber Springs,Heber Springs,AR
higginsonar.gov,City,City of Higginson,Higginson,AR
highfillarkansas.gov,City,City of Highfill,Highfill,AR
cityofhighlandar.gov,City,City of Highland,Highland,AR
holidayislandapcommission.gov,City,Holiday Island Advertising & Promotion Tax Commission,Holiday Island,AR
hopear.gov,City,City of Hope Arkansas,Hope,AR
cityofhoratioar.gov,City,City of Horatio Arkansas,Horatio,AR
cityofhorseshoebendar.gov,City,City of Horseshoe Bend,Horseshoe Bend,AR
cityofdiamondheadar.gov,City,City of Diamondhead,Hot Springs,AR
garlandcountyar.gov,County,Garland County,Hot Springs,AR
hotspringsar.gov,City,City of Hot Springs,Hot Springs,AR
townoffountainlake.gov,City,Town of Fountain Lake,Hot Springs,AR
hoxiear.gov,City,"City of Hoxie, AR",Hoxie,AR
huntsvillearkansas.gov,City,City of Huntsville,Huntsville,AR
madisoncountyar.gov,County,County of Madison,Huntsville,AR
huttigar.gov,City,City of Huttig,Huttig,AR
cityofimbodenar.gov,City,Town of Imboden,Imboden,AR
jacksonvillear.gov,City,City of Jacksonville Arkansas,Jacksonville,AR
craigheadcountyar.gov,County,Craighead County,Jonesboro,AR
cwljonesboroar.gov,Special district,City Water and Light Plant of the City of Jonesboro,Jonesboro,AR
jonesboroar.gov,City,City of Jonesboro,jonesboro,AR
cityofkeiserar.gov,City,City of Keiser,Keiser,AR
kensettar.gov,City,City of Kensett,Kensett,AR
chicotcircuitclerk.gov,County,Chicot County Circuit Clerk,Lake Village,AR
chicotcountyar.gov,County,Chicot County Arkansas,Lake Village,AR
cityoflakeviewar.gov,City,City of Lakeview,Lakeview,AR
cityoflavacaar.gov,City,City of Lavaca,Lavaca,AR
cityofleachvilleark.gov,City,City of Leachville,Leachville,AR
cityoflincolnar.gov,City,City of Lincoln,Lincoln,AR
littleflockar.gov,City,City of Little Flock,Little Flock,AR
artransparency.gov,Special district,Association of Arkansas Counties,Little Rock,AR
clintonairport.gov,Special district,Little Rock Municipal Airport Commission,Little Rock,AR
littlerock.gov,City,City,Little Rock,AR
littlerockar.gov,City,City,Little Rock,AR
pulaskisoar.gov,County,Pulaski County Sheriff's Office,Little Rock,AR
cityoflonokear.gov,City,City of Lonoke,Lonoke,AR
lonokear.gov,County,Lonoke County Judge,Lonoke,AR
lonokeso.gov,County,Lonoke County Sheriff's Office,Lonoke,AR
lowellar.gov,City,City of Lowell,Lowell,AR
lowellarkansas.gov,City,City of Lowell,Lowell,AR
misscoarsheriff.gov,County,Mississippi County Sheriff's Office,Luxora,AR
townoflynnar.gov,City,Town of Lynn,Lynn,AR
columbiacircuitclerkar.gov,County,Columbia County Circuit Clerk,Magnolia,AR
magnolia-ar.gov,City,City of Magnolia,Magnolia,AR
hotspringcircuitclerkar.gov,County,Hot Spring County Circuit Clerk,Malvern,AR
hotspringcountysoar.gov,County,Hot Spring County Sheriff's Office,Malvern,AR
malvernar.gov,City,City of Malvern,Malvern,AR
cityofmanilaar.gov,City,City Of Manila,Manila,AR
leecountyar.gov,County,Lee County,Marianna,AR
leecountyclerkar.gov,County,Lee County Clerk,Marianna,AR
leesheriffar.gov,County,Lee County Arkansas Sheriff,Marianna,AR
mariannaar.gov,City,City of Marianna,Marianna,AR
crittcircuitclerkar.gov,County,Crittenden County Circuit Clerk,Marion,AR
marmadukear.gov,City,City of Marmaduke,Marmaduke,AR
maumelle.gov,City,City of Maumelle,Maumelle,AR
maumellepolice.gov,City,Maumelle Police Department,Maumelle,AR
mayflowerar.gov,City,City of Mayflower,Mayflower,AR
mayflowerarfire.gov,City,City of Mayflower,Mayflower,AR
mayflowerarpd.gov,City,City of Mayflower,Mayflower,AR
mayflowerwaterworks.gov,City,Mayflower Waterworks,Mayflower,AR
townofmaynardar.gov,City,Town of Maynard,Maynard,AR
cityofmccrory.gov,City,CITY OF MCCRORY,McCrory,AR
cityofmelbournear.gov,City,City of Melbourne,Melbourne,AR
cityofmena.gov,City,City of Mena,Mena,AR
polkcircuitclerkar.gov,County,Polk County Circuit Clerk,Mena,AR
cityofmonette.gov,City,City of Monette,Monette,AR
drewcountyar.gov,County,Drew County,Monticello,AR
psapdrewco.gov,County,Drew County Officer of Emergency Management,Monticello,AR
cityofmontrosear.gov,City,City of Montrose,Montrose,AR
morrilton.gov,City,Morrilton City Hall,"Morrilton, Arkansas",AR
montgomerycountyar.gov,County,Montgomery County,Mount Ida,AR
montgomerysheriffar.gov,County,Montgomery County Sheriff,Mount Ida,AR
mountidaarkansas.gov,City,"City of Mount Ida, Arkansas",Mount Ida,AR
baxtercountyar.gov,County,Baxter County Government,Mountain Home,AR
baxtercountycollectorar.gov,County,Baxter County Collector,Mountain Home,AR
mountainhomear.gov,City,City of Mountain Home,Mountain Home,AR
mountainpinear.gov,City,City Of Mountain Pine,Mountain Pine,AR
cityofmtnviewarkansas.gov,City,City of Mountain View,Mountain View,AR
stonecountyar.gov,County,Stone County,Mountain View,AR
mountainburg.gov,City,City of Mountainburg,Mountainburg,AR
marshallark.gov,City,City of Marshall,Mrshall,AR
mulberryar.gov,City,City of Mulberry,Mulberry,AR
mulberryfirear.gov,City,City of Mulberry,Mulberry,AR
mulberrypolicear.gov,City,City of Mulberry,Mulberry,AR
murfreesboroar.gov,City,City of Murfreesboro AR,Murfreesboro,AR
howardcircuitclerkar.gov,County,Howard County Circuit Clerk,Nashville,AR
howardcountyhousingar.gov,Special district,Housing Authority of the County of Howard,Nashville,AR
nashar.gov,City,City of Nashville,Nashville,AR
nashvillearpd.gov,City,Nashville Police Department,Nashville,AR
jacksoncountyar.gov,County,Jackson County,Newport,AR
newportarkansas.gov,City,City of Newport,Newport,AR
cityofnorforkar.gov,City,City Of Norfork,Norfork,AR
lakevillagear.gov,City,Network Services Group Data & Voice,North Little Rock,AR
nlrwu.gov,Special district,North Little Rock Wastewater Utility,North Little Rock,AR
cityofomahaarkansas.gov,City,City of Omaha,Omaha,AR
omlpar.gov,City,Osceola Police Department,Osceola,AR
osceolaar.gov,City,City of Osceola,Osceola,AR
osceolafdar.gov,City,Osceola Fire Department,Osceola,AR
osceolapdar.gov,City,Osceola Police Department,Osceola,AR
franklincircuitclerkar.gov,Special district,Franklin County Circuit Clerk,Ozark,AR
franklincosoar.gov,County,Franklin County Sheriff's Office,Ozark,AR
ozarkar.gov,City,City of Ozark,Ozark,AR
greenecountycollectorar.gov,County,Greene County Arkansas Tax Collector,Paragould,AR
greenesoar.gov,County,Greene County Sheriff's Office,Paragould,AR
paragouldcityar.gov,City,City of Paragould,Paragould,AR
paragouldmuni.gov,City,Paragould Municipal Utilities,Paragould,AR
logancircuitclerkar.gov,County,Logan County Circuit Clerk,Paris,AR
logancountyclerkar.gov,County,Logan County Clerk,Paris,AR
parkinar.gov,City,City of Parkin,Parkin,AR
cityofpearidgear.gov,City,City of Pea Ridge,Pea Ridge,AR
perrycoar.gov,County,Perry County Arkansas,Perryville,AR
perrycountyar.gov,County,Perry County Courthouse,Perryville,AR
perrycountyclerkar.gov,County,Perry County Clerk,Perryville,AR
perryvillear.gov,City,City of Perryville,Perryville,AR
cityofpinebluff-ar.gov,City,City of Pine Bluff,Pine Bluff,AR
jcpa11war.gov,County,JEFFERSON COUNTY PROSECUTING ATTORNEY'S OFFICE,Pine Bluff,AR
jeffersoncoarclerk.gov,County,Jefferson County Clerk,Pine Bluff,AR
jeffersoncountyar.gov,County,Jefferson County,Pine Bluff,AR
jeffersoncountyarsheriff.gov,County,Jefferson County Sheriff's Office,Pine Bluff,AR
pinebluffarpd.gov,City,Pine Bluff Police Department,Pine Bluff,AR
plainviewar.gov,City,City of Plainview,Plainview,AR
cityofpleasantplains.gov,City,City of Pleasant Plains,Pleasant Plains,AR
plumerville.gov,City,Plumerville City Hall,"Plumerville, AR",AR
cityofpocahontasar.gov,City,City of Pocahontas,Pocahontas,AR
randolphar.gov,County,County of Randolph,Pocahontas,AR
randolphcountycollectorar.gov,County,Randolph County Collector,Pocahontas,AR
portlandar.gov,City,City of Portland,PORTLAND,AR
pottsvillear.gov,City,City of Pottsville,Pottsville,AR
poyenar.gov,City,TOWN OF POYEN,POYEN,AR
cityofprescottark.gov,City,City Of Prescott,Prescott,AR
nevadacoar.gov,County,Nevada County Arkansas,Prescott,AR
prescottwaterandlightark.gov,City,Prescott Water and Light Office,Prescott,AR
townofpyatt.gov,City,Town of Pyatt,Pyatt,AR
cityofquitmanar.gov,City,City of Quitman,Quitman,AR
rectorarkansas.gov,City,City of Rector,Rector,AR
redfieldar.gov,City,City of Redfield,Redfield,AR
clevelandcountyarsheriff.gov,County,Cleveland County Sheriffs Department,Rison,AR
permittingrogersar.gov,City,City of Rogers,Rogers,AR
rogersar.gov,City,City of Rogers,Rogers,AR
rogerswaterar.gov,City,Rogers Water Utilities,Rogers,AR
townofrosebud.gov,City,CITY OF ROSE BUD,ROSE BUD,AR
russell-ar.gov,City,Town of Russell,Russell,AR
popecountyar.gov,County,Pope County,Russellville,AR
russellvillear.gov,City,City of Russellville,Russellville,AR
fultoncountyar.gov,County,Fulton County Judge's Office,Salem,AR
scrantonar.gov,City,City of Scranton,SCRANTON,AR
cityofsearcy.gov,City,City of Searcy,Searcy,AR
whitecircuitclerkar.gov,County,White County Circuit Clerk,Searcy,AR
whitecountycollectorar.gov,County,White County Arkansas Tax Collector,Searcy,AR
cityofsheridanar.gov,City,City of Sheridan,Sheridan,AR
sheridanarpd.gov,City,City of Sheridan,Sheridan,AR
sherwoodar.gov,City,City of Sherwood,Sherwood,AR
siloamsprings.gov,City,City of Siloam Springs,SILOAM SPRINGS,AR
cityofsmackoverar.gov,City,City of Smackover,Smackover,AR
conwaycountyfire.gov,County,St Vincent fire station 4,sougahachi,AR
springdalear.gov,City,City of Springdale,Springdale,AR
springdalewaterar.gov,Special district,SPRINGDALE WATER UTILITIES,SPRINGDALE,AR
stampsar.gov,City,City of Stamps,Stamps,AR
sulphurspringsar.gov,City,City Of Sulphur Springs,Sulphur Springs,AR
millercircuitclerkar.gov,County,Miller County Circuit Clerk,Texarkana,AR
millercountyar.gov,County,Miller County,Texarkana,AR
texarkanaar.gov,City,City of Texarkana,Texarkana,AR
tontitownar.gov,City,The City of Tontitown,Tontitown,AR
cityoftrumannar.gov,City,City of Trumann,Trumann,AR
trumannfd.gov,City,Trumann Fire Department,Trumann,AR
trumannpd.gov,City,Trumann Police Department,Trumann,AR
cityoftyronzaar.gov,City,City of Tyronza AR,Tyronza,AR
21circuitcourtar.gov,County,Crawford County Circuit Clerk,Van Buren,AR
cityofvanburenar.gov,City,City of Van Buren,Van Buren,AR
crawfordcountyar.gov,County,Crawford County,Van Buren,AR
kiblerarkansas.gov,City,City of Kibler,Van Buren,AR
cityofvilonia.gov,City,City of Vilonia,Vilonia,AR
wardarkansas.gov,City,"City of Ward, AR",WARD,AR
westforkar.gov,City,City of West Fork,West Fork,AR
westmemphisar.gov,City,City of West Memphis,West Memephis,AR
wheatleyar.gov,City,"City of Wheatley, AR",Wheatley,AR
wickes.gov,City,Town of Wickes,Wickes,AR
wiederkehrvillagear.gov,City,City of Wiederkehr Village,Wiederkehr Village,AR
cityofwynne.gov,City,City of Wynne,Wynne,AR
crosscountyar.gov,County,Cross County Judge's Office,Wynne,AR
marioncountyar.gov,County,Marion County,Yellville,AR
marioncountysheriffar.gov,County,Marion County Sheriff's Department,Yellville,AR
yellvillear.gov,City,City of Yellville,Yellville,AR
apachejunctionaz.gov,City,City of Apache Junction,Apache Junction,AZ
acsd-az.gov,Special district,Arizona City Sanitary District,Arizona City,AZ
avondaleaz.gov,City,City of Avondale,Avondale,AZ
bensonaz.gov,City,City of Benson,Benson,AZ
mescalj6fd.gov,County,Mescal J6 Fire District,Benson,AZ
bisbeeaz.gov,City,City of Bisbee,Bisbee,AZ
cochise.gov,County,Cochise County,Bisbee,AZ
nacosanitary.gov,Special district,Naco Sanitary District,Bisbee,AZ
bowiefiredistrict.gov,Special district,Bowie Fire District,Bowie,AZ
buckeyeaz.gov,City,City of Buckeye,Buckeye,AZ
bullheadcityaz.gov,City,City of Bullhead City,Bullhead City,AZ
casagrandeaz.gov,City,City of Casa Grande,Casa Grande,AZ
cgaz.gov,City,City of Casa Grande,Casa Grande,AZ
cavecreekaz.gov,City,Town of Cave Creek,Cave Creek,AZ
chandleraz.gov,City,City of Chandler,Chandler,AZ
chandlerazpd.gov,City,City of Chandler Police Department,Chandler,AZ
chinovalleyaz.gov,City,Town of Chino Valley,Chino Valley,AZ
cliftonaz.gov,City,Town of Clifton,Clifton,AZ
cottonwoodaz.gov,City,City of Cottonwood,Cottonwood,AZ
douglasaz.gov,City,City of Douglas,Douglas,AZ
eagaraz.gov,City,Town of Eagar,Eagar,AZ
elmirageaz.gov,City,City of El Mirage,El Mirage,AZ
eloyaz.gov,City,City of Eloy,Eloy,AZ
flagstaffaz.gov,City,City of Flagstaff,Flagstaff,AZ
norazpublicservice.gov,City,City of Flagstaff,Flagstaff,AZ
coscpinalcountyaz.gov,County,Clerk of the Superior Court,Florence,AZ
florenceaz.gov,City,Town of Florence,Florence,AZ
pinal.gov,County,Pinal County Government,Florence,AZ
pinalcountyaz.gov,County,Pinal County Government,Florence,AZ
santanvalley.gov,City,Town of San Tan Valley,Florence,AZ
az-fhsd.gov,City,Fountain Hills Sanitary District,Fountain Hills,AZ
fountainhillsaz.gov,City,Town of Fountain Hills,Fountain Hills,AZ
fredoniaaz.gov,City,TOWN OF FREDONIA,FREDONIA,AZ
gilbertaz.gov,City,Town of Gilbert,Gilbert,AZ
glendaleaz.gov,City,"City of Glendale, Arizona",Glendale,AZ
gilacountyaz.gov,County,Gila County,Globe,AZ
globeaz.gov,City,City of Globe,Globe,AZ
goodyearaz.gov,City,City of Goodyear,Goodyear,AZ
tusayanaz.gov,City,Town of Tusayan,Grand Canyon,AZ
srfdaz.gov,Special district,Santa Rita Fire District,Green Valley,AZ
townofhaydenaz.gov,City,Town of Hayden,Hayden,AZ
holbrookaz.gov,City,"Holbrook, City of",Holbrook,AZ
navajocountyaz.gov,County,Navajo County,Holbrook,AZ
navajocountysheriff.gov,County,Navajo County,Holbrook,AZ
huachucacityaz.gov,City,Town of Huachuca City,Huachuca City,AZ
dhaz.gov,City,Town of Dewey-Humboldt,Humboldt,AZ
kearnyaz.gov,City,Town of Kearny,Kearny,AZ
cityofkingman.gov,City,City of Kingman,Kingman,AZ
mohave.gov,County,Mohave County,Kingman,AZ
lhcaz.gov,City,Lake Havasu City,Lake Havasu City,AZ
pinetoplakesideaz.gov,City,Town of Pinetop-Lakeside,Lakeside,AZ
litchfieldpark.gov,City,The City of Litchfield Park,Litchfield Park,AZ
mammothaz.gov,City,Town of Mammoth,Mammoth,AZ
maranaaz.gov,City,Town of Marana,Marana,AZ
maricopa-az.gov,City,City of Maricopa,Maricopa,AZ
mesaaz.gov,City,City Of Mesa,Mesa,AZ
mesaazpolice.gov,City,Mesa Police Department,Mesa,AZ
miamiaz.gov,City,Town of Miami,Miami,AZ
mohavevalleyfire.gov,Special district,Mohave Valley Fire Department,Mohave Valley,AZ
nogalesaz.gov,City,City of Nogales,Nogales,AZ
santacruzcountyaz.gov,County,Santa Cruz County,Nogales,AZ
orovalleyaz.gov,City,Town of Oro Valley,Oro Valley,AZ
ovaz.gov,City,Town of Oro Valley,Oro Valley,AZ
ipageaz.gov,City,City of Page,Page,AZ
pageaz.gov,City,City of Page,Page,AZ
paradisevalleyaz.gov,City,Town of Paradise Valley,Paradise Valley,AZ
patagonia-az.gov,City,Town of Patagonia,Patagonia,AZ
paysonaz.gov,City,Town of Payson,Payson,AZ
peoriaaz.gov,City,"City of Peoria, Arizona",Peoria,AZ
cityofphoenix.gov,City,City of Phoenix,Phoenix,AZ
maricopa.gov,County,Maricopa County,Phoenix,AZ
maricopacountyattorney.gov,County,Maricopa County Attorney's Office,Phoenix,AZ
maricopastadiumdistrict.gov,County,Maricopa County Stadium District,Phoenix,AZ
myphx311.gov,City,City of Phoenix,Phoenix,AZ
phoenix.gov,City,City Of Phoenix,Phoenix,AZ
phoenixcourt.gov,City,Phoenix Municipal Court - City of Phoenix,Phoenix,AZ
phoenixmunicipalcourt.gov,City,Phoenix Municipal Court - City of Phoenix,Phoenix,AZ
srp.gov,Special district,Salt River Project,Phoenix,AZ
prescott-az.gov,City,City of Prescott,Prescott,AZ
yavapaiaz.gov,County,Yavapai County - ITS,Prescott,AZ
yavapaicoesa.gov,County,Yavapai County,Prescott,AZ
yavapaiready.gov,County,Yavapai County Office of Emergency Management,Prescott,AZ
ycfld.gov,County,Yavapai County Free Library District,Prescott,AZ
ycsoaz.gov,County,Yavapai County,Prescott,AZ
cazfire.gov,Special district,Central Arizona Fire and Medical Authority,Prescott Valley,AZ
husd22az.gov,School district,Humboldt Unified School District,Prescott Valley,AZ
prescottvalley-az.gov,City,Town of Prescott Valley,Prescott Valley,AZ
prescottvalleyalerts.gov,City,Town of Prescott Valley,Prescott Valley,AZ
readyprescottvalley.gov,City,Town of Prescott Valley,Prescott Valley,AZ
queencreekaz.gov,City,Town of Queen Creek,Queen Creek,AZ
saffordaz.gov,City,City of Safford,Safford,AZ
sahuaritaaz.gov,City,Town of Sahuarita,Sahuarita,AZ
apachecountyaz.gov,County,"Apache County, Arizona",Saint Johns,AZ
sanluisaz.gov,City,City of San Luis,San Luis,AZ
sansimonfire.gov,Special district,San Simon Fire District,San Simon,AZ
puercovalleyfireaz.gov,County,Puerco Valley Fire District,Sanders,AZ
scottsdaleaz.gov,City,City of Scottsdale,Scottsdale,AZ
sedonaaz.gov,City,City of Sedona,Sedona,AZ
showlowaz.gov,City,City of Show Low,Show Low,AZ
fryfiredistrictaz.gov,Special district,Fry Fire District,Sierra Vista,AZ
sierravistaaz.gov,City,City of Sierra Vista,Sierra Vista,AZ
snowflakeaz.gov,City,Town of Snowflake,Snowflake,AZ
somertonaz.gov,City,City of Somerton,Somerton,AZ
southtucsonaz.gov,City,City of South Tucson,South Tucson,AZ
springervilleaz.gov,City,Town of Springerville,Springerville,AZ
stjohnsaz.gov,City,City of St. Johns,St. Johns,AZ
superioraz.gov,City,Town of Superior,Superior,AZ
surpriseaz.gov,City,City of Surprise,Surprise,AZ
surprisepubliclibrary.gov,City,City of Surprise Library,Surprise,AZ
tayloraz.gov,City,TOWN OF TAYLOR,TAYLOR,AZ
tempe.gov,City,City of Tempe,Tempe,AZ
cityoftombstoneaz.gov,City,City of Tombstone,Tombstone,AZ
goldenshoresfd.gov,Special district,Golden Shores Fire District,Topock,AZ
grfdaz.gov,City,Golder Ranch Fire District,Tucson,AZ
nwfdaz.gov,Special district,Northwest Fire District,Tucson,AZ
pima.gov,County,Pima County Government,Tucson,AZ
tucsonaz.gov,City,City of Tucson,Tucson,AZ
tusayan-az.gov,City,Town of Tusayan,Tusayan,AZ
rinconvalleyfdaz.gov,Special district,Rincon Valley Fire District,Vail,AZ
welltonaz.gov,City,Town of Wellton,Wellton,AZ
whydwidaz.gov,Special district,Why Domestic Water Improvement District,"Why, AZ, 85321",AZ
wickenburgaz.gov,City,Town of Wickenburg,Wickenburg,AZ
williamsaz.gov,City,City of Williams,Williams,AZ
winkelmanaz.gov,City,Town of Winkelman,Winkelman,AZ
winslowaz.gov,City,City Of Winslow,Winslow,AZ
yumaaz.gov,City,City of Yuma,Yuma,AZ
yumacountyaz.gov,County,Yuma County Arizona,Yuma,AZ
yumaycat.gov,Special district,Yuma County Intergovernmental Public Transportation Authority,Yuma,AZ
libertyfireca.gov,Special district,LIBERTY RURAL COUNTY FIRE PROTECTION DISTRICT,Acampo,CA
adelantoca.gov,City,City of Adelanto,Adelanto,CA
agourahillscity.gov,City,City of Agoura Hills,Agoura Hills,CA
alamedaca.gov,City,City of Alameda,Alameda,CA
first5alameda.gov,County,First 5 Alameda County,Alameda,CA
housingalamedaca.gov,City,Housing Authority of The City of Alameda,Alameda,CA
albanyca.gov,City,Citiy of Albany,Albany,CA
alhambraca.gov,City,City of Alhambra,Alhambra,CA
alisoviejo.gov,City,City of Aliso Viejo,Aliso Viejo,CA
alpinefireca.gov,Special district,ALPINE FIRE PROTECTION DISTRICT,ALPINE,CA
altavillemelonesfpd.gov,Special district,Altaville Melones Fire Protection District,Altaville,CA
countyofmodoc.gov,County,Modoc County,Alturas,CA
modocsheriff.gov,County,Modoc County Sheriff,Alturas,CA
amadorcity.gov,City,City of Amador,Amador City,CA
americancanyon.gov,City,City of American Canyon,American Canyon,CA
napamosquito.gov,Special district,Napa Mosquito Abatement District,American Canyon,CA
anaheim.gov,City,City of Anaheim,Anaheim,CA
angelscamp.gov,City,City of Angels,Angels Camp,CA
antiochca.gov,City,City of Antioch,Antioch,CA
antiochcaboard.gov,City,City of Antioch,Antioch,CA
antiochcacommission.gov,City,City of Antioch,Antioch,CA
antiochcacommittee.gov,City,City of Antioch,Antioch,CA
applevalleyca.gov,City,Town of Apple Valley,Apple Valley,CA
arcadiaca.gov,City,City of Arcadia,Arcadia,CA
arcadiacapolice.gov,City,City of Arcadia,Arcadia,CA
artesiaca.gov,City,City of Artesia,Artesia,CA
athertonca.gov,City,Town of Atherton,Atherton,CA
placerlafcoca.gov,Special district,Placer County Local Agency Formation Commission,Auburn,CA
cityofavalon.gov,City,City of Avalon,Avalon,CA
avenalfd.gov,City,Avenal Fire Department,Avenal,CA
avenalpd.gov,City,City of Avenal Police Department,Avenal,CA
cityofavenal.gov,City,City of Avenal,Avenal,CA
azusaca.gov,City,City of Azusa,Azusa,CA
bakersfield.gov,City,City of Bakersfield,Bakersfield,CA
kerncoeca.gov,Special district,Kern County Superintendent of Schools,Bakersfield,CA
kerncog-ca.gov,County,Kern Council of Governments,Bakersfield,CA
baldwinparkca.gov,City,City of Baldwin Park,Baldwin Park,CA
banningca.gov,City,City of Banning,Banning,CA
banninglibraryca.gov,Special district,Banning Library District,Banning,CA
bcvwd.gov,Special district,Beaumont-Cherry Valley Water District,Beaumont,CA
beaumont-ca.gov,City,"City of Beaumont, California",Beaumont,CA
beaumontca.gov,City,City of Beaumont,Beaumont,CA
beaumontcabusiness.gov,City,City of Beaumont,Beaumont,CA
beaumontlibraryca.gov,Special district,Beaumont Library District,Beaumont,CA
cityofbell.gov,City,City of Bell,Bell,CA
belmont.gov,City,City of Belmont,Belmont,CA
midpenwaterca.gov,Special district,MID-PENINSULA WATER DISTRICT,Belmont,CA
cityofbelvedere.gov,City,City of Belvedere,Belvedere,CA
berkeleyca.gov,City,City of Berkeley,Berkeley,CA
beverlyhills.gov,City,City of Beverly Hills,Beverly Hills,CA
beverlyhillsusd.gov,School district,Beverly Hills Unified School District,Beverly Hills,CA
bigbearlake.gov,City,City of Big Bear Lake,Big Bear Lake,CA
bigbearlakedwpca.gov,City,"The City of Big Bear Lake, Department of Water",Big Bear Lake,CA
bigbearmwd.gov,Special district,Big Bear Municipal Water District,Big Bear Lake,CA
biggs-ca.gov,City,"Biggs, California",Biggs,CA
gbuapcd.gov,Special district,Great Basin Unified Air Pollution Control District,Bishop,CA
bonitafireca.gov,Special district,Bonita-Sunnyside Fire Protection District,Bonita,CA
bradburyca.gov,City,City of Bradbury,bradbury,CA
brawley-ca.gov,City,City of Brawley,Brawley,CA
breafire.gov,City,City of Brea,Brea,CA
breapolice.gov,City,City of Brea,Brea,CA
cityofbrea.gov,City,City of Brea,Brea,CA
iljaoc.gov,Special district,Integrated Law and Justice,Brea,CA
brentwoodca.gov,City,City of Brentwood,Brentwood,CA
brisbaneca.gov,City,City of Brisbane,Brisbane,CA
broadmoorpd.gov,Special district,Broadmoor Police Protection District,Broadmoor,CA
burbankca.gov,City,City of Burbank,Burbank,CA
burlingame.gov,City,City of Burlingame,Burlingame,CA
smcmosquitoca.gov,Special district,San Mateo County Mosquito Abatement and Vector Control,Burlingame,CA
calabasasca.gov,City,City Of Calabasas,Calabasas,CA
lvmwd.gov,Special district,Las Virgenes Municipal Water District,Calabasas,CA
calexicousd.gov,School district,Calexico Unified School District,Calexico,CA
californiacity-ca.gov,City,City of California City,California City,CA
calimesa.gov,City,City of Calimesa,Calimesa,CA
calistogaca.gov,City,City of Calistoga,Calistoga,CA
camarillo.gov,City,City of Camarillo,Camarillo,CA
campmeekerca.gov,Special district,Camp Meeker Recreation and Park District,Camp Meeker,CA
campbellca.gov,City,City of Campbell,Campbell,CA
wvsdca.gov,Special district,West Valley Sanitation District,Campbell,CA
canyonlakeca.gov,City,City of Canyon Lake,Canyon Lake,CA
cityofcapitola.gov,City,City of Capitola,CAPITOLA,CA
carlsbadca.gov,City,City of Carlsbad,Carlsbad,CA
cleanenergyallianceca.gov,Special district,Clean Energy Alliance,Carlsbad,CA
carpinteriaca.gov,City,City of Carpinteria,Carpinteria,CA
carsonca.gov,City,"City of Carson, California",Carson,CA
cityofcarsonca.gov,City,"City of Carson, California",Carson,CA
westbasinca.gov,Special district,West Basin Municipal Water District,CARSON,CA
cathedralcity.gov,City,City of Cathedral City,Cathedral City,CA
cayucossanitarydistrict.gov,Special district,Cayucos Sanitary District,Cayucos,CA
ceres.gov,City,City of Ceres,Ceres,CA
cerritos.gov,City,City of Cerritos,Cerritos,CA
butteairqualityca.gov,Special district,Butte County Air Quality Management District,Chico,CA
chicoca.gov,City,City of Chico,Chico,CA
chicorec.gov,Special district,Chico Area Recreation and Parks District,Chico,CA
chinopd.gov,City,Chino Police Department,Chino,CA
cityofchino.gov,City,City of Chino,Chino,CA
chinohills.gov,City,City of Chino Hills,Chino Hills,CA
chulavistaca.gov,City,City of Chula Vista,Chula Vista,CA
chulavistapdca.gov,City,Chula Vista Police Department,Chula Vista,CA
citrusheights.gov,City,City of Citrus Heights,Citrus Heights,CA
millvalleylibrary.gov,City,City of Mill Valley - Mill Valley Public Library,City of Mill Valley,CA
millvalleyrecreation.gov,City,City of Mill Valley - Mill Valley Community Center,City of Mill Valley,CA
suisuncity.gov,City,Suisun City,City of Suisun,CA
claremontca.gov,City,City of Claremont,Claremont,CA
claytonca.gov,City,City of Clayton,Clayton,CA
claytoncapolice.gov,City,Clayton Police Department,Clayton,CA
clovisca.gov,City,City of Clovis,Clovis,CA
fresnocountyca.gov,County,County of Fresno,Clovis,CA
coachellavalleycemeterydistrict.gov,Special district,Coachella Valley Public Cemetery District,Coachella,CA
colfax-ca.gov,City,City of Colfax,Colfax,CA
coltonca.gov,City,City of Colton,Colton,CA
colusapd.gov,City,Colusa Police Department,Colusa,CA
countyofcolusaca.gov,County,Colusa County,Colusa,CA
commerceca.gov,City,City of Commerce,Commerce,CA
cccera.gov,Special district,Contra Costa County Employees' Retirement Association,Concord,CA
cccfpd.gov,Special district,Contra Costa County Fire Protection District,Concord,CA
contracostahealth.gov,County,Contra Costa County Health Services,Concord,CA
contracostamosquito.gov,Special district,Contra Costa Mosquito and Vector Control District,CONCORD,CA
copperopolisfire.gov,Special district,Copperopolis Fire Protection District,Coppeorpolis,CA
corningca.gov,City,City of Corning,Corning,CA
coronaca.gov,City,City of Corona,Corona,CA
coronado.gov,City,City of Coronado,Coronado,CA
cortemadera.gov,City,Town of Corte Madera,Corte Madera,CA
cmsdca.gov,City,Costa Mesa Sanitary District,Costa Mesa,CA
costamesaca.gov,City,City of Costa Mesa,Costa Mesa,CA
ocde.gov,County,Orange County Department of Education,Costa Mesa,CA
cotaticity.gov,City,City of Cotati,COTATI,CA
covinaca.gov,City,City of Covina,Covina,CA
crestlinevillagewaterca.gov,Special district,Crestline Village Water District,Crestline,CA
cityofcudahyca.gov,City,City of Cudahy,Cudahy,CA
culvercity.gov,City,City of Culver City,Culver City,CA
culvercityfd.gov,City,City of Culver City Fire Department,Culver City,CA
culvercitypd.gov,City,City of Culver City,Culver City,CA
cupertino.gov,City,City of Cupertino,Cupertino,CA
cypressca.gov,City,City of Cypress,Cypress,CA
dalycity.gov,City,City of Daly City,Daly City,CA
northcountyfire.gov,Special district,North County Fire Authority,Daly City,CA
socwa.gov,Special district,South Orange County Wastewater Authority,Dana Point,CA
davisca.gov,City,The City of Davis,Davis,CA
westplainfieldfire.gov,Special district,West Plainfield Fire Protection District,Davis,CA
ysaqmd.gov,Special district,Yolo-Solano Air Pollution Control District,Davis,CA
delreyoaks.gov,City,City of Del Rey Oaks,Del Rey Oaks,CA
aqmd.gov,Special district,SCAQMD,Diamond Bar,CA
diamondbarca.gov,City,City of Diamond Bar,Diamond Bar,CA
scaqmd.gov,Special district,South Coast Air Quality Management District,Diamond Bar,CA
southcoastaqmd.gov,Special district,aqmd,Diamond Bar,CA
cityofdixonca.gov,City,City of Dixon,Dixon,CA
dixonfireca.gov,City,City of Dixon Fire Department,Dixon,CA
dixonpoliceca.gov,City,City of Dixon Police Department,Dixon,CA
dospalos.gov,City,City of Dos Palos,Dos Palos,CA
lacounty.gov,County,County of Los Angeles / Internal Services Department,Downey,CA
downievillefiredistrictca.gov,Special district,Downieville Fire Protection District,Downieville,CA
downievillepudca.gov,County,Downieville Public Utility District,Downieville,CA
alamedacountyfire.gov,Special district,Alameda County Fire Department,Dublin,CA
dublin-ca.gov,City,City of Dublin,Dublin,CA
dublinca.gov,City,City of Dublin,Dublin,CA
dunsmuirca.gov,City,City of Dunsmuir,Dunsmuir,CA
eastvaleca.gov,City,City of Eastvale,Eastvale,CA
elcajon.gov,City,City of El Cajon,El Cajon,CA
hcfa911ca.gov,Special district,Heartland Communications Facility Authority,El Cajon,CA
elcerrito.gov,City,City of El Cerrito,El Cerrito,CA
westcontracostatc.gov,Special district,West Contra Costa Transportation Commission,El Cerrito,CA
elmonteca.gov,City,City of El Monte,El Monte,CA
elsegundo.gov,City,City of El Segundo,El Segundo,CA
elsegundofd.gov,City,City of El Segundo,El Segundo,CA
elsegundofire.gov,City,City of El Segundo,El Segundo,CA
elsegundolibrary.gov,City,City of El Segundo,El Segundo,CA
elsegundopd.gov,City,City of El Segundo,El Segundo,CA
elsegundorecparks.gov,City,City of El Segundo,El Segundo,CA
cosumnescsd.gov,Special district,Cosumnes Community Services District,Elk Grove,CA
elkgrove.gov,City,"City of Elk Grove, CA",Elk Grove,CA
emeryville.gov,City,City of Emeryville,Emeryville,CA
emeryvilleca.gov,City,City of Emeryville,Emeryville,CA
encinitasca.gov,City,City of Encinitas,Encinitas,CA
escalon.gov,City,City of Escalon,Escalon,CA
escondido.gov,City,City of Escondido,Escondido,CA
rinconwaterca.gov,Special district,Rincon del Diablo Municipal Water District,Escondido,CA
etnaca.gov,City,City of Etna,Etna,CA
eurekaca.gov,City,City of Eureka,Eureka,CA
humalertca.gov,County,County of Humboldt,Eureka,CA
humboldtcavotes.gov,County,County of Humboldt,Eureka,CA
humboldtcoeca.gov,School district,Humboldt County Office of Education,Eureka,CA
townoffairfaxca.gov,City,Town of Fairfax,Fairfax,CA
capsolanojpa.gov,Special district,CAP Solano JPA,Fairfield,CA
solanocounty.gov,County,Solano County,Fairfield,CA
solanolafco.gov,Special district,Solano County LAFCO,Fairfield,CA
solanolibrary.gov,County,Solano County Library,Fairfield,CA
solanomosquito.gov,Special district,Solano County Mosquito Abatement District,Fairfield,CA
fpud.gov,City,Fallbrook Public Utility District,Fallbrook,CA
morrohillscsd.gov,Special district,Morro Hills Community Services District (MHCSD),Fallbrook,CA
ncfireca.gov,Special district,North County Fire Protection District,Fallbrook,CA
cityoffarmersville-ca.gov,City,City of Farmersville,Farmersville,CA
cityoffarmersvillefire-ca.gov,City,City of FarmersVille Fire Department,FarmersVille,CA
cityoffarmersvillepolice-ca.gov,City,City of FarmersVille Police Department,Farmersville,CA
farmingtonfireca.gov,Special district,Farmington Rural Fire Protection District,Farmington,CA
fillmoreca.gov,City,City of Fillmore,Fillmore,CA
folsom.gov,City,City of Folsom,Folsom,CA
prismrisk.gov,Special district,"Public Risk Innovation, Solutions, and Management",Folsom,CA
fontanaca.gov,City,City of Fontana,Fontana,CA
fortbraggca.gov,City,City of Fort Bragg,Fort Bragg,CA
mendocinochcd.gov,Special district,Mendocino Coast Health Care District,Fort Bragg,CA
fountainvalley.gov,City,Fountain Valley,Fountain Valley,CA
ocsan.gov,Special district,Orange County Sanitation District,Fountain Valley,CA
frazierparkpudca.gov,Special district,Frazier Park Public Utility District,Frazier Park,CA
acwdca.gov,County,Alameda County Water District - ACWD,Fremont,CA
alamedacountylibraryca.gov,County,Alameda County Library,FREMONT,CA
fremont.gov,City,City of Fremont,Fremont,CA
fremontfire.gov,City,City of Fremont,Fremont,CA
fremontpolice.gov,City,City of Fremont Police Department,Fremont,CA
myclimatereadyfremont.gov,City,City of Fremont,Fremont,CA
sjcountycahcs.gov,County,San Joaquin County Health Care Services Agency,French Camp,CA
fcera.gov,Special district,Fresno County Employees' Retirement Association,Fresno,CA
fresno.gov,City,City of Fresno,Fresno,CA
fresnocountyjobs.gov,County,County of Fresno,Fresno,CA
fresnofloodcontrol.gov,Special district,Fresno Metropolitan Flood Control District,Fresno,CA
fresnoid.gov,Special district,Fresno Irrigation District,Fresno,CA
fresnomosquito.gov,Special district,Fresno Mosquito and Vector Control District,Fresno,CA
fresnosheriff.gov,County,Fresno County Sheriff,Fresno,CA
fresnousd.gov,School district,Fresno Unified School District,Fresno,CA
fullertonca.gov,City,City of Fullerton,Fullerton,CA
galtca.gov,City,City of Galt,Galt,CA
gardengroveca.gov,City,City of Garden Grove,GARDEN GROVE,CA
ocvector.gov,Special district,Orange County Mosquito and Vector Control District,Garden Grove,CA
gardenaca.gov,City,City of Gardena,Gardena,CA
glendaleca.gov,City,City of Glendale,Glendale,CA
cityofglendora.gov,City,City of Glendora,Glendora,CA
scppaca.gov,Special district,Southern California Public Power Authority,Glendora,CA
cityofgoleta.gov,City,City of Goleta,Goleta,CA
sbcers.gov,Special district,Santa Barbara County Employees' Retirement System (SBCERS),Goleta,CA
gonzalesca.gov,City,City of Gonzales,Gonzales,CA
grandterrace-ca.gov,City,City of Grand Terrace,Grand Terrace,CA
grassvalleyca.gov,City,City of Grass Valley,Grass Valley,CA
nsaqmdca.gov,Special district,Northern Sierra Air Quality Management District,Grass Valley,CA
gratonfire.gov,Special district,Graton Fire Protection District,Graton,CA
greenfieldca.gov,City,City of Greenfield,Greenfield,CA
gridleyca.gov,City,City of Gridley,Gridley,CA
halfmoonbay.gov,City,City of Half Moon Bay,Half Moon Bay,CA
countyofkingsca.gov,County,County of Kings I.T. Dept,Hanford,CA
hanfordca.gov,City,City of Hanford,Hanford,CA
kingsmosquito.gov,Special district,Kings Mosquito Abatement District,Hanford,CA
hgcityca.gov,City,City of Hawaiian Gardens,Hawaiian Gardens,CA
hawthorneca.gov,City,City of Hawthorne,Hawthorne,CA
alamedamosquito.gov,Special district,Alameda County Mosquito Abatement District,Hayward,CA
fairviewfiredistrictca.gov,Special district,Fairview Fire Protection District,Hayward,CA
hayward-ca.gov,City,CITY OF HAYWARD,Hayward,CA
haywardrec-ca.gov,Special district,Hayward Area Recreation and Park District,Hayward,CA
healdsburg.gov,City,City of Healdsburg,Healdsburg,CA
hemetca.gov,City,City of Hemet,Hemet,CA
herculesca.gov,City,City of Hercules,Hercules,CA
hermosabeach.gov,City,City of Hermosa Beach,Hermosa Beach,CA
hesperiaca.gov,City,City Of Hesperia,Hesperia,CA
hesperiaparks.gov,Special district,Hesperia Recreation & Parks District,Hesperia,CA
hiddenhills.gov,City,City of Hidden Hills,Hidden Hills,CA
hiddenhillslibrary.gov,City,City of Hidden Hills,Hidden Hills,CA
hiddenvalleylakecsd.gov,Special district,Hidden Valley Lake Community Services District,Hidden Valley Lake,CA
eastvalleywater.gov,Special district,East Valley Water District,Highland,CA
highlandca.gov,City,City of Highland,Highland,CA
sanbenitocounty-ca-cre.gov,County,San Benito County Clerk-Recorder-Elections,Hollister,CA
sanbenitocountyca.gov,County,County of San Benito,Hollister,CA
sanbenitohsd.gov,School district,San Benito High School District,Hollister,CA
hoplandfire.gov,Special district,Hopland Fire Protection District,Hopland,CA
cityofhughsonca.gov,City,City of Hughson,Hughson,CA
huntingtonbeachca.gov,City,City of Huntington Beach,Huntington Beach,CA
hpca.gov,City,City Of Huntington Park,Huntington Park,CA
huronca.gov,City,City of Huron,Huron,CA
idyllwildfire.gov,Special district,Idyllwild Fire Protection District,Idyllwild,CA
imperialbeachca.gov,City,City of Imperial Beach,Imperial Beach,CA
inyo.gov,County,"County of Inyo, CA",Independence,CA
inyocoapps.gov,County,County of Inyo,Independence,CA
indianwellsca.gov,City,City of Indian Wells,Indian Wells,CA
drdca.gov,Special district,Desert Recreation District,indio,CA
indioca.gov,City,City of Indio,Indio,CA
cityofinglewood.gov,City,City of Inglewood,Inglewood,CA
cityofirvine.gov,City,City of Irvine,Irvine,CA
irvinepd.gov,City,City of Irvine,Irvine,CA
irvinepubliclibrary.gov,City,City of Irvine,Irvine,CA
irwdca.gov,Special district,Irvine Ranch Water District,Irvine,CA
joinirvinepd.gov,City,City of Irvine,Irvine,CA
irwindaleca.gov,City,City of Irwindale,Irwindale,CA
cityofisleton.gov,City,City of Isleton,Iselton,CA
riverdeltafireca.gov,Special district,River Delta Fire District,Isleton,CA
amadorcounty.gov,County,AMADOR COUNTY,JACKSON,CA
jurupavalley.gov,City,City of Jurupa Valley,Jurupa Valley,CA
cityofkerman.gov,City,City of Kerman,Kerman,CA
cityofkingsburg-ca.gov,City,City of Kingsburg,Kingsburg,CA
cityoflahabra-ca.gov,City,CITY OF LA HABRA,LA HABRA,CA
lahabra.gov,City,City of La Habra,La Habra,CA
lahabraca.gov,City,City of La Habra,La Habra,CA
cityoflamesa.gov,City,City of La Mesa,La Mesa,CA
lamirada.gov,City,City of La Mirada,La Mirada,CA
lapalmaca.gov,City,City of La Palma,La Palma,CA
lapuentewater.gov,Special district,La Puente Valley County Water District,La Puente,CA
laquintaca.gov,City,City of La Quinta,La Quinta,CA
laverneca.gov,City,City of La Verne,LA VERNE,CA
lagunabeach.gov,City,City of Laguna Beach,Laguna Beach,CA
lagunahillsca.gov,City,City of Laguna Hills,Laguna Hills,CA
lagunawoods.gov,City,City of Laguna Woods,Laguna Woods,CA
lakearrowheadcsd.gov,Special district,Lake Arrowhead Community Services District,Lake Arrowhead,CA
lakeforestca.gov,City,City of Lake Forest,Lake Forest,CA
lakecountyca.gov,County,County of Lake,Lakeport,CA
lakewoodca.gov,City,"City of Lakewood, California",Lakewood,CA
cityoflancasterca.gov,City,City of Lancaster,Lancaster,CA
firstpublichydrogenca.gov,Special district,First Public Hydrogen Authority,Lancaster,CA
cmpa-ca.gov,Special district,Central Marin Police Authority,Larkspur,CA
lemoore.gov,City,City of Lemoore,Lemoore,CA
lincolnca.gov,City,City of Lincoln,Lincoln,CA
liswa-ca.gov,Special district,LiSWA,Lincoln,CA
livermoreca.gov,City,City of Livermore,Livermore,CA
zone7waterca.gov,Special district,Zone 7 Water Agency,Livermore,CA
livingstonca.gov,City,City of Livingston,Livingston,CA
lodi.gov,City,City of Lodi,Lodi,CA
lodica.gov,City,City of Lodi,Lodi,CA
loletacommunityservicesdistrict.gov,Special district,Loleta Community Services District,LOLETA,CA
lomalinda-ca.gov,City,City of Loma Linda,Loma Linda,CA
cityoflompoc.gov,City,City of Lompoc,Lompoc,CA
vandenbergvillagecsd.gov,Special district,Vandenberg Village Community Services District,Lompoc,CA
longbeach.gov,City,City of Long Beach California,Long Beach,CA
losaltosca.gov,City,City of Los Altos,Los Altos,CA
lacahsa.gov,Special district,Los Angeles County Affordable Housing Solutions Agency,Los Angeles,CA
lacity.gov,City,City of Los Angeles,Los Angeles,CA
ladwp.gov,City,Los Angeles Department of Water and Power,Los Angeles,CA
lapd.gov,City,Los Angeles Police Department,Los Angeles,CA
laschoolpolice.gov,Special district,Los Angeles School Police Department,Los Angeles,CA
vny.gov,City,Los Angeles World Airports,LOS ANGELES,CA
losbanos.gov,City,City of Los Banos,Los Banos,CA
losgatosca.gov,City,Town of Los Gatos,Los Gatos,CA
lynwoodca.gov,City,City of Lynwood,Lynwood,CA
cityofmadera.gov,City,City of Madera,Madera,CA
madera.gov,City,City of Madera,Madera,CA
maderacounty.gov,County,Madera County,Madera,CA
maderametro.gov,City,City of Madera,Madera,CA
maderacsos.gov,School district,Madera County Superintendent of Schools,Madera CA,CA
madisonfireca.gov,City,MADISON FIRE DISTRICT PROTECTION DISTRICT,MADISON,CA
manhattanbeach.gov,City,City of Manhattan Beach,Manhattan Beach,CA
manteca.gov,City,City of Manteca,Manteca,CA
maricopa-ca.gov,City,City of Maricopa,Maricopa,CA
cityofmarina.gov,City,City of Marina,Marina,CA
mariposacounty.gov,County,Mariposa County,Mariposa,CA
alpinecountyca.gov,County,County of Alpine,Markleeville,CA
alpineschoolsca.gov,School district,Alpine County Office of Education,Markleeville,CA
martinezca.gov,City,City of Martinez,Martinez,CA
yuba.gov,County,County of Yuba,Marysville,CA
saccoeca.gov,School district,Sacramento County Office of Education,Mather,CA
menlofire.gov,Special district,Menlo Park Fire Protection District,Menlo Park,CA
menlopark.gov,City,City of Menlo Park,Menlo Park,CA
sanfrancisquitocreekjpa.gov,Special district,San Francisquito Creek Joint Powers Authority,MENLO PARK,CA
cityofmerced.gov,City,City of Merced,Merced,CA
mercedcounty.gov,County,"Merced County - Merced, CA",Merced,CA
mercedcountyca.gov,County,County of Merced,Merced,CA
mercedelectionsca.gov,County,Merced County,Merced,CA
cityofmillvalley.gov,City,City of Mill Valley,Mill Valley,CA
millvalleypolice.gov,City,City of Mill Valley - Mill Valley Police Department,Mill Valley,CA
sasmwwtp.gov,Special district,Sewerage Agency of Southern Marin,Mill Valley,CA
milpitas.gov,City,City of Milpitas,Milpitas,CA
missionviejo.gov,City,City of Mission Viejo,Mission Viejo,CA
modestoca.gov,City,City of Modesto Information Technology,Modesto,CA
modestoirrigationdistrict.gov,Special district,Modesto Irrigation District,Modesto,CA
stancoeca.gov,School district,Stanislaus County Office of Education,Modesto,CA
stancounty.gov,County,Stanislaus County,Modesto,CA
stancountylibrary.gov,County,Stanislaus County Library,Modesto,CA
stanrta.gov,Special district,Stanislaus Regional Transit Authority,Modesto,CA
stansheriff.gov,County,Stanislaus County Sheriff's Office,Modesto,CA
standa.gov,County,Stanislaus County District Attorney's Office,"Modesto, Stanislaus",CA
mhfpdca.gov,Special district,Mokelumne Hill Fire Protection District,Mokelumne Hill,CA
monroviaca.gov,City,City of Monrovia,Monrovia,CA
cityofmontagueca.gov,City,City of Montague,Montague,CA
montclairca.gov,City,City of Montclair,Montclair,CA
mvwdca.gov,Special district,Monte Vista Water District,Montclair,CA
montebelloca.gov,City,City of Montebello,Montebello,CA
monterey.gov,City,City of Monterey,Monterey,CA
discovermoorpark.gov,City,City of Moorpark,MOORPARK,CA
moorparkca.gov,City,City of Moorpark,Moorpark,CA
moragaca.gov,City,Town of Moraga,Moraga,CA
moval.gov,City,City of Moreno Valley,Moreno Valley,CA
rivcohealth.gov,County,Riverside University Health System,Moreno Valley,CA
morrobayca.gov,City,City of Morro Bay,Morro Bay,CA
mtshastafiredistrict.gov,Special district,Mt Shasta Fire Protection District,Mount Shasta,CA
mountainhouseca.gov,City,City of Mountain House,Mountain House,CA
mountainview.gov,City,City of Mountain View,Mountain View,CA
mvpd.gov,City,City of Mountain View,Mountain View,CA
mtshastaca.gov,City,City of Mt Shasta,Mt. Shasta,CA
murphysfire.gov,Special district,Murphys Fire Protection District,Murphys,CA
murrietaca.gov,City,City of Murrieta,Murrieta,CA
joinnapasheriff.gov,County,County of Napa,Napa,CA
napacountyairport.gov,County,Napa County Airport,Napa,CA
napalibrary.gov,Special district,Napa County Library,Napa,CA
readynapacounty.gov,County,Napa County,Napa,CA
nationalcityca.gov,City,City of National City,National City,CA
nevadacityca.gov,City,City of Nevada City,Nevada City,CA
nevadacountyca.gov,County,County of Nevada California,Nevada City,CA
newarkca.gov,City,City of Newark,Newark,CA
cityofnewman.gov,City,City of Newman,Newman,CA
nbca.gov,City,City of Newport Beach,Newport Beach,CA
newportbeach-ca.gov,City,City of Newport Beach,Newport Beach,CA
newportbeachca.gov,City,City of Newport Beach,Newport Beach,CA
cityofnorco.gov,City,CITY OF NORCO,NORCO,CA
norcoutilitiesportal.gov,City,CITY OF NORCO,NORCO,CA
norwalkca.gov,City,City of Norwalk,Norwalk,CA
joinnovatopolice.gov,City,City of Novato,Novato,CA
novato.gov,City,City of Novato,Novato,CA
novatogymnastics.gov,City,City of Novato,Novato,CA
novatopolice.gov,City,City of Novato,Novato,CA
novatosan.gov,Special district,Novato Sanitary District,Novato,CA
novatoseniors.gov,City,City of Novato,Novato,CA
oakdaleca.gov,City,City of Oakdale,Oakdale,CA
acera.gov,Special district,Alameda County Employees’ Retirement Association,OAKLAND,CA
acterp.gov,Special district,AC Transit,Oakland,CA
actransit.gov,Special district,AC Transit,Oakland,CA
alamedacountyca.gov,County,Alameda County,Oakland,CA
alamedasheriff.gov,County,Alameda County Sheriff's Office,Oakland,CA
bart.gov,Special district,San Francisco Bay Area Rapid Transit District,Oakland,CA
oaklandca.gov,City,City of Oakland,Oakland,CA
diablowater.gov,Special district,Diablo Water District,Oakley,CA
oakleyca.gov,City,City of Oakley,Oakley,CA
nctdca.gov,Special district,North County Transit District,Oceanside,CA
ontarioca.gov,City,City of Ontario,Ontario,CA
oc.gov,County,County of Orange,Orange,CA
ocassessor.gov,Special district,Orange County Assessor Department,Orange,CA
octa.gov,Special district,Orange County Transportation Authority,Orange,CA
orangeca.gov,City,City of Orange,Orange,CA
dohfireca.gov,Special district,Dobbins-Oregon House Fire Protection District,Oregon House,CA
cityoforinda.gov,City,City Of Orinda,Orinda,CA
buttesheriffca.gov,County,Butte County Sheriff's Office,Oroville,CA
orovilleca.gov,City,City of Oroville,Oroville,CA
scorca.gov,Special district,Sewerage Commission-Oroville Region,Oroville,CA
thermalitowsca.gov,Special district,Thermalito Water & Sewer District,Oroville,CA
oxnard.gov,City,City Manager's Office,Oxnard,CA
cityofpacificgrove.gov,City,City of Pacific Grove,Pacific Grove,CA
pacifica.gov,City,City of Pacifica,Pacifica,CA
palmdesert.gov,City,City of Palm Desert,Palm Desert,CA
permarisk.gov,Special district,Public Entity Risk Management Authority,Palm Desert,CA
engagepalmspringsca.gov,City,City of Palm Springs,Palm Springs,CA
palmsprings-ca.gov,City,City of Palm Springs,Palm Springs,CA
palmspringsca.gov,City,City of Palm Springs,Palm Springs,CA
cityofpalmdaleca.gov,City,City of Palmdale,Palmdale,CA
paloalto.gov,City,City of Palo Alto,Palo Alto,CA
paradiseca.gov,City,Town of Paradise,Paradise,CA
paramountcity.gov,City,City of Paramount,Paramount,CA
consolidatedmadca.gov,Special district,Consolidated Mosquito Abatement District,Parlier,CA
lacera.gov,Special district,Los Angeles County Employees Retirement Association,Pasadena,CA
mylacera.gov,Special district,Los Angeles County Employees Retirement Association,Pasadena,CA
pasadena.gov,City,City of Pasadena,Pasadena,CA
pasadenapublichealth.gov,City,Pasadena Department of Public Health,Pasadena,CA
epcwd-ca.gov,Special district,Estrella-El Pomar-Creston Water District,Paso Robles,CA
pasorobles.gov,City,City of Paso Robles,Paso Robles,CA
delpuertohealth.gov,Special district,Del Puerto Health Care District,PATTERSON,CA
pattersonca.gov,City,City of Patterson,Patterson,CA
cityofperris.gov,City,City of Perris,Perris,CA
rivcofire.gov,County,Riverside County Fire Department,Perris,CA
cityofpetaluma.gov,City,City of Petaluma,Petaluma,CA
sonomamarintrain.gov,Special district,Sonoma-Marin Area Rail Transit,Petaluma,CA
pinole.gov,City,City of Pinole,Pinole,CA
centralcoastblueca.gov,Special district,Central Coast Blue Regional Recycled Water Authority,Pismo Beach,CA
pismobeach.gov,City,City of Pismo Beach,Pismo Beach,CA
pittsburgca.gov,City,CITY OF PITTSBURG,PITTSBURG,CA
ylwd.gov,Special district,Yorba Linda Water District,Placentia,CA
eldoradoda.gov,County,El Dorado County District Attorney's Office,Placerville,CA
eldoradosheriff.gov,County,El Dorado County Sheriff's Office,Placerville,CA
phillca.gov,City,City of Pleasant Hill,Pleasant Hill,CA
pleasanthillca.gov,City,City of Pleasant Hill,Pleasant Hill,CA
cityofpleasantonca.gov,City,City of Pleasanton,Pleasanton,CA
pleasantonca.gov,City,City of Pleasanton,Pleasanton,CA
pomonaca.gov,City,City of Pomona,Pomona,CA
pomonausd.gov,School district,Pomona Unified School District,Pomona,CA
porthueneme.gov,City,City of Port Hueneme,Port Hueneme,CA
cityofportola.gov,City,City of Portola,Portola,CA
woodsidefire.gov,Special district,WOODSIDE FIRE PROTECTION DISTRICT,PORTOLA VALLEY,CA
poway.gov,City,City of Poway,Poway,CA
ramonamwd.gov,Special district,Ramona Municipal Water District,Ramona,CA
cityofranchocordova.gov,City,City of Rancho Cordova,Rancho Cordova,CA
cordovagc.gov,Special district,Cordova Recreation and Park District,Rancho Cordova,CA
cordovarpd.gov,Special district,Cordova Recreation and Park District,Rancho Cordova,CA
cvwdwater.gov,Special district,Cucamonga Valley Water District,Rancho Cucamonga,CA
ranchocucamonga.gov,City,City of Rancho Cucamonga,Rancho Cucamonga,CA
ranchomirageca.gov,City,City of Rancho Mirage,Rancho Mirage,CA
rpvca.gov,City,City of Rancho Palos Verdes,Rancho Palos Verdes,CA
ranchosantafefire.gov,Special district,Rancho Santa Fe Fire Protection District,Rancho Santa Fe,CA
redbluffca.gov,City,City of Red Bluff,Red Bluff,CA
cityofredding.gov,City,City of Redding,Redding,CA
rabaride.gov,Special district,Redding Area Bus Authority,Redding,CA
shascom911.gov,Special district,SHASCOM-911,Redding,CA
shastacoeducation.gov,School district,Shasta County Office of Education,REDDING,CA
shastacounty.gov,County,Shasta County,Redding,CA
redlands.gov,City,City of Redlands,Redlands,CA
redlandspd.gov,City,Redlands Police Department,Redlands,CA
sbvwaterconservation.gov,Special district,San Bernardino Valley Water Conservation District,Redlands,CA
redondo.gov,City,City of Redondo Beach,Redondo beach,CA
mysamcera.gov,County,San Mateo County Employees' Retirement Association,Redwood City,CA
redwoodcity.gov,City,City of Redwood City,Redwood City,CA
samcera.gov,Special district,SamCERA,Redwood City,CA
sanmateocounty.gov,County,County of San Mateo,Redwood City,CA
siliconvalleycleanwater.gov,Special district,Silicon Valley Clean Water,redwood city,CA
rialtoca.gov,City,City of Rialto,Rialto,CA
rialtopolice.gov,City,Rialto Police Department,Rialto,CA
richmondca.gov,City,City of Richmond,Richmond,CA
ridgecrest-ca.gov,City,City of Ridgecrest,Ridgecrest,CA
ridgecrestca.gov,City,City of Ridgecrest,Ridgecrest,CA
sjjrugca.gov,Special district,San Joaquin County Joint Radio Users Group,Ripon,CA
ssjid.gov,Special district,South San Joaquin Irrigation District,Ripon,CA
riverbankca.gov,City,City of Riverbank,Riverbank,CA
iren.gov,Special district,Western Riverside Council of Governments,Riverside,CA
rcflood.gov,Special district,RIVERSIDE COUNTY FLOOD CONTROL AND WATER CONSERVATION DISTRICT,RIVERSIDE,CA
rivco.gov,County,County of Riverside Information Technology,Riverside,CA
rivcoacr.gov,County,"Assessor-County Clerk-Recorder, County of Riverside",Riverside,CA
sawpa.gov,Special district,Santa Ana Watershed Project Authority,Riverside,CA
westernriversidecog.gov,Special district,Western Riverside Council of Governments,Riverside,CA
westernwaterca.gov,Special district,Western Municipal Water District,Riverside,CA
rohnertpark.gov,City,City of Rohnert Park,Rohnert Park,CA
kcghad.gov,Special district,Klondike Canyon Geologic Hazard Abatement District,Rolling Hills Est.,CA
pvpready.gov,City,City of Rolling Hills Estates,Rolling Hills Estates,CA
rollinghillsestates-ca.gov,City,City of Rolling Hills Estates,Rolling Hills Estates,CA
rollinghillsestates.gov,City,City of Rolling Hills Estates,Rolling Hills Estates,CA
rollinghillsestatesca.gov,City,City of Rolling Hills Estates,Rolling Hills Estates,CA
rosemeadca.gov,City,City of Rosemead,Rosemead,CA
sangabrielcountywaterdistrict.gov,Special district,San Gabriel County Water District,Rosemead,CA
capri-jpa.gov,Special district,California Association for Park and Recreation Indemnity,Roseville,CA
townofrossca.gov,City,Town of Ross,Ross,CA
arcadecreekrpd.gov,Special district,Arcade Creek Recreation and Park District,Sacramento,CA
cityofsacramento.gov,City,City of Sacramento,Sacramento,CA
flysmf.gov,County,Sacramento County Department of Airports,Sacramento,CA
gfsjpa-ca.gov,Special district,Government Financial Services Joint Powers Authority,Sacramento,CA
saccounty.gov,County,County of Sacramento,Sacramento,CA
saclawlibrary.gov,County,Sacramento County Public Law Library,Sacramento,CA
sacramentocounty.gov,County,County of Sacramento,Sacramento,CA
sacrt.gov,Special district,Sacramento Regional Transit District,Sacramento,CA
sacsheriff.gov,County,Sacramento County Sheriff's Office,Sacramento,CA
scers.gov,Special district,Sacramento County Employees' Retirement System,Sacramento,CA
southgaterecandpark.gov,Special district,Southgate Recreation & Park District,SACRAMENTO,CA
condadodemonterey.gov,County,County of Monterey,Salinas,CA
countyofmonterey.gov,County,County of Monterey Information Technology,Salinas,CA
montereymosquitoca.gov,Special district,Monterey County Mosquito Abatement District,Salinas,CA
salinas.gov,City,City of Salinas,Salinas,CA
calaverascounty.gov,County,Calaveras County,San Andreas,CA
sanandreasfire.gov,Special district,San Andreas Fire Protection District,San Andreas,CA
rossvalleyfire.gov,Special district,Ross Valley Fire Department,San Anselmo,CA
sananselmo.gov,City,Town of San Anselmo,San Anselmo,CA
sananselmolibrary.gov,City,Town of San Anselmo,San Anselmo,CA
flysbd.gov,Special district,San Bernardino International Airport Authority,San Bernardino,CA
sanbernardino.gov,City,City of San Bernardino,San Bernardino,CA
sanbernardinolafco.gov,Special district,Local Agency Formation Commission for San Bernardino County,San Bernardino,CA
sanbernardinosheriff.gov,County,San Bernardino County Sheriff's Department,San Bernardino,CA
sbcounty.gov,County,San Bernardino County,San Bernardino,CA
sbcountyarc.gov,County,County of San Bernardino Assessor Recorder Clerk,San Bernardino,CA
sbcountyatc.gov,County,San Bernardino County Auditor-Controller/Treasurer/Tax Collector,San Bernardino,CA
sbdairport.gov,Special district,San Bernardino International Airport Authority,San Bernardino,CA
sbcera.gov,Special district,San Bernardino County Employees' Retirement Association,"San Bernardino, CA",CA
sancarlos.gov,City,City of San Carlos,San Carlos,CA
sanclemente.gov,City,City of San Clemente,San Clemente,CA
catchteamca.gov,Special district,C.A.T.C.H.,San Diego,CA
portofsandiego.gov,Special district,San Diego Unified Port District,San Diego,CA
sandag.gov,Special district,San Diego Association of Governments,San Diego,CA
sandiego.gov,City,The City of San Diego,San Diego,CA
sandiegocounty.gov,County,County of San Diego,San Diego,CA
sandiegoda.gov,County,San Diego County District Attorney,San Diego,CA
sandiegosheriff.gov,County,San Diego County Sheriff's Office,San Diego,CA
sannet.gov,City,The City of San Diego,San Diego,CA
sdarcc.gov,County,Assessor/Recorder/County Clerk,San Diego,CA
sdcers.gov,City,San Diego City Employees' Retirement System (SDCERS),San Diego,CA
sdlaw.gov,County,San Diego County Sheriff's Office,San Diego,CA
sdsheriff.gov,County,San Diego County Sheriff's Office,San Diego,CA
sandimasca.gov,City,City of San Dimas,San Dimas,CA
sanfernando.gov,City,City of San Fernando,San Fernando,CA
baaqmd.gov,Special district,Bay Area Air Quality Management District,San Francisco,CA
bayareametro.gov,Special district,Metropolitan Transportation Commission,San Francisco,CA
bayareauasi-ca.gov,Special district,Bay Area Urban Area Security Initiative,San Francisco,CA
flysfo.gov,City,San Francisco International Airport,San Francisco,CA
sanfrancisco.gov,County,City and County of San Francisco,San Francisco,CA
sf.gov,County,City and County of San Francisco,San Francisco,CA
sfmta.gov,City,San Francisco Municipal Transportation Agency,San Francisco,CA
sfo.gov,City,San Francisco International Airport,San Francisco,CA
sfomuseum.gov,City,San Francisco International Airport,San Francisco,CA
sfpuc.gov,Special district,San Francisco Public Utilities Commission,San Francisco,CA
sangabriel.gov,City,City of San Gabriel,San Gabriel,CA
sanjacintoca.gov,City,City of San Jacinto,San Jacinto,CA
sanjoseca.gov,City,City of San Jose,San Jose,CA
santaclaracounty.gov,County,County of Santa Clara,San Jose,CA
vta.gov,Special district,Santa Clara Valley Transportation Authority,San Jose,CA
sanjuancapistrano.gov,City,City of San Juan Capistrano,San Juan Capistrano,CA
sanleandro.gov,City,City of San Leandro,San Leandro,CA
slocounty.gov,County,County of San Luis Obispo,San Luis Obispo,CA
ospsandiegocounty.gov,County,One Safe Place San Diego,San Marcos,CA
sanmarcosca.gov,City,City of San Marcos California,San Marcos,CA
sanmarinoca.gov,City,City of San Marino,San Marino,CA
cityofsanmateoca.gov,City,City of San Mateo,San Mateo,CA
smcacre.gov,County,County of San Mateo - ACRE,San Mateo,CA
smcvote.gov,County,County of San Mateo - ACRE,San Mateo,CA
smcyvac.gov,County,County of San Mateo--ACRE Youth Voting Advisory Committee,San Mateo,CA
sanpabloca.gov,City,City of San Pablo,San Pablo,CA
marincounty.gov,County,County of Marin,San Rafael,CA
marinsheriff.gov,County,Marin County Sheriff's Office,San Rafael,CA
marintransit.gov,Special district,Marin County Transit District,San Rafael,CA
pamarin.gov,Special district,Marin County In-Home Supportive Services Public Authority,San Rafael,CA
sanrafael.gov,City,City of San Rafael,San Rafael,CA
sanrafaelpolice.gov,City,San Rafael Police Department,San Rafael,CA
sanrafaelsanitationca.gov,Special district,San Rafael Sanitation District,San Rafael,CA
alertoc.gov,County,Orange County Sheriff-Coroner Department,Santa Ana,CA
ocaltdef.gov,County,County of Orange Public Defender's Office,Santa Ana,CA
ocascdef.gov,County,County of Orange Public Defender's Office,Santa Ana,CA
ocauditor.gov,County,Orange County Auditor-Controller,Santa Ana,CA
occlerkrecorder.gov,County,Orange County Clerk-Recorder,Santa Ana,CA
ocdistrictattorney.gov,County,Orange County District Attorney's Office,Santa Ana,CA
ocers.gov,Special district,Orange County Employees Retirement System,SANTA ANA,CA
ocprintgraphics.gov,Special district,Orange County Registrar of Voters,Santa Ana,CA
ocpubdef.gov,County,County of Orange Public Defender's Office,Santa Ana,CA
ocpublicadministrator.gov,County,Orange County District Attorney's Office,Santa Ana,CA
ocsheriff.gov,County,Orange County Sheriff-Coroner Department,Santa Ana,CA
octreasurer.gov,County,County of Orange - Treasurer Tax Collector,Santa Ana,CA
ocunclaimed.gov,County,Orange County Auditor-Controller,Santa Ana,CA
santa-ana.gov,City,City of Santa Ana,Santa Ana,CA
santabarbaraca.gov,City,City of Santa Barbara,Santa Barbara,CA
santabarbaracounty.gov,County,County of Santa Barbara,Santa Barbara,CA
santabarbarasheriff.gov,County,Santa Barbara County Sheriff's Office,Santa Barbara,CA
santabarbaravote.gov,County,"County of Santa Barbara - Assessor, Clerk-Recorder, and Elections",Santa Barbara,CA
sbmtd.gov,City,Santa Barbara Metropolitan Transit District,Santa Barbara,CA
santaclaraca.gov,City,City of Santa Clara,Santa Clara,CA
santaclarita.gov,City,City of Santa Clarita,Santa Clarita,CA
certnaca.gov,Special district,California Electronic Recording Transaction Network Authority(CeRTNA),Santa Cruz,CA
santacruzca.gov,City,City of Santa Cruz,Santa Cruz,CA
santacruzcoeca.gov,School district,Santa Cruz County Office of Education,Santa Cruz,CA
santacruzcountyca.gov,County,County of Santa Cruz,Santa Cruz,CA
santafesprings.gov,City,City of Santa Fe Springs,Santa Fe Springs,CA
cityofsantamariaca.gov,City,"City of Santa Maria, CA",Santa Maira,CA
santamonica.gov,City,City of Santa Monica,Santa Monica,CA
santamonicaca.gov,City,City of Santa Monica,Santa Monica,CA
santapaula.gov,City,City of Santa Paula,Santa Paula,CA
santarosaca.gov,City,City of Santa Rosa,Santa Rosa,CA
sctca-ca.gov,Special district,Sonoma County Transportation Authority,Santa Rosa,CA
sonomacoe.gov,School district,Sonoma County Office of Education,Santa Rosa,CA
sonomacounty-hsd.gov,County,County of Sonoma Human Services Department,Santa Rosa,CA
sonomacounty.gov,County,County of Sonoma,Santa Rosa,CA
sonomacountyca.gov,County,County of Sonoma,Santa Rosa,CA
sonomasheriff.gov,County,Sonoma County Sheriff's Office,Santa Rosa,CA
zerowastesonoma.gov,County,Sonoma County Waste Management Agency,Santa Rosa,CA
santaynezriverwaterconservationdistrict.gov,Special district,Santa Ynez River Water Conservation District,Santa Ynez,CA
cityofsanteeca.gov,City,City of Santee,Santee,CA
saratogaca.gov,City,City of Saratoga,Saratoga,CA
sausalito.gov,City,"City of Sausalito, California",Sausalito,CA
sausalitomcsanitaryca.gov,Special district,Sausalito-Marin City Sanitary District,Sausalito,CA
scottsvalley.gov,City,City of Scotts Valley,Scotts Valley,CA
sealbeachca.gov,City,City of Seal Beach,Seal Beach,CA
seasideca.gov,City,City of Seaside,Seaside,CA
cityofsebastopol.gov,City,City of Sebastopol,Sebastopol,CA
shafterca.gov,City,City of Shafter,Shafter,CA
cityofshastalake.gov,City,City of Shasta Lake,Shasta Lake,CA
shastalakefpd.gov,Special district,Shasta Lake Fire Protection District,Shasta Lake,CA
sierramadreca.gov,City,City of Sierra Madre,Sierra Madre,CA
sierravillepud.gov,Special district,Sierraville Public Utility District,Sierraville,CA
signalhill.gov,City,City of Signal Hill,Signal Hill,CA
simivalley.gov,City,City of Simi Valley,Simi Valley,CA
cityofsoledad.gov,City,City of Soledad,Soledad,CA
sonorapdca.gov,City,SONORA POLICE DEPARTMENT,SONORA,CA
tuolumnecountysheriff.gov,County,Tuolumne County Sheriff's Office,Sonora,CA
cityofslt.gov,City,City of South Lake Tahoe,South Lake Tahoe,CA
stpud.gov,Special district,South Tahoe Public Utility District,South Lake Tahoe,CA
southpasadenaca.gov,City,City of South Pasadena,South Pasadena,CA
ssfca.gov,City,City of South San Francisco,South San Francisco,CA
otaywater.gov,Special district,Otay Water District,Spring Valley,CA
sanmiguelfire.gov,Special district,San Miguel Consolidated Fire Protection District,Spring Valley,CA
cityofsthelena.gov,City,City of St. Helena,St Helena,CA
stantonca.gov,City,City of Stanton,Stanton,CA
sanjoaquin.gov,County,County of San Joaquin,Stockton,CA
sanjoaquinda.gov,County,San Joaquin County District Attorney's Office,Stockton,CA
stocktonca.gov,City,City of Stockton,Stockton,CA
cityofsusanville.gov,City,City of Susanville,Susanville,CA
lassencoe.gov,Special district,Lassen County Office of Education,Susanville,CA
lassencounty.gov,County,Lassen County,Susanville,CA
amadorwater.gov,Special district,Amador Water Agency,SUTTER CREEK,CA
tahoecitypud.gov,Special district,Tahoe City Public Utility District,Tahoe City,CA
temeculaca.gov,City,City of Temecula,Temecula,CA
templecityca.gov,City,City of Temple City,Temple City,CA
conejoopenspace.gov,Special district,Conejo Open Space Conservation Agency,Thousand oaks,CA
toaks.gov,City,City of Thousand Oaks,Thousand Oaks,CA
venturacountyfire.gov,Special district,Ventura County Fire Department,Thousand Oaks,CA
tiburonfire.gov,Special district,Tiburon Fire Protection District,Tiburon,CA
townoftiburon.gov,City,Town of Tiburon,Tiburon,CA
cityoftorranceca.gov,City,City Of Torrance,Torrance,CA
torranceca.gov,City,City Of Torrance,Torrance,CA
townoftruckee.gov,City,Town of Truckee,Town of Truckee,CA
cityoftracyca.gov,City,City of Tracy,Tracy,CA
truckeepolice.gov,City,Truckee Police Department,Truckee,CA
turlockca.gov,City,City of Turlock,Turlock,CA
29palms.gov,City,City of Twentynine Palms,Twentynine Palms,CA
mendocinocounty.gov,County,Mendocino County,Ukiah,CA
unioncityca.gov,City,City of Union City,Union City,CA
uplandca.gov,City,City of Upland,Upland,CA
cityofvacaville.gov,City,City of Vacaville,Vacaville,CA
first5solano.gov,County,First 5 Solano Children and Families Commission,Vallejo,CA
solanocountytransit.gov,Special district,Solano County Transit (SolTrans),Vallejo,CA
vallejo.gov,City,City of Vallejo,Vallejo,CA
vcera.gov,Special district,Ventura County Employees' Retirement Association,Ventura,CA
venturacounty.gov,County,County of Ventura,Ventura,CA
cityofvernonca.gov,City,City of Vernon,Vernon,CA
vernonpdca.gov,City,City of Vernon,Vernon,CA
victorvilleca.gov,City,City of Victorville,Victorville,CA
vvwraca.gov,Special district,Victor Valley Wastewater Reclamation Authority,Victorville,CA
calvans.gov,Special district,California Vanpool Authority,Visalia,CA
deltamvcd.gov,Special district,Delta Mosquito and Vector Control District,Visalia,CA
visalia.gov,City,City of Visalia,Visalia,CA
vista.gov,City,City of Vista,Vista,CA
volcanocsd.gov,Special district,Volcano Community Service District,Volcano,CA
walnutca.gov,City,City of Walnut,Walnut,CA
walnutvalleywater.gov,Special district,Walnut Valley Water District,Walnut,CA
walnutcreekca.gov,City,City of Walnut Creek,Walnut Creek,CA
walnutcreekpdca.gov,City,City of Walnut Creek,Walnut Creek,CA
cityofwaterfordca.gov,City,City of Waterford,Waterford,CA
watsonville.gov,City,City of Watsonville,Watsonville,CA
watsonvilleairport.gov,City,City of Watsonville,Watsonville,CA
watsonvillelibrary.gov,City,City of Watsonville,Watsonville,CA
watsonvillepd.gov,City,City of Watsonville,Watsonville,CA
watsonvillerec.gov,City,City of Watsonville,Watsonville,CA
trinitycounty-ca.gov,County,Trinity County Behavioral Health Services,Weaverville,CA
lakeshastinacsd.gov,Special district,Lake Shastina Community Services District,Weed,CA
westcovina.gov,City,City of West Covina,West,CA
weho.gov,City,City of West Hollywood,West Hollywood,CA
westpointfpdca.gov,Special district,West Point FPD,West Point,CA
rd900.gov,Special district,Reclamation District 900,West Sacramento,CA
westsac.gov,City,City of West Sacramento,West Sacramento,CA
midwaycitysanitaryca.gov,Special district,Midway City Sanitary District,Westminster,CA
westminster-ca.gov,City,City of Westminster,Westminster,CA
sheltercove-ca.gov,City,Shelter Cove Resort Improvement District #1,Whitethorn,CA
cityofwhittier.gov,City,City of Whittier,Whittier,CA
lacsd.gov,Special district,Los Angeles County Sanitation Districts,Whittier,CA
wildomar.gov,City,City of Wildomar,Wildomar,CA
cityofwintersca.gov,City,City of Winters,Winters,CA
wintersfireca.gov,City,Winters Fire Dept,Winters,CA
winterspoliceca.gov,City,Winters Police Dept,Winters,CA
cityofwoodland.gov,City,City of Woodland,Woodland,CA
colusasutteryolochildsupport.gov,County,Yolo County,Woodland,CA
willowoakfire.gov,Special district,Willow Oak Fire Protection District,WOODLAND,CA
yolo911.gov,Special district,Yolo Emergency Communications Agency,Woodland,CA
yolocounty.gov,County,Yolo County,Woodland,CA
woodsideca.gov,City,Town of Woodside,Woodside,CA
yermocsdca.gov,Special district,Yermo Community Services District,Yermo,CA
yorbalindaca.gov,City,City of Yorba Linda,Yorba Linda,CA
readysiskiyou.gov,County,Siskiyou County Office of Emergency Services,Yreka,CA
siskiyoucounty.gov,County,Siskiyou County Office of Emergency Services,Yreka,CA
yrekaca.gov,City,City of Yreka,Yreka,CA
sutter.gov,County,County of Sutter,Yuba City,CA
suttersheriff.gov,County,County of Sutter,Yuba City,CA
yubacity.gov,City,City of Yuba City,Yuba City,CA
yucaipa.gov,City,City of Yucaipa,Yucaipa,CA
eastarapmetdistco.gov,Special district,East Arapahoe Metropolitan District,Aiurora,CO
alamosa.gov,City,City of Alamosa,Alamosa,CO
alamosacounty.gov,County,Alamosa County,ALAMOSA,CO
arvadaco.gov,City,City of Arvada,Arvada,CO
arvadafireco.gov,Special district,Arvada Fire Protection District,Arvada,CO
vauxmontmd.gov,Special district,Vauxmont Metropolitan District,Arvada,CO
aspen.gov,City,City of Aspen,Aspen,CO
aspenwaterrecovery.gov,Special district,Aspen Consolidated Sanitation District,Aspen,CO
aultcolorado.gov,City,Town of Ault Colorado,Ault,CO
auroraco.gov,City,City of Aurora,Aurora,CO
beaconpointco.gov,Special district,Beacon Point Metropolitan District,Aurora,CO
bennettco.gov,City,Town of Bennett,Bennett,CO
littlethompsonwd.gov,Special district,Little Thompson Water District,Berthoud,CO
cityofblackhawk.gov,City,City of Black Hawk,Black Hawk,CO
townofboonecolo.gov,City,Town of Boone,Boone,CO
bouldercolorado.gov,City,City of Boulder,Boulder,CO
bouldercounty.gov,County,Boulder County,Boulder,CO
bouldercountyassessor.gov,County,Boulder County,Boulder,CO
bouldercountyhhs.gov,County,Boulder County,Boulder,CO
bouldercountynavigatingdisaster.gov,County,Boulder County,Boulder,CO
bouldercountyrecovery.gov,County,Boulder County,Boulder,CO
bouldercountytreasurer.gov,County,Boulder County,Boulder,CO
boulderodm.gov,County,Boulder County,Boulder,CO
bouldersheriff.gov,County,Boulder County,Boulder,CO
bowmar.gov,City,Town of Bow Mar,Bow Mar,CO
summitcountyco.gov,County,Summit County Government,Breckenridge,CO
summitsheriffcolorado.gov,County,Summit County Sheriff's Office,Breckenridge,CO
adamscountyco.gov,County,Adams County Government,Brighton,CO
adamssheriffco.gov,County,Adams County Sheriff's Office,Brighton,CO
brightonco.gov,City,City of Brighton,Brighton,CO
brightonfireco.gov,Special district,Brighton Fire Rescue District,Brighton,CO
buenavistaco.gov,City,Town of Buena Vista,Buena Vista,CO
canoncity.gov,City,City of Canon City,Canon City,CO
crca911co.gov,Special district,Combined Regional Communications Authority,Canon City,CO
fremontcountyco.gov,County,"Fremont County, Colorado",Canon City,CO
roaringforkfire.gov,Special district,Roaring Fork Fire Rescue,Carbondale,CO
castlepinesco.gov,City,City Of Castle Pines,Castle Pines,CO
cpvmetroco.gov,Special district,Castle Pines Village Metropolitan District,Castle Rock,CO
douglasco.gov,County,Douglas County,Castle Rock,CO
douglascoclerk.gov,County,Douglas County,Castle Rock,CO
douglascountycolorado.gov,County,Douglas County,Castle Rock,CO
douglascovotes.gov,County,Douglas County,Castle Rock,CO
cedaredgeco.gov,City,Town of Cedaredge,CEDAREDGE,CO
centennialco.gov,City,CIty of Centennial,Centennial,CO
coda18.gov,Special district,"Office of the District Attorney, 18th Judicial District, Col",Centennial,CO
centerco.gov,City,Town of Center,Center,CO
northrouttfire.gov,Special district,North Routt Fire Protection District,Clark,CO
cliftonwdco.gov,Special district,Clifton Water District,Clifton,CO
colocitymdco.gov,Special district,Colorado City Metropolitan District,Colorado City,CO
academywsdco.gov,Special district,Academy Water and Sanitation District,Colorado Springs,CO
coloradosprings.gov,City,City of Colorado Springs,Colorado Springs,CO
cosprings.gov,City,City of Colorado Springs,Colorado Springs,CO
da4colorado.gov,Special district,4th Judicial District Attorney's Office,Colorado Springs,CO
donalawater.gov,Special district,Donala Water and Sanitation District,Colorado Springs,CO
elpasoco.gov,County,El Paso County,Colorado Springs,CO
mountainvistamd1.gov,Special district,"Mountain Vista Metropolitan District,",Colorado Springs,CO
southadamswaterco.gov,Special district,South Adams County Water and Sanitation District,Commerce City,CO
cortezco.gov,City,City of Cortez,Cortez,CO
cortezsanitation.gov,Special district,Cortez Sanitation District,Cortez,CO
montezumacounty.gov,County,"Montezuma County, Colorado",Cortez,CO
montezumahospitalco.gov,Special district,Montezuma County Hospital District,Cortez,CO
townofcrawfordco.gov,City,Town of Crawford,Crawford,CO
cityofcreede.gov,City,"City of Creede, A Colorado TOwn",Creede,CO
crestedbutte-co.gov,City,town of crested butte,Crested Butte,CO
townofcrestone.gov,City,Town of Crestone,Crestone,CO
tellercounty.gov,County,Teller County Government,Cripple Creek,CO
daconoco.gov,City,City of Dacono,Dacono,CO
daconopolice.gov,City,Dacono Police Department,Dacono,CO
deltacountyco.gov,County,"Delta County, Colorado",Delta,CO
cherrycreekvalleywaterco.gov,Special district,Cherry Creek Valley Water and Sanitation District,Denver,CO
coloradochildrep.gov,Special district,Colorado Office of the Child's Representative,Denver,CO
crestviewwatercolorado.gov,Special district,Crestview Water & Sanitation District,Denver,CO
denverco.gov,City,Technology Services,Denver,CO
denverda.gov,City,Denver District Attorney,Denver,CO
nwashingtonwaterco.gov,Special district,North Washington Street Water and Sanitation District,Denver,CO
prairiepointmdsco.gov,Special district,"Prairie Point Metropolitan District Nos. 1, 2, and 3 and the Prairie Point Community Authority Board",Denver,CO
dillonco.gov,City,Town of Dillon,Dillon,CO
dolorescountyco.gov,County,DOLORES COUNTY,DOVE CREEK,CO
durangoco.gov,City,City of Durango,Durango,CO
kiowacountyco.gov,County,Kiowa County,Eads,CO
eaglecounty.gov,County,Eagle County Governement,Eagle,CO
eaglepd-co.gov,City,"Town of Eagle, CO",Eagle,CO
townofeagleco.gov,City,Town of Eagle,Eagle,CO
edgewaterco.gov,City,City of Edgewater,Edgewater,CO
englewoodco.gov,City,City of Englewood,Englewood,CO
southplatterenewco.gov,Special district,South Platte Renew,Englewood,CO
erieco.gov,City,Town of Erie,Erie,CO
utsdco.gov,Special district,Upper Thompson Sanitation District,Estes Park,CO
evanscolorado.gov,City,City of Evans Colorado,Evans,CO
eprdco.gov,Special district,Evergreen Park and Recreation,Evergreen,CO
parkcountyco.gov,County,Park County Government,Fairplay,CO
firestoneco.gov,City,Town of Firestone,Firestone,CO
cityofflorenceco.gov,City,City of Florence,Florence,CO
florencecofire.gov,Special district,Florence Fire Protection District,Florence,CO
fortcollins-co.gov,City,City of Fort Collins,Fort Collins,CO
fortcollins.gov,City,City of Fort Collins,Fort Collins,CO
larimer.gov,County,"Larimer County, Colorado Government",Fort Collins,CO
poudrefire.gov,Special district,Poudre Fire Authority,Fort Collins,CO
sfcsdco.gov,Special district,South Fort Collins Sanitation District,Fort Collins,CO
fortluptonco.gov,City,City of Fort Lupton,Fort Lupton,CO
fountainco.gov,City,City of Fountain,Fountain,CO
fowlerco.gov,City,Town of Fowler,Fowler,CO
frederickco.gov,City,Town of Frederick,Frederick,CO
stvrainsdco.gov,Special district,St Vrain Sanitation District,Frederick,CO
coloradorangers.gov,Special district,Colorado Rangers Law Enforcement Shared Reserve,Ft. Lupton,CO
gardencityco.gov,City,Town of Garden City,Garden City,CO
clearcreekcountyco.gov,County,Clear Creek County Govt,Georgetown,CO
townofgilcrest.gov,City,Town of Gilcrest,Gilcrest,CO
garfieldcountyco.gov,County,Garfield County,Glenwood Springs,CO
glenwoodspringsco.gov,City,City of Glenwood Springs,Glenwood Springs,CO
gwsco.gov,City,City of Glenwood Springs,Glenwood Springs,CO
cityofgolden.gov,City,City of Golden,Golden,CO
fairmountfireco.gov,Special district,Fairmount Fire Protection District,Golden,CO
jeffcoco.gov,County,Jefferson County,Golden,CO
jeffcom911co.gov,Special district,Jefferson County Communications Center Authority,Golden,CO
jeffcosheriffco.gov,County,Jefferson County Sheriff's Office,Golden,CO
votajeffcoco.gov,County,Jefferson County Clerk & Recorder,Golden,CO
votejeffcoco.gov,County,Jefferson County Clerk & Recorder,Golden,CO
mesacountysheriff.gov,County,Mesa County Sheriffs Office,Grand Junction,CO
d6sdco.gov,School district,Weld County School District 6,Greeley,CO
greeleyco.gov,City,City of Greeley,Greeley,CO
weld.gov,County,Weld County Colorado,Greeley,CO
weldmotorvehicle.gov,County,Weld County Government,Greeley,CO
cityofgunnison-co.gov,City,City of Gunnison,Gunnison,CO
gunnisonco.gov,City,City of Gunnison,Gunnison,CO
highlandsranch.gov,Special district,Highlands Ranch Metro District,Highlands Ranch,CO
townofhollyco.gov,City,TOWN OF HOLLY,HOLLY,CO
cityofholyoke-co.gov,City,City of Holyoke,Holyoke,CO
townofhooperco.gov,City,Town of Hooper,HOOPER,CO
hudsonco.gov,City,Town of Hudson,Hudson,CO
lincolncountyco.gov,County,Lincoln County of Colorado,Hugo,CO
townofhugoco.gov,City,Town of Hugo Colorado,Hugo,CO
johnstownco.gov,City,Town of Johnstown,Johnstown,CO
keystoneco.gov,City,Town of Keystone,Keystone,CO
elbertcounty-co.gov,County,Elbert County Government,Kiowa,CO
kiowacofpd.gov,Special district,Kiowa Fire Protection District,Kiowa,CO
oterosheriffco.gov,County,Otero County Sheriff,La Junta,CO
townoflaveta-co.gov,City,Town of La Veta,La Veta,CO
lafayetteco.gov,City,City of Lafayette,Lafayette,CO
townoflakecityco.gov,City,Town of Lake City,Lake City,CO
jeffersoncdco.gov,Special district,Jefferson Conservation District,Lakewood,CO
lakewoodco.gov,City,City of Lakewood,Lakewood,CO
westmetrofireco.gov,Special district,West Metro Fire Protection District,Lakewood,CO
prowersco.gov,County,Prowers County,Lamar,CO
bentcounty.gov,County,Bent County,Las Animas,CO
bentsheriff.gov,County,Bent County Sheriff's Office,Las Animas,CO
cityoflasanimasco.gov,City,City of Las Animas,Las Animas,CO
lakecountyco.gov,County,Lake County,Leadville,CO
leadville-co.gov,City,City of Leadville,Leadville,CO
arapahoeco.gov,County,Arapahoe County,Littleton,CO
arapahoedrives.gov,County,Arapahoe County Clerk Recorder,Littleton,CO
arapahoerecords.gov,County,Arapahoe County Clerk Recorder,Littleton,CO
arapahoesheriff.gov,County,Arapahoe Conty,Littleton,CO
leawoodparksco.gov,Special district,Leawood Metropolitan Parks and Recreation District,Littleton,CO
littletonco.gov,City,City of Littleton,Littleton,CO
plattecanyonwsd.gov,Special district,Platte Canyon Water & Sanitation District,Littleton,CO
roxwaterco.gov,Special district,Roxborough Water & Sanitation District,Littleton,CO
swmetrowsdco.gov,Special district,Southwest Metropolitan Water & Sanitation District,Littleton,CO
glacierviewfire.gov,Special district,Glacier View Fire Protection District,Livermore,CO
livermorefireco.gov,Special district,Livermore Fire Protection District,Livermore,CO
longmont.gov,City,City of Longmont,Longmont,CO
longmontcolorado.gov,City,City of Longmont,Longmont,CO
niwotsanitation.gov,Special district,Niwot Sanitation District,Longmont,CO
svlh.gov,Special district,St. Vrain and Left Hand Water Conservancy District,Longmont,CO
louisvilleco.gov,City,City of Louisville,Louisville,CO
louisvillefireco.gov,Special district,Louisville Fire Protection District,Louisville,CO
manitouspringsco.gov,City,Ciy of Manitou Springs,Manitou Springs,CO
meadco.gov,City,Town of Mead,Mead,CO
townofmeeker.gov,City,Town of Meeker,Meeker,CO
millikenco.gov,City,Town of Milliken,Milliken,CO
millikencolorado.gov,City,Town of Milliken,Milliken,CO
townofmoffatco.gov,City,Town of Moffat,Moffat,CO
montevista.gov,City,City of Monte Vista,Monte Vista,CO
nederlandco.gov,City,"Town of Nederland, Colorado",Nederland,CO
lefthandwater.gov,Special district,Left Hand Water District,Niwot,CO
mountainviewfireco.gov,Special district,Mountain View Fire Protection District,Niwot,CO
townofnucla.gov,City,Town of Nucla,Nucla,CO
townofnunnco.gov,City,Town Of Nunn,Nunn,CO
ourayco.gov,County,Ouray County,Ouray,CO
ouraycountyco.gov,County,Ouray County,Ouray,CO
archuletacounty.gov,County,"Archuleta County, Colorado",Pagosa Springs,CO
parachute.gov,City,Town of Parachute,Parachute,CO
parkerco.gov,City,Town of Parker,Parker,CO
piercecolo.gov,City,"Town of Pierce, Colorado",Pierce,CO
pueblocounty.gov,County,Pueblo County Government,Pueblo,CO
rangelyco.gov,City,Town Of Rangely,Rangely,CO
crystallakesfireco.gov,Special district,Crystal Lakes Fire Protection District,Red Feather Lakes,CO
rflvfdco.gov,Special district,Red Feather Lakes Fire Protection District,Red Feather Lakes,CO
ricocolorado.gov,City,Town of Rico,Rico,CO
rockvaleco.gov,City,Town Of Rockvale,Rockvale,CO
cityofrockyfordco.gov,City,City of Rocky Ford,Rocky Ford,CO
rockyford-co.gov,City,City of Rocky Ford,Rocky Ford,CO
saguachecounty-co.gov,County,Saguache County,Saguache,CO
costillacounty-co.gov,County,Costilla County,San Luis,CO
costillacounty.gov,County,"COSTILLA, COUNTY OF",SAN LUIS,CO
garfieldcountycoronerco.gov,County,Garfield County Coroner's Office,Silt,CO
buffalomountainmd.gov,Special district,Buffalo Mountain Metropolitan District,Silverthorne,CO
silverthorne.gov,City,Town of Silverthorne,Silverthorne,CO
snowmass.gov,City,Town of Snowmass Village,Snowmass Village,CO
bacacountyco.gov,County,Baca County,Springfield,CO
springfieldco.gov,City,Town Of Springfield,Springfield,CO
upperyampawater.gov,Special district,Upper Yampa Water Conservancy District,Steamboat Springs,CO
logancountyco.gov,County,Logan County Government,Sterling,CO
superiorcolorado.gov,City,Town of Superior,Superior,CO
sanmiguelcountyco.gov,County,San Miguel County,Telluride,CO
telluride.gov,City,Town of Telluride,Telluride,CO
thorntonco.gov,City,City of Thornton,Thornton,CO
timnath.gov,City,Town of Timnath,Timnath,CO
trinidadhousing.gov,City,Housing Authority of the City of Trinidad,Trinidad,CO
vail.gov,City,Town of Vail,Vail,CO
jacksoncountyco.gov,County,Jackson County,Walden,CO
wellingtoncolorado.gov,City,Town of Wellington,Wellington,CO
custercounty-co.gov,County,Custer County Colorado,Westcliffe,CO
roundmountainwsdco.gov,Special district,Round Mountain Water and Sanitation,Westcliffe,CO
wetmountainfire.gov,Special district,Wet Mountain Fire Protection District,Westcliffe,CO
westminsterco.gov,City,CITY OF WESTMINSTER,Westminster,CO
wheatridge.gov,City,City of Wheat Ridge,Wheat Ridge,CO
wigginsco.gov,City,Town of Wiggins,Wiggins,CO
townofwiley.gov,City,Town of Wiley,Wiley,CO
windsorco.gov,City,Town of Windsor,Windsor,CO
woodlandpark.gov,City,City of Woodland Park,Woodland Park,CO
yumacountyco.gov,County,Yuma County Colorado,Wray,CO
ansoniact.gov,City,City of Ansonia,Ansonia,CT
ansoniahousing.gov,City,Housing Authority of the City of Ansonia,Ansonia,CT
ashfordct.gov,City,Town of Ashford,Ashford,CT
avonct.gov,City,Town of Avon,Avon,CT
regionalrefusedistrict1ct.gov,Special district,Regional Refuse Disposal District # 1,Barkhamsted,CT
berlinct.gov,City,Town of Berlin,Berlin,CT
bethanyct.gov,City,Town of Bethany,Bethany,CT
bethel-ct.gov,City,"Town Of Bethel, CT",Bethel,CT
bloomfield-ct.gov,City,Town of Bloomfield CT,Bloomfield,CT
bloomfieldct.gov,City,Town of Bloomfield,Bloomfield,CT
boltonct.gov,City,Town of Bolton,Bolton,CT
bozrahct.gov,City,Town of Bozrah,Bozrah,CT
branford-ct.gov,City,Town of Branford CT,Branford,CT
bridgeportct.gov,City,City of Bridgeport,Bridgeport,CT
metrocogct.gov,Special district,Connecticut Metropolitan Council of Governments,Bridgeport,CT
bridgewater-ct.gov,City,Town of Bridgewater CT,Bridgewater,CT
bristolct.gov,City,City of Bristol,Bristol,CT
bristolctwatersewer.gov,City,Bristol CT Water and Sewer,Bristol,CT
eastwindsor-ct.gov,City,Town of East Windsor,Broad Brook,CT
brookfieldct.gov,City,Town of Brookfield,Brookfield,CT
brooklynct.gov,City,Town of Brooklyn,Brooklyn,CT
burlingtonct.gov,City,Town of Burlington,Burlington,CT
clintonct.gov,City,Town of Clinton,Clinton,CT
colchesterct.gov,City,Town of Colchester,Colchester,CT
townofcantonct.gov,City,Town of Canton CT,Collinsville,CT
columbiact.gov,City,Town of Columbia,Columbia,CT
cornwallct.gov,City,Town of Cornwall,Cornwall,CT
coventry-ct.gov,City,Town of Coventry,Coventry,CT
cromwellct.gov,City,TOWN OF CROMWELL,CROMWELL,CT
danbury-ct.gov,City,City of Danbury,Danbury,CT
danielsonct.gov,County,Borough of Danielson,Danielson,CT
killinglyct.gov,City,Town of Killingly,Danielson,CT
darienct.gov,City,Town of Darien,Darien,CT
attawauganfirect.gov,Special district,Attawaugan Fire District,Dayville,CT
dayvillefire.gov,Special district,Dayville Fire District,Dayville,CT
derbyct.gov,City,City of Derby,Derby,CT
eastgranbyct.gov,City,Town of East Granby,East Granby,CT
easthamptonct.gov,City,Town of East Hampton,East Hampton,CT
easthamptonctha.gov,Special district,East Hampton Housing Authority,East Hampton,CT
easthartfordct.gov,City,Town of East Hartford,East Hartford,CT
ehalertct.gov,City,Town of East Hartford,East Hartford,CT
easthaven-ct.gov,City,Town of East Haven,East Haven,CT
easthavenpolice-ct.gov,City,East Haven Police Department,East Haven,CT
eastfordct.gov,City,Town of Eastford,Eastford,CT
eastonct.gov,City,"Town of Easton, Connecticut, USA",Easton,CT
ellington-ct.gov,City,Town of Ellington,Ellington,CT
enfield-ct.gov,City,Town of Enfield,Enfield,CT
essexct.gov,City,Essex Town Hall,Essex,CT
fairfieldct.gov,City,Town of Fairfield Connecticut,Fairfield,CT
farmingtonct.gov,City,Town of Farmington,Farmington,CT
franklinct.gov,City,Town of Franklin,Franklin,CT
glastonbury-ct.gov,City,"Town of Glastonbury, CT",Glastonbury,CT
glastonburyct.gov,City,Town of Glastonbury,Glastonbury,CT
goshenct.gov,City,Town of Goshen,Goshen,CT
granby-ct.gov,City,Town of Granby,Granby,CT
greenwichct.gov,City,Town of Greenwich,Greenwich,CT
griswoldct.gov,City,Town of Griswold,Griswold,CT
cityofgroton-ct.gov,City,City of Groton,Groton,CT
groton-ct.gov,City,Town of Groton,Groton,CT
guilfordct.gov,City,Town of Guilford,Guilford,CT
hamdenct.gov,City,Town of Hamden,Hamden,CT
crcogct.gov,Special district,Capitol Region Council of Governments,Hartford,CT
hartford.gov,City,Metro Hartford Information Services,Hartford,CT
hartfordct.gov,City,Metro Hartford Innovation Services,Hartford,CT
harwinton.gov,City,Town Of Harwinton,Harwinton,CT
hebronct.gov,City,Town of Hebron,Hebron,CT
townofkentct.gov,City,Town of Kent,Kent,CT
lebanonct.gov,City,Town of Lebanon,Lebanon,CT
ledyardct.gov,City,Town of Ledyard,"Ledyard, CT",CT
lisbonct.gov,City,Town of Lisbon,Lisbon,CT
nhcogct.gov,Special district,Northwest Hills Council Of Governments,Litchfield,CT
townoflitchfieldct.gov,City,Town of Litchfield,Litchfield,CT
lymect.gov,City,Lyme Department of Emergency Management,Lyme,CT
manchesterct.gov,City,Town of Manchester,Manchester,CT
mansfieldct.gov,City,Town of Mansfield,Mansfield,CT
marlboroughct.gov,City,Town of Marlborough,Marlborough,CT
meridenct.gov,City,City of Meriden,Meriden,CT
middleburypdct.gov,City,Middlebury Police Department,Middlebury,CT
middletownct.gov,City,City of Middletown,Middletown,CT
milfordct.gov,City,City of Milford,Milford,CT
monroect.gov,City,Town of Monroe,Monroe,CT
monroectpolice.gov,City,Monroe Police Department,Monroe,CT
easthaddamct.gov,City,Town of East Haddam,Moodus,CT
morrisct.gov,City,Town of Morris,Morris,CT
naugatuck-ct.gov,City,Borough of Naugatuck,Naugatuck,CT
naugatuckpd.gov,City,Naugatuck Police Department,Naugatuck,CT
newbritainct.gov,City,City of New Britain Connecticut,New Britain,CT
newbritainctapps.gov,City,City of New Britain,New Britain,CT
newcanaanalerts.gov,City,Town of New Canaan Office of Emergency Management,New Canaan,CT
newcanaanct.gov,City,Town of New Canaan,New Canaan,CT
newcanaanpd.gov,City,New Canaan Police Department,New Canaan,CT
newfairfieldct.gov,City,Town of New Fairfield,New Fairfield,CT
newhartfordct.gov,City,Town of New Hartford,New Hartford,CT
newhavenct.gov,City,City of New Haven Connecticut,New Haven,CT
newlondonct.gov,City,City of New London,New London,CT
newmilfordct.gov,City,Town of New Milford,New Milford,CT
newingtonct.gov,City,Town of Newington,Newington,CT
boroughofnewtownct.gov,City,Borough of Newtown,Newtown,CT
newtown-ct.gov,City,"Town of Newtown, CT",Newtown,CT
eastlymect.gov,City,Town of East Lyme,Niantic,CT
northbranfordct.gov,City,Town of North Branford,North Branford,CT
northbranfordpdct.gov,City,Town of North Branford,North Branford,CT
northcanaan.gov,City,Town of North Canaan,North Canaan,CT
northhaven-ct.gov,City,Town of North Haven,North Haven,CT
northstoningtonct.gov,City,Town of North Stonington,North Stonington,CT
norwalkct.gov,City,City of Norwalk,Norwalk,CT
ttd.gov,City,Third Taxing District,Norwalk,CT
norwichct.gov,City,City of Norwich,Norwich,CT
secogct.gov,County,Southeastern Connecticut Council of Governments,Norwich,CT
oldlyme-ct.gov,City,Town of Old Lyme,Old Lyme,CT
oldsaybrookct.gov,City,Town of Old Saybrook,Old Saybrook,CT
orange-ct.gov,City,Town of Orange,Orange,CT
oxford-ct.gov,City,Town of Oxford Website Committee,Oxford,CT
plainville-ct.gov,City,City of Plainville,Plainville,CT
pomfretct.gov,City,Town of Pomfret,Pomfret Center,CT
reddingct.gov,City,Town of Redding,Redding,CT
ridgefieldct.gov,City,Town of Ridgefield,Ridgefield,CT
rockyhillct.gov,City,Town of Rocky Hill,Rocky Hill,CT
salemct.gov,City,Town of Salem,Salem,CT
scotlandct.gov,City,Town of Scotland,Scotland,CT
sharonct.gov,City,Town of Sharon,Sharon,CT
shelton-ct.gov,City,City of Shelton,Shelton,CT
simsbury-ct.gov,City,Town of Simsbury,Simsbury,CT
somersct.gov,City,Town of Somers,Somers,CT
southwindsor-ct.gov,City,Town of South Windsor,South Windsor,CT
hvhdct.gov,Special district,Housatonic Valley Health District,Southbury,CT
southbury-ct.gov,City,Town of Southbury,Southbury,CT
staffordct.gov,City,Town of Stafford,Stafford SPGS,CT
stamfordct.gov,City,City of Stamford,Stamford,CT
sterlingct.gov,City,Town of Sterling,Sterling,CT
sterlingpsct.gov,School district,Sterling Public Schools,Sterling,CT
stonington-ct.gov,City,Town of Stonington,Stonington,CT
stoningtonboroughct.gov,City,Borough Of Stonington,Stonington,CT
stratfordct.gov,City,Town of Stratford,Stratford,CT
suffieldct.gov,City,Town of Suffield,Suffield,CT
plymouthct-fd.gov,City,Plymouth Fire Department,Terryville,CT
plymouthct-pd.gov,City,Plymouth Police Department,Terryville,CT
plymouthct.gov,City,Town of Plymouth,Terryville,CT
thomastonct.gov,City,TOWN OF THOMASTON,THOMASTON,CT
tollandct.gov,City,Town of Tolland,Tolland,CT
torringtonct-pd.gov,City,City of Torrington,Torrington,CT
torringtonct.gov,City,City of Torrington,Torrington,CT
trumbull-ct.gov,City,Town of Trumbull,Trumbull,CT
vernon-ct.gov,City,Town of Vernon Connecticut,Vernon,CT
voluntown.gov,City,Town of Voluntown,Voluntown,CT
wallingfordct.gov,City,Town of Wallingford,Wallingford,CT
warrenct.gov,City,Town of Warren,Warren,CT
waterburyct.gov,City,City of Waterbury,Waterbury,CT
waterfordct.gov,City,Town of Waterford,Waterford,CT
westhartfordct.gov,City,Town of West Hartford,West Hartford,CT
westhaven-ct.gov,City,City of West Haven,West Haven,CT
westonct.gov,City,Town of Weston,Weston,CT
westportct.gov,City,Town of Westport,Westport,CT
wethersfieldct.gov,City,Town of Wethersfield,Wethersfield,CT
windhamct.gov,City,Town of Windham,Willimantic,CT
willingtonct.gov,City,Town of Willington,Willington,CT
wiltonct.gov,City,Town of Wilton,Wilton,CT
windsorct.gov,City,Town of Windsor,Windsor,CT
woodbridgect.gov,City,Town  of Woodbridge,Woodbridge,CT
woodburyct.gov,City,Town of Woodbury Connecticut,Woodbury,CT
woodmontct.gov,City,Borough of Woodmont,Woodmont,CT
woodstockct.gov,City,Town of Woodstock,Woodstock,CT
opc-dc.gov,Special district,Office of the People's Counsel,Washington,DC
pdsdc.gov,Special district,The Public Defender Service for the District of Columbia,Washington,DC
bellefontede.gov,City,Town of Bellefonte,Bellefonte,DE
bethanybeach-de.gov,City,Town of Bethany Beach,Bethany Beach,DE
deweybeachpolice.gov,City,Dewey Beach Police Department,Dewey Beach,DE
townofdeweybeach.gov,City,Town of Dewey Beach,Dewey Beach,DE
cityofdover.gov,City,City of Dover,DOVER,DE
doverde.gov,City,City of Dover,DOVER,DE
kentcountyde.gov,County,Kent County Levy Court,Dover,DE
fenwickisland-de.gov,City,Town of Fenwick,Fenwick Island,DE
bowersde.gov,City,Town Of Bowers Beach,Frederica,DE
sussexcountyde.gov,County,Sussex County Council,Georgetown,DE
harringtondelaware.gov,City,City of Harrington,Harrington,DE
lewesbpwde.gov,City,Lewes Board of Public Works,Lewes,DE
milford-de.gov,City,Milford City Hall,Milford,DE
newcastlede.gov,County,New Castle County Governement,New Castle,DE
newarkde.gov,City,City of Newark,Newark,DE
oceanviewde.gov,City,Town of Ocean View,Ocean View,DE
rehobothbeachde.gov,City,"City of Rehoboth Beach, DE",Rehoboth Beach,DE
wilmingtonde.gov,City,City of Wilmington,Wilmington,DE
wilmingtondewater.gov,City,City of Wilmington,Wilmington,DE
alachuapd.gov,City,Alachua Police Department,Alachua,FL
cityofalachua.gov,City,City of Alachua,Alachua,FL
cityofapalachicolafl.gov,City,City of Apalachicola,Apalachicola,FL
franklincountyflorida.gov,County,Franklin County Florida Administration,Apalahicola,FL
apopka.gov,City,City of Apopka,Apopka,FL
arcadia-fl.gov,City,City of Arcadia,Arcadia,FL
sheriffdesotofl.gov,County,DeSoto County Sheriff's Office,Arcadia,FL
atlantisfl.gov,City,City of Atlantis,Atlantis,FL
aventurapolice.gov,City,City of Aventura,Aventura,FL
cityofaventura.gov,City,City of Aventura,Aventura,FL
balharbourfl.gov,City,Bal Harbour Village,Bal Harbour,FL
polkclerkfl.gov,County,Polk County Clerk of the Circuit Court & Comptroller,Bartow,FL
polkfl.gov,County,"Polk County, a Political Subdivision of the State of Florida",BARTOW,FL
polkflpa.gov,County,Polk County Property Appraiser,Bartow,FL
bayharborislands-fl.gov,City,Town of Bay Harbor Islands,Bay Harbor Islands,FL
bayharborpd.gov,City,Town of Bay Harbor Islands Police Department,Bay Harbor Islands,FL
belleglade.gov,City,City of Belle Glade,BELLE GLADE,FL
belleislefl.gov,City,"City of Belle Isle, Florida",Belle Isle,FL
belleairbluffs-fl.gov,City,City of Belleair Bluffs,Belleair Bluffs,FL
belleviewpdfl.gov,City,City of Belleview,Belleview,FL
biscayneparkfl.gov,City,Village of Biscayne Park,Biscayne Park,FL
calhouncountyfl.gov,County,Calhoun County,Blountstown,FL
calhouncountyflsheriff.gov,County,Calhoun County Sheriff's Office,Blountstown,FL
bocaraton-fl.gov,City,City of Boca Raton,Boca Raton,FL
farda.gov,Special district,Florida Atlantic Research and Development Authority,Boca Raton,FL
kbcr.gov,Special district,Tri-County Airport Authority,Bonifay,FL
cityofbonitasprings.gov,City,City of Bonita Springs,Bonita Springs,FL
bradentonfl.gov,City,City of Bradenton,Bradenton,FL
manateepao.gov,Special district,Manatee County Property Appraiser,Bradenton,FL
townofbrinybreezes-fl.gov,City,"Briny Breezes, Town of",Briny Breezes,FL
cityofbristolfl.gov,City,City of Bristol,Bristol,FL
libertycountyflsoe.gov,County,Liberty County SOE,Bristol,FL
bronsonfl.gov,City,Town of Bronson,Bronson,FL
flaglerclerk.gov,County,Flagler County Clerk of the Circuit Court & Comptroller,Bunnell,FL
flaglercounty.gov,County,Flagler County Board of County Commissioners,Bunnell,FL
flaglertax.gov,County,Flagler County Tax Collector,Bunnell,FL
sumterclerkfl.gov,County,Sumter County Clerk of Court,Bushnell,FL
sumtercountyfl.gov,County,Sumter County Board of County Commissioners,Bushnell,FL
townofcallahan-fl.gov,City,Town of Callahan,Callahan,FL
capecanaveral.gov,City,City of Cape Canaveral: CAPE Center,Cape Canaveral,FL
portcanaveral.gov,Special district,Canaveral Port Authority,Cape Canaveral,FL
capecoral.gov,City,City of Cape Coral IT Department,Cape Coral,FL
capecoralfl.gov,City,City of Cape Coral,Cape Coral,FL
chattahoocheefl.gov,City,City of Chattahoochee,Chattahoochee,FL
washingtonfl.gov,County,Washington County Board of County Commissioner,CHIPLEY,FL
pslpd.gov,City,Port Saint Lucie Police Department,city of port saint lucie,FL
clearwaterfl.gov,City,City of Clearwater,Clearwater,FL
mypinellasclerk.gov,Special district,Pinellas County Clerk of the Circuit Court and Comptroller,Clearwater,FL
pcpao.gov,Special district,Pinellas County Property Appraiser,Clearwater,FL
pinellas.gov,County,Pinellas County Government,Clearwater,FL
pinellascounty-fl.gov,County,Pinellas County Government,Clearwater,FL
pinellascountyfl.gov,County,Pinellas County Government,Clearwater,FL
pinellastaxcollector.gov,County,Pinellas County Tax Collector,Clearwater,FL
clermontfl.gov,City,City of Clermont,Clermont,FL
clewiston-fl.gov,City,City of Clewiston,Clewiston,FL
cocoafl.gov,City,City of Cocoa,cocoa,FL
coconutcreek.gov,City,City of Coconut Creek,Coconut Creek,FL
coconutcreekpd.gov,City,City of Coconut Creek Police Department,Coconut Creek,FL
coopercity.gov,City,City of Cooper City,Cooper City,FL
coopercityfl.gov,City,City of Cooper City,Cooper City,FL
coralgables-fl.gov,City,City of Coral Gables,Coral Gables,FL
coralgablesfl.gov,City,City Of Coral Gables,Coral Gables,FL
coralsprings.gov,City,City of Coral Springs,CORAL SPRINGS,FL
nsidfl.gov,City,North Springs Improvement District,Coral Springs,FL
wakullavotes.gov,County,Wakulla County Supervisor of Elections,Crawfordville,FL
cutlerbay-fl.gov,City,Town of Cutler Bay,Cutler Bay,FL
dadecityfl.gov,City,City of Dade City,Dade City,FL
pascocountyfl.gov,County,Pasco County Board of County Commissioners,Dade City,FL
pascopa.gov,County,Pasco County Property Appraiser,Dade City,FL
daniabeachfl.gov,City,City of Dania Beach,Dania Beach,FL
davie-fl.gov,City,Town of Davie,Davie,FL
daytonabeach.gov,City,City of Daytona Beach,Daytona Beach,FL
deerfieldbeachfl.gov,City,City of Deerfield Beach,Deerfield Beach,FL
deerfieldbeachflpd.gov,City,City of Deerfield Beach,Deerfield Beach,FL
argylefiredistrictfl.gov,Special district,Argyle Fire District,Defuniak Springs,FL
dfspdfl.gov,City,"Office of the City Marshal, DeFuniak Springs Police Department",DeFuniak Springs,FL
libertyfiredistrictfl.gov,Special district,Liberty Fire District,Defuniak Springs,FL
mywaltonfl.gov,County,Walton County Board of County Commissioners,DeFuniak Springs,FL
waltonclerkfl.gov,County,Walton County Clerk & Comptroller,DeFuniak Springs,FL
waltonpafl.gov,County,Walton County Property Appraiser,DeFuniak Springs,FL
waltontaxcollectorfl.gov,County,Walton County Tax Collector,DeFuniak Springs,FL
delandfl.gov,City,City of DeLand,DeLand,FL
vcpa.gov,Special district,Volusia County Property Appraiser,DeLand,FL
volusia.gov,County,County of Volusia,DeLand,FL
volusiasheriff.gov,Special district,Volusia County Sheriff's Office,Deland,FL
volusiatax.gov,County,Volusia County Tax Collector,DeLand,FL
delraybeachfl.gov,City,City of Delray Beach,Delray Beach,FL
mydelraybeachfl.gov,City,City of Delray Beach,Delray Beach,FL
deltonafl.gov,City,City Of Deltona,Deltona,FL
destinfire.gov,Special district,Destin Fire Control District,Destin,FL
doral-fl.gov,City,City of Doral IT Department,Doral,FL
doralpd-fl.gov,City,City of Doral,Doral,FL
mdsofl.gov,County,Miami-Dade Sheriff's Office,Doral,FL
miamidadesheriff.gov,County,Miami-Dade Sheriff's Office,Doral,FL
dunedin.gov,City,City of Dunedin,Dunedin,FL
eaglelakefl.gov,City,City of Eagle Lake,EAGLE LAKE,FL
edgewaterfl.gov,City,City of Edgewater,Edgewater,FL
edgewood-fl.gov,City,"City of Edgewood, Florida",Edgewood,FL
estero-fl.gov,City,Village of Estero,Estero,FL
eustis.gov,City,City of Eustis,eustis,FL
floridacityfl.gov,City,Florida City,Florida City,FL
browardclerk.gov,County,Broward County Clerk of Courts,Fort Lauderdale,FL
flpd.gov,City,City of Fort Lauderdale,Fort Lauderdale,FL
fortlauderdale.gov,City,City of Ft. Lauderdale,Fort Lauderdale,FL
fortmeadefl.gov,City,City of Fort Meade,Fort Meade,FL
flylcpa.gov,Special district,Lee County Port Authority,Fort Myers,FL
fortmyers.gov,City,City Of Fort Myers,Fort Myers,FL
lee-county-fl.gov,County,Lee County Government,Fort Myers,FL
leefl.gov,County,Lee County Government,Fort Myers,FL
southtrailfirefl.gov,Special district,South Trail Fire Protection & Rescue Service District,Fort Myers,FL
ticefire.gov,Special district,Tice Fire Protection & Rescue District,Fort Myers,FL
fmbfirefl.gov,Special district,Fort Myers Beach Fire Control District,Fort Myers Beach,FL
fortmyersbeachfl.gov,City,Town of Fort Myers Beach,Fort Myers Beach,FL
paslc.gov,Special district,Saint Lucie County Property Appraiser,Fort Pierce,FL
stlucieclerk.gov,Special district,St. Lucie County Clerk & Comptroller,Fort Pierce,FL
stluciesheriff.gov,County,St. Lucie County Sheriffs Office,Fort Pierce,FL
stlucievillagefl.gov,City,Town of St. Lucie Village,Fort Pierce,FL
cityoffwb.gov,City,City of Fort Walton Beach,Fort Walton Beach,FL
fwbpolice.gov,City,City of Fort Walton Beach Police Department,Fort Walton Beach,FL
freeportflorida.gov,City,City of Freeport,Freeport,FL
stlucieco.gov,City,St. Lucie County,Ft. Pierce,FL
alachuacounty.gov,County,Alachua County BOCC,Gainesville,FL
alachuacountyfl.gov,County,Alachua County BOCC,Gainesville,FL
alachuacountyfla.gov,County,Alachua County BOCC,Gainesville,FL
alachuacountyflorida.gov,County,Alachua County BOCC,Gainesville,FL
gainesvillefl.gov,City,City of Gainesville,Gainesville,FL
greenacresfl.gov,City,City of Greenacres,Greenacres,FL
groveland-fl.gov,City,City of Groveland,Groveland,FL
grovelandfl.gov,City,City of Groveland,Groveland,FL
grovelandflpd.gov,City,City of Groveland,Groveland,FL
gulfbreezefl.gov,City,City of Gulf Breeze,Gulf Breeze,FL
hainescityfl.gov,City,City of Haines City,Haines City,FL
hallandalebeachfl.gov,City,"Hallandale Beach, City of",hallandale beach,FL
hamptonfl.gov,City,City of Hampton,Hampton,FL
townofhaverhill-fl.gov,City,Town of Haverhill,Haverhill,FL
hialeahfl.gov,City,City of Hialeah,Hialeah,FL
hialeahflpd.gov,City,City of Hialeah Police,Hialeah,FL
hialeahgardenspd.gov,City,Hialeah Gardens Police Department,Hialeah Gardens,FL
highsprings.gov,City,City of High Springs,High Springs,FL
highlandbeachfl.gov,City,Town of Highland Beach,Highland Beach,FL
hillsborobeach.gov,City,Town of Hillsboro Beach,Hillsboro Beach,FL
hollyhillfl.gov,City,City of Holly Hill,Holly Hill,FL
homesteadfl.gov,City,City of Homestead,Homestead,FL
indiancreekvillagefl.gov,City,Indian Creek Village,Indian Creek,FL
indiancreekvillagepdfl.gov,City,INDIAN CREEK VILLAGE POLICE DEPARTMENT,INDIAN CREEK,FL
indianharbourbeach.gov,City,City of Indian Harbour Beach,indian harbour beach,FL
indianrivershores.gov,City,Town of Indian River Shores,Indian River Shores,FL
indiantownfl.gov,City,Village of Indiantown,Indiantown,FL
interlachen-fl.gov,City,City of Interlachen,Interlachen,FL
citrusbocc.gov,County,Citrus County Board of County Commissioners,Inverness,FL
citruscounty.gov,County,Citrus County Board of County Commissioners,Inverness,FL
inverness-fl.gov,City,City of Inverness,Inverness,FL
inverness.gov,City,City of Inverness,inverness,FL
duvalclerk.gov,County,Duval County Clerk of Courts,Jacksonville,FL
jacksonville.gov,City,"City of Jacksonville, FL",Jacksonville,FL
jacksonvillebeach.gov,City,City Of Jacksonville Beach,Jacksonville Beach,FL
hamiltonflsheriff.gov,County,Hamilton County Sheriff's Office,Jasper,FL
jenningspdfl.gov,City,Jennings Police Department,Jennings,FL
jupiterfl.gov,City,Town of Jupiter,Jupiter,FL
keylargofirerescue-fl.gov,Special district,Key Largo Fire Rescue and Emergency Services District,Key Largo,FL
cityofkeywest-fl.gov,City,City of Key West,Key West,FL
monroecounty-fl.gov,County,Monroe County Florida,Key West,FL
kissimmee.gov,City,City of Kissimmee,Kissimmee,FL
osceolaclerkfl.gov,County,"Clerk of the Circuit Court and County Comptroller, Osceola County, Florida",Kissimmee,FL
osceolacountyfl.gov,County,Osceola County Board of County Commissioners,Kissimmee,FL
osceolaflpa.gov,County,Osceola County Property Appraiser,Kissimmee,FL
hendryelections.gov,County,Hendry County SOE,LaBelle,FL
ladylakefl.gov,City,Town of Lady Lake,"Lady Lake, Florida",FL
cityofbaylakefl.gov,City,Reedy Creek Improvement District,Lake Buena Vista,FL
cityoflakebuenavistafl.gov,City,Reedy Creek Improvement District,Lake Buena Vista,FL
unioncounty-fl.gov,County,Union County Board of Commissioners,Lake Butler,FL
unionflpa.gov,County,Union County Property Appraiser,Lake Butler,FL
cityoflakecityfl.gov,City,City of Lake City,Lake City,FL
lakecityflpd.gov,City,Lake City Police Department,Lake City,FL
townoflcs.gov,City,Town of Lake Clarke Shores,Lake Clarke Shores,FL
lakeparkflorida.gov,City,City of Lake Park,Lake Park,FL
lakewalesfl.gov,City,City of Lake Wales,Lake Wales,FL
lakeworthbeachfl.gov,City,City of Lake Worth Beach,Lake Worth Beach,FL
lakelandfl.gov,City,City of Lakeland Florida,Lakeland,FL
pinellassheriff.gov,County,Pinellas County Sheriff’s Office,Largo,FL
lauderdalebythesea-fl.gov,City,Town of Lauderdale By The Sea Florida,Lauderdale By The Sea,FL
lbts-fl.gov,City,Town of Lauderdale-By-The-Sea,Lauderdale-By-The-Sea,FL
lauderhill-fl.gov,City,City of Lauderhill,Lauderhill,FL
lauderhillcra-fl.gov,City,Lauderhill CRA,Lauderhill,FL
lauderhillfl.gov,City,City of Lauderhill,Lauderhill,FL
citrusfire.gov,County,Citrus County BOCC,Lecanto,FL
leesburgflorida.gov,City,City of Leesburg Florida,Leesburg,FL
leecountyhcdfl.gov,Special district,Lee County Hyacinth Control District,Lehigh Acres,FL
leecountymcdfl.gov,Special district,Lee County Mosquito Control District,Lehigh Acres,FL
lighthousepointfl.gov,City,City of Lighthouse Point,Lighthouse Point,FL
suwanneecountyfl.gov,County,Suwannee County Board of County Commissioners,Live Oak,FL
suwcountyfl.gov,County,Suwannee County Board of County Commissioners,Live Oak,FL
suwedofl.gov,County,Suwannee County Economic Development,Live Oak,FL
loxahatcheegrovesfl.gov,City,Town of Loxahatchee Groves,Loxahatchee Groves,FL
bakerfl.gov,County,"County of Baker, Florida",Macclenny,FL
madeirabeachfl.gov,City,City of Madeira Beach,Madeira Beach,FL
miamidadeclerk.gov,County,Miami-Dade Clerk of Court & Comptroller,Maimi,FL
maitlandfl.gov,City,City of Maitland,Maitland,FL
jacksoncountycorrectionsfl.gov,County,Jackson County Board of County Comissioners,Marianna,FL
jacksoncountyfl.gov,County,Jackson County Board of County Commissioners,Marianna,FL
mexicobeachfl.gov,City,City of Mexico Beach,Mexico Beach,FL
mdcfl.gov,County,Miami-Dade County,Miami,FL
mdctaxcollector.gov,County,Miami-Dade County Office of the Tax Collector,Miami,FL
miami-dade.gov,County,Miami Dade County,Miami,FL
miami.gov,City,City of Miami,Miami,FL
miamidadecounty-fl.gov,County,Miami Dade County,Miami,FL
miamidadecountyfl.gov,County,Miami Dade County,Miami,FL
miamidadepa.gov,County,Property Appraiser of Miami-Dade County,Miami,FL
nw79streetcra.gov,Special district,NW 79 Street Corridor Community Redevelopment Agency,Miami,FL
nw7avecra.gov,Special district,NW 7 Avenue Corridor Community Redevelopment Agency,Miami,FL
miamibeachfl.gov,City,City of Miami Beach,Miami Beach,FL
miamigardens-fl.gov,City,City of Miami Gardens,Miami Gardens,FL
miamilakes-fl.gov,City,Town of Miami Lakes,Miami Lakes,FL
msvfl.gov,City,Miami Shores Village,Miami Shores,FL
miamisprings-fl.gov,City,City of Miami Springs,Miami Springs,FL
srcpa.gov,Special district,Santa Rosa County Property Appraiser,Milton,FL
minneola.gov,City,City of Minneola,MINNEOLA,FL
miramar-fl.gov,City,City of Miramar,Miramar,FL
miramarfl.gov,City,The City of Miramar,Miramar,FL
jeffersoncountyfl.gov,County,Jefferson County Board of County Commissioners,Monticello,FL
jeffersonflsheriff.gov,County,Jefferson County Sheriffs Office,Monticello,FL
jeffersonvotesfl.gov,County,Jefferson County SOE Office,Monticello,FL
voteglades.gov,County,Glades County Supervisor of Elections,Moore Haven,FL
mountdora.gov,City,City of Mount Dora,Mount Dora,FL
collierappraiser.gov,County,Collier County Property Appraiser,Naples,FL
collierclerk.gov,County,Collier County Clerk of the Circuit Court & Comptroller,Naples,FL
colliercountyfl.gov,County,Collier County Government,Naples,FL
naplesfl.gov,City,City of Naples,Naples,FL
northcollierfire.gov,Special district,North Collier Fire Control and Rescue district,Naples,FL
nbfl.gov,City,City of Neptune Beach,Neptune Beach,FL
pascoflcorrections.gov,County,Pasco County Board of County Commissioners,New Port Richey,FL
newberryfl.gov,City,City of Newberry,Newberry,FL
nicevillefl.gov,City,City of Niceville,Niceville,FL
northbayvillage-fl.gov,City,North Bay Village,North Bay Village,FL
bayshorefirefl.gov,Special district,Bayshore Fire Protection and Rescue Service District,North Fort Myers,FL
nfmfirefl.gov,Special district,North Fort Myers Fire District,North Fort Myers,FL
northmiamifl.gov,City,City of North Miami,North Miami,FL
northmiamibeachfl.gov,City,City of North Miami Beach,North Miami Beach,FL
developnorthportfl.gov,City,City of North Port Economic Development Division,North Port,FL
northportfl.gov,City,City of North Port,North Port,FL
northportpdfl.gov,City,North Port Police Department,North Port,FL
oakhillfl.gov,City,CITY OF OAK HILL,OAK HILL,FL
oaklandfl.gov,City,Town of Oakland,Oakland,FL
oaklandparkfl.gov,City,City of Oakland Park,Oakland Park,FL
marionflclerk.gov,Special district,Office of the Marion County Clerk of Court and Comptroller,Ocala,FL
marionswcdfl.gov,Special district,Marion Soil and Water Conservation District,Ocala,FL
ocalafire.gov,City,City of Ocala,Ocala,FL
ocalafl.gov,City,City of Ocala,Ocala,FL
ocalapd.gov,City,Ocala Police Department,Ocala,FL
oceanridge.gov,City,Town of Ocean Ridge,Ocean Ridge,FL
okeechobeecountyfl.gov,County,Okeechobee County Board of County Commissioners,Okeechobee,FL
oldsmarfl.gov,City,City of Oldsmar,Oldsmar,FL
opalockafl.gov,City,City of Opalocka,Opalocka,FL
orangecityfl.gov,City,City of Orange City,Orange City,FL
metroplanorlando.gov,Special district,MetroPlan Orlando,Orlando,FL
orlando.gov,City,City of Orlando,Orlando,FL
orlandofl.gov,City,City of Orlando,Orlando,FL
visionzerocfl.gov,Special district,MetroPlan Orlando,Orlando,FL
palatka-fl.gov,City,City of Palatka,Palatka,FL
palatkapd.gov,City,Palatka Police Department,Palatka,FL
putnam-fl.gov,County,Putnam County BOCC,Palatka,FL
palmbayfl.gov,City,City of Palm Bay,Palm Bay,FL
pbgfl.gov,City,City of Palm Beach Gardens,Palm Beach Gardens,FL
flaglermosquito.gov,Special district,East Flagler Mosquito Control District,Palm Coast,FL
palmcoast.gov,City,City of Palm Coast,Palm Coast,FL
palmettobay-fl.gov,City,Village of Palmetto Bay,Palmetto Bay,FL
baycountyfl.gov,County,Bay County Board of County Commissioners,Panama City,FL
baycountyfltax.gov,County,Bay County Tax Collector,Panama City,FL
panamacity.gov,City,City of Panama City,Panama City,FL
panamacitypolice.gov,City,Panama City Police Department,Panama City,FL
publicnoticesbaycountyfl.gov,County,Bay County Board Of County Commissioners,Panama City,FL
pcbfl.gov,City,City of Panama City Beach,Panama City Beach,FL
pdtppfl.gov,City,Town of Pembroke Park,Pembroke Park,FL
tppfl.gov,City,Town of Pembroke Park,Pembroke Park,FL
cityofpensacola.gov,City,City of Pensacola,Pensacola,FL
pensacolaenergy.gov,City,"City of Pensacola, Florida",Pensacola,FL
pinecrest-fl.gov,City,Village of Pinecrest,Pinecrest,FL
pinellaspark.gov,City,City of Pinellas Park,Pinellas Park,FL
tampabayrpc.gov,Special district,Tampa Bay Regional Planning Council,Pinellas Park,FL
pomonapark-fl.gov,City,Town of Pomona Park,Pomona Park,FL
pompanobeachfl.gov,City,City of Pompano Beach,Pompano Beach,FL
ponceinlet.gov,City,Town of Ponce Inlet,Ponce Inlet,FL
charlottecountyfl.gov,County,Charlotte County BCC,Port Charlotte,FL
cityofportrichey.gov,City,City of Port Richey,Port Richey,FL
portricheypd.gov,City,City of Port Richey,Port Richey,FL
gulfcounty-fl.gov,County,Gulf County Board of County Commissioners,Port St. Joe,FL
gulfcountytax.gov,County,Gulf County Tax Collector,Port St. Joe,FL
cityofpsl.gov,City,City of Port Saint Lucie,Port St. Lucie,FL
puntagordafl.gov,City,City of Punta Gorda,Punta Gorda,FL
gadsdencountyfl.gov,County,Gadsden County BOCC,Quincy,FL
royalpalmbeachfl.gov,City,Village of Royal Palm Beach,Royal Palm Beach,FL
sjcpa.gov,County,Saint Johns County Property Appraisers Office,Saint Augustine,FL
stpetersburg.gov,City,City of Saint Petersburg,Saint Petersburg,FL
sanfordfl.gov,City,City Of Sanford,Sanford,FL
seminoleclerkfl.gov,County,Seminole County Clerk of the Court,Sanford,FL
seminolecountyfl.gov,County,Seminole County Government,Sanford,FL
sanibel.gov,City,City of Sanibel,Sanibel,FL
southwaltonfire.gov,Special district,South Walton Fire District,Santa Rosa Beach,FL
cityofsarasotafl.gov,City,City of Sarasota,Sarasota,FL
sarasotadmv.gov,County,Sarasota County Tax Collector,Sarasota,FL
sarasotafl.gov,City,City of Sarasota,Sarasota,FL
sarasotapropertyappraiser.gov,County,Sarasota County Property Appraiser,Sarasota,FL
sarasotaschoolspd.gov,School district,Sarasota County Schools,Sarasota,FL
sarasotataxcollector.gov,County,Sarasota County Tax Collector,Sarasota,FL
satellitebeach.gov,City,City of Satellite Beach,Satellite Beach,FL
highlandsclerkfl.gov,County,Clerk of Circuit Court & Comptroller,Sebring,FL
highlandsfl.gov,County,Highlands County Board of County Commissioners,Sebring,FL
highlandssheriff.gov,County,Highlands County Sheriff's Office,Sebring,FL
myokaloosa.gov,County,Okaloosa County Board of County Commissioners,Shalimar,FL
somifl.gov,City,City of South Miami,South Miami,FL
southmiamifl.gov,City,City of South Miami,South Miami,FL
southmiamipdfl.gov,City,City of South Miami,South Miami,FL
stcloudfl.gov,City,City of St. Cloud,St. Cloud,FL
bradfordcountyfl.gov,County,Bradford County Florida,Starke,FL
pamartinfl.gov,County,Martin County Property Appraiser Office,Stuart,FL
stuartfl.gov,City,City of Stuart,Stuart,FL
sibfl.gov,City,City of Sunny Isles Beach,Sunny Isles Beach,FL
sibpdfl.gov,City,Sunny Isles Beach Police Department,Sunny Isles Beach,FL
sunrisefl.gov,City,City of Sunrise,Sunrise,FL
townofsurfsidefl.gov,City,Town of Surfside,Surfside,FL
leoncountyfl.gov,County,Leon County Board of County Commissioners,Tallahassee,FL
leonflsheriff.gov,County,Leon County Sheriff's Office,Tallahassee,FL
leonpa.gov,County,Leon County Property Appraiser,Tallahassee,FL
tamarac.gov,City,City of Tamarac,Tamarac,FL
cbhcfl.gov,Special district,Children's Board of Hillsborough County,Tampa,FL
flpd13.gov,County,Public Defender Thirteenth Judicial Circuit Florida,Tampa,FL
hcfl.gov,County,Hillsborough County Board of County Commissioners,Tampa,FL
hillspafl.gov,County,Hillsborough County Property Appraiser's Office,Tampa,FL
hillstaxfl.gov,County,Hillsborough County Tax Collector,Tampa,FL
tampa.gov,City,City of Tampa,Tampa,FL
tampafl.gov,City,City of Tampa,Tampa,FL
tarponsprings.gov,City,City of Tarpon Springs,Tarpon Springs,FL
lakeclerkfl.gov,County,Lake County Clerk of the Circuit Court and Comptroller,Tavares,FL
lakecountyclerkfl.gov,County,Lake County Clerk of the Circuit Court and Comptroller,Tavares,FL
lakecountyfl.gov,County,Lake County Board of County Commissioners,Tavares,FL
tavaresfl.gov,City,City of Tavares,Tavares,FL
templeterrace.gov,City,City of Temple Terrace,Temple Terrace,FL
jupiterinletcolony.gov,City,Town of Jupiter Inlet Colony,Town of Jupiter Inlet Colony,FL
mytreasureisland.gov,City,City of Treasure Island,Treasure Island,FL
venicefl.gov,City,City of Venice,Venice,FL
indianriver.gov,County,Indian River County Board of County Commissioners,Vero Beach,FL
brevardfl.gov,County,Brevard County Board of Commissioners,Viera,FL
virginiagardens-fl.gov,City,Village of Virgina Gardens,Virginia Gardens,FL
cityofwauchula.gov,City,City of Wauchula,Wauchula,FL
hardeecountyfl.gov,County,Hardee County BOCC,Wauchula,FL
hardeeflvotes.gov,County,HARDEE CO. SUPERVISOR OF ELECTIONS,WAUCHULA,FL
welaka-fl.gov,City,Town of Welaka,Welaka,FL
wellingtonfl.gov,City,Village of Wellington,Wellington,FL
westmelbourne.gov,City,City of West Melbourne,West Melbourne,FL
cityofwestmiami.gov,City,City of West Miami,West Miami,FL
westmiamipolice.gov,City,City of West Miami,West Miami,FL
clerkpbc.gov,County,"Clerk of the Circuit Court & Comptroller, Palm Beach County",West Palm Beach,FL
palmbeachcounty-fl.gov,County,Palm Beach County,West Palm Beach,FL
pbc.gov,County,Palm Beach County,West Palm Beach,FL
pbcpao.gov,Special district,Palm Beach County Property Appraiser's Office,West Palm Beach,FL
pbctax.gov,Special district,Palm Beach County Tax Collector,West palm Beach,FL
sfwmd.gov,Special district,South Florida Water Management District,West Palm Beach,FL
westonfl.gov,City,"City of Weston, Florida",Weston,FL
wildwood-fl.gov,City,City of Wildwood,Wildwood,FL
wildwoodpolice-fl.gov,City,City of Wildwood Police Department,Wildwood,FL
wiltonmanors.gov,City,City of Wilton Manors,Wilton Manors,FL
wiltonmanorspd.gov,City,City of Wilton Manors,Wilton Manors,FL
windermere.gov,City,The Town of Windermere,Windermere,FL
wgfl.gov,City,"City of Winter Garden, FL",Winter Garden,FL
wintergarden.gov,City,City of Winter Garden,Winter Garden,FL
winterhaven.gov,City,City of Winter Haven,Winter Haven,FL
winterspringsfl.gov,City,City of Winter Springs,Winter Springs,FL
nassaucountyfl.gov,County,Nassau County BOCC,Yulee,FL
zephyrhills.gov,City,City of Zephyrhills,Zephyrhills,FL
cityofabbevillega.gov,City,City of Abbeville,Abbeville,GA
acworth-ga.gov,City,City of Acworth,Acworth,GA
cityofadelga.gov,City,"City of Adel, GA",Adel,GA
albanyga.gov,City,City of Albany,Albany,GA
cityofalmaga.gov,City,The City of Alma Georgia,Alma,GA
alpharettaga.gov,City,City of Alpharetta,Alpharetta,GA
americusga.gov,City,City of Americus,Americus,GA
atlantaga.gov,City,City of Atlanta,Atlanta,GA
dekalbgastatecourt.gov,County,DeKalb County State Court,Atlanta,GA
fultoncountyga.gov,County,Fulton County Government,Atlanta,GA
fultonschoolsga.gov,School district,Fulton County Board of Education,Atlanta,GA
fultonsuperiorcourtga.gov,County,Superior Court of Fulton County,Atlanta,GA
townofcarl.gov,City,Town of Carl,Auburn,GA
augustaga.gov,City,City of Augusta,Augusta,GA
austellga.gov,City,City of Austell,Austell,GA
avondaleestatesga.gov,City,Avondale Estates,Avondale Estates,GA
decaturcountyga.gov,County,Decatur County Board of Commissioners,Bainbridge,GA
ballgroundga.gov,City,"City of Ball Ground, Georgia",Ball Ground,GA
barnesvillega.gov,City,"Barnesville, GA",Barnesville,GA
lamarcountyga.gov,County,"Lamar County, GA",Barnesville,GA
applingcounty.gov,County,Appling County Board of Commissioners,Baxley,GA
baxleyga.gov,City,City of Baxley,Baxley,GA
townofbishop.gov,City,"Town of Bishop, GA",Bishop,GA
piercecountyga.gov,County,"Pierce County, Georgia",Blackshear,GA
unioncountyga.gov,County,Union County Commissioner,Blairsveille,GA
blairsville-ga.gov,City,City of Blairsville,Blairsville,GA
earlycountyga.gov,County,Early County Board of Commissioners,Blakely,GA
bloomingdale-ga.gov,City,City of Bloomingdale,Bloomingdale,GA
cityofblueridgega.gov,City,City of Blue Ridge,Blue Ridge,GA
blythega.gov,City,City of Blythe GA,Blythe,GA
cityofbowmanga.gov,City,City of Bowman,Bowman,GA
braselton.gov,City,Town of Braselton,Braselton,GA
braswellga.gov,City,City of Braswell,Braswell,GA
bremenga.gov,City,City of Bremen,Bremen,GA
brookhavenga.gov,City,City of Brookhaven,Brookhaven,GA
cityofbrunswick-ga.gov,City,City of Brunswick,Brunswick,GA
glynncounty-ga.gov,County,Glynn County Board of Commissioners,Brunswick,GA
buchananga.gov,City,City of Buchanan,Buchanan,GA
haralsoncountyga.gov,County,Haralson County Commissioner,Buchanan,GA
gradycountyga.gov,County,Grady County Board of Commissioners,Cairo,GA
calhounga.gov,City,City of Calhoun,Calhoun,GA
gordoncountyga.gov,County,County of Gordon,Calhoun,GA
cityofcanon.gov,City,CITY OF CANON,Canon,GA
cantonga.gov,City,City of Canton,Canton,GA
cherokeecountyga.gov,County,Cherokee County BOC,Canton,GA
cherokeewaterga.gov,Special district,Cherokee County Water and Sewerage Authority,Canton,GA
franklincountyga.gov,County,Franklin County,Carnesville,GA
carrollcountyga.gov,County,Carroll County Board of Commissioners,Carrollton,GA
carrollsheriffga.gov,County,Carroll County Sheriff's Office,Carrollton,GA
carrollton-ga.gov,City,City of Carrollton,Carrollton,GA
bartowcountyga.gov,County,Bartow County,Cartersville,GA
cartersvillega.gov,City,City of Cartersville,Cartersville,GA
cecilga.gov,City,City of Cecil,Cecil,GA
cedartowngeorgia.gov,City,City of Cedartown,Cedartown,GA
chambleega.gov,City,City of Chamblee,Chamblee,GA
chatsworthga.gov,City,City of Chatsworth,Chatsworth,GA
murraycountyga.gov,County,Murray County Government,Chatsworth,GA
habershamcounty-ga.gov,County,Habersham County,Clarkesville,GA
clarkstonga.gov,City,City of Clarkston,Clarkston,GA
cityofclaytonga.gov,City,City of Clayton,Clayton,GA
whitecountyga.gov,County,White County Board of Commissioners,Cleveland,GA
collegeparkga.gov,City,City of College Park,College Park,GA
colquittga.gov,City,City of Colquitt,Colquitt,GA
millercountyga.gov,County,Miller County Board of Commissioners,Colquitt,GA
columbusga.gov,City,Columbus Consolidated Government,Columbus,GA
commercega.gov,City,City of Commerce,Commerce,GA
cityofconcordga.gov,City,City of Concord,Concord,GA
conyersga.gov,City,City of Conyers,Conyers,GA
rockdalecoprobatecourt.gov,County,Rockdale County Probate Court,Conyers,GA
rockdalecountyga.gov,County,Rockdale County,Conyers,GA
cordelega.gov,City,"City of Cordele, Georgia",Cordele,GA
cornelia.gov,City,City of Cornelia,Cornelia,GA
newtoncountyga.gov,County,Newton County Board of Commissioners,Covington,GA
taliaferrofire.gov,County,Taliaferro County Fire Department,Crawfordville,GA
boerandolphcountyga.gov,County,Board of Elections & Registration,Cuthbert,GA
randolphcountyga.gov,County,Randolph County Board of Commisioners,Cuthbert,GA
daculaga.gov,City,"City of Dacula, GA",Dacula,GA
mulberryga.gov,City,City of Mulberry,Dacula,GA
dahlonega.gov,City,City of Dahlonega,Dahlonega,GA
lumpkincounty.gov,County,Lumpkin County,Dahlonega,GA
dallas-ga.gov,City,"City of Dallas, Georgia",Dallas,GA
dallasga.gov,City,City of Dallas,Dallas,GA
paulding.gov,County,Paulding County Board of Commissioners,Dallas,GA
cityofdalton-ga.gov,City,Dalton City Information Technology Office,Dalton,GA
daltonga.gov,City,City of Dalton,Dalton,GA
whitfieldcountyga.gov,County,Whitfield County Board of Commissioners,Dalton,GA
mcintoshcounty-ga.gov,County,McIntosh County Booard of Commssioners,Darien,GA
davisboroga.gov,City,"City of Davisboro, GA",Davisboro,GA
terrellcountyga.gov,County,Terrell County Board of Commissioners,Dawson,GA
dawsoncountyga.gov,County,Dawson County Government,Dawsonville,GA
dawsonville-ga.gov,City,City of Dawsonville,Dawsonville,GA
etowahwaterga.gov,Special district,Etowah Water & Sewer Authority,Dawsonville,GA
dearingga.gov,City,Town of Dearing,Dearing,GA
dekalbcountyga.gov,County,DeKalb County Government,Decatur,GA
dekalbtaxga.gov,County,DeKalb County Tax Commissioner,Decatur,GA
cityofdouglasga.gov,City,City of Douglas,Douglas,GA
coffeecounty-ga.gov,County,Coffee County Board of Commissioners,Douglas,GA
coffeesheriffga.gov,County,Coffee County Sheriff's Office,Douglas,GA
douglascountyga.gov,County,Douglas County,Douglasville,GA
douglasvillega.gov,City,City of Douglasville,Douglasville,GA
laurenscoga.gov,County,Laurens County Georgia,DUBLIN,GA
dunwoodyga.gov,City,City of Dunwoody Georgia,Dunwoody,GA
eastpointga.gov,City,City of East Point,East Point,GA
eastmanga.gov,City,City of Eastman,Eastman,GA
putnam-ga.gov,County,Putnam County Board of Commissioners,Eatonton,GA
ellijay-ga.gov,City,City of Ellijay,Ellijay,GA
gilmercounty-ga.gov,County,Gilmer County Board of Commissioners,Ellijay,GA
columbiacountyga.gov,County,Columbia County Georgia,Evans,GA
fairmountga.gov,City,City of Fairmount GA,Fairmount,GA
fayettecountyga.gov,County,Fayette County Board of Commissioners,Fayetteville,GA
fayetteville-ga.gov,City,City of Fayetteville,Fayetteville,GA
benhillcounty-ga.gov,County,Ben Hill County,Fitzgerald,GA
charltoncountyga.gov,County,Charlton County Board of Commissioners,Folkston,GA
cityoffolkston-ga.gov,City,City of Folkston,Folkston,GA
forestparkga.gov,City,City of Forest Park,Forest Park,GA
fortoglethorpega.gov,City,Fort Oglethorpe City Government,Fort Oglethorpe,GA
franklinga.gov,City,City of Franklin,Franklin,GA
gainesvillega.gov,City,City of Gainesville,Gainesville,GA
hallcountyga.gov,County,Hall County Board of Commissioners,Gainesville,GA
hallcourtsga.gov,County,Northeast Judicial Circuit Court,Gainesville,GA
nejcga.gov,County,Northeast Judicial Circuit Court,Gainesville,GA
gardencity-ga.gov,City,City of Garden City,Garden City,GA
gayga.gov,City,"Gay, GA City Hall",Gay,GA
glennvillega.gov,City,City of Glennville,Glennville,GA
greenecountyga.gov,County,Greene County Board of Commissioners,Greensboro,GA
greensboroga.gov,City,City of Greensboro,Greensboro,GA
meriwethercountyga.gov,County,Meriwether County Board of Commissioners,Greenville,GA
griffinga.gov,City,City of Griffin,Griffin,GA
hahiraga.gov,City,"Hahira, Georgia",Hahira,GA
hamiltonga.gov,City,City of Hamilton,Hamilton,GA
harriscountyga.gov,County,Harris County Commissioners,Hamilton,GA
hamptonga.gov,City,City of Hampton,Hampton,GA
hartcountyga.gov,County,Hart County Georgia,Hartwell,GA
hartwellga.gov,City,City of Hartwell,Hartwell,GA
hawkinsvillega.gov,City,City of Hawkinsville,Hawkinsville,GA
hazlehurstga.gov,City,City of Hazlehurst,Hazlehurst,GA
jeffdaviscountyga.gov,County,Jeff Davis County Board Of Commissioners,Hazlehurst,GA
hephzibahga.gov,City,City of Hephzibah,Hephzibah,GA
hiawasseega.gov,City,City of Hiawassee,Hiawassee,GA
townscountysheriff.gov,County,Towns County Sheriff Office,Hiawassee,GA
libertycounty-ga.gov,County,Liberty County Georgia,Hinesville,GA
libertycountyga.gov,County,"Liberty County, Georgia",Hinesville,GA
cityofhiramga.gov,City,City of Hiram,Hiram,GA
hiram-ga.gov,City,City of Hiram,Hiram,GA
hoboken-ga.gov,City,City of Hoboken GA,Hoboken,GA
clinchcountyga.gov,County,Clinch County Commission,Homerville,GA
homervillega.gov,City,City of Homerville,Homerville,GA
idealga.gov,City,City of Ideal,Ideal,GA
jacksonvillega.gov,City,City of Jacksonville,Jacksonville,GA
pickenscountyga.gov,County,Pickens County Government,Jasper,GA
jacksoncoga.gov,County,Jackson County Board of Commissioners,Jefferson,GA
jcwga.gov,Special district,Jackson County Water and Sewerage Authority,Jefferson,GA
jeffersonga.gov,City,City of Jefferson,Jefferson,GA
jesupga.gov,City,City of Jesup,Jesup,GA
jesuppd-ga.gov,City,Jesup Police Department,Jesup,GA
waynecounty-ga.gov,County,Wayne County Sherriff's Office,Jesup,GA
johnscreekga.gov,City,City of Johns Creek,Johns Creek,GA
claytoncountyga.gov,County,Clayton County Government,Jonesboro,GA
kennesaw-ga.gov,City,City of Kennesaw,Kennesaw,GA
kingslandga.gov,City,City of Kingsland,Kingsland,GA
kingstonga.gov,City,City of Kingston Police Department,Kingston,GA
walkercountyga.gov,County,Walker County Government,LaFayette,GA
lagrangega.gov,City,City of LaGrange,LaGrange,GA
troupcountyga.gov,County,Troup County Board of Commissioners,LaGrange,GA
lakelandga.gov,City,"City of Lakeland, GA",Lakeland,GA
lanierprobatecourt.gov,County,LANIER COUNTY PROBATE AND MAGISTRATE COURT,LAKELAND,GA
lavoniaga.gov,City,City of Lavonia,Lavonia,GA
gwinnettclerkofcourts.gov,County,Gwinnett County Clerk of Courts,Lawrenceville,GA
gwinnettcounty.gov,County,Gwinnett County Board of Commissioners,Lawrenceville,GA
gwinnettcountyga.gov,County,Gwinnett County Board of Commissioners,Lawrenceville,GA
lawrencevillega.gov,City,City of Lawrenceville,Lawrenceville,GA
leecountyga.gov,County,Lee County Board of Commissioners,Leesburg,GA
leesburgga.gov,City,City of Leesburg,Leesburg,GA
oglethorpecountyga.gov,County,Oglethorpe County Board of Commissioners,Lexington,GA
lincolncountyga.gov,County,Lincoln County Government,Lincolnton,GA
lithoniacity.gov,City,Lithonia,Lithonia,GA
stonecrestga.gov,City,Governor's Commission for the City of Stonecrest,Lithonia,GA
locustgrove-ga.gov,City,City of Locust Grove,Locust Grove,GA
loganville-ga.gov,City,City of Loganville,Loganville,GA
jeffersoncountyga.gov,County,Jefferson County Board of Commissioners,Louisville,GA
louisvillega.gov,City,City of Louisville,Louisville,GA
longcountyga.gov,County,Long County Board of Commissioners,Ludowici,GA
stewartcountyga.gov,County,Stewart County Commission,Lumpkin,GA
luthersville.gov,City,The City of Luthersville,Luthersville,GA
cityofoakparkga.gov,City,City of Oak Park,Lyons,GA
lyonsga.gov,City,City of Lyons,Lyons,GA
toombscountyga.gov,County,Toombs County Board of Commissioners,Lyons,GA
mableton.gov,City,CITY OF MABLETON,Mableton,GA
morgancountyga.gov,County,Morgan County,Madison,GA
manchester-ga.gov,City,City of Manchester,Manchester,GA
mansfieldga.gov,City,City of Mansfield,Mansfield,GA
cobbcounty.gov,County,Cobb County Government,Marietta,GA
cobbcountyga.gov,County,Cobb County,Marietta,GA
cobbtax.gov,County,Cobb County Tax Commissioner,Marietta,GA
mariettaga.gov,City,City of Marietta,Marietta,GA
mariettageorgia.gov,City,City of Marietta,Marietta,GA
mcraehelena.gov,City,City of Mcrae-Helena,Mc Rae Helena,GA
cityofmccaysvillega.gov,City,City of McCaysville,McCaysville,GA
henrycountyga.gov,County,Henry County Government,McDonough,GA
henrycountysheriffga.gov,County,Henry County Government,McDonough,GA
mcdonough-ga.gov,City,City of McDonough,McDonough,GA
telfaircountyga.gov,County,Telfair County Georgia,McRae-Helena,GA
cityofmeigs.gov,City,CITY OF MEIGS,MEIGS,GA
candlerco-ga.gov,County,Candler County Board of Commissioners,Metter,GA
cityofmetterga.gov,City,City of Metter,Metter,GA
midville-ga.gov,City,Midville Police Department,Midville,GA
milanga.gov,City,City of Milan Georgia,Milan,GA
milledgevillepd-ga.gov,City,Milledgeville Police Department,Milledgeville,GA
milledgevillepdga.gov,City,Milledgeville Police Department,Milledgeville,GA
cityofmillenga.gov,City,City of Millen,Millen,GA
jenkinscountyga.gov,County,Jenkins County Board of Commissioners,Millen,GA
milnerga.gov,City,City of Milner,Milner,GA
miltonga.gov,City,City of MIlton,Milton,GA
monroega.gov,City,City of Monroe,Monroe,GA
waltoncountyga.gov,County,Walton County Board of Commissioners,Monroe,GA
calhounsoga.gov,County,Calhoun County Sheriff's Office,MORGAN,GA
cityofmorgantonga.gov,City,City of Morganton,Morganton,GA
morrowga.gov,City,City of Morrow,Morrow,GA
colquittcountyga.gov,County,Colquitt County Board of Commissioners,Moultrie,GA
montcoga.gov,County,Montgomery County Board of Commissioners,Mount Vernon,GA
montcosoga.gov,County,Montgomery County Sheriff's Office,Mount Vernon,GA
brantleycounty-ga.gov,County,Brantley County of Commissioners,Nahunta,GA
berriencountyga.gov,County,Berrien County Government,Nashville,GA
cowetaga.gov,County,"Coweta County, GA",Newnan,GA
newnanga.gov,City,"City of Newnan, Georgria",Newnan,GA
cityofnichollsga.gov,City,City Of Nicholls,Nicholls,GA
normanparkga.gov,City,City of Norman Park,Norman Park,GA
cityofocillaga.gov,City,City of Ocilla,Ocilla,GA
irwincounty-ga.gov,County,Irwin County Georgia,Ocilla,GA
maconcountyga.gov,County,Macon County Board of Commissioners,Oglethorpe,GA
cityofoliverga.gov,City,"City of Oliver City Hall, Police Department and Municipal Court",Oliver,GA
peachtreecityga.gov,City,City of Peachtree City,Peachtree City,GA
peachtreecornersga.gov,City,City of Peachtree Corners,Peachtree Corners,GA
bryancountyga.gov,County,Bryan County Commissioners,Pembroke,GA
perry-ga.gov,City,City of Perry,Perry,GA
plainsgeorgia.gov,City,City Plains,Plains,GA
pooler-ga.gov,City,City of Pooler,Pooler,GA
portwentworthga.gov,City,City of Port Wentworth,Port Wentworth,GA
brookscountyga.gov,County,Brooks County Board of Commissioners,Quitman,GA
quitmanga.gov,City,City of Quitman,Quitman,GA
raycityga.gov,City,City of Ray City,Ray City,GA
tattnallcountyga.gov,County,Tattnall County Board of Commissioners,Reidsville,GA
richmondhill-ga.gov,City,"City of Richmond Hill, Georgia",Richmond Hill,GA
rinconga.gov,City,City of Rincon,Rincon,GA
catoosacountyga.gov,County,Catoosa County Government,Ringgold,GA
cityofringgoldga.gov,City,City of Ringgold,Ringgold,GA
riverdalega.gov,City,City of Riverdale,Riverdale,GA
rockmart-ga.gov,City,City of Rockmart,Rockmart,GA
floydcountyga.gov,County,Floyd County Government,Rome,GA
floydsheriffga.gov,County,Floyd County Sheriff's Office,Rome,GA
nwgrc.gov,Special district,Northwest Georgia Regional Commission,Rome,GA
romega.gov,City,"City of Rome, Georgia",Rome,GA
romegafire.gov,City,Rome City/Floyd County Fire Department,Rome,GA
romegapolice.gov,City,"City of Rome, Georgia Police Department",Rome,GA
rossvillega.gov,City,"City of Rossville, GA",Rossville,GA
salecityga.gov,City,City of Sale City,Sale City,GA
sandersvillega.gov,City,City of Sandersville,Sandersville,GA
washingtoncountyga.gov,County,Washington County Board of Commissioners,Sandersville,GA
sandyspringsga.gov,City,City of Sandy Springs,Sandy Springs,GA
sandyspringsgapolice.gov,City,Sandy Springs Police Department,Sandy Springs,GA
townofsasserga.gov,City,Town of Sasser,Sasser,GA
chathamcountyga.gov,County,"Chatham County, GA",Savanah,GA
savannahga.gov,City,"City of Savannah, GA",Savannah,GA
vernonburg.gov,City,Town of Vernonburg,Savannah,GA
screvenga.gov,City,City of Screven,Screven,GA
senoia.gov,City,City of Senoia,Senoia,GA
sharpsburg-ga.gov,City,Town of Sharpsburg,Sharpsburg,GA
smyrnaga.gov,City,City of Smyrna,Smyrna,GA
snellville.gov,City,City of Snellville,Snellville,GA
socialcirclega.gov,City,"City of Social Circle, Georgia",Social Circle,GA
cityofsouthfultonga.gov,City,City of South Fulton,South Fulton,GA
sparksga.gov,City,City of Sparks,Sparks,GA
hancockcountyga.gov,County,Hancock County Board of Commissioners,Sparta,GA
stmarysga.gov,City,City of St. Marys,St. Marys,GA
statesboroga.gov,City,City of Statesboro,Statesboro,GA
sugarhillga.gov,City,City of Sugar Hill,Sugar Hill,GA
chattoogacounty.gov,County,Chattooga County Government,Summerville,GA
summervillega.gov,City,City of Summerville,Summerville,GA
emanuelco-ga.gov,County,Emanuel County Board of Commissioners,Swainsboro,GA
screvencosheriffga.gov,County,Screven County Sheriff's Office,Sylvania,GA
screvencountyga.gov,County,Screven County Board of Commissioners,Sylvania,GA
tallapoosaga.gov,City,City Of Tallapoosa,Tallapoosa,GA
tallulahfallsga.gov,City,Town of Tallulah Falls,Tallulah Falls,GA
tennille-ga.gov,City,City Of Tennille,Tennille,GA
thomascountyga.gov,County,Thomas County Board of Commissioners,Thomasville,GA
thomson-mcduffie.gov,County,Mcduffie County Board of Commisioners,Thomson,GA
tiftcounty.gov,County,Tift County,Tifton,GA
tiftonga.gov,City,City of Tifton,Tifton,GA
stephenscountyga.gov,County,Stephens County Board of Commissioners,Toccoa,GA
dadecounty-ga.gov,County,Dade County Georgia,Trenton,GA
trentonga.gov,City,City of Trenton,trenton,GA
tuckerga.gov,City,"City of Tucker, GA",Tucker,GA
cityoftybee.gov,City,City of Tybee Island,Tybee Island,GA
tyronega.gov,City,Town of Tyrone,Tyrone,GA
unioncityga.gov,City,City of Union City,Union City,GA
dasherga.gov,City,"City of Dasher, Georgia",Valdosta,GA
lowndescountyga.gov,County,Lowndes County Board of Commissioners,Valdosta,GA
vidaliaga.gov,City,City of Vidalia,Vidalia,GA
villarica.gov,City,Villa Rica,VILLA RICA,GA
warecountyga.gov,County,Ware County Government,Wacross,GA
wadleyga.gov,City,City of Wadley,Wadley,GA
warmspringsga.gov,City,City of Warm Springs GA,Warm Springs,GA
houstoncountyga.gov,County,Houston County Board Of Commissioners,Warner Robins,GA
warnerrobinsga.gov,City,City of Warner Robins,Warner Robins,GA
wrga.gov,City,City of Warner Robins,Warner Robins,GA
warrencountyga.gov,County,Warren County Board of Commissioners,Warrenton,GA
warrentonga.gov,City,City of Warrenton,Warrenton,GA
cityofwashingtonga.gov,City,City of Washington,Washington,GA
washingtonga.gov,City,City of Washington,Washington,GA
wga.gov,City,City of Washington,Washington,GA
oconeecountyga.gov,County,Oconee County Board of Commissioners,Watkinsville,GA
waverlyhallga.gov,City,Town of Waverly Hall,Waverly Hall,GA
waycrossga.gov,City,City of Waycross,Waycross,GA
burkecounty-ga.gov,County,Burke County Georgia,Waynesboro,GA
camdencountyga.gov,County,Camden County Board of Commissioners,Woodbine,GA
cityofwoodburyga.gov,City,City of Woodbury,Woodbury,GA
woodstockga.gov,City,City of Woodstock,Woodstock,GA
pikecoga.gov,County,"Pike County, GA",Zebulon,GA
pikecountygasheriff.gov,County,"Pike County, GA Sheriff's Office",Zebulon,GA
hawaiicounty.gov,County,County of Hawaii,Hilo,HI
hawaiipolice.gov,County,Hawaii County Police Department,Hilo,HI
hawaiiprosecutors.gov,County,Office of the Prosecuting Attorney,Hilo,HI
hnlalert.gov,County,City and County of Honolulu Department of Emergency Management,Honolulu,HI
honolulu.gov,City,City and County of Honolulu,Honolulu,HI
keepcooloahu.gov,City,"City and County of Honolulu Office of Climate Change, Sustainability and Resiliency",Honolulu,HI
resilientoahu.gov,County,"City and County of Honolulu Office of Climate Change, Sustainability and Resiliency",Honolulu,HI
honolulubws.gov,Special district,Honolulu Board of Water Supply,Honoulu,HI
kauai.gov,County,County of Kauai,Lihue,HI
mauicounty-hi.gov,County,County of Maui,Wailuku,HI
mauicounty.gov,County,County of Maui,Wailuku,HI
adairia.gov,City,City of Adair,Adair,IA
adeliowa.gov,City,City of Adel,Adel,IA
dallascountyiowa.gov,County,Dallas County Iowa,Adel,IA
ainsworthiowa.gov,City,City of Ainsworth,Ainsworth,IA
algonaiowa.gov,City,City of Algona,Algona,IA
cityofallisonia.gov,City,"City of Allison, IA",Allison,IA
jonescountyiowa.gov,County,Jones County Iowa,Anamosa,IA
ankenyiowa.gov,City,City of Ankeny,Ankeny,IA
polkswcdiowa.gov,Special district,Polk Soil and Water Conservation District,Ankeny,IA
aplingtonpolice.gov,City,Aplington Police Department,APLINGTON,IA
casscountyia.gov,County,Cass County Iowa,Atlantic,IA
auduboncountyia.gov,County,Audubon County Courthouse,Audubon,IA
avocaiowa.gov,City,"City of Avoca, Iowa",Avoca,IA
belleplaineiowa.gov,City,City of Belle Plaine,Belle Plaine,IA
bellevueia.gov,City,"City of Bellevue, Iowa",Bellevue,IA
belmondpdia.gov,City,Belmond Police Department,Belmond,IA
bettendorf.gov,City,"City of Bettendorf, IA",Bettendorf,IA
daviscountyiowa.gov,County,Davis County Iowa,Bloomfied,IA
boonecsdia.gov,Special district,Boone Community School District,Boone,IA
booneiowa.gov,City,City of Boone,Boone,IA
cambridgeia.gov,City,City of Cambridge,Cambridge,IA
carrollcountyiowa.gov,County,Carroll County Iowa,Carroll,IA
carterlake-ia.gov,City,City of Carter Lake,Carter Lake,IA
linncounty-ia.gov,County,"Linn County, IA",Cedar Rapids,IA
linncountyiowa.gov,County,"Linn County, IA",Cedar Rapids,IA
centralcityia.gov,City,City of Central City,Central City,IA
floydcountyiowa.gov,County,Floyd County Iowa,Charles City,IA
clarioniowa.gov,City,"City of Clarion, Iowa",Clarion,IA
clarksvilleiowa.gov,City,City of Clarksville,Clarksville,IA
cityofclintoniowa.gov,City,City of Clinton Iowa,Clinton,IA
clintoncounty-ia.gov,County,County of Clinton,Clinton,IA
colfaxia.gov,City,City of Colfax,Colfax,IA
columbusjctia.gov,City,City of Columbus Junction Iowa,Columbus Junction,IA
coralville.gov,City,City of Coralville,Coralville,IA
adamscountyiowa.gov,County,Adams County Iowa,Corning,IA
councilbluffs-ia.gov,City,City of Council Bluffs,Council Bluffs,IA
pottawattamie.gov,County,"Pottawattamie County, Iowa",Council Bluffs,IA
pottcounty-ia.gov,County,"Pottawattamie County, Iowa",Council Bluffs,IA
pottcountysheriff.gov,County,Pottawattamie County,Council Bluffs,IA
pottia.gov,County,Pottawattamie County,Council Bluffs,IA
crestoniowa.gov,City,City of Creston Iowa,Creston,IA
unioncountyiowa.gov,County,Union County Iowa Courthouse,Creston,IA
scottcountyiowa.gov,County,Scott County Iowa,Davenport,IA
decorahia.gov,City,City of Decorah,Decorah,IA
ciww.gov,City,Des Moines Water Works,Des Moines,IA
polkcountyiowa.gov,County,Polk County,Des Moines,IA
dubuquecountyiowa.gov,County,Dubuque County,Dubuque,IA
eaglegrove.gov,City,City of Eagle Grove,Eagle Grove,IA
hardincountyia.gov,County,Hardin County,Eldora,IA
claytoncountyia.gov,County,"Clayton County, Iowa",Elkader,IA
paloaltosheriff.gov,County,Palo Alto County Sheriffs,Emmetsburg,IA
emmetcountyia.gov,County,Emmet County,Estherville,IA
fairfieldiowa.gov,City,City of Fairfield,Fairfield,IA
winnebagocountyiowa.gov,County,Winnebago County,Forest City,IA
winnebagosheriffia.gov,County,Winnebago County Sheriff's Department,Forest CIty,IA
fortatkinsonia.gov,City,City of Fort Atkinson,Fort Atkinson,IA
fortdodge.gov,City,"City of Fort Dodge, Iowa",Fort Dodge,IA
webstercountyia.gov,County,Webster County,Fort Dodge,IA
fredoniaiowa.gov,City,City of Fredonia,Fredonia,IA
fruitlandia.gov,City,City of Fruitland Iowa,Fruitland,IA
hancockcountyia.gov,County,Hancock County Iowa,Garner,IA
garwiniowa.gov,City,City of Garwin,Garwin,IA
cityofglenwoodia.gov,City,City of Glenwood,Glenwood,IA
millscountyiowa.gov,County,Mills County Iowa,Glenwood,IA
danaia.gov,City,City of Dana,Grand Junction,IA
grandjunctioniowa.gov,City,City of Grand Junction,Grand Junction,IA
grangeriowa.gov,City,City of Granger,Granger,IA
grimesiowa.gov,City,City of Grimes,Grimes,IA
grinnelliowa.gov,City,City of Grinnell,Grinnell,IA
griswoldia.gov,City,City of Griswold,Griswold,IA
grundycountyiowa.gov,County,Grundy County,Grundy Center,IA
adairguthrieia-ema.gov,Special district,Adair & Guthrie County Emergency Management Agency,Guthrie Center,IA
gcso.gov,County,"Guthrie County, Iowa",Guthrie Center,IA
guthriecounty.gov,County,"Guthrie County, Iowa",Guthrie Center,IA
cityofguttenbergia.gov,City,City of Guttenberg,Guttenberg,IA
franklincountyia.gov,County,Franklin County Iowa,Hampton,IA
hartleyiowa.gov,City,City of Hartley,Hartley,IA
hawkeyeia.gov,City,City of Hawkeye,Hawkeye,IA
holsteinia.gov,City,City of Holstein,Holstein,IA
independenceia.gov,City,City of Independence,Independence,IA
indianolaiowa.gov,City,City of Indianola,Indianola,IA
warrencountyia.gov,County,Warren County,Indianola,IA
johnsoncountyiowa.gov,County,Johnson County,Iowa City,IA
owasaiowa.gov,City,Owasa Iowa,Iowa Falls,IA
cityofjohnston.gov,City,City of Johnston,Johnston,IA
vanburencountyia.gov,County,Van Buren County Iowa,Keosauqua,IA
knoxvilleia.gov,City,City of Knoxville,Knoxville,IA
marioncountyiowa.gov,County,"County of Marion, Iowa",Knoxville,IA
lakemillsiowa.gov,City,City of Lake Mills,Lake Mills,IA
legrand-ia.gov,City,City of Le Grand,Le Grand,IA
leclaireiowa.gov,City,"City of LeClaire, Iowa",LeClaire,IA
plymouthcountyiowa.gov,County,Plymouth County Iowa,LeMars,IA
decaturcountyiowa.gov,County,Decatur County,Leon,IA
cityoflisbon-ia.gov,City,City of Lisbon,Lisbon,IA
lowden.gov,City,City of Lowden,"Lowden, IA",IA
maharishivediccity-iowa.gov,City,Maharishi Vedic City,Maharishi Vedic City,IA
cityofmarionia.gov,City,City of Marion,Marion,IA
mariontwplinncoia.gov,City,Marion Township,Marion,IA
marshallcountyia.gov,County,"Marshall County, Iowa",Marshalltown,IA
marshalltown-ia.gov,City,City of Marshalltown,Marshalltown,IA
cerrogordo.gov,County,Cerro Gordo County,Mason City,IA
cerrogordoauditor.gov,County,Cerro Gordo County,Mason City,IA
masoncityiowa.gov,City,City of Mason City,Mason City,IA
poweshiekcountyiowa.gov,County,Poweshiek County,Montezuma,IA
poweshiekso.gov,County,Poweshiek County Sheriff Office,Montezuma,IA
cityofmtvernon-ia.gov,City,City of Mount Vernon,Mount Vernon,IA
mtvernonlisbonpd-ia.gov,City,Mount Vernon-Lisbon Police Department,Mount Vernon,IA
muscatinecountyiowa.gov,County,Muscatine County Iowa,Muscatine,IA
muscatineiowa.gov,City,City of Muscatine,Muscatine,IA
storycountyiowa.gov,County,County of Story,Nevada,IA
nhcsdia.gov,School district,New Hampton Community School District,New Hampton,IA
northlibertyiowa.gov,City,City of North Liberty,North Liberty,IA
worthcountyiowa.gov,County,Worth County,Northwood,IA
ocheyedaniowa.gov,City,City of Ocheyedan,Ocheyedan,IA
mononacountyiowa.gov,County,Monona County Courthouse,Onawa,IA
siouxcountyia.gov,County,Sioux County,Orange City,IA
orleansiowa.gov,City,City of Orleans,Orleans,IA
mitchellcountyiowa.gov,County,Mitchell County,Osage,IA
mahaskacountyia.gov,County,Mahaska County,Oskaloosa,IA
clearcreektownshipia.gov,City,Clear Creek Township,Oxford,IA
parkersburgiapolice.gov,City,Parkersburg Police Department,Parkersburg,IA
pocahontascountyiowa.gov,County,Pocahontas County IT,Pocahontas,IA
pokysoia.gov,County,Pocahontas County Sheriff Department,Pocahontas,IA
polkcityia.gov,City,City of Polk City,Polk City,IA
montgomerycountyia.gov,County,Montgomery County Iowa,Red Oak,IA
redfieldia.gov,City,City of Redfield,Redfield,IA
riversideiowa.gov,City,"City of Riverside, IA",Riverside,IA
cityofrockwellcity.gov,City,City of Rockwell City,Rockwell City,IA
ruthvenfire.gov,City,Ruthven Fire Department,Ruthven,IA
saccountyiowa.gov,County,Sac County,Sac City,IA
sanborniowa.gov,City,City of Sanborn,Sanborn,IA
sheldoniowa.gov,City,City Of Sheldon,Sheldon,IA
osceolacountyia.gov,County,County of Osceola,Sible,IA
fremontcountyia.gov,County,Fremont County,Sidney,IA
siouxcenteria.gov,City,City of Sioux Center,Sioux Center,IA
woodburycountyiowa.gov,County,Woodbury County Iowa,Sioux City,IA
dickinsoncountyiowa.gov,County,Dickinson County,Spirit Lake,IA
bvcountyattorney.gov,County,Buena Vista County,Storm Lake,IA
stuartia.gov,City,City of Stuart,Stuart,IA
stuartrescueia.gov,City,Stuart Rescue Department,Stuart,IA
tamacityia.gov,City,City of Tama,Tama,IA
tamacountyiowa.gov,County,Tama County Board of Supervisors,Toledo,IA
toledoiowa.gov,City,City of Toledo,Toledo,IA
unionia.gov,City,City of Union,Union,IA
vanmeteria.gov,City,"City of Van Meter, Iowa",Van Meter,IA
bentoncountyia.gov,County,Benton County Iowa,Vinton,IA
vintonia.gov,City,City of Vinton IA,Vinton,IA
louisacountyia.gov,County,Louisa County Iowa,Wapello,IA
wapelloia.gov,City,IT Department,Wapello,IA
washingtoniowa.gov,City,City of Washington,Washington,IA
waukee.gov,City,City of Waukee,Waukee,IA
westburlingtoniowa.gov,City,City of West Burlington,West Burlington,IA
fayettecountysoia.gov,County,Fayette County Sheriffs Office,West Union,IA
williamsburgiowa.gov,City,City of Williamsburg,Williamsburg,IA
wiltoniowa.gov,City,City of Wilton,Wilton,IA
winterset.gov,City,City of Winterset,Winterset,IA
wyomingia.gov,City,"City of Wyoming, Iowa",Wyoming,IA
powercounty.gov,County,Power County,American Falls,ID
ammonidaho.gov,City,City of Ammon,Ammon,ID
arcoidaho.gov,City,City of Arco,Arco,ID
ashtonid.gov,City,City of Ashton ID,Ashton,ID
drummondid.gov,City,"City of Drummond, Idaho",Ashton,ID
bellevueidaho.gov,City,City of Bellevue,Bellevue,ID
binghamcountyid.gov,County,Bingham County,Blackfoot,ID
binghamid.gov,County,Bingham County,Blackfoot,ID
adacountyelections.gov,County,Ada County Information Technology,Boise,ID
boiseidaho.gov,City,City of Boise,Boise,ID
cassia.gov,County,Cassia County,Burley,ID
cassiasheriff.gov,County,Cassia County,Burley,ID
canyoncountyid.gov,County,Canyon County,Caldwell,ID
cascadefireid.gov,Special district,Cascade Rural Fire Protection District,Cascade,ID
valleycountyid.gov,County,Valley County Idaho,Cascade,ID
northbannockfire.gov,Special district,North Bannock Fire District,Chubbuck,ID
clarkforkidaho.gov,City,City of Clark Fork,Clark Fork,ID
cdaid.gov,City,City of Coeur d'Alene,Coeur d'Alene,ID
cityofdeclo.gov,City,City of Declo,Declo,ID
tetoncountyidaho.gov,County,Teton County Idaho,Driggs,ID
duboisidaho.gov,City,"City of Dubois, Idaho",Dubois,ID
eaglefireid.gov,Special district,Eagle Fire Protection District,Eagle,ID
cityoffairfieldidaho.gov,City,City of Fairfield,Fairfield,ID
firthidaho.gov,City,"City of Firth, Idaho",Firth,ID
goodingcountyid.gov,County,Gooding County,Gooding,ID
blainecountyid.gov,County,Blaine County Government,Hailey,ID
blainesheriffid.gov,County,Blaine County Sheriff,Hailey,ID
haydenid.gov,City,City of Hayden,Hayden,ID
cityofhaydenlake.gov,City,CITY OF HAYDEN LAKE,HAYDEN LAKE,ID
haydenlakesewerdistrict.gov,Special district,HAYDEN LAKE SEWER DISTRICT,HAYDEN LAKE,ID
bonnevillecountyid.gov,County,Bonneville County Emergency Communications Center,Idaho Falls,ID
bonnevillecountyidaho.gov,County,"Bonneville County, Idaho",Idaho Falls,ID
bonnevillecountysheriff.gov,County,Bonneville County Sheriff's Office,Idaho Falls,ID
giftidaho.gov,Special district,Greater Idaho Falls Transit,Idaho Falls,ID
idahofalls.gov,City,City of Idaho Falls,Idaho Falls,ID
idahofallsidaho.gov,City,City of Idaho Falls,Idaho Falls,ID
jeromecountyid.gov,County,Jerome County,Jerome,ID
ketchumidaho.gov,City,City of Ketchum,Ketchum,ID
kunaid.gov,City,City of Kuna,Kuna,ID
cityoflapwai.gov,City,City of Lapwai,Lapwai,ID
valleycoemsid.gov,Special district,Valley Countywide EMS District,McCall,ID
vrtidaho.gov,Special district,Valley Regional Transit,Meridian,ID
latahcountyid.gov,County,Latah County Idaho,Moscow,ID
moscowidahoruralfire.gov,Special district,Moscow Rural Fire District,Moscow,ID
elmorecountyid.gov,County,"Elmore County, Idaho",Mountain Home,ID
owyheecounty.gov,County,Owyhee County,Murphy,ID
nampa.gov,City,City of Nampa,Nampa,ID
nampaauditoriumdistrict.gov,Special district,Nampa Auditorium District,Nampa,ID
nampaidaho.gov,City,City of Nampa,Nampa,ID
nampapolice.gov,City,Nampa Police Department,Nampa,ID
cityofnezperce.gov,City,City of Nezperce,Nezperce,ID
cityoforofino.gov,City,City of Orofino Police Department,Orofino,ID
clearwatercountyid.gov,County,Clearwater County,Orofino,ID
southforksewerid.gov,Special district,SOUTH FORK COEUR D'ALENE RIVER SEWER DISTRICT,Osburn,ID
bannockcounty.gov,County,Bannock County,Pocatello,ID
hacpid.gov,City,Housing Alliance and Community Partnerships,Pocatello,ID
pocatello.gov,City,City of Pocatello,Pocatello,ID
postfalls.gov,City,City of Post Falls,Post Falls,ID
postfallspolice.gov,City,Post Falls Police Department,Post FAlls,ID
priestriver-id.gov,City,City of Priest River,Priest River,ID
rathdrum.gov,City,City of Rathdrum,Rathdrum,ID
rathdrumpolice.gov,City,Rathdrum Police Department,Rathdrum,ID
rexburgid.gov,City,The City of Rexburg,Rexburg,ID
rexburgurbanrenewal.gov,Special district,City of Rexburg,Rexburg,ID
cityofrigby.gov,City,City of Rigby,Rigby,ID
jeffersonid.gov,County,Jefferson County Idaho,Rigby,ID
cityofrobertsidaho.gov,City,City of Roberts,Roberts,ID
benewahcountyid.gov,County,Benewah County,Saint Maries,ID
bonnerasd.gov,Special district,Bonner County Ambulance Service District,Sandpoint,ID
bonnercoid.gov,County,Bonner County,Sandpoint,ID
bonnercountyid.gov,County,Bonner County,Sandpoint,ID
sandpointidaho.gov,City,City of Sandpoint,Sandpoint,ID
lincolncountyid.gov,County,Lincoln County,Shoshone,ID
shoshonecityid.gov,City,City of Shoshone,Shoshone,ID
spiritlakeid.gov,City,City of Spirit Lake,Spirit Lake,ID
fremontcountyid.gov,County,Fremont County,St Anthony,ID
cityofstanleyid.gov,City,City of Stanley,Stanley,ID
sugarcityidaho.gov,City,"City of Sugar City, Idaho",Sugar City,ID
sunvalleyidaho.gov,City,City of Sun Valley,Sun Valley,ID
uconidaho.gov,City,City of Ucon,Ucon,ID
victoridaho.gov,City,City of Victor,Victor,ID
washingtoncountyid.gov,County,Washington County,Weiser,ID
winchesterid.gov,City,CITY OF WINCHESTER,WINCHESTER,ID
aledoil.gov,City,City of Aledo,Aledo,IL
altontownshipil.gov,City,Alton Township Supervisor's Office,Alton,IL
cityofaltonil.gov,City,City of Alton,Alton,IL
antiochtownshipil.gov,City,Antioch Township,Antioch,IL
jems-il.gov,Special district,Northwest Central Joint Emergency Management System,Arlington Heights,IL
arrowsmithil.gov,City,Village of Arrowsmith,Arrowsmith,IL
arthur-il.gov,City,"Village of Arthur, IL",Arthur,IL
ashmore.gov,City,Village of Ashmore,Ashmore,IL
athensil.gov,City,City of Athens,Athens,IL
cityofatlantail.gov,City,CITY OF ATLANTA,ATLANTA,IL
barrington-il.gov,City,Village of Barrington,Barrington,IL
barringtontwpil.gov,City,Barrington Township,Barrington,IL
cubaassessoril.gov,City,Cuba Township,Barrington,IL
cubatwpil.gov,City,Cuba Township,Barrington,IL
barringtonhills-il.gov,City,Village of Barrington Hills,Barrington Hills,IL
vbhil.gov,City,Village of Barrington Hills,Barrington Hills,IL
bartlettil.gov,City,Village of Bartlett,Bartlett,IL
bartlettilfd.gov,Special district,Bartlett Fire Protection District,Bartlett,IL
bataviail.gov,City,City of Batavia,Batavia,IL
beckemeyeril.gov,City,City of Beckemeyer,Beckemeyer,IL
bedfordpark.gov,City,Village of Bedford Park,Bedford Park,IL
bedfordparkfd.gov,City,Village of Bedford Park Fire,Bedford Park,IL
stclaircountyil.gov,County,St Clair County Illinois,Belleville,IL
vacstclairil.gov,Special district,Veterans Assistance Commission of St. Clair County,Belleville,IL
bciltransit.gov,County,County of Boone,Belvidere,IL
belviderepoliceil.gov,City,Belvidere Police,Belvidere,IL
boonecountyil.gov,County,Boone County Government,Belvidere,IL
bensenville.gov,City,Village of Bensenville,Bensenville,IL
bentonil.gov,City,City of Benton,Benton,IL
franklincountyil.gov,County,Franklin County Government Illinois,Benton,IL
rendlakecdil.gov,Special district,Rend Lake Conservancy District,Benton,IL
berwyn-il.gov,City,City of Berwyn,Berwyn,IL
belvidereil.gov,City,City of Belvidere,Bevlvidere,IL
bishophillil.gov,City,Village of Bishop Hill,Bishop Hill,IL
bloomingtonil.gov,City,City of Bloomington,Bloomington,IL
bnwrdil.gov,Special district,Bloomington and Normal Water Reclamation District,Bloomington,IL
dalefpdil.gov,Special district,Dale Township Fire Protection District,Bloomington,IL
mcleancountyil.gov,County,McLean County,Bloomington,IL
bluemoundil.gov,City,Village of Blue Mound,Blue Mound,IL
bolingbrook.gov,City,Village of Bolingbrook,BolingBrook,IL
villageofbraceville.gov,City,Village of Braceville,Braceville,IL
villageofbradfordil.gov,City,Village of Bradford,Bradford,IL
braidwood.gov,City,City of Braidwood,Braidwood,IL
bridgeview-il.gov,City,Village of Bridgeview,Bridgeview,IL
broadlandsil.gov,City,The Village of Broadlands,Broadlands,IL
broadview-il.gov,City,Village of Broadview,Broadview,IL
brookfieldil.gov,City,Village Of Brookfield,Brookfield,IL
cityofbrookportil.gov,City,City of Brookport,Brookport,IL
bullvalleyil.gov,City,Village of Bull Valley,Bull Valley,IL
burbankil.gov,City,The City of Burbank Illinois,Burbank,IL
burnham-il.gov,City,Village of Burnham,Burnham,IL
burr-ridge.gov,City,Village of Burr Ridge,Burr Ridge,IL
alexandercountyilsheriff.gov,County,Alexander County Sheriff's Office,Cairo,IL
henryctyil.gov,County,Henry County Government,Cambridge,IL
carboncliff.gov,City,Village of Carbon Cliff,Carbon Cliff,IL
villageofcarbonhill-il.gov,City,Village of Carbon Hill,Carbon Hill,IL
carbondaleil.gov,City,City of Carbondale,Carbondale,IL
macoupincountyil.gov,County,Macoupin County Board,Carlinville,IL
macoupincountypdil.gov,County,Macoupin County Public Defender's Office,Carlinville,IL
carlockil.gov,City,Village of Carlock,Carlock,IL
whitecounty-il.gov,County,White County Government,Carmi,IL
carpentersvilleil.gov,City,Village of Carpentersville,Carpentersville,IL
hancockcounty-il.gov,County,Hancock County Board,Carthage,IL
champaign-il.gov,City,City of Champaign,Champaign,IL
champaignil.gov,City,City of Champaign,Champaign,IL
cityofchampaign-il.gov,City,City of Champaign,Champaign,IL
cityofchampaignil.gov,City,City of Champaign,Champaign,IL
chathamil.gov,City,Village of Chatham,Chatham,IL
chatsworthil.gov,City,Town of Chatsworth,Chatsworth,IL
cherryil.gov,City,"Village of Cherry, Illinois",Cherry,IL
chesterilpolice.gov,City,Chester Police Department,Chester,IL
randolphcountyil.gov,County,Randolph County,CHESTER,IL
chi.gov,City,City of Chicago,Chicago,IL
chicago.gov,City,City of Chicago,Chicago,IL
chicagoparkdistrict.gov,Special district,Chicago Park District,Chicago,IL
cookcountyassessoril.gov,County,Cook County Assessor,Chicago,IL
cookcountycourtil.gov,County,Illinois Circuit Court of Cook County,Chicago,IL
cookcountyil.gov,County,Cook County Government - Bureau of Technology,Chicago,IL
cookcountysheriffil.gov,County,Cook County Sheriff's Office,Chicago,IL
mwrdil.gov,Special district,Metropolitan Water Reclamation District of Greater Chicago,Chicago,IL
christopherpolice.gov,City,CHRISTOPHER POLICE DEPARTMENT,CHRISTOPHER,IL
dewittcountyil.gov,County,"Dewitt County, Illinois",Clinton,IL
dewitthousingil.gov,Special district,DeWitt County Housing Authority,Clinton,IL
coalcity-il.gov,City,Village of Coal City,Coal City,IL
coalcitypld-il.gov,Special district,Coal City Public Library District,Coal City,IL
cityofcolchesteril.gov,City,City of Colchester,Colchester,IL
columbiail.gov,City,City of Columbia,Columbia,IL
columbiailfpd.gov,Special district,Columbia Fire Protection District,Columbia,IL
lyonstownshipil.gov,City,Lyons Township,Countryside,IL
cresthill.gov,City,City of Crest Hill,Crest Hill,IL
villageofdakotail.gov,City,Village of Dakota,DAKOTA,IL
vercountyil.gov,County,Vermilion County,Danville,IL
darienil.gov,City,City of Darien,Darien,IL
cirdcil.gov,Special district,Central Illinois Regional Dispatch Center,Decatur,IL
decaturil.gov,City,City of Decatur Illinois,Decatur,IL
decaturillinois.gov,City,"City of Decatur, Illinois",Decatur,IL
maconilcourts.gov,County,Macon County Circuit Court,Decatur,IL
villageoflongcreekil.gov,City,Village of Long Creek,Decatur,IL
villageofdepue.gov,City,Village of Depue,Depue,IL
desplainesil.gov,City,City of Des Plaines,Des Plaines,IL
divernonil.gov,City,Village of Divernon,Divernon,IL
dixillinois.gov,City,Village of Dix,Dix,IL
dixonil.gov,City,"City of Dixon, IL",Dixon,IL
leecountyil.gov,County,LEE COUNTY,DIXON,IL
reaganmtd.gov,Special district,Reagan Mass Transit District,Dixon,IL
dowellillinois.gov,City,Village of Dowell,Dowell,IL
oldtowntownship-il.gov,City,Old Town Township,Downs,IL
duquoinil.gov,City,City of Du Quoin,Du Quoin,IL
villageofdunlap-il.gov,City,Village of Dunlap,Dunlap,IL
villageofdurandil.gov,City,Village of Durand,Durand,IL
villageofeastaltonil.gov,City,Village of East Alton,East Alton,IL
madisoncountyil.gov,County,Madison County Government,Edwardsville,IL
madcosao.gov,County,Madison County State's Attorney,"Edwardsville, IL",IL
effinghamcountyil.gov,County,Effingham County,Effingham,IL
blackberrytwpil.gov,City,Blackberry Township,Elburn,IL
elburn.gov,City,Village of Elburn,Elburn,IL
elburnfire.gov,Special district,Elburn & Countryside Fire Protection District,Elburn,IL
eldoradoil.gov,City,City of Eldorado,Eldorado,IL
elginil.gov,City,"City of Elgin, Illinois",Elgin,IL
platotwp.gov,City,Plato Township,Elgin,IL
hardincountyil.gov,County,Hardin County,Elizabeth,IL
egvilparks.gov,Special district,Elk Grove Park District,Elk Grove Village,IL
elkgroveil.gov,City,Village of Elk Grove,Elk Grove Village,IL
villageofequalityil.gov,City,"Village of Equality, Illinois",EQUALITY,IL
eurekaillinois.gov,City,City of Eureka,Eureka,IL
woodfordcountyil.gov,County,County of Woodford,Eureka,IL
fairburyil.gov,City,"City of Fairbury, Illinois",Fairbury,IL
waynecountyil.gov,County,"COUNTY OF, WAYNE",FAIRFIELD,IL
fairviewheightsil.gov,City,"City of Fairview Heights, IL",Fairview Heights,IL
cityoffarmingtonil.gov,City,City of Farmington,Farmington,IL
clayhousingil.gov,Special district,Clay County Housing Authority,Flora,IL
florapdil.gov,City,Flora Police Department,Flora,IL
forsyth-il.gov,City,Village of Forsyth,Forsyth,IL
frankfortfireil.gov,Special district,Frankfort Fire Protection District,FRANKFORT,IL
stephensoncountyil.gov,County,Stephenson County,Freeport,IL
jodaviesscountyil.gov,County,"Jo Daviess County, IL Local Government",Galena,IL
knoxcountyil.gov,County,County of Knox,Galesburg,IL
galvail.gov,City,City of Galva,Galva,IL
kanecountyil.gov,County,Kane County Illinois,Geneva,IL
germanvalleyil.gov,City,Village of German Valley,German Valley,IL
glencarbonil.gov,City,Village of Glen Carbon,Glen Carbon,IL
gecparkdistrictil.gov,Special district,Glen Ellyn Countryside Park District,Glen Ellyn,IL
glencoeil.gov,City,Village of Glencoe,Glencoe,IL
goodfieldil.gov,City,Village of Goodfield,Goodfield,IL
villageofgoreville.gov,City,Village of Goreville,Goreviile,IL
grafton-il.gov,City,City of Grafton Illinois,Grafton,IL
villageofgranvilleil.gov,City,Village of Granville,Granville,IL
grayville-il.gov,City,City of Grayville,Grayville,IL
bondcountyil.gov,County,Bond County,Greenville,IL
bondcountysa.gov,County,Bond County State's Attorney,Greenville,IL
waldo-township-il.gov,City,Waldo Township,Gridley,IL
gurneeil.gov,City,Village of Gurnee,Gurnee,IL
hamiltonil.gov,City,City of Hamilton,Hamilton,IL
calhouncountyil.gov,County,Calhoun County Illnois,Hardin,IL
chemungtownshipil.gov,County,Chemung Township,Harvard,IL
harvardil.gov,City,City of Harvard,Harvard,IL
cityofharveyil.gov,City,City of Harvey,Harvey,IL
havanail.gov,City,City of Havana,Havana,IL
masoncountyil.gov,County,Mason County,havana,IL
putnamil.gov,County,Putnam County,Hennepin,IL
heyworth-il.gov,City,Village of Heyworth,Heyworth,IL
grantforkil.gov,City,Grantfork Police Department,Highland,IL
highlandil.gov,City,City Of Highland Illinois,Highland,IL
hillsboroil.gov,City,City of Hillsboro,Hillsboro,IL
montgomerycountyhealthil.gov,County,Montgomery County Health Department,Hillsboro,IL
montgomerycountyil.gov,County,"County of Montgomery, Il",Hillsboro,IL
hillside-il.gov,City,Village of Hillside,Hillside,IL
provisotownship.gov,City,Proviso Township,Hillside,IL
hinckleyil.gov,City,Village of Hinckley,Hinckley,IL
homerglenil.gov,City,Village of Homer Glen,Homer Glen,IL
homewoodil.gov,City,Village of Homewood,Homewood,IL
southland911il.gov,Special district,Southland Communications Center,Homewood,IL
villageofhoyleton.gov,City,Village of Hoyleton,Hoyleton,IL
indianheadpark-il.gov,City,Village of Indian Head Park,Indian Head Park,IL
inverness-il.gov,City,Village of Inverness,Inverness,IL
islandlakeil.gov,City,Village of Island Lake,Island Lake,IL
jacksonvilleil.gov,City,CIty of Jacksonville,Jacksonville,IL
morgancounty-il.gov,County,Morgan County Illinois,Jacksonville,IL
jerseycounty-il.gov,County,Jersey County Government,Jerseyville,IL
il12thcourt.gov,Special district,Illinois 12th Circuit Court,Joliet,IL
joliet.gov,City,City of Joliet,Joliet,IL
lccwillcounty.gov,County,County of Will,Joliet,IL
willcounty.gov,County,County of Will,Joliet,IL
willcounty911.gov,County,Will County 911 Emergency Telephone System Board,Joliet,IL
willcountysao.gov,County,Will County States Attorney Office,Joliet,IL
willcountysheriff.gov,County,Will County Sheriff's Office,Joliet,IL
unioncountyil.gov,County,Union County,Jonesboro,IL
unioncountyilcourts.gov,County,Union County - Circuit Clerk,Jonesboro,IL
justiceparkdistrictil.gov,Special district,Justice Park District,Justice,IL
robertsparkfire.gov,Special district,Roberts Park Fire Protection District,Justice,IL
citykankakee-il.gov,City,City of Kankakee IL,Kankakee,IL
kankakeecountyil.gov,County,Kankakee County,Kankakee,IL
kankakeecountytreasurer.gov,County,Kankakee County Treasurer,KANKAKEE,IL
kansasillinois.gov,City,Village of Kansas,Kansas,IL
hainesil.gov,City,Haines Township,Kell,IL
knoxvillepdil.gov,City,KNOXVILLE POLICE DEPARTMENT,KNOXVILLE,IL
lagrangeil.gov,City,Village of La Grange,La Grange,IL
marshallcountyillinois.gov,County,County of Marshall,Lacon,IL
villageoflakevilla.gov,City,"Village of Lake Villa, Illinois",Lake Villa,IL
elaassessor.gov,City,Ela Township Assessor,Lake Zurich,IL
elatownship.gov,City,Ela Township,Lake Zurich,IL
lanarkil.gov,City,City of Lanark,Lanark,IL
lasalle-il.gov,City,"LaSalle, Illinois",LaSalle,IL
leroyil.gov,City,"City of Le Roy, IL",Le Roy,IL
villageoflenail.gov,City,Village of Lena,Lena,IL
cityoflewistownil.gov,City,City of Lewistown Illinois,Lewistown,IL
fultoncountyil.gov,County,Fulton County Illinois,Lewistown,IL
lexingtonil.gov,City,City of Lexington,Lexington,IL
slmadil.gov,Special district,The South Lake Mosquito Abatement District,Libertyville,IL
lincolnil.gov,City,City of Lincoln,Lincoln,IL
logancountyil.gov,County,Logan County,Lincoln,IL
sheriffloganil.gov,County,Logan County Sheriff's Office,Lincoln,IL
lincolnshirefdil.gov,Special district,Lincolnshire-Riverwoods Fire Protection District,Lincolnshire,IL
lincolnshireil.gov,City,Village of Lincolnshire,Lincolnshire,IL
hanafordil.gov,City,Village of Hanaford,Logan,IL
londonmillsil.gov,City,Village of London Mills,London Mills,IL
longgroveil.gov,City,Village of Long Grove,Long Grove,IL
villageoflynwood.gov,City,Village of Lynwood,Lynwood,IL
mackinawil.gov,City,Village of Mackinaw,Mackinaw,IL
mahomet-il.gov,City,Village of Mahomet,Mahomet,IL
marineil.gov,City,Village of Marine,Marine,IL
cityofmarionil.gov,City,City of Marion,Marion,IL
marionilpd.gov,City,Marion Police Department,Marion,IL
williamsoncountyema-il.gov,County,Williamson County Emergency Management Agency,Marion,IL
williamsoncountyil.gov,County,Williamson County Government,Marion,IL
marissapd.gov,City,Marissa Police Department,Marissa,IL
maroaillinois.gov,City,City of Maroa,Maroa,IL
clarkcountyilsheriff.gov,County,Clark County Sheriff's Office,Marshall,IL
marshall-il.gov,City,City of Marshall,Marshall,IL
cityofmascoutah.gov,City,City of Mascoutah,Mascoutah,IL
mattoontownship.gov,City,MATTOON TOWNSHIP OFFICE,Mattoon,IL
maywood-il.gov,City,Village of Maywood Illinois,Maywood,IL
hamiltoncountyil.gov,County,Hamilton County,McLeansboro,IL
massaccountyil.gov,County,Massac County,Metropolis,IL
metropolisil.gov,City,City of Metropolis,Metropolis,IL
milledgevilleil.gov,City,Village of Milledgeville,Milledgeville,IL
mokena.gov,City,Village of Mokena,Mokena,IL
kmli-il.gov,Special district,Metropolitan Airport Authority of Rock Island County IL,Moline,IL
villageofmonee.gov,City,Village Of Monee,Monee,IL
cityofmonmouthil.gov,City,City of Monmouth,Monmouth,IL
warrencountyil.gov,County,Warren County,Monmouth,IL
piatt.gov,County,Piatt County Government,Monticello,IL
piattsheriff.gov,County,Piatt County Sheriff Office,Monticello,IL
grundy911-il.gov,County,Grundy County Emergency Telephone System Board (ETSB),Morris,IL
grundycountyil.gov,County,Grundy County IL,Morris,IL
grundyilso.gov,County,Grundy County Sheriff's Office,Morris,IL
whitesidecountyil.gov,County,Whiteside County IT,Morrison,IL
morton-il.gov,City,"City of Morton, IL",Morton,IL
carrollcountyil.gov,County,Carroll County,Mount Carroll,IL
mountcarrollil.gov,City,City of Mount Carroll,Mount Carroll,IL
shilohtownshipil.gov,City,Shiloh Township,Mount Vernon,IL
browncoil.gov,County,Brown County Illinois,Mt Sterling,IL
mundelein-il.gov,City,Village of Mundelein,Mundelein,IL
jacksoncoilcircuitclerk.gov,County,Jackson County Circuit Clerk,Murphysboro,IL
jacksoncoilcourts.gov,County,Jackson County Illinois Court,Murphysboro,IL
jacksoncounty-il.gov,County,"Jackson County, Illinois",Murphysboro,IL
murphysboro-il.gov,City,City of Murphysboro,Murphysboro,IL
naperville.gov,City,City of Naperville,Naperville,IL
cityofnauvooil.gov,City,City of Nauvoo,Nauvoo,IL
prairiedulongil.gov,County,Prairie Du Long Township,New Athens,IL
newwindsoril.gov,City,Village of Windsor,New Windsor,IL
jaspercountyillinois.gov,County,County of Jasper,Newton,IL
nilesil.gov,City,Village of Niles,Niles,IL
normalil.gov,City,Town of Normal,Normal,IL
norridge-il.gov,City,Village of Norridge,Norridge,IL
westcentral911-il.gov,Special district,West Central Consolidated Communications,North Riverside,IL
northbrookil.gov,City,Village of Northbrook,Northbrook,IL
nsmadil.gov,Special district,North Shore Mosquito Abatement District,Northfield,IL
ofallonil.gov,City,"City of O'Fallon, Illinois",O'Fallon,IL
oak-brook-il.gov,City,Village of Oak Brook,Oak Brook,IL
oaklawn-il.gov,City,Village of Oak Lawn,Oak Lawn,IL
oglesbyil.gov,City,City of Oglesby,Oglesby,IL
okawville.gov,City,VILLAGE OF OKAWVILLE,OKAWVILLE,IL
okawvillepd.gov,City,Okawville Police Department,Okawville,IL
hendersoncountyil.gov,County,Henderson County,Oquawka,IL
oglecountyil.gov,County,Ogle County,Oregon,IL
oregonil.gov,City,City of Oregon,Oregon,IL
orlandhillspdil.gov,City,Orland Hills Police Dept.,Orland Hills,IL
oswegoil.gov,City,Village of Oswego,Oswego,IL
cityofottawail.gov,City,City of Ottawa,Ottawa,IL
lasallecountyil.gov,County,LaSalle County,ottawa,IL
palatineil.gov,City,Village of Palatine,Palatine,IL
palatinetownship-il.gov,City,Palatine Township,Palatine,IL
villageofpalmyrailmacoupin.gov,City,village of palmyra,palmyra,IL
paloshills-il.gov,City,City of Palos Hills,Palos Hills,IL
edgarcountyillinois.gov,County,County of Edgar,Paris,IL
parkforest-il.gov,City,Village of Park Forest,Park Forest,IL
villageofparkforest-il.gov,City,Village of Park Forest,Park Forest,IL
pekinil.gov,City,City of Pekin,Pekin,IL
pekinpd.gov,City,Pekin Police Department,Pekin,IL
tazewell-il.gov,County,Tazewell County,Pekin,IL
tazewellcountyjury.gov,County,Tazewell County Circuit Clerk,Pekin,IL
eastpeoriapdil.gov,City,City of East Peoria,Peoria,IL
peoriacounty.gov,County,Peoria County,Peoria,IL
peoriail.gov,City,City of Peoria,Peoria,IL
peoriaparks-il.gov,Special district,"Pleasure Driveway and Park District of Peoria, IL DBA Peoria Park District",Peoria,IL
peotonetownship.gov,City,Peotone Township,Peotone,IL
peruil.gov,City,City of Peru,Peru,IL
menardcountyil.gov,County,"Menard County, Illinois",Petersburg,IL
perrycountyil.gov,County,Perry County,Pinckneyville,IL
corinthwaterdistrictil.gov,Special district,Corinth Water District,Pittsburg,IL
pikecountyil.gov,County,County of Pike,Pittsfield,IL
plainfieldil.gov,City,Village of Plainfield,Plainfield,IL
cityofplanoil.gov,City,City of Plano,Plano,IL
planopoliceil.gov,City,City of Plano,Plano,IL
poloil.gov,City,City of Polo,Polo,IL
livingstoncountyil.gov,County,Livingston County,Pontiac,IL
poplargrove-il.gov,City,Village of Poplar Grove,Poplar Grove,IL
bureaucounty-il.gov,County,Bureau County,Princeton,IL
adamscountyil.gov,County,"Adams County, IL",Quincy,IL
quincyil.gov,City,City of Quincy,Quincy,IL
richmondil.gov,City,"Village of Richmond, IL",Richmond,IL
rivergroveil.gov,City,Village of River Grove,River Grove,IL
riversideil.gov,City,Village of Riverside,Riverside,IL
riverwoods.gov,City,Village of Riverwoods,Riverwoods,IL
rochestertwpil.gov,City,Rochester Township,Rochester,IL
rockfallsil.gov,City,City of Rock Falls,Rock Falls,IL
rockislandcountyil.gov,County,County of Rock Island,Rock Island,IL
rockislandtownshipil.gov,City,Rock Island Township,Rock Island,IL
rockfordil.gov,City,City of Rockford,Rockford,IL
rockfordtownshipil.gov,City,Rockford Township,Rockford,IL
wincoil.gov,County,Winnebago County,Rockford,IL
rocktonil.gov,City,Village of Rockton,Rockton,IL
rocktontownshipil.gov,City,Rockton Township,Rockton,IL
roscoeil.gov,City,Village of Roscoe,Roscoe,IL
roundlakeil.gov,City,Village of Round Lake,Round Lake,IL
roundlakebeachil.gov,City,Village of Round Lake Beach,Round Lake Beach,IL
schuylercountyil.gov,County,Schuyler County,Rushville,IL
camptontownshipil.gov,City,CAMPTON TOWNSHIP,SAINT CHARLES,IL
lilylakeil.gov,City,Village of Lily Lake,SAINT CHARLES,IL
buckheartfire.gov,Special district,Buckheart Township Fire Protection District,Saint David,IL
marioncounty911illinois.gov,County,Marion County ETSB,Salem,IL
marioncountyil.gov,County,Marion County Board,Salem,IL
sauget.gov,City,Village of Sauget,Sauget,IL
cityofsavannail.gov,City,City of Savanna,Savanna,IL
umripd.gov,Special district,Upper Mississippi River International Port District,Savanna,IL
schaumburgil.gov,City,Village of Schaumburg,Schaumburg,IL
seatonville.gov,City,Village of Seatonville,Seatonville,IL
senecail.gov,City,Village of Seneca,Seneca,IL
senecailpd.gov,City,Seneca Police Department,Seneca,IL
shannonillinois.gov,City,"Village of Shannon, Illinois",Shannon,IL
shelbycounty-il.gov,County,Shelby County,Shelbyville,IL
sheridanil.gov,City,Village of Sheridan,Sheridan,IL
shorewoodil.gov,City,Village of Shorewood,Shorewood,IL
skokie.gov,City,Village of Skokie,Skokie,IL
swa-il.gov,Special district,Southland Water Agency,South Holland,IL
southjacksonville-il.gov,City,Village of South Jacksonville,South Jacksonville,IL
springvalleyil.gov,City,"City of Spring Valley, Illinois",Spring Valley,IL
sangamonil.gov,County,Sangamon County,Springfield,IL
villageofgrandview.gov,City,Village of Grandview,Springfield,IL
stcharlesil.gov,City,City of St. Charles,St. Charles,IL
sterling-il.gov,City,"City of Sterling, Illinois",Sterling,IL
sugargroveil.gov,City,Village of Sugar Grove,Sugar Grove,IL
moultriecountyil.gov,County,Moultrie County Courthouse,Sullivan,IL
dekalbcountyclerkil.gov,County,DeKalb County Clerk & Recorder,Sycamore,IL
christiancountyil.gov,County,CHRISTIAN COUNTY,TAYLORVILLE,IL
christiancountysheriffil.gov,County,Christian County Illinois Sheriff's Office,Taylroville,IL
thomasboro.gov,City,Village of Thomasboro,Thomasboro,IL
tiskilwa.gov,City,Village of Tiskilwa,Tiskilwa,IL
cumberlandcoil.gov,County,Cumberland County,Toledo,IL
towerlakes-il.gov,City,Village of Tower Lakes,Tower Lakes,IL
towerlakespoliceil.gov,City,Tower Lakes Police Department,Tower Lakes,IL
tremontil.gov,City,Village of Tremont,Tremont,IL
douglascountyil.gov,County,"Douglas County, IL",Tuscola,IL
pulaskicountyil.gov,County,Pulaski County Detention Center,Ullin,IL
cfpd-il.gov,Special district,Carroll Fire Protection District,Urbana,IL
champaigncountyil.gov,County,Champaign County,Urbana,IL
metcad911il.gov,Special district,METCAD 911,Urbana,IL
urbanail.gov,City,"City of Urbana, Illinois",Urbana,IL
utica-il.gov,City,Village of North Utica,Utica,IL
valmeyerfd.gov,Special district,Valmeyer Fire Protection District,Valmeyer,IL
fayettecountyillinois.gov,County,Fayette County,Vandalia,IL
villaparkil.gov,City,Village of Villa Park,Villa Park,IL
villageofvirgil.gov,City,"Village of Virgil, Illinois",Virgil,IL
casscountyil.gov,County,Cass County Clerk,Virginia,IL
cityofvirginiail.gov,City,City of Virginia,Virginia,IL
villageofwarrenil.gov,City,Village of Warren,Warren,IL
monroecountyil.gov,County,Monroe County Courthouse,Waterloo,IL
clintontownship-il.gov,City,Clinton Township,Waterman,IL
iroquoiscountyil.gov,County,Iroquois County,Watseka,IL
wauconda-il.gov,City,Village of Wauconda,Wauconda,IL
lakecountyil.gov,County,Lake County,Waukegan,IL
skokiescdd.gov,Special district,Skokie Consolidated Drainage District,Waukegan,IL
waukeganil.gov,City,City of Waukegan,Waukegan,IL
weldonil.gov,City,Village of Weldon,Weldon,IL
dupageairport.gov,Special district,DuPage Airport Authority,West Chicago,IL
westfrankfort-il.gov,City,City of West Frankfort,West Frankfort,IL
villageofwestpoint.gov,City,Village of West Point,West Point,IL
westchester-il.gov,City,Village of Westchester,Westchester,IL
westvilleil.gov,City,Village of Westville,Westville,IL
211dupage.gov,County,DuPage County,Wheaton,IL
dupagecircuitclerk.gov,County,DuPage County Circuit Court Clerk,Wheaton,IL
dupagecounty.gov,County,DuPage County,Wheaton,IL
dupagecourts.gov,County,18th Judicial Circuit,Wheaton,IL
dupageresults.gov,Special district,DuPage County Clerk,Wheaton,IL
dupagesheriff.gov,County,DuPage County Sheriff's Office,Wheaton,IL
wmadil.gov,Special district,Wheaton Mosquito Abatement District,Wheaton,IL
nwmadil.gov,Special district,Northwest Mosquito Abatement District,Wheeling,IL
wheelingil.gov,City,Village of Wheeling,Wheeling,IL
williamsfieldil.gov,City,Village of Williamsfield,Williamsfield,IL
williamsvilleil.gov,City,Village of Williamsville,Williamsville,IL
willowsprings-il.gov,City,"Village of Willow Springs, Illinois",Willow Springs,IL
wilmette.gov,City,Village of Wilmette,Wilmette,IL
wilmington-il.gov,City,City of Wilmington,Wilmington,IL
scottcoil.gov,County,Scott County Illinois,Winchester,IL
winnebagoil.gov,City,Village of Winnebago,Winnebago,IL
greenwoodtownshipil.gov,City,Greenwood Township,Wonder Lake,IL
cityofwooddaleil.gov,City,City of Wood Dale,Wood Dale,IL
woodridgeil.gov,City,Village of Woodridge,Woodridge,IL
22ndcircuitil.gov,County,"22nd Judicial Circuit McHenry County, IL",Woodstock,IL
greenmchenrycountyil.gov,County,McHenry County Government Center,Woodstock,IL
greenmchenrycountyillinois.gov,County,McHenry County Government Center,Woodstock,IL
mchenrycountyil.gov,County,McHenry County Government Center,Woodstock,IL
readymchenrycountyil.gov,County,McHenry County Government Center,Woodstock,IL
readymchenrycountyillinois.gov,County,McHenry County Government Center,Woodstock,IL
resumemchenrycountyil.gov,County,County of McHenry,Woodstock,IL
woodstockil.gov,City,City of Woodstock,Woodstock,IL
cityofwyomingil.gov,City,City of Wyoming,Wyoming,IL
villageofyatescity.gov,City,Village of Yates City,Yates City,IL
kendallcountyil.gov,County,Kendall County,Yorkville,IL
garycommoncouncil.gov,City,City of Gary Common Council,46402,IN
nobleco.gov,County,"Noble County, Indiana",Albion,IN
argosin.gov,City,Town of Argos,Argos,IN
attica-in.gov,City,City of Attica,Attica,IN
avonindiana.gov,City,Town of Avon Indiana,Avon,IN
beechgrove.gov,City,The City of Beech Grove,Beech Grove,IN
blufftonindiana.gov,City,City of Bluffton Indiana,Bluffton,IN
victoriawoodsin.gov,City,Town of Victoria Woods Indiana,Boonville,IN
warrickcounty.gov,County,Warrick County Commissioners,Boonville,IN
bourbon-in.gov,City,Town of Bourbon,Bourbon,IN
claycountyin.gov,County,Clay County Courthouse,Brazil,IN
brownsburg.gov,City,Town of Brownsburg,Brownsburg,IN
townofbunkerhillin.gov,City,Town of Bunker Hill,Bunker Hill,IN
burnettsvillein.gov,City,"Town of Burnettsville, Indiana",Burnettsville,IN
burnsharbor-in.gov,City,Town of Burns Harbor,Burns Harbor,IN
carmelindiana.gov,City,City of Carmel,Carmel,IN
claytwp-hamin.gov,City,Clay Township of Hamilton County,Carmel,IN
cedarlakein.gov,City,Town of Cedar Lake,Cedar Lake,IN
claypoolpolice.gov,City,Claypool Police Department,Claypool,IN
connersvillein.gov,City,City of Connersville,Connersville,IN
corydon-in.gov,City,Town of Corydon,Corydon,IN
crawfordsville-in.gov,City,City of Crawfordsville,Crawfordsville,IN
montgomerycosheriffin.gov,County,Montgomery County Sheriff's Office,Crawfordsville,IN
lakecountyin.gov,County,Lake County Government,Crown Point,IN
danvillein.gov,City,Town of Danville,Danville,IN
hendrickscountyprosecutor.gov,County,Hendricks County Prosecutor Office,Danville,IN
carrollcountyin.gov,County,Carroll County,Delphi,IN
demotte.gov,City,Town of DeMotte,DeMotte,IN
demottepolice.gov,City,Town of DeMotte,DeMotte,IN
dunkirkin.gov,City,City of Dunkirk,Dunkirk,IN
dupontindiana.gov,City,Town of Dupont,Dupont,IN
cityofelkhartin.gov,City,City of Elkhart,Elkhart,IN
crawfordcountyin.gov,County,Crawford County Government,English,IN
fishersin.gov,City,City of Fishers,Fishers,IN
vernontwpfirehc.gov,City,Vernon Township,Fortville,IN
vernontwphc.gov,City,Vernon Township,Fortville,IN
gibsoncentertwp-in.gov,City,"Center Township, Gibson County, Indiana",Francisco,IN
clintoncountyin.gov,County,Clinton County Government,Frankfort,IN
frankfort-in.gov,City,City of Frankfort,Frankfort,IN
calumettwp-in.gov,City,Calumet Township Trustee Office,Gary,IN
gary.gov,City,City of Gary,Gary,IN
garysan.gov,Special district,Gary Sanitary District,Gary,IN
garysanitary.gov,Special district,Gary Sanitary District,Gary,IN
gascitypolicein.gov,City,Gas City Police Department,Gas City,IN
townofgrabill.gov,City,Town of Grabill,Grabill,IN
centerhancockin.gov,City,Center Township Trustee,Greenfield,IN
greenfieldin.gov,City,City of Greenfield,Greenfield,IN
hancockin.gov,County,Hancock County Government,Greenfield,IN
newchicagoin.gov,City,Town of New Chicago,Hobart,IN
huntingburg-in.gov,City,City of Huntingburg,Huntingburg,IN
indianapolis-in.gov,City,"Information Services Agency, City of Indianapolis/ Marion County",Indianapolis,IN
indy.gov,City,City of Indianapolis - Marion County,Indianapolis,IN
indy911.gov,City,"Metropolitan Emergency Services Agency, Division of Public Safety Communications",Indianapolis,IN
indycourts.gov,County,Marion Superior Court,Indianapolis,IN
indympo.gov,Special district,Indianapolis Metropolitan Planning Organization (IMPO),Indianapolis,IN
perrytownship-in.gov,City,Perry Township,Indianapolis,IN
townofhomecroftin.gov,City,Town of Homecroft,Indianapolis,IN
jasonvillein.gov,City,City of Jasonville,Jasonville,IN
jasperindiana.gov,City,City of Jasper,Jasper,IN
jeffersonvillepdin.gov,City,Jeffersonville Police Department,Jeffersonville,IN
kendallvillein.gov,City,City of Kendallville,Kendallville,IN
howardcountyin.gov,County,Howard County,Kokomo,IN
cityoflaportein.gov,City,City of La Porte,La Porte,IN
lakestation-in.gov,City,The City of Lake Station Indiana,Lake Station,IN
lapazin.gov,City,Town of LaPaz,LaPaz,IN
libertyin.gov,City,Liberty Indiana Town Board,Liberty,IN
ligonier-in.gov,City,City of Ligonier,Ligonier,IN
casscountyin.gov,County,Cass County Government,Logansport,IN
madison-in.gov,City,City of Madison,Madison,IN
mentonein.gov,City,Town of Mentone,Mentone,IN
michigancityin.gov,City,City of Michigan City,Michigan City,IN
miltonpolicein.gov,City,Milton Police Department,Milton,IN
mishawakaschools.gov,School district,School City of Mishawaka,Mishawaka,IN
sjc911in.gov,County,St. Joseph County,Mishawaka,IN
mitchell-in.gov,City,City of Mitchell,Mitchell,IN
monticelloin.gov,City,"The City of Monticello, Indiana",Monticello,IN
mountvernonin.gov,City,City of Mount Vernon,Mount Vernon,IN
poseycountyin.gov,County,Posey County,Mount Vernon,IN
munster.gov,City,School Town of Munster,Munster,IN
munsterschools.gov,School district,School Town of Munster,Munster,IN
browncounty-in.gov,County,Brown County Government,Nashville,IN
floydcofirein.gov,Special district,Floyd County Fire Territory,New Albany,IN
newharmony-in.gov,City,Town of New Harmony,New Harmony,IN
eacsk12in.gov,School district,East Allen County Schools,New Haven,IN
newburgh-in.gov,City,Town of Newburgh Indiana,Newburgh,IN
northjudsonin.gov,City,Town of North Judson,North Judson,IN
northvernon-in.gov,City,City of North Vernon,North Vernon,IN
jeffersontownshipwellsin.gov,City,Jefferson Township,Ossian,IN
townofpatoka.gov,City,"Town of Patoka, Indiana",Patoka,IN
greentwp-hancockcountyin.gov,City,Green Township - Hancock County,Pendleton,IN
miamicountyin.gov,County,Miami County Court House,Peru,IN
perupdin.gov,City,Peru Police Dept,Peru,IN
tricountyconservancy-in.gov,Special district,Tri County Conservancy District,Plainfield,IN
marshallcountyin.gov,County,Marshall County,Plymouth,IN
plymouthin.gov,City,City of Plymouth,Plymouth,IN
portagein.gov,City,City of Portage,Portage,IN
portagetwppcin.gov,City,Portage Township-Porter County,Portage,IN
gibsoncounty-in.gov,County,Gibson County Goverment,Princeton,IN
jaspercountyin.gov,County,Jasper County Government,Rensselaer,IN
richmondindiana.gov,City,City of Richmond,Richmond,IN
ohiocountyin.gov,County,Ohio County Courthouse,Rising Sun,IN
rochesterin.gov,City,City of Rochester,Rochester,IN
parkecounty-in.gov,County,Parke County Units of Government,Rockville,IN
rockville-in.gov,City,Town of Rockville Ind.,Rockville,IN
sellersburg-in.gov,City,Town of Sellersburg,Sellersburg,IN
shipshewana.gov,City,Town of Shipshewana,Shipshewana,IN
centretownshipin.gov,County,Centre Township,South Bend,IN
southbendin.gov,City,City of South Bend,South Bend,IN
southwhitley.gov,City,Town of South Whitley,South Whitley,IN
speedwayin.gov,City,Town of Speedway,Speedway,IN
stjohnin.gov,City,Town of St John,St John,IN
stilesvillepolice.gov,City,Stilesville Police Department,Stilesville,IN
stinesvillein.gov,City,Town of Stinesville (Police Department),Stinesville,IN
syracusein.gov,City,Town of Syracuse,Syracuse,IN
seelyville-in.gov,City,Town of Seelyville,Terre Haute,IN
topeka-in.gov,City,Town of Topeka,Topeka,IN
townoftrafalgar.gov,City,Town of Trafalgar,Trafalgar,IN
unioncity-in.gov,City,City of Union City,Union City,IN
portercountyin.gov,County,Porter County Government,Valparaiso,IN
valparaisoin.gov,City,City Of Valparaiso,Valparaiso,IN
jenningscounty-in.gov,County,Jennings County Government,Vernon,IN
walkerton.gov,City,Town of Walkerton,Walkerton,IN
wanatah-in.gov,City,"Town of Wanatah, Indiana",Wanatah,IN
townofwarrenindiana.gov,City,TOWN OF WARREN,WARREN,IN
daviesscountyin.gov,County,Daviess County Indiana,Washington,IN
daviesscountyinsheriff.gov,County,Daviess County Indiana Sheriff Office,Washington,IN
waterlooin.gov,City,Town of Waterloo,Waterloo,IN
westterrehautein.gov,City,Town of West Terre Haute,West Terre Haute,IN
westfieldin.gov,City,City of Westfield,WESTFIELD,IN
townofwestportin.gov,City,Town of Westport,Westport,IN
winchester-in.gov,City,City of Winchester,Winchester,IN
woodburnindiana.gov,City,City of Woodburn,Woodburn,IN
zionsville-in.gov,City,Town of Zionsville,Zionsville,IN
dkcoks.gov,County,"Dickinson County, KS",Abilene,KS
cityofalmaks.gov,City,City of Alma Kansas,Alma,KS
altamontks.gov,City,City of Altamont,Altamont,KS
andoverks.gov,City,City of Andover,Andover,KS
harpercountyks.gov,County,Harper County Kansas,Anthony,KS
arkansascityks.gov,City,City of Arkansas City,Arkansas City,KS
armapdks.gov,City,Arma Police Department,Arma,KS
clarkcountyks.gov,County,Clark County Kansas,Ashland,KS
atchisoncountyks.gov,County,Atchison County,Atchison,KS
atchisonkspolice.gov,City,Atchison Police Department,Atchison,KS
baldwincity.gov,City,"City of Baldwin City, KS",Baldwin City,KS
baxterspringsks.gov,City,CITY OF BAXTER SPRINGS,BAXTER SPRINGS,KS
belaireks.gov,City,City of Bel Aire,Bel Aire,KS
mitchellcountyks.gov,County,Mitchell County,Beloit,KS
bentleyks.gov,City,City of Bentley,Bentley,KS
burdenks.gov,City,City of Burden,Burden,KS
burlingtonkansas.gov,City,City of Burlington,Burlington,KS
burnsks.gov,City,City of Burns,Burns,KS
chapman-ks.gov,City,City of Chapman Kansas,Chapman,KS
cityofcolbyks.gov,City,City of Colby,Colby,KS
thomascountyks.gov,County,Thomas County,Colby,KS
usd315ks.gov,School district,Colby Public Schools USD 315,Colby,KS
comanchecountyks.gov,County,Comanche County,Coldwater,KS
cherokeecounty-ks.gov,County,Cherokee County KS,Columbus,KS
cherokeecountyks.gov,County,Cherokee County,Columbus,KS
cherokeesheriff-ks.gov,County,Cherokee County Sheriff's Office,Columbus,KS
columbusks.gov,City,City of Columbus,Columbus,KS
colwichks.gov,City,CIty of Colwich,Colwich,KS
derbyks.gov,City,City of Derby,Derby,KS
southwestkansaslibrarysystem.gov,Special district,Southwest Kansas Library System,Dodge City,KS
eastborough-ks.gov,City,City of Eastborough,Eastborough,KS
edmondks.gov,City,"City of Edmond, Kansas.",Edmond,KS
cityofeffinghamks.gov,City,City of Effingham,Effingham,KS
eldoks.gov,City,"City of El Dorado, KS",El Dorado,KS
mtcoks.gov,County,Morton County,Elkhart,KS
cityofellisks.gov,City,City of Ellis,Ellis,KS
ellsworthcountyks.gov,County,Ellsworth County,Ellsworth,KS
emporia-kansas.gov,City,City Of Emporia,Emporia,KS
emporiaks.gov,City,City of Emporia,Emporia,KS
lyoncountyks.gov,County,Lyon County Kansas,Emporia,KS
cityofeudoraks.gov,City,City of Eudora,Eudora,KS
cityofeverestks.gov,City,City of Everest,Everest,KS
fontanaks.gov,City,"City of Fontana, Kansas",Fontana,KS
bourboncountyks.gov,County,Bourbon County Clerk,Fort Scott,KS
galenaks.gov,City,City of Galena,GALENA,KS
galenausdks.gov,School district,Galena Unified Schools #499,Galena,KS
finneycountyks.gov,County,Finney County,Garden City,KS
finneycountysheriffks.gov,County,Finney County Sheriff's Office,Garden City,KS
cityofgardenplainks.gov,City,City of Garden Plain,Garden Plain,KS
gardnerkansas.gov,City,City of Gardner,Gardner,KS
garnettkansas.gov,City,City of Garnett,Garnett,KS
cityofgasks.gov,City,City of Gas,Gas,KS
crawfordcountykansas.gov,County,Crawford County Kansas,Girard,KS
girardkansas.gov,City,"City of Girard, Kansas",Girard,KS
goddardks.gov,City,City of Goddard,Goddard,KS
goodlandks.gov,City,City of Goodland,Goodland,KS
shermancountyks.gov,County,County of Sherman,Goodland,KS
govecountyks.gov,County,Gove County,Gove,KS
greatbendks.gov,City,City of Great Bend,Great Bend,KS
kiowacountyks.gov,County,Kiowa County Kansas,Greensburg,KS
halsteadks.gov,City,City of Halstead,Halstead,KS
havenks.gov,City,The City of Haven,Haven,KS
havilandks.gov,City,City of Haviland,Haviland,KS
haysks.gov,City,City of Hays KS,Hays,KS
haysvilleks.gov,City,City of Haysville,Haysville,KS
hesstonks.gov,City,City of Hesston,Hesston,KS
cityofhighlandks.gov,City,City of Highland,Highland,KS
cityofhillcityks.gov,City,City of Hill City,Hill City,KS
grahamcosheriffks.gov,County,Graham County Sheriff's Office,Hill City,KS
sheridancountyks.gov,County,Sheridan County,Hoxie,KS
hutchinsonks.gov,City,City of Hutchinson Kansas,Hutchinson,KS
renocountyks.gov,County,"Reno County, KS",Hutchinson,KS
renoks.gov,County,"Reno County, KS",Hutchinson,KS
independenceks.gov,City,"City of Independence, Kansas",Independence,KS
indypdks.gov,City,Independence Police Department,Independence,KS
cityofinmanks.gov,City,City of Inman,Inman,KS
hodgeman.gov,County,Hodgeman County Kansas,Jetmore,KS
8thkscourts.gov,Special district,8th Judicial District of Kansas,Junction City,KS
gearycounty.gov,County,Geary County,Junction City,KS
gearycountysheriff.gov,County,Geary County Sheriff,Junction City,KS
junctioncity-ks.gov,City,City of Junction City,Junction City,KS
highlandkspd.gov,City,Highland Police Department,KANSAS,KS
wycokck.gov,City,"Unified Government of Wyandotte County and Kansas City, Kansas",Kansas City,KS
wycokssheriff.gov,County,Unified Government of Wyandotte County and Kansas City Kanas,Kansas City,KS
kechiks.gov,City,City of Kechi,Kechi,KS
kingmanks.gov,City,City of Kingman,Kingman,KS
lacrosseks.gov,City,City of La Crosse,La Crosse,KS
rushcountykansas.gov,County,Rush County,La Crosse,KS
larnedpd.gov,City,Larned Police Department,Larned,KS
dgcoks.gov,County,Douglas County Kansas,Lawrence,KS
lawrenceks.gov,City,"City of Lawrence, KS",Lawrence,KS
leavenworthcounty.gov,County,Leavenworth County Kansas,Leavenworth,KS
leavenworthks.gov,City,City of Leavenworth,Leavenworth,KS
lenexa-ks.gov,City,"City of Lenexa, Kansas",Lenexa,KS
lincolncoks.gov,County,"Lincoln County, Kansas",Lincoln,KS
lindsborgks.gov,City,City of Lindsborg,Lindsborg,KS
linnvalley.gov,City,City Of Linn Valley,Linn Valley,KS
lvcofd2ks.gov,Special district,Leavenworth County Fire District #2,Linwood,KS
cityoflittleriverks.gov,City,City of Little River,Little River,KS
louisburgkansas.gov,City,City of Louisburg,Louisburg,KS
lsbpdks.gov,City,Louisburg Kansas Police Department,Louisburg,KS
lyndonks.gov,City,"City of Lyndon, Kansas",Lyndon,KS
maizeks.gov,City,City of Maize,Maize,KS
manhattanks.gov,City,"City of Manhattan, KS",Manhattan,KS
rileycountyks.gov,County,Riley County,Manhattan,KS
rileycountypolice.gov,County,Riley County Police Department,Manhattan,KS
jewellcountyks.gov,County,County of Jewell,Mankato,KS
marysvilleks.gov,City,City of Marysville,Marysville,KS
meadecokssheriff.gov,County,Meade County Sheriff's Office,Meade,KS
missionhillsks.gov,City,"City of Mission Hills, KS",Mission Hills,KS
linncountyks.gov,County,Linn County Information Technology,Mound City,KS
mulvaneks.gov,City,City of Mulvane,Mulvane,KS
cityofnewtonks.gov,City,City of Newton,Newton,KS
harveycounty.gov,County,Harvey County,Newton,KS
nickersonks.gov,City,City of Nickerson,Nickerson,KS
nortoncountyks.gov,County,Norton County,Norton,KS
cityofoakleyks.gov,City,City of Oakley,Oakley,KS
logancountyks.gov,County,"County of Logan, KS DBA Logan County",Oakley,KS
oberlinkansas.gov,City,City of Oberlin,Oberlin,KS
ogden-ks.gov,City,City of Ogden,Ogden,KS
jocokansas.gov,County,Johnson County Kansas Government,Olathe,KS
olatheks.gov,City,City of Olathe,Olathe,KS
osagecityks.gov,City,City of Osage City,Osage City,KS
osbornecounty.gov,County,Osborne County,Osborne,KS
jeffersoncountyks.gov,County,"Jefferson County, Kansas",Oskaloosa,KS
ottawaks.gov,City,City Of Ottawa,Ottawa,KS
opkansas.gov,City,City of Overland Park,Overland Park,KS
overlandparkks.gov,City,City of Overland Park,Overland Park,KS
cityofpalco.gov,City,City of Palco,Palco,KS
miamicountyks.gov,County,Miami County Kansas,Paola,KS
paolapd.gov,City,Paola Police Department,Paola,KS
sheriffmiamicountyks.gov,County,Miami County Sheriff's Office,Paola,KS
parkcityks.gov,City,City of Park City,Park City,KS
parsonspdks.gov,City,Parsons Police Department,Parsons,KS
cityofplainville-ks.gov,City,City of Plainville Kansas,Plainville,KS
plainvilleks.gov,City,City of Plainville,Plainville,KS
prairievillageks.gov,City,"City of Prairie Village, KANSAS",Prairie Village,KS
cityofransomks.gov,City,City of Ransom,Ransom,KS
salina-ks.gov,City,City of Salina,Salina,KS
salinecountyks.gov,County,Saline County,Salina,KS
chautauquacountyks.gov,County,Chautauqua County Sheriff's Office,Sedan,KS
sedanks.gov,City,City of Sedan,Sedan,KS
nemahasoks.gov,County,Nemaha County Sheriff's Office,Seneca,KS
wallacecountyks.gov,County,County of Wallace,Sharon Springs,KS
silverlakeks.gov,City,City of Silver Lake,Silver Lake,KS
southhutchinson.gov,City,City of South Hutchinson,South Hutchinson,KS
cityofspearvilleks.gov,City,CITY OF SPEARVILLE,Spearville,KS
springhillks.gov,City,City of Spring Hill,Spring Hill,KS
stgeorgeks.gov,City,City of St George,St George,KS
stjohnks.gov,City,City of St John,St John,KS
staffordcountyks.gov,County,Stafford County,St. John,KS
rookscountyks.gov,County,Rooks County Kansas,Stockton,KS
syracuseks.gov,City,City of Syracuse,Syracuse,KS
snco.gov,County,Shawnee County,Topeka,KS
tha.gov,Special district,Topeka Housing Authority,Topeka,KS
topeka.gov,City,City of Topeka,Topeka,KS
cityoftorontoks.gov,City,City of Toronto,Toronto,KS
greeleycountyks.gov,County,Unified Greeley County,Tribune,KS
grantcokshealth.gov,County,Grant County Health Department,Ulysses,KS
ulyssesks.gov,City,City of Ulysses,Ulysses,KS
valleycenterks.gov,City,The City of Valley Center,Valley Center,KS
tregocountyks.gov,County,"Trego County, Kansas",WaKeeney,KS
wakeeneyks.gov,City,City of WaKeeney,WaKeeney,KS
washingtoncountyks.gov,County,Washington County,Washington,KS
pottcountyks.gov,County,Pottawatomie County,Westmoreland,KS
westwoodhillsks.gov,City,City of Westwood Hills,Westwood Hills,KS
whitewaterks.gov,City,City of Whitewater,Whitewater,KS
sedgwick.gov,County,Sedgwick County - DIO,Wichita,KS
wichita.gov,City,City of Wichita,Wichita,KS
cowleycountyks.gov,County,Cowley County,Winfield,KS
winfieldks.gov,City,"City of Winfield, KS",Winfield,KS
woodsoncounty.gov,County,"Woodson County, Kansas",Yates Center,KS
yatescenter.gov,City,City of Yates Center,Yates Center,KS
albanyky.gov,City,"The City of Albany, City Hall and Water Department",Albany,KY
clintoncoclerkky.gov,County,Clinto County Clerk,Albany,KY
alexandriaky.gov,City,City of Alexandria,Alexandria,KY
ashlandky.gov,City,"The City of Ashland, KY",Ashland,KY
augustaky.gov,City,City of Augusta,Augusta,KY
knoxky.gov,County,"Knox County, Kentucky",Barbourville,KY
bardstownky.gov,City,City Of Bardstown,Bardstown,KY
nelsoncountyky.gov,County,County of Nelson/Nelson County Fiscal Court,Bardstown,KY
carlislecounty.gov,County,Carlisle County,BARDWELL,KY
trimblecountyky.gov,County,Trimble County Fiscal Court,Bedford,KY
marshallcoclerkky.gov,County,Marshall County Clerk,Benton,KY
marshallcountyky.gov,County,Marshall County Fiscal Court,Benton,KY
bereaky.gov,City,City of Berea,Berea,KY
bereautilitiesky.gov,City,Berea Utilities,Berea,KY
warrencountyky.gov,County,Warren County Government,Bowling Green,KY
meadeky.gov,County,Meade County Fiscal Court,Brandenburg,KY
meadewaterky.gov,Special district,Meade County Water District,Brandenburg,KY
edmonsoncountyky.gov,County,Edmonson County Fiscal Court,Brownsville,KY
mtwashingtonky.gov,City,City of Mount Washington,Bullitt County,KY
boonecountyky.gov,County,Boone County Fiscal Court,Burlington,KY
mcleancountyky.gov,County,McLean County Fiscal Court,Calhoun,KY
calvertcityky.gov,City,City of Calvert City,Calvert City,KY
taylorcountyky.gov,County,Taylor County Government,Campbellsville,KY
wolfecoclerkky.gov,County,Wolfe County Clerk,Campton,KY
carrollkyschools.gov,School district,Carroll County Board of Education,Carrollton,KY
boydcountyky.gov,County,Boyd County Fiscal Court,Catlettsburg,KY
catlettsburgky.gov,City,City of Catlettsburg,Catlettsburg,KY
cavecityky.gov,City,City of Cave City,Cave City,KY
crestviewhills.gov,City,City of Crestview Hills,City of Crestview Hills,KY
claycityky.gov,City,"City of Clay City, KY",Clay City,KY
coldspringky.gov,City,City of Cold Spring,Cold Spring,KY
adaircoclerkky.gov,County,Adair County Clerk,Columbia,KY
corbin-ky.gov,City,City of Corbin Kentucky,Corbin,KY
covingtonky.gov,City,City of Covington,Covington,KY
kentoncountyky.gov,County,Kenton County Fiscal Court,Covington,KY
thecovky.gov,City,City of Covington,Covington,KY
crestviewky.gov,City,Crestview KY,Crestview,KY
lpchpd.gov,City,Lakeside Park/Crestview Hills Police,Crestview Hills,KY
crestwoodky.gov,City,City of Crestwood,Crestwood,KY
orchardgrasshills.gov,City,City of Orchard Grass Hills,Crestwood,KY
cynthianaky.gov,City,City of Cynthiana,Cynthiana,KY
boylecountyky.gov,County,Boyle County Fiscal Court,DANVILLE,KY
danvilleky.gov,City,"City of Danville, KY",Danville,KY
lyoncountyky.gov,County,Lyon County Fiscal Court,Eddyville,KY
edgewoodky.gov,City,"City of Edgewood, Kentucky",Edgewood,KY
metcalfecountyky.gov,County,Metcalfe County Fiscal Court,Edmonton,KY
elizabethtownky.gov,City,City of Elizabethtown,Elizabethtown,KY
hardincountyky.gov,County,Hardin County Government,Elizabethtown,KY
erlangerky.gov,City,City of Erlanger,Erlanger,KY
cityofevarts.gov,City,City Of Evarts,Evarts,KY
evartspd.gov,City,Evarts Police Department,Evarts,KY
fairdalefireky.gov,Special district,Fairdale Fire Protection District,Fairdale,KY
pendletoncountyky.gov,County,Pendleton County Fiscal Court,Falmouth,KY
sheriffpendletoncountyky.gov,County,Pendleton County Sheriffs Office,Falmouth,KY
cityoffergusonky.gov,City,City of Ferguson,Ferguson,KY
flatwoodsky.gov,City,City of Flatwoods Kentucky,Flatwoods,KY
flemingcountyhealthky.gov,County,Fleming County Health Dept.,Flemingsburg,KY
florence-ky.gov,City,City of Florence Kentucky,Florence,KY
fortwrightky.gov,City,City of Fort Wright,Fort Wright,KY
franklinky.gov,City,"City of Franklin, KY",Franklin,KY
simpsoncountyky.gov,County,Simpson County Fiscal Court,Franklin,KY
georgetownky.gov,City,City of Georgetown,Georgetown,KY
gscrevenueky.gov,Special district,Georgetown-Scott County Revenue Commission,Georgetown,KY
scottky.gov,County,Scott County Fiscal Court,Georgetown,KY
barrencountyky.gov,County,BARREN OOUNTY JUDGE EXECUTIVE,GLASGOW,KY
cityofglasgow.gov,City,City of Glasgow,Glasgow,KY
glencoeky.gov,City,City of Glencoe,Glencoe,KY
glenviewky.gov,City,City of Glenview,Glenview,KY
greenupchdky.gov,County,Greenup County Health Department,Greenup,KY
greenupcountyky.gov,County,County of Greenup,Greenup,KY
breckinridgecountyky.gov,County,Breckinridge County Sheriff Office,Hardinsburg,KY
harrodsburgky.gov,City,City of Harrodsburg,Harrodsburg,KY
ohiocountyky.gov,County,"Ohio County, KY Government",Hartford,KY
hancockcountyky.gov,County,Hancock County Fiscal Court,Hawesville,KY
hazardky.gov,City,City of Hazard,Hazard,KY
kyrdhd.gov,Special district,Kentucky River District Health Department,Hazard,KY
perrycountyky.gov,County,Perry County Fiscal Court,Hazard,KY
hendersoncountyky.gov,County,HENDERSON COUNTY FISCAL COURT,HENDERSON,KY
hendersonky.gov,City,"City of Henderson, KY",Henderson,KY
hendersonkydetention.gov,County,Henderson County Detention Center,Henderson,KY
fultoncoclerkky.gov,County,Fulton County Clerk,Hickman,KY
fultoncountyky.gov,County,Fulton County Fiscal Court,Hickman,KY
highlandheights-ky.gov,City,City of Highland Heights Kentucky,Highland Heights,KY
knottcountyky.gov,County,Knott County Fiscal Court,Hindman,KY
laruecountyky.gov,County,LaRue County Courthouse,Hodgenville,KY
christiancountyky.gov,County,Christian County Government,Hopkinsville,KY
hopkinsville-ky.gov,City,City of Hopkinsville,Hopkinsville,KY
horsecaveky.gov,City,City Of Horse Cave,Horse Cave,KY
hurstbourneacresky.gov,City,City of Hurstbourne Acres,Hurstbourne Acres,KY
martinhealthky.gov,County,Martin County Health Department,Inez,KY
irvinekentucky.gov,City,City of Irvine,Irvine,KY
russellcountyky.gov,County,Russell County Fiscal Court,Jamestown,KY
jeffersontownky.gov,City,City of Jeffersontown,Jeffersontown,KY
lagrangeky.gov,City,City of La Grange Kentucky,La Grange,KY
oldhamcountyky.gov,County,Oldham County Fiscal Court,La Grange,KY
oldhamcountywaterky.gov,Special district,Oldham County Water District,La Grange,KY
lagrangeutilitiesky.gov,Special district,LaGrange Utilities Commission,LaGrange,KY
lakesideparkky.gov,City,City of Lakeside Park,Lakeside Park,KY
bluegrass911.gov,Special district,Bluegrass 911 Central Communications,Lancaster,KY
garrardcountyky.gov,County,Garrard County Judge Executive,Lancaster,KY
marioncoclerkky.gov,County,Marion County Clerk,Lebanon,KY
marioncountyky.gov,County,Marion County Fiscal Court,Lebanon,KY
graysoncountyky.gov,County,Grayson County Judge Executive,Leitchfield,KY
lewisburgky.gov,City,City of Lewisburg,Lewisburg,KY
lexingtonky.gov,City,Lexington-Fayette Urban County Government,Lexington,KY
laurelcoky.gov,County,Laurel County Fiscal Court,London,KY
laurelcountycorrectionsky.gov,County,Laurel County Corrections,London,KY
laurelcountysheriff.gov,County,Laurel County Sheriff's Office,London,KY
londonky.gov,City,City of London,London,KY
woodcreekwaterky.gov,Special district,Wood Creek Water District,London,KY
lawrencecountyky.gov,County,Lawrence County Fiscal Court,Louisa,KY
louisaky.gov,City,City of Louisa,Louisa,KY
audubonparkky.gov,City,City of Audubon Park,Louisville,KY
bellemeade-ky.gov,City,City of Bellemeade,Louisville,KY
blueridgemanorky.gov,City,City of Blue Ridge Manor,Louisville,KY
cityofworthingtonhillsky.gov,City,City of Worthington Hills,Louisville,KY
druidhillsky.gov,City,"City of Druid Hills, KY",Louisville,KY
heritagecreekky.gov,City,City of Heritage Creek Kentucky,Louisville,KY
hillviewpolice.gov,City,Hillview Police Department,Louisville,KY
jeffersonkyattorney.gov,County,Jefferson County Attorney,Louisville,KY
jeffersonsheriffky.gov,County,Jefferson County Sheriff's Office,Louisville,KY
lmpd.gov,City,Louisville Metro Government,Louisville,KY
louisville.gov,City,Louisville Metro Government (City of Louisville),Louisville,KY
louisvilleky.gov,City,Louisville Jefferson County Metro Government,Louisville,KY
meadowviewestatesky.gov,City,City of Meadowview Estates,Louisville,KY
stmatthewsky.gov,City,City of St Matthews,Louisville,KY
stmfdky.gov,Special district,St Matthews Fire Protection District,Louisville,KY
ludlowky.gov,City,City of Ludlow,Ludlow,KY
madisonvilleky.gov,City,"City of Madisonville, KY",Madisonville,KY
claycoclerkky.gov,County,Clay County Clerk,Manchester,KY
marionky.gov,City,"City of Marion, Kentucky",Marion,KY
gravescountyky.gov,County,Graves County Fiscal Court,Mayfield,KY
mayfieldky.gov,City,City of Mayfield,Mayfield,KY
cityofmaysvilleky.gov,City,City of Maysville,Maysville,KY
masonkysheriff.gov,County,Mason County Sheriff's Office,Maysville,KY
middletownky.gov,City,City of Middletown,Middletown,KY
monticelloky.gov,City,City of Monticello,Monticello,KY
monticellowayneco911ky.gov,County,MONTICELLO WAYNE COUNTY E911,MONTICELLO,KY
morehead-ky.gov,City,"City of Morehead, KY",Morehead,KY
rowancdcky.gov,County,Rowan County Detention Center,Morehead,KY
morganfieldpolice.gov,City,Morganfield Police Department,Morganfield,KY
unioncountyky.gov,County,Union County Fiscal Court,Morganfield,KY
butlercountyky.gov,County,Butler County Fiscal Court,Morgantown,KY
morgantownky.gov,City,City of Morgantown,Morgantown,KY
montgomerycountyhealthky.gov,County,Montgomery County Health Department,"Mount Sterling, Ky.",KY
rockcastlecountysheriff.gov,County,Rockcastle County Sheriffs Office,Mt Vernon,KY
hartcountyky.gov,County,Hart County Fiscal Court,Munfordville,KY
callkyso.gov,County,Calloway County Sheriff's Office - KY,Murray,KY
callowaycoclerkky.gov,County,Calloway County Clerk,Murray,KY
callowaycountyky.gov,County,Calloway County Fiscal Court,Murray,KY
murrayky.gov,City,City of Murray,Murray,KY
campbellcountyky.gov,County,Campbell County,Newport,KY
newportky.gov,City,"City of Newport, Kentucky",Newport,KY
woodlawnky.gov,City,City of Woodlawn,Newport,KY
jessamineky.gov,County,Jessamine County Fiscal Court,Nicholasville,KY
jessaminesheriff.gov,County,Jessamine County Sheriff's Office,Nicholasville,KY
nicholasvilleky.gov,City,City of Nicholasville,Nicholasville,KY
dcsoky.gov,County,Daviess County Sheriffs Office,Owensboro,KY
owensboroky.gov,City,City of Owensboro,Owensboro,KY
bathcoclerkky.gov,County,Bath County Clerk,Owingsville,KY
mccrackencountyky.gov,County,McCracken County Fiscal Court,Paducah,KY
mccrackenpva.gov,County,MCCRACKEN COUNTY PROPERTY VALUATION ADMINISTRATOR,Paducah,KY
paducahky.gov,City,City of Paducah,Paducah,KY
parkcityky.gov,City,City of Park City,Park City,KY
parkhillsky.gov,City,City of Park Hills,Park Hills,KY
perryvilleky.gov,City,City of Perryville,Perryvile,KY
coalrunky.gov,City,City of Coal Run Village,Pikeville,KY
pikecoclerkky.gov,County,Pike County Clerk,Pikeville,KY
pikeky.gov,County,Pike County,Pikeville,KY
pikevilleky.gov,City,City of Pikeville,Pikeville,KY
floydcoclerkky.gov,County,Floyd County Clerk,Prestonsburg,KY
prestonsburgky.gov,City,City of Prestonsburg,Prestonsburg,KY
princetonky.gov,City,City of Princeton,Princeton,KY
prospectky.gov,City,Prospect City Hall,Prospect,KY
racelandky.gov,City,City of Raceland,Raceland,KY
radcliffky.gov,City,City of Radcliff,Radcliff,KY
madisoncountyky.gov,County,Madison County Fiscal Court,Richmond,KY
richmondky.gov,City,City of Richmond KY,Richmond,KY
russellky.gov,City,City of Russell Kentucky,Russell,KY
logancountyky.gov,County,Logan County Fiscal Court,Russellville,KY
russellvilleky.gov,City,"City of Russellville, Kentucky",Russellville,KY
sadievilleky.gov,City,City of Sadieville,Sadieville,KY
cityofsalemky.gov,City,City of Salem Kentucky,Salem,KY
allencountykentucky.gov,County,Allen County Fiscal Court,Scottsville,KY
cityofsebree.gov,City,City of Sebree,Sebree,KY
bullittky.gov,County,Bullitt County Fiscal Court,Shepherdsville,KY
shepherdsvilleky.gov,City,City of Shepherdsville,shepherdsville,KY
shivelyky.gov,City,City of Shively,Shively,KY
pulaskiky.gov,County,Pulaski County Fiscal Court,Somerset,KY
washingtoncountyky.gov,County,Washington County Fiscal Court,Springfield,KY
stampinggroundky.gov,City,City of Stamping Ground,Stamping Ground,KY
lincolncoclerkky.gov,County,Lincoln County Clerk,Stanford,KY
stanfordky.gov,City,City of Stanford,Stanford,KY
stantonky.gov,City,City of Stanton,Stanton,KY
taylormillky.gov,City,City of Taylor Mill,Taylor Mill,KY
spencercountyky.gov,County,Spencer County,Taylorsville,KY
tompkinsvilleky.gov,City,City of Tompkinsville,Tompkinsville,KY
lewiscountyky.gov,County,Lewis County Fiscal Court,Vanceburg,KY
woodfordcountyky.gov,County,Woodford County Fiscal Court,Versailles,KY
vinegrove.gov,City,City of Vine Grove,Vine Grove,KY
gallatinky.gov,County,Gallatin County,Warsaw,KY
westbuechelky.gov,City,City of West Buechel Kentucky,West Buechel,KY
morgancoclerkky.gov,County,Morgan County Clerk,West Liberty,KY
westlibertyky.gov,City,City of West Liberty,West Liberty,KY
westlibertykypolice.gov,City,West liberty police,West liberty,KY
whitesburgky.gov,City,CITY OF WHITESBURG,Whitesburg,KY
mccrearycountyky.gov,County,McCreary County Fiscal Court,Whitley City,KY
ballardcoclerkky.gov,County,Ballard County Clerk,Wickliffe,KY
wilderky.gov,City,City of Wilder,Wilder,KY
clarkcoky.gov,County,Clark County Kentucky,Winchester,KY
clarkcountyattyky.gov,County,Office of Clark County Atty,WINCHESTER,KY
cityofwindyhillsky.gov,City,City of Windy Hills,Windy Hills,KY
abbevillecitymarshal.gov,City,Abbeville City Marshal's Office,Abbeville,LA
vermilionsheriff.gov,County,Vermilion Parish Sheriff's Office,Abbeville,LA
abitaspringsla.gov,City,Town Of Abita Springs,Abita Springs,LA
albanyla.gov,City,Town of Albany,Albany,LA
tangipahoa.gov,County,Tangipahoa Parish Government,Amite,LA
acadiaevangelinefd.gov,Special district,Acadia-Evangeline Fire Protection District,Basile,LA
batonrougela.gov,City,City of Baton Rouge / Parish of East Baton Rouge,Baton Rouge,LA
brla.gov,City,City of Baton Rouge / Parish of East Baton Rouge,Baton Rouge,LA
brpdla.gov,City,City of Baton Rouge / Parish of East Baton Rouge,Baton Rouge,LA
stgeorgela.gov,City,City of St. George Louisiana,Baton Rouge,LA
plaqueminesparish.gov,County,Plaquemines Parish Government,Belle Chasse,LA
bossierparishla.gov,County,Bossier Parish Police Jury,Benton,LA
berwickla.gov,City,Town of Berwick,BERWICK,LA
blanchardla.gov,City,Town of Blanchard,Blanchard,LA
bogalusa.gov,City,City of Bogalusa,Bogalusa,LA
wpfd7.gov,Special district,Washington Parish Fire Protection District 7,Bogalusa,LA
constableward2westbatonrouge.gov,County,Constable Ward 2 West Baton Rouge Parish,BRUSLY,LA
central-la.gov,City,City of Central,Central,LA
chathamla.gov,City,"VILLAGE OF CHATHAM, LA",Chatham,LA
stjamesparishla.gov,County,St. James Parish Government,Convent,LA
covla.gov,City,City of Covington,Covington,LA
donaldsonville-la.gov,City,City of Donaldsonville,Donaldsonville,LA
sjbparishclerk.gov,County,ST JOHN THE BAPTIST CLERK OF COURT OFFICE,EDGARD,LA
jeffparish.gov,County,Jefferson Parish Government,Elmwood,LA
stmarydd1la.gov,Special district,St. Mary Parish Consolidate Gravity Drainage District No. 1,FRANKLIN,LA
stmaryparishla.gov,County,St. Mary Parish Government,Franklin,LA
franklintonpdla.gov,City,Franklinton Police Department,Franklinton,LA
frenchsettlement-la.gov,City,French Settlement,French Settlement,LA
fspd-la.gov,City,Village of French Settlement Police Department,French Settlement,LA
townofgoldenmeadow-la.gov,City,Town of Golden Meadow,Golden Meadow,LA
ascensionparishla.gov,County,Ascension Parish Government,Gonzales,LA
gretnala.gov,City,The City of Gretna,Gretna,LA
gretnapolicela.gov,City,The City of Gretna Police Department,GRETNA,LA
stcharlesparish-la.gov,County,St. Charles Parish,Hahnville,LA
stcharlesparish.gov,City,St. Charles Parish,Hahnville,LA
harahanla.gov,City,City of Harahan,Harahan,LA
haughtonla.gov,City,City Of Haughton,Haughton,LA
terrebonne911.gov,Special district,Terrebonne Parish Communications District 911,Houma,LA
jacksonla.gov,City,Town of Jackson,Jackson,LA
lafayettela.gov,City,Lafayette City-Parish Consolidated Government,Lafayette,LA
teche-vermilion.gov,Special district,Teche-Vermilion Fresh Water District,Lafayette,LA
calcasieu.gov,County,Calcasieu Parish Government,Lake Charles,LA
calcasieu911.gov,County,Calcasieu Parish 911,Lake Charles,LA
calcasieusheriff.gov,County,Calcasieu Parish Sheriff's Office,Lake Charles,LA
sjbparish.gov,County,St. John the Baptist Parish,LaPlace,LA
stjohn-la.gov,County,St. John the Baptist Parish,LaPlace,LA
leesvillela.gov,City,City of Leesville,Leesville,LA
livingstonparishla.gov,County,Livingston Parish Government,Livingston,LA
sttammany.gov,County,Parish of St Tammany,Mandeville,LA
townofmaurice.gov,City,Town Of Maurice,Maurice,LA
tbld.gov,Special district,Tensas Basin Levee District,Monroe,LA
mooringsport.gov,City,Village of Mooringsport,mooringsport,LA
villageofmorganza.gov,City,Village of Morganza,Morganza,LA
assumptionla.gov,County,Assumption Parish Police Jury,Napoleonville,LA
assumptionoep-la.gov,County,Assumption Parish Police Jury,Napoleonville,LA
natchitochesla.gov,City,City of Natchitoches,Natchitoches,LA
neworleansla.gov,City,City of New Orleans,New Orleans,LA
nola.gov,City,City of New Orleans,New Orleans,LA
nola311.gov,City,New Orleans 311,New Orleans,LA
nolaeoc.gov,City,City of New Orleans,New Orleans,LA
nolaerb.gov,City,New Orleans Ethics Review Board,New Orleans,LA
nolaipm.gov,City,Office of the Independent Police Monitor,New Orleans,LA
nolaoig.gov,City,Office of Inspector General,New Orleans,LA
nolartcc.gov,City,City of New Orleans,New Orleans,LA
opcdla.gov,County,Orleans Parish Communication District,New Orleans,LA
opso.gov,County,Orleans Parish Sheriff's Office,New Orleans,LA
pcpsbla.gov,School district,Pointe Coupee Parish School District,New Roads,LA
stlandry.gov,County,St Landry Parish Gov,Opelousas,LA
cityofpattersonla.gov,City,City of Patterson,Patterson,LA
ibervilleoep.gov,County,Iberville Parish Office of Emergency Preparedness,Plaquemine,LA
portvincent-la.gov,City,Village of Port Vincent,Port Vincent,LA
ascensionfd3.gov,Special district,Ascension Parish Fire District 3,Prairieville,LA
reevesla.gov,City,Village Of Reeves,Reeves,LA
richmondla.gov,City,Village of Richmond,Richmond,LA
lincolnparish.gov,County,Lincoln Parish Police Jury,Ruston,LA
rustonla.gov,City,City of Ruston,Ruston,LA
lafayettela911.gov,Special district,Lafayette Parish Communication District,Scott,LA
lpcd-lafla.gov,Special district,LAFAYETTE PARISH COMMUNICATION DISTRICT,Scott,LA
lpcdops-lafla.gov,Special district,LAFAYETTE PARISH COMMUNICATION DISTRICT,Scott,LA
caddo.gov,County,Caddo Parish Commission,Shreveport,LA
caddoparish911.gov,Special district,Caddo Parish Communications District Number One,Shreveport,LA
shreveportla.gov,City,City of Shreveport,Shreveport,LA
shreveportlawater.gov,City,Department of Water & Sewerage,Shreveport,LA
sibleyla.gov,City,Town of Sibley,Sibley,LA
stpsola.gov,County,St. Tammany Parish Sheriff's Office,Slidell,LA
sorrentola.gov,City,"Town of Sorrento, Louisiana",Sorrento,LA
springhilllouisiana.gov,City,City of Springhill,Springhill,LA
stmartinville.gov,City,City of St Martinville,StMartinville,LA
sulphurla.gov,City,City of Sulphur,Sulphur,LA
tallulah-la.gov,City,City Of Tallulah,Tallulah,LA
thibodaux.gov,City,"The City of Thibodaux, Louisiana",Thibodaux,LA
tickfawpd.gov,City,Tickfaw Police Department,Tickfaw,LA
vidaliala.gov,City,"City of Vidalia, LA.",Vidalia,LA
walker-la.gov,City,Town of Walker,Walker,LA
westmonroe.gov,City,City of West Monroe,West Monroe,LA
winnsheriff.gov,County,Winn Parish Sheriff's Office,Winnfield,LA
youngsvillela.gov,City,City of Youngsville,Youngsville,LA
abingtonma.gov,City,Town of Abington,Abington,MA
acton-ma.gov,City,"Town of Acton, Massachusetts",Acton,MA
actonma.gov,City,"Town of Acton, Massachusetts",Acton,MA
acushnet.gov,City,Town of Acushnet,Acushnet,MA
alfordma.gov,City,"Town of Alford, Massachusetts",Alford,MA
amesburyma.gov,City,City of Amesbury,Amesbury,MA
amherstma.gov,City,Town of Amherst,Amherst,MA
andoverma.gov,City,Town of Andover,Andover,MA
aquinnah-ma.gov,City,Town of Aquinnah,Aquinnah,MA
arlingtonma.gov,City,Town of Arlington,Arlington,MA
ashburnham-ma.gov,City,Town of Ashburnham,Ashburnham,MA
ashbyma.gov,City,Town of Ashby,Ashby,MA
freetownma.gov,City,Town of Freetown,Assonet,MA
athol-ma.gov,City,Town of Athol,Athol,MA
auburnma.gov,City,Town of Auburn,Auburn,MA
avon-ma.gov,City,Town of Avon,Avon,MA
ayerfire.gov,City,Ayer Fire Department,Ayer,MA
ayerpolice.gov,City,Ayer Police Department,Ayer,MA
barnstablecounty-ma.gov,County,Barnstable County,Barnstable,MA
capecod.gov,County,Barnstable County,Barnstable,MA
becketma.gov,City,Town of Becket,Becket,MA
bedfordma.gov,City,Town of Bedford,Bedford,MA
belchertown.gov,City,Town of Belchertown,Belchertown,MA
belmont-ma.gov,City,Town of Belmont,Belmont,MA
berkleyma.gov,City,Town of Berkley,Berkley,MA
berkleymapolice.gov,City,Berkley Police Department,Berkley,MA
townofberkleyma.gov,City,Town of Berkley,Berkley,MA
beverlyma.gov,City,City of Beverly MA,Beverly,MA
sbwsb.gov,Special district,Salem and Beverly Water Supply Board,Beverly,MA
billerica.gov,City,Town of Billerica,Billerica,MA
blackstonema.gov,City,Town of Blackstone,Blackstone,MA
blackstonemafire.gov,City,Blackstone Fire Department,Blackstone,MA
blackstonemapolice.gov,City,Blackstone Police Department,Blackstone,MA
townofblandford.gov,City,Town of Blandford,Blandford,MA
bolton-ma.gov,City,Bolton Police Department,Bolton,MA
boston.gov,City,City of Boston,Boston,MA
cityofboston.gov,City,City of Boston,Boston,MA
massauditor.gov,Special district,Massachusetts Office of the State Auditor,Boston,MA
mbtaadvisoryboard.gov,Special district,MBTA Advisory Board,Boston,MA
bourne-ma.gov,City,Town of Bourne,Bourne,MA
boxborough-ma.gov,City,Town of Boxborough,Boxborough,MA
boxfordma.gov,City,Town of Boxford,Boxford,MA
boylston-ma.gov,City,Town of Boylston,Boylston,MA
braintreema.gov,City,Town of Braintree MA,Braintree,MA
brewster-ma.gov,City,Town of Brewster,Brewster,MA
bridgewaterma.gov,City,Town of Bridgewater,Bridgewater,MA
brockton-ma.gov,City,City of Brockton,Brockton,MA
brockton.gov,City,City of Brockton,Brockton,MA
brocktonmapd.gov,City,Brockton Police Department,Brockton,MA
brooklinema.gov,City,Town of Brookline,Brookline,MA
newburyma.gov,City,Town Of Newbury,Byfield,MA
cambridgema.gov,City,"City of Cambridge, Ma",Cambridge,MA
cambridgeretirementma.gov,Special district,City of Cambridge Contributory Retirement System,Cambridge,MA
carlislema.gov,City,Town of Carlisle,Carlisle,MA
carverma.gov,City,Town of Carver,Carver,MA
chatham-ma.gov,City,City of Chatham,Chatham,MA
chelmsfordma.gov,City,"Town of Chelmsford, MA",Chelmsford,MA
chelmsfordpd.gov,City,Chelmsford Police Department,Chelmsford,MA
chelseama.gov,City,City of Chelsea,Chelsea,MA
cheshire-ma.gov,City,Town of Cheshire,Cheshire,MA
chicopeema.gov,City,City of Chicopee,Chicopee,MA
chilmarkma.gov,City,Town of Chilmark,Chilmark,MA
clarksburgma.gov,City,Town of Clarksburg,Clarksburg,MA
clintonma.gov,City,Town of Clinton,Clinton,MA
clintonpolicema.gov,City,"Town of Clinton, Massachusetts",Clinton,MA
cohassetfirema.gov,City,Town of Cohasset,Cohasset,MA
cohassetma.gov,City,Town of Cohasset,Cohasset,MA
cohassetpolicema.gov,City,Town of Cohasset,Cohasset,MA
colrain-ma.gov,City,Town of Colrain,Colrain,MA
concordma.gov,City,Town of Concord,Concord,MA
conwayma.gov,City,Town of Conway,Conway,MA
cummington-ma.gov,City,Town of Cummington,Cummington,MA
gosnold-ma.gov,City,Town of Gosnold,Cuttyhunk,MA
dalton-ma.gov,City,Town of Dalton,Dalton,MA
danversma.gov,City,Town of Danvers,Danvers,MA
dartmouthma.gov,City,Town of Dartmouth,Dartmouth,MA
dartmouthpolice.gov,City,Dartmouth Police Department,Dartmouth,MA
dedham-ma.gov,City,Town of Dedham,Dedham,MA
dedhamma.gov,City,Town of Dedham,Dedham,MA
nvrddma.gov,Special district,Nashoba Valley Regional Dispatch District,Devens,MA
dighton-ma.gov,City,Town of Dighton,Dighton,MA
douglas-ma.gov,City,Town of Douglas,Douglas,MA
doverma.gov,City,Town of Dover,Dover,MA
dracutma.gov,City,Town of Dracut,Dracut,MA
dudleyma.gov,City,Town of Dudley,Dudley,MA
dudleypolicema.gov,City,Dudley Police Department,Dudley,MA
dunstable-ma.gov,City,Town of Dunstable,Dunstable,MA
duxbury-ma.gov,City,Town of Duxbury,Duxbury,MA
roccc911.gov,City,Regional Old Colony Communications Center,Duxbury,MA
eastbridgewaterma.gov,City,Town of East Bridgewater,East Bridgewater,MA
eastlongmeadowma.gov,City,Town of East Longmeadow,East Longmeadow,MA
templetonma.gov,City,Town of Templeton,East Templeton,MA
eastham-ma.gov,City,Town of Eastham,Eastham,MA
easthamptonma.gov,City,City of Easthampton,Easthampton,MA
dukescounty.gov,County,Dukes County,Edgartown,MA
dukescountysheriffma.gov,County,Dukes County Sheriff's Office,Edgartown,MA
edgartownma.gov,City,Town of Edgartown,Edgartown,MA
egremont-ma.gov,City,Town of Egremont,Egremont,MA
erving-ma.gov,City,Town of Erving,Erving,MA
fairhaven-ma.gov,City,Town of Fairhaven,Fairhaven,MA
fallriverma.gov,City,City of Fall River,Fall River,MA
falmouthfirema.gov,City,Town of Falmouth,Falmouth,MA
falmouthma.gov,City,Town of Falmouth,Falmouth,MA
falmouthpolicema.gov,City,Town of Falmouth,Falmouth,MA
falmouthpublicsafetyma.gov,City,Falmouth Emergency Communications,Falmouth,MA
falmouthretirementma.gov,City,Falmouth Retirement System,Falmouth,MA
fitchburgma.gov,City,City of Fitchburg,Fitchburg,MA
foxboroughfire.gov,City,Foxborough Fire Department,Foxborough,MA
foxboroughma.gov,City,Town of Foxborough,Foxborough,MA
foxboroughpolice.gov,City,Foxborough Police Department,Foxborough,MA
semrecc.gov,Special district,Southeastern Massachusetts Regional 911 District,Foxborough,MA
framinghamma.gov,City,Town of Framingham,Framingham,MA
framinghampd.gov,City,Framingham Police,Framingham,MA
mrecc-ma.gov,Special district,Middlesex Regional Emergency Communications Center,Framingham,MA
franklinma.gov,City,"Town of Franklin., MA",Franklin,MA
gardner-ma.gov,City,City of Gardner,Gardner,MA
georgetownma.gov,City,Town of Georgetown,Georgetown,MA
hardwick-ma.gov,City,Town of Hardwick,Gilvertville,MA
gloucester-ma.gov,City,City of Gloucester,Gloucester,MA
grafton-ma.gov,City,Town of Grafton,Grafton,MA
granby-ma.gov,City,Town of Granby,Granby,MA
granville-ma.gov,City,Town of Granville,Granville,MA
townofgbma.gov,City,Town of Great Barrington,Great Barrington,MA
greenfield-ma.gov,City,City of Greenfield,Greenfield,MA
grotonma.gov,City,Town of Groton,Groton,MA
hadleyma.gov,City,Town of Hadley,Hadley,MA
halifaxma.gov,City,"Town of Halifax, MA",Halifax,MA
hampdenma.gov,City,Town of Hampden,Hampden,MA
hanover-ma.gov,City,Town of Hanover,Hanover,MA
hanson-ma.gov,City,Town of Hanson,Hanson,MA
hansonfirema.gov,City,Hanson Fire Department,Hanson,MA
harvard-ma.gov,City,Town of Harvard,Harvard,MA
harwich-ma.gov,City,"Town of Harwich, MA.",Harwich,MA
haverhillma.gov,City,City of Haverhill,Haverhill,MA
hingham-ma.gov,City,Town of Hingham,Hingham,MA
hinsdalema.gov,City,Town Of Hinsdale,Hinsdale,MA
holbrookma.gov,City,Town of Holbrook,Holbrook,MA
holden-ma.gov,City,Town of Holden,Holden,MA
holdenma.gov,City,Town of Holden,Holden,MA
hopedale-ma.gov,City,Town of Hopedale,Hopedale,MA
hopkintonma.gov,City,"Town of Hopkinton, MA",Hopkinton,MA
hubbardstonma.gov,City,Town of Hubbardston,Hubbardston,MA
barnstable.gov,City,Town of Barnstable,Hyannis,MA
barnstablepolice.gov,City,Barnstable Police Department,Hyannis,MA
ipswich-ma.gov,City,Town of Ipswich,Ipswich,MA
ipswichma.gov,City,Town of Ipswich,Ipswich,MA
kingstonma.gov,City,Town of Kingston,Kingston,MA
lancasterma.gov,City,Town of Lancaster Massachusetts,Lancaster,MA
lanesborough-ma.gov,City,Town of Lanesborough,Lanesborough,MA
leema.gov,City,Town of Lee Massachusetts,Lee,MA
leemafire.gov,City,Town of Lee Fire Rescue,Lee,MA
leominster-ma.gov,City,City Of Leominster,Leominster,MA
lexington-ma.gov,City,Town of Lexington,Lexington,MA
lexingtonma.gov,City,Town of Lexington MA,Lexington,MA
lincolnma.gov,City,Town of Lincoln Massachusetts,Lincoln,MA
lincolnmapd.gov,City,Lincoln Massachusetts Police Department,Lincoln,MA
longmeadowma.gov,City,Town of Longmeadow,Longmeadow,MA
lowellma.gov,City,"City of Lowell, Massachusetts",Lowell,MA
lunenburgma.gov,City,Town of Lunenburg,Lunenburg,MA
lunenburgwater.gov,Special district,Lunenburg Water District,Lunenburg,MA
lynnma.gov,City,City of Lynn Ma.,Lynn,MA
lynnfieldma.gov,City,Town of Lynnfield,Lynnfield,MA
manchesterma.gov,City,Town of Manchester-by-the-Sea,Manchester,MA
marbleheadma.gov,City,Town of Marblehead,Marblehead,MA
marionma.gov,City,"Town of Marion, Massachusetts",Marion,MA
marlborough-ma.gov,City,City of Marlborough,Marlborough,MA
marshfield-ma.gov,City,Town of Marshfield,Marshfield,MA
mashpeema.gov,City,Town of Mashpee,Mashpee,MA
mattapoisett.gov,City,Town of Mattapoisett,Mattapoisett,MA
mattapoisettpolice.gov,City,Mattapoisett Police Department,MATTAPOISETT,MA
townofmaynard-ma.gov,City,Town of Maynard,Maynard,MA
medford-ma.gov,City,City of Medford,Medford,MA
medwayma.gov,City,Town of Medway,Medway,MA
mendonma.gov,City,Town of Mendon,Mendon,MA
mendonmapolice.gov,City,Mendon Police Department,Mendon,MA
methuen.gov,City,City of Methuen,Methuen,MA
middleboroughma.gov,City,Town of Middleborough,Middleborough,MA
middlefield-ma.gov,City,"Town of Middlefield, MA",MIDDLEFIELD,MA
middletonma.gov,City,Town of Middleton,Middleton,MA
milfordma.gov,City,Town of Milford,Milford,MA
newmarlboroughma.gov,City,Town of New Marlborough,Mill River,MA
millburyma.gov,City,Town of Millbury,Millbury,MA
millisma.gov,City,Millis,Millis,MA
miltonma.gov,City,Milton Town Hall,Milton,MA
miltonmapolice.gov,City,Milton Police Department,Milton,MA
monson-ma.gov,City,Town of Monson,Monson,MA
montereyma.gov,City,Town of Monterey,Monterey,MA
montgomeryma.gov,City,Town of Montgomery,Montgomery,MA
mountwashington-ma.gov,City,Town of Mount Washington,Mount Washington,MA
nantucket-ma.gov,City,Town of Nantucket,Nantucket,MA
natickma.gov,City,Town of Natick,Natick,MA
needhamma.gov,City,Town of Needham,Needham,MA
newbedford-ma.gov,City,City of New Bedford,New Bedford,MA
newbraintree.gov,City,Town of New Braintree,New Braintree,MA
newburyportma.gov,City,City of Newburyport,Newburyport,MA
newburyportretirement.gov,Special district,Newburyport Retirement System,Newburyport,MA
newtonma.gov,City,"City of Newton, Massachusetts",Newton,MA
norfolkmass.gov,City,Town of Norfolk,NORFOLK,MA
northadams-ma.gov,City,City of North Adams,North Adams,MA
glsdma.gov,Special district,Greater Lawrence Sanitary District,North Andover,MA
northandoverma.gov,City,Town of North Andover,North Andover,MA
northattleborough.gov,City,Town of North Attleboro,North Attleboro,MA
northreadingma.gov,City,Town of North Reading,North Reading,MA
northamptonma.gov,City,City of Northampton,Northampton,MA
northborough-ma.gov,City,Town of Northborough,Northborough,MA
northboroughma.gov,City,Town of Northborough,Northborough,MA
northfieldma.gov,City,Town of Northfield,Northfield,MA
nortonma.gov,City,Town of Norton,Norton,MA
norwell.gov,City,Town of Norwell,Norwell,MA
norwood-ma.gov,City,Town of Norwood,Norwood,MA
norwoodma.gov,City,Town of Norwood,Norwood,MA
oakbluffsma.gov,City,Town of Oak Bluffs,Oak Bluffs,MA
oakham-ma.gov,City,Town of Oakham,Oakham,MA
orleansma.gov,City,Town of Orleans,Orleans,MA
otisma.gov,City,Town of Otis,Otis,MA
paxtonma.gov,City,Town of Paxton,Paxton,MA
peabody-ma.gov,City,City of Peabody,Peabody,MA
peabodyma.gov,City,City of Peabody,Peabody,MA
pelhamma.gov,City,Town of Pelham,Pelham,MA
pembroke-ma.gov,City,Town of Pembroke,Pembroke,MA
precc-ma.gov,City,Patriot Regional Emergency Communications Center,Pepperell,MA
townofpetersham.gov,City,Town of Petersham,Petersham,MA
phillipston-ma.gov,City,The Town Of Phillipston,Phillipston,MA
berkshirerta.gov,Special district,Berkshire Regional Transit Authority,Pittsfield,MA
pittsfieldma.gov,City,City of Pittsfield,Pittsfield,MA
plainvillema.gov,City,Town of Plainville,Plainville,MA
plainvillemapd.gov,City,Plainville Police Department,Plainville,MA
plymouth-ma.gov,City,Town of Plymouth,Plymouth,MA
plymouthcountyma.gov,County,Plymouth County,Plymouth,MA
southernplymouthpublichealth.gov,City,Southern Plymouth County Public Health Excellence Collaborative,Plymouth,MA
princetonma.gov,City,Town or Princeton,Princeton,MA
townofprincetonma.gov,City,Town of Princeton,Princeton,MA
provincetown-ma.gov,City,Town of Provincetown,Provincetown,MA
quincyma.gov,City,City of Quincy,Quincy,MA
randolph-ma.gov,City,Town of Randolph Massachusetts,Randolph,MA
randolphmapd.gov,City,Randolph Police Department,Randolph,MA
readingma.gov,City,Town of Reading,Reading,MA
rehobothma.gov,City,Town of Rehoboth,Rehoboth,MA
townofrochesterma.gov,City,Town of Rochester,Rochester,MA
rockland-ma.gov,City,Town of Rockland,Rockland,MA
rockportma.gov,City,Town of Rockport,Rockport,MA
rowe-ma.gov,City,Town of Rowe,Rowe,MA
royalston-ma.gov,City,Town of Royalston,Royalston,MA
cmr911ma.gov,Special district,Central Massachusetts Regional 911 District,Rutland,MA
rutlandma.gov,City,Town of Rutland,Rutland,MA
salemma.gov,City,"City of Salem, MA",Salem,MA
mamrba.gov,City,"Merrimack River Beach Alliance of Town of Salisbury, Newburyport, and Newbury",Salisbury,MA
salisburyma.gov,City,Town of Salisbury,Salisbury,MA
sandisfieldma.gov,City,Town of Sandisfield,Sandisfield,MA
saugus-ma.gov,City,Town of Saugus,Saugus,MA
scituatema.gov,City,Town of Scituate,Scituate,MA
seekonk-ma.gov,City,Town of Seekonk,Seekonk,MA
seekonkfire-ma.gov,City,Seekonk Fire Dept,Seekonk,MA
seekonkpolice-ma.gov,City,Seekonk Police Dept,Seekonk,MA
sharonma.gov,City,Town of Sharon,Sharon,MA
sheffieldma.gov,City,Town of Sheffield,Sheffield,MA
townofshelburnema.gov,City,Town of Shelburne,Shelburne,MA
sherbornma.gov,City,"Town of Sherborn, MA",Sherborn,MA
shirley-ma.gov,City,Town of Shirley Massachusetts,Shirley,MA
shrewsbury-ma.gov,City,SELCO/Town of Shrewsbury,Shrewsbury,MA
shrewsburyma.gov,City,SELCO,Shrewsbury,MA
hamiltonma.gov,City,Town of Hamilton,So. Hamilton,MA
somervillema.gov,City,City of Somerville,Somerville,MA
denniswaterdistrict.gov,Special district,Dennis Water District,South Dennis,MA
southhadleyma.gov,City,Town of South Hadley,South Hadley,MA
southboroughma.gov,City,Town of Southborough,Southborough,MA
southbridge-ma.gov,City,Town of Southbridge,Southbridge,MA
southbridgefire.gov,City,Southbridge Fire Dept.,SOUTHBRIDGE,MA
southbridgepolice.gov,City,Southbridge Police Department,SOUTHBRIDGE,MA
southwickma.gov,City,"Town of Southwick, Massachusetts",Southwick,MA
spencerma.gov,City,Town of Spencer,Spencer,MA
springfield-ma.gov,City,City of Springfield Massachusetts,Springfield,MA
springfieldma.gov,City,City of Springfield,Springfield,MA
sterling-ma.gov,City,Town of Sterling,Sterling,MA
stockbridge-ma.gov,City,Town of Stockbridge,Stockbridge,MA
stoneham-ma.gov,City,Town of Stoneham,Stoneham,MA
stoughton-ma.gov,City,Town of Stoughton,Stoughton,MA
stow-ma.gov,City,"Town of Stow, Massachusetts",Stow,MA
sturbridge.gov,City,Town of Sturbridge,Sturbridge,MA
sudbury-ma.gov,City,Town of Sudbury,Sudbury,MA
suttonma.gov,City,Town of Sutton,Sutton,MA
swampscottma.gov,City,Town of Swampscott,Swampscott,MA
buildingprojectsswanseama.gov,City,Town of Swansea,Swansea,MA
swanseama.gov,City,Town of Swansea,Swansea,MA
taunton-ma.gov,City,City of Taunton,Taunton,MA
tauntonmlpma.gov,Special district,Taunton Municipal Lighting Plant,Taunton,MA
tauntonpdma.gov,City,Taunton Police Dept,Taunton,MA
nmrecc-ma.gov,Special district,Northern Middlesex Regional Emergency Communications Center,Tewksbury,MA
tewksbury-ma.gov,City,Town of Tewksbury,Tewksbury,MA
tisburyma.gov,City,Town of Tisbury,Tisbury,MA
tolland-ma.gov,City,Town of Tolland Massachusetts,Tolland,MA
topsfield-ma.gov,City,Town of Topsfield,Topsfield,MA
townsendma.gov,City,Town of Townsend,Townsend,MA
truro-ma.gov,City,Town of Truro,Truro,MA
montague-ma.gov,City,Town of Montague,Turners Falls,MA
tyngsboroughma.gov,City,"Town of Tyngsborough, MA",Tyngsborough,MA
tyringham-ma.gov,City,Town of Tyringham,Tyringham,MA
uptonma.gov,City,Town of Upton,Upton,MA
uxbridge-ma.gov,City,"Uxbridge, Town of",Uxbridge,MA
wakefieldma.gov,City,Town of Wakefield,Wakefield,MA
wakefieldmapd.gov,City,Town of Wakefield Police Department,Wakefield,MA
walpole-ma.gov,City,Town of Walpole,Walpole,MA
wareham.gov,City,Town of Wareham,Wareham,MA
warehampolice.gov,City,Town of Wareham,Wareham,MA
warren-ma.gov,City,Town of Warren,Warren,MA
washington-ma.gov,City,Town of Washington,Washington,MA
watertown-ma.gov,City,City of Watertown,Watertown,MA
swccc911-ma.gov,Special district,South Worcester County Communications Center,WEBSTER,MA
webster-ma.gov,City,Town of Webster,Webster,MA
websterpolice-ma.gov,City,Town of Webster Police Department,Webster,MA
wellesleyma.gov,City,Town of Wellesley,Wellesley,MA
wellfleet-ma.gov,City,Town of Wellfleet,Wellfleet,MA
wenhamma.gov,City,Town of Wenham,Wenham,MA
westhamptonma.gov,City,Town of Westhampton,West,MA
westboylston-ma.gov,City,Town of West Boylston,West Boylston,MA
weststockbridge-ma.gov,City,Town of West Stockbridge,West Stockbridge,MA
westtisbury-ma.gov,City,Town of West Tisbury,West Tisbury,MA
metrowestreccma.gov,Special district,Westborough Fire Department,Westborough,MA
westboroughma.gov,City,Town of Westborough,Westborough,MA
westford-ma.gov,City,Town of Westford,Westford,MA
westfordma.gov,City,"Town of Westford, MA",Westford,MA
westminster-ma.gov,City,"Town of Westminster, Massachusetts",Westminster,MA
westonma.gov,City,"Town of Weston, MA",Weston,MA
westport-ma.gov,City,"Town Of Westport, MA",Westport,MA
westwood-ma.gov,City,City of Westwood,Westwood,MA
westwoodma.gov,City,Town of Westwood Massachusetts,Westwood,MA
whitman-ma.gov,City,Town of Whitman,Whitman,MA
wilbraham-ma.gov,City,Town Of Wilbraham,Wilbraham,MA
williamstownma.gov,City,Town of Williamstown,Williamstown,MA
wilmingtonma.gov,City,Town of Wilmington,wilmington,MA
winchendon-ma.gov,City,Town of Winchendon MA,Winchendon,MA
woburnma.gov,City,City of Woburn,Woburn,MA
worcesterma.gov,City,City of Worcester,Worcester,MA
worthington-ma.gov,City,Town of Worthington,Worthington,MA
wrentham.gov,City,Town of Wrentham,Wrentham,MA
wrenthamfire.gov,City,Town of Wrentham,Wrentham,MA
wrenthampolice.gov,City,Town of Wrentham,Wrentham,MA
aberdeenmd.gov,City,City of Aberdeen,Aberdeen,MD
annapolis.gov,City,City of Annapolis,Annapolis,MD
annapolismd.gov,City,City of Annapolis,Annapolis,MD
townofeagleharbormd.gov,City,"Town of Eagle Harbor, Inc.",Aquasco,MD
baltimorecity.gov,City,Baltimore City Office of Information and Technology,Baltimore,MD
baltimorecitybnmd.gov,City,Baltimore City Office of Information & Technology (BCIT),Baltimore,MD
baltimorecitycouncil.gov,City,Baltimore City Council,Baltimore,MD
baltimorecitysheriff.gov,City,Baltimore City Sheriff's Office,Baltimore,MD
harfordcountymd.gov,County,Harford County Government,Bel Air,MD
berlinmd.gov,City,Town of Berlin,Berlin,MD
berwynheightsmd.gov,City,Town of Berwyn Heights,Berwyn Heights,MD
bladensburgmd.gov,City,Town of Bladensburg,Bladensburg,MD
cityofbowiemd.gov,City,City of Bowie,Bowie,MD
brentwoodmd.gov,City,Town of Brentwood,Brentwood,MD
brunswickmd.gov,City,City of Brunswick,Brunswick,MD
burkittsville-md.gov,City,Town of Burkittsville,Burkittsville,MD
dorchestermd.gov,County,"Dorchester County, Maryland",Cambridge,MD
capitolheightsmd.gov,City,Town of Capitol Heights Maryland,Capitol Heights,MD
ceciltonmd.gov,City,Town of Cecilton,Cecilton,MD
qac.gov,County,Queen Anne's County Government,Centreville,MD
chesapeakebeachmd.gov,City,Town of Chesapeake Beach,Chesapeake Beach,MD
chesapeakecity-md.gov,City,Town of Chesapeake City,Chesapeake City,MD
chestertown.gov,City,Town of Chestertown,Chestertown,MD
cheverly-md.gov,City,Town of Cheverly,Cheverly,MD
chevychasevillagemd.gov,City,Town of Chevy Chase Village,Chevy Chase,MD
drummondmd.gov,City,Village of Drummond,Chevy Chase,MD
friendshipheightsmd.gov,City,Village of Friendship Heights,Chevy Chase,MD
northchevychase.gov,City,Village of North Chevy Chase,Chevy Chase,MD
townofchevychasemd.gov,City,Town of Chevy Chase,Chevy Chase,MD
townofsomersetmd.gov,City,Town of Somerset,Chevy Chase,MD
clearspringmd.gov,City,Town of  Clear,Clear Spring,MD
collegeparkmd.gov,City,"City of College Park, Maryland",College Park,MD
cottagecitymd.gov,City,Town of Cottage City,Cottage City,MD
cityofcrisfield-md.gov,City,City of Crisfield,Crisfield,MD
cumberlandmd.gov,City,City of Cumberland,Cumberland,MD
carolinemd.gov,County,Caroline County Commissioners Office,Denton,MD
eastonmd.gov,City,Town of Easton,Easton,MD
talbotcountymd.gov,County,Talbot County Government,Easton,MD
edmonstonmd.gov,City,Town of Edmonston,Edmonston,MD
cecilcountymd.gov,County,Cecil County Government,Elkton,MD
cecilsheriffmd.gov,County,Cecil County Sheriff's Office,Elkton,MD
cecilstatesattorneymd.gov,County,Office of the State's Attorney for Cecil County,Elkton,MD
howardcountymaryland.gov,County,Howard County Government,Ellicott City,MD
howardcountymd.gov,County,Howard County Maryland Government,Ellicott City,MD
emmitsburgmd.gov,City,Emmitsburg Town Government,Emmitsburg,MD
fairmountheightsmd.gov,City,Town of Fairmount Heights,Fairmount Heights,MD
forestheightsmd.gov,City,Town of Forest Heights,Forest Heights,MD
cityoffrederickmd.gov,City,City of Frederick,Frederick,MD
fcgmd.gov,County,Frederick County Government,Frederick,MD
fcgmdps.gov,County,Frederick County Government,Frederick,MD
frederickcountymd.gov,County,Frederick County Government,Frederick,MD
frederickmd.gov,City,City of Frederick,Frederick,MD
friendsvillemd.gov,City,Town of Friendsville,Friendsville,MD
funkstownmd.gov,City,The Town of Funkstown,Funkstown,MD
gaithersburgmd.gov,City,City of Gaithersburg,Gaithersburg,MD
garrettparkmd.gov,City,Town of Garrett Park,Garrett Park,MD
glenecho.gov,City,Town of Glen Echo,Glen Echo,MD
greenbeltmd.gov,City,City of Greenbelt,Greenbelt,MD
hampsteadmd.gov,City,Town of Hampstead,Hampstead,MD
havredegracemd.gov,City,The City of Havre de Grace,Havre de Grace,MD
havredegracepolicemd.gov,City,Havre de Grace Police Department,Havre de Grace,MD
hurlock-md.gov,City,Town of Hurlock,Hurlock,MD
chevychaseviewmd.gov,City,Town of Chevy Chase View,Kensington,MD
charlescountymd.gov,County,Charles County Government,La Plata,MD
landoverhillsmd.gov,City,The Town of Landover Hills,Landover Hills,MD
pgcmd.gov,County,Prince George's County Government,Largo,MD
princegeorgescountymd.gov,County,Prince George's County/Office of Information Technology and Communications,Largo,MD
laurelmd.gov,City,"City of Laurel, Maryland",Laurel,MD
leonardtownmd.gov,City,Commissioners of Leonardtown,Leonardtown,MD
stmaryscountymd.gov,County,Saint Mary's County Government,Leonardtown,MD
stmarysmdsao.gov,County,St. Mary's County State's Attorney's Office,Leonardtown,MD
lochlynnhgts.gov,City,Town of Loch Lynn Heights,Loch Lynn Heights,MD
manchestermd.gov,City,Town of Manchester,Manchester,MD
morningsidemd.gov,City,Town of Morningside,Morningside,MD
mountairymd.gov,City,Town of Mount Airy,Mount Airy,MD
newcarrolltonmd.gov,City,City of New Carrollton,New Carrollton,MD
newwindsormd.gov,City,Town of New Windsor,New Windsor,MD
northbeachmd.gov,City,"Town of North Beach, MD",North Beach,MD
garrettcountymd.gov,County,Garrett County Commissioners,Oakland,MD
oaklandmd.gov,City,"Town of Oakland, Maryland",Oakland,MD
oceancitymd.gov,City,Town of Ocean City,Ocean City,MD
oxfordmd.gov,City,Commissioners of Oxford,Oxford,MD
pittsvillemd.gov,City,Town of Pittsville,Pittsville,MD
pocomokemd.gov,City,City of Pocomoke,Pocomoke City,MD
poolesvillemd.gov,City,Town of Poolesville,Poolesville,MD
calvertcountymd.gov,County,Calvert County Board of County Commissioners,Prince Frederick,MD
townofprincessannemd.gov,City,Town of Princess Anne,Princess Anne,MD
riverdaleparkmd.gov,City,Town of Riverdale Park,Riverdale,MD
rockhallmd.gov,City,"Town of Rock Hall, Maryland",Rock Hall,MD
montgomerycountymd.gov,County,Montgomery County Maryland,Rockville,MD
rockvillemd.gov,City,City of Rockville,Rockville,MD
seatpleasantmd.gov,City,City of Seat Pleasant,Seat Pleasant,MD
sharptown.gov,City,Sharptown,Sharptown,MD
snowhillmd.gov,City,Town of Snow Hill,Snow HIll,MD
worcestermd.gov,County,Worcester County Government,Snow Hill,MD
stmichaelsmd.gov,City,"Town of St. Michaels, Maryland",St. Michaels,MD
townofsykesville.gov,City,Town of Sykesville,Sykesville,MD
takomaparkmd.gov,City,City of Takoma Park,Takoma Park,MD
taneytownmd.gov,City,City of Taneytown,Taneytown,MD
baltimorecountymd.gov,County,"Baltimore County, Maryland",Towson,MD
uppermarlboromd.gov,City,Town of Upper Marlboro,Upper Marlboro,MD
walkersvillemd.gov,City,"Burgess & Commissioners of Walkersville, MD",Walkersville,MD
washingtongrovemd.gov,City,Washington Grove,Washington Grove,MD
carrollcountymd.gov,County,"Commissioners of Carroll County, Maryland",Westminster,MD
westminstermd.gov,City,City of Westminster,Westminster,MD
williamsportmd.gov,City,"Town of Williamsport, Maryland",Williamsport,MD
alfredme.gov,City,Town of Alfred,Alfred,ME
yorkcountymaine.gov,County,County of York Maine,Alfred,ME
ansonmaine.gov,City,Town of Anson Maine,Anson,ME
androscoggincountymaine.gov,County,County of Androscoggin,Auburn,ME
auburnmaine.gov,City,"City of Auburn, Maine",Auburn,ME
augustamaine.gov,City,City of Augusta,Augusta,ME
kennebec.gov,County,Kennebec County Government Center,Augusta,ME
bangormaine.gov,City,City of Bangor,Bangor,ME
barharbormaine.gov,City,Town of Bar Harbor,Bar Harbor,ME
bhmdpoliceme.gov,City,Bar Harbor Mount Desert Police Department,Bar Harbor,ME
baringplantation.gov,City,Baring Plantation  Maine,Baring PLT,ME
cityofbathmaine.gov,City,City of Bath Maine,Bath,ME
sagadahoccountyme.gov,County,Sagadahoc County,Bath,ME
waldocountyme.gov,County,County of Waldo,Belfast,ME
belgrademaine.gov,City,Town of Belgrade,Belgrade,ME
berwickmaine.gov,City,Berwick Communications & Media,Berwick,ME
berwickmainepolice.gov,City,Berwick Police Department,Berwick,ME
berwickmefd.gov,City,Berwick Fire Department,Berwick,ME
binghammaine.gov,City,Town of Bingham,Bingham,ME
bluehillme.gov,City,Town of Blue Hill,Blue Hill,ME
bowdoinmaine.gov,City,Town of Bowdoin,Bowdoin,ME
bradfordme.gov,City,Town of Bradford Maine 04401,Bradford,ME
brewermaine.gov,City,City of Brewer,Brewer,ME
brownfieldmaine.gov,City,"Town of Brownfield, Maine",Brownfield,ME
brunswickme.gov,City,Town of Brunswick,Brunswick,ME
brunswickmepd.gov,City,Brunswick Police Department,Brunswick,ME
bucksportmaine.gov,City,Town of Bucksport,Bucksport,ME
buxtonmepd.gov,City,Buxton Police Department,Buxton,ME
camdenmaine.gov,City,Town of Camden,Camden,ME
capeelizabeth.gov,City,Town of Cape Elizabeth,Cape Elizabeth,ME
caratunkmaine.gov,City,"Town of Caratunk, Maine",Caratunk,ME
carrabassettvalley.gov,City,Town of Carrabassett Valley,Carrabassett Valley,ME
clinton-me.gov,City,Town of Clinton,Clinton,ME
townofcumberlandmaine.gov,City,Town of Cumberland,Cumberland,ME
cutlermaine.gov,City,Town of Cutler,Cutler,ME
dayton-me.gov,City,Town of Dayton,Dayton,ME
deerislemaine.gov,City,Town of Deer Isle,Deer Isle,ME
durhammaine.gov,City,Town of Durham,Durham,ME
waterboro-me.gov,City,"Town of Waterboro, Maine",East Waterboro,ME
waterboromaine.gov,City,Town of Waterboro,East Waterboro,ME
eastport-me.gov,City,Town of Eastport,Eastport,ME
eddingtonmaine.gov,City,Town of Eddington,Eddington,ME
eliotme.gov,City,Town of Eliot,Eliot,ME
ellsworthmaine.gov,City,"City of Ellsworth, Maine",Ellsworth,ME
hancockcountymaine.gov,County,Hancock County,Ellsworth,ME
fairfield-me.gov,City,Town of Fairfield,Fairfield,ME
franklincountymaine.gov,County,franklin County,Farmington,ME
gardinermaine.gov,City,City of Gardiner,Gardiner,ME
gorhammaine.gov,City,Town of Gorham,Gorham,ME
greenvilleme.gov,City,Town Of Greenville,Greenville,ME
hampdenmaine.gov,City,"Town of Hampden, Maine",Hampden,ME
hermonmaine.gov,City,Town of Hermon,Hermon,ME
holdenmaine.gov,City,Town of Holden Maine,Holden,ME
cranberryisles-me.gov,City,"Town of Cranberry Isles, Maine",Islesford,ME
kennebunkportme.gov,City,Town of Kennebunkport,Kennebunkport,ME
kitteryme.gov,City,Town of Kittery Maine,Kittery,ME
lamoine-me.gov,City,Town of Lamoine,Lamoine,ME
androscoggincountyema.gov,County,Androscoggin County Emergency Management Agency,Lewiston,ME
lewistonmaine.gov,City,City of Lewiston,Lewiston,ME
limingtonmaine.gov,City,Town of Limington,Limington,ME
livermoreme.gov,City,Town of LIvermore,Livermore,ME
longislandmaine.gov,City,Town of Long Island Maine,Long Island,ME
lubecme.gov,City,Town of Lubec,Lubec,ME
lyman-me.gov,City,Town of Lyman,Lyman,ME
machiasme.gov,City,Town of Machias,Machias,ME
sheriffwashingtoncountymaine.gov,County,Washington County Sheriff's Office,Machias,ME
washingtoncomaineema.gov,County,Washington County Emergency Management Agency,Machias,ME
washingtoncountymaine.gov,County,County of Washington,Machias,ME
mapletonmaine.gov,City,"Towns of Mapleton, Castle Hill, and Chapman",Mapleton,ME
mariavilleme.gov,City,Town of Mariaville,Mariaville,ME
marshfieldmaine.gov,City,Town of Marshfield,Marshfield,ME
matinicusisle.gov,City,Matinicus Isle,Matinicus,ME
monheganplantation.gov,City,Monhegan Plantation,Monhegan,ME
monmouthmaine.gov,City,Town of Monmouth,Monmouth,ME
norridgewock.gov,City,Town of Norridgewock,Norridgewock,ME
nvcmaine.gov,City,Northport Village Corporation,Northport,ME
oakland-me.gov,City,Town of Oakland,Oakland,ME
oaklandme.gov,City,Town of Oakland,Oakland,ME
rsu18maine.gov,School district,Regional School Unit No. 18,Oakland,ME
ogunquit.gov,City,Town of Ogunquit,Ogunquit,ME
otisfieldme.gov,City,Town of Otisfield,Otisfield,ME
phippsburg.gov,City,Town of Phippsburg,Phippsburg,ME
pittsfieldmaine.gov,City,"TOWN OF PITTSFIELD, MAINE",PITTSFIELD,ME
pittstonmaine.gov,City,Town of Pittston,Pittston,ME
cumberlandcountyme.gov,County,"County of Cumberland, Maine",Portland,ME
portlandmaine.gov,City,"City of Portland, Maine",Portland,ME
presqueislemaine.gov,City,City of Presque Isle,Presque Isle,ME
prospectmaine.gov,City,Town of Prospect Maine,Prospect,ME
raymondmaine.gov,City,Town of Raymond,Raymond,ME
readfieldmaine.gov,City,Town of Readfield,Readfield,ME
knoxcountymaine.gov,County,County of Knox,Rockland,ME
rocklandmaine.gov,City,"City of Rockland, Maine",Rockland,ME
rockportmaine.gov,City,Town of Rockport,Rockport,ME
sacomaine.gov,City,City of Saco,Saco,ME
sandyriverplantation.gov,City,Sandy River Plantation,Sandy River Plantation,ME
skowhegan.gov,City,Town of Skowhegan,Skowhegan,ME
somersetcountyme.gov,County,Somerset County,Skowhegan,ME
somersetmeema.gov,County,Somerset County Maine,Skowhegan,ME
southberwickfire.gov,City,South Berwick Fire Department,South Berwick,ME
southberwickmaine.gov,City,"Town of South Berwick, Maine",South Berwick,ME
oxfordcounty.gov,County,Oxford County,South Paris,ME
southportland.gov,City,City of South Portland,South Portland,ME
standishme.gov,City,Town of Standish Maine,Standish,ME
swedenmaine.gov,City,"Town of Sweden, Maine",Sweden,ME
thomastonmaine.gov,City,Town of Thomaston,Thomaston,ME
walesmaine.gov,City,"Wales, Maine",Wales,ME
sbristolme.gov,City,Town of South Bristol,Walpole,ME
waterville-me.gov,City,City of Waterville,Waterville,ME
westbathmaine.gov,City,Town of West Bath,West Bath,ME
westbrookmaine.gov,City,City of Westbrook,WESTBROOK,ME
westportisland.gov,City,Town of Westport Island,Westport Island,ME
wiltonmaine.gov,City,Town of Wilton,Wilton,ME
winslow-me.gov,City,Town of Winslow,Winslow,ME
winterportmaine.gov,City,"Winterport, Town of, Waldo Co. ME",Winterport,ME
lcrpcmaine.gov,County,Lincoln County Regional Planning Commission,Wiscasset,ME
lcsomaine.gov,County,Lincoln County Sheriff's Office,Wiscasset,ME
lincolncountymaine.gov,County,Lincoln County,Wiscasset,ME
lincolncountymaineema.gov,County,Lincoln County EMA,Wiscasset,ME
wiscasset.gov,City,Town of Wiscasset,Wiscasset,ME
adrianmi.gov,City,City of Adrian,Adrian,MI
adriantwpmi.gov,City,Adrian Charter Township,Adrian,MI
lptami.gov,Special district,Lenawee Public Transportation Authority,Adrian,MI
madisontwpmi.gov,City,Charter Township of Madison,Adrian,MI
cityofalbionmi.gov,City,City of Albion,Albion,MI
marengomi.gov,City,Marengo Township,Albion,MI
parmatwp.gov,City,Parma Township,Albion,MI
helenatownshipmichigan.gov,City,Helena Township,Alden,MI
moffatttownship.gov,City,Moffatt Township,Alger,MI
claytwpmi.gov,City,"CLAY, TOWNSHIP OF INC",Algonac,MI
cheshiretownshipmi.gov,City,Cheshire Township,Allegan,MI
valleytownshipmi.gov,City,Valley Township,Allegan,MI
watsontownshipmi.gov,City,Watson Township,Allegan,MI
allendalemi.gov,City,Allendale Charter Township,Allendale,MI
almontmichigan.gov,City,Village of Almont,Almont,MI
mapleridge-alpenami.gov,City,Maple Ridge Township,Alpena,MI
pittsfield-mi.gov,City,Pittsfield Charter Township,Ann Arbor,MI
washtenaw.gov,County,"Washtenaw County, Michigan",Ann Arbor,MI
washtenawcd.gov,Special district,Washtenaw County Conservation District,Ann Arbor,MI
washtenawcounty-mi.gov,County,Washtenaw County Government,Ann Arbor,MI
armadatwp.gov,City,Armada Township,Armada,MI
washingtontwpgratiot.gov,City,"Washington Township, Gratiot County",Ashley,MI
brileytownshipmi.gov,City,Briley Township,Atlanta,MI
auburnmi.gov,City,City of Auburn,Auburn,MI
williamstwpmi.gov,City,Williams Charter Township,Auburn,MI
ausabletwp-mi.gov,City,AuSable Township,AuSable,MI
kenockeetownshipmi.gov,City,Kenockee Township,Avoca,MI
lakecountymi.gov,County,Lake County Baldwin Michigan,BALDWIN,MI
genevatwpvbcmi.gov,City,Geneva Township,Bangor,MI
forktownshipmi.gov,City,Fork Township,Barryton,MI
battlecreekmi.gov,City,City of Battle Creek,Battle Creek,MI
bedfordchartertwpmi.gov,City,Charter Township of Bedford,Battle Creek,MI
johnstowntwpmi.gov,City,Johnstown Township,Battle Creek,MI
pennfieldmi.gov,City,Pennfield Charter Township,Battle Creek,MI
baycitymi.gov,City,City of Bay City,Bay City,MI
baycounty911-mi.gov,County,Bay County Central Dispatch,Bay City,MI
baycountydwsmi.gov,County,Bay County Department of Water and Sewer,Bay City,MI
baycountymi.gov,County,Bay County,Bay City,MI
monitortwp.gov,City,Charter Township of Monitor,Bay City,MI
portsmouthtownshipmi.gov,City,Portsmouth Township,Bay City,MI
villageofbearlakemi.gov,City,Village of Bear Lake,Bear Lake,MI
peainetownship.gov,City,Peaine Township,Beaver island,MI
haytownshipmi.gov,City,Township of Hay,Beaverton,MI
belding.gov,City,City of Belding,Belding,MI
grattantownshipmi.gov,City,Grattan Township,Belding,MI
assyriatwpmi.gov,City,Assyria Township,Bellevue,MI
bentonchartertownship-mi.gov,City,Benton Charter Township,Benton Harbor,MI
cityofbentonharbormi.gov,City,City of Benton Harbor,Benton Harbor,MI
berglandmi.gov,City,Bergland Township,Bergland,MI
berkleymi.gov,City,City of Berkley,Berkley,MI
cityofbessemermi.gov,City,City of Bessemer,Bessemer,MI
gogebic.gov,County,Gogebic County,Bessemer,MI
gogebiccountymi.gov,County,Gogebic County,Bessemer,MI
benzieco.gov,County,Benzie County,Beulah,MI
southfieldtownshipmi.gov,City,Southfield Township,Beverly Hill,MI
beverlyhillsmi.gov,City,Village of Beverly Hills,Beverly Hills,MI
bigrapidstownshipmi.gov,City,Big Rapids Charter Township,Big Rapids,MI
blissfieldmichigan.gov,City,Village of Blissfield,Blissfield,MI
bloomfieldhills.gov,City,City of Bloomfield Hills,Bloomfield Hills,MI
bloomfieldtwpmi.gov,City,Charter Township of Bloomfield,Bloomfield Hills,MI
bloomingdaletownshipmi.gov,City,Bloomingdale Township,Bloomingdale,MI
boontownshipmichigan.gov,City,Boon Township,Boon,MI
boynecity.gov,City,City of Boyne City,Boyne City,MI
boynevalleymi.gov,City,BOYNE VALLEY TOWNSHIP,BOYNE FALLS,MI
genoami.gov,City,Genoa Township,Brighton,MI
cityofbrowncity.gov,City,City of Brown City,Brown City,MI
brownstownmi.gov,City,Charter Township of Brownstown,Brownstown,MI
bertrandtwpmi.gov,City,Bertrand Charter Township,Buchanan,MI
buchanantwpmi.gov,City,Buchanan Charter Township,Buchanan,MI
salemtownshipacmi.gov,City,Salem Township in Allegan County,Burnips,MI
burtchvillemi.gov,City,Burtchville Township,Burtchville,MI
burtonmi.gov,City,City of Burton,Burton,MI
burnstwpmi.gov,City,Township of Burns,BYRON,MI
byrontwpmi.gov,City,Byron Township,Byron Center,MI
haringtwpmi.gov,City,Haring Township,Cadillac,MI
hendersontwpmi.gov,City,Henderson Township,CADILLAC,MI
selmatownship-mi.gov,City,Selma Township,Cadillac,MI
southbranchtownshipwexfordmi.gov,City,South Branch Township,Cadillac,MI
cmxairport.gov,County,CMX Airport,Calumet,MI
cantonmi.gov,City,Canton Township,Canton,MI
cascostclair.gov,City,Casco Township,CASCO,MI
casnoviatownshipmi.gov,City,Casnovia Township,Casnovia,MI
casscoroadmi.gov,Special district,Cass County Road Commission,Cassopolis,MI
voliniatownship.gov,City,Township of Volinia,Cassopolis,MI
clarktwpmi.gov,City,Clark Township,Cedarville,MI
centerline.gov,City,"City of Center Line, Michigan",Center Line,MI
centrallaketownshipmi.gov,City,Central Lake Township,Central Lake,MI
charlevoixmi.gov,City,City of Charlevoix,Charlevoix,MI
charlevoixtownship.gov,City,Charlevoix Township,Charlevoix,MI
hayestownshipmi.gov,City,Hayes Township,Charlevoix,MI
lcemsami.gov,Special district,Lake Charlevoix Emergency Service Authority,Charlevoix,MI
mariontwpcvxmi.gov,City,"Marion Township, Charlevoix County, Michigan",Charlevoix,MI
carmeltownship-mi.gov,City,Carmel Township,Charlotte,MI
charlottemi.gov,City,City of Charlotte,Charlotte,MI
eatonareajpcmi.gov,Special district,Eaton Area Joint Planning Commission,Charlotte,MI
rockrivertownship.gov,City,Rock River Township,Chatham,MI
burtcheboyganmi.gov,City,Burt Township,Cheboygan,MI
cheboygan.gov,City,City of Cheboygan,Cheboygan,MI
limatownshipmi.gov,City,Lima Township,Chelsea,MI
lyndontownshipmi.gov,City,Lyndon Township,Chelsea,MI
sylvantownshipmi.gov,City,Sylvan Township,Chelsea,MI
cityofclare.gov,City,City of Clare,Clare,MI
villageofclaytonmi.gov,City,Village of Clayton,Clayton,MI
clintontownship-mi.gov,City,Charter Township of Clinton,Clinton Township,MI
cliomi.gov,City,City of Clio,Clio,MI
thetfordtwpmi.gov,City,Thetford Township,Clio,MI
coldwatermi.gov,City,City Of Coldwater,Coldwater,MI
warrentwpmi.gov,City,Warren Township,Coleman,MI
commercetwpmi.gov,City,Charter Township Of Commerce,Commerce Township,MI
alpinetwp.gov,City,Township of Alpine,Comstock Park,MI
marillatownshipmi.gov,City,Marilla Township,Copemish,MI
villageofcopemish.gov,City,Village of Copemish,Copemish,MI
maplevalleytwpmi.gov,City,Maple Valley Township,Coral,MI
corunna-mi.gov,City,City of Corunna,Corunna,MI
cottrellvilletwp.gov,City,Cottrellville Township,Cottrellville Twp.,MI
coverttownshipmi.gov,City,Covert Township,Covert,MI
springfieldchartertownship.gov,City,Springfield Charter Township,Davisburg,MI
davisontwp-mi.gov,City,Township of Davison,Davison,MI
dearborn.gov,City,City of Dearborn,Dearborn,MI
dearbornheightsmi.gov,City,City of Dearborn Heights,Dearborn Heights,MI
deckerville-mi.gov,City,Village of Deckerville,Deckerville,MI
deerfieldmichigan.gov,City,Village of Deerfield,Deerfield,MI
barrytownshipmi.gov,City,Barry Township,Delton,MI
prairievilletwp-mi.gov,City,Prairieville Township,Delton,MI
36thdistrictcourtmi.gov,City,36th District Court,Detroit,MI
detroit.gov,City,City of Detroit,Detroit,MI
detroitmi.gov,City,City of Detroit - ITSD,Detroit,MI
waynecountymi.gov,County,Charter County of Wayne,Detroit,MI
dewittmi.gov,City,City of DeWitt,DeWitt,MI
dewitttownship.gov,City,DeWitt Charter Township,DeWitt,MI
olivetownshipccmi.gov,City,Olive Township,Dewitt,MI
rileytwpmi.gov,City,Riley Township,Dewitt,MI
dextermi.gov,City,City of Dexter,Dexter,MI
dextertownshipmi.gov,City,Dexter Township,Dexter,MI
dorrtownshipmi.gov,City,Dorr Township,Dorr,MI
douglasmi.gov,City,City of Douglas,Douglas,MI
pokagontownshipmi.gov,City,Pokagon Township,Dowagiac,MI
silvercreektwpmi.gov,City,SILVER CREEK TOWNSHIP,DOWAGIAC,MI
dundeevillagemi.gov,City,Village of Dundee,Dundee,MI
vernontwp-mi.gov,City,Vernon Township,Durand,MI
eagletownshipmi.gov,City,Eagle township,Eagle,MI
keweenawcountymi.gov,County,Keweenaw County,Eagle River,MI
echotwpmi.gov,City,Echo Township,East Jordan,MI
leroytwp-calhounmi.gov,City,Leroy Township,East Leroy,MI
wilbertwpmi.gov,City,Wilber Township,East Tawas,MI
eastpointemi.gov,City,City of Eastpointe,Eastpointe,MI
cityofeatonrapids.gov,City,City of Eaton Rapids,Eaton Rapids,MI
eauclairemipd.gov,City,Village of Eau Claire Police Department,Eau Claire,MI
eauclairevillage-mi.gov,City,Village of Eau Claire,Eau Claire,MI
ecorsemi.gov,City,City of Ecorse,Ecorse,MI
bankstownshipmi.gov,City,Banks Township,Ellsworth,MI
erietownshipmi.gov,City,Erie Township,Erie,MI
deltacountymi.gov,County,Delta County,Escanaba,MI
essexville.gov,City,City of Essexville,Essexville,MI
hamptontownshipmi.gov,County,Charter Township of Hampton,Essexville,MI
gilfordtownshipmi.gov,City,Gilford Township,Fairgrove,MI
villageoffarwellmi.gov,City,Village Of Farwell,Farwell,MI
fennville.gov,City,City of Fennville,Fennville,MI
gangestownship.gov,City,Ganges Township,Fennville,MI
ferndalemi.gov,City,City of Ferndale,Ferndale,MI
geneseecountymi.gov,County,Genesee County,Flint,MI
cohoctahtownship.gov,City,Cohoctah Township,Fowlerville,MI
conwaymi.gov,City,Conway Township,Fowlerville,MI
frankenmuthcity.gov,City,City of Frankenmuth,Frankenmuth,MI
franklinvillagemi.gov,City,Village of Franklin,Franklin,MI
frasercitymi.gov,City,City of Fraser,"Fraser, MI 48026",MI
fremontmi.gov,City,City of Fremont,Fremont,MI
fruitporttownship-mi.gov,City,Fruitport Charter Township,Fruitport,MI
bagleytownshipmi.gov,City,Bagley Township,Gaylord,MI
hayestwpotsegomi.gov,City,Hayes Township,GAYLORD,MI
otsegocountymi.gov,County,County of Otsego,Gaylord,MI
geneseetwpmi.gov,City,The Charter Township of Genesee,Genesee,MI
germfasktownship.gov,City,Germfask Township,Germfask,MI
cityofgibraltarmi.gov,City,City of Gibraltar,Gibraltar,MI
escanabatownshipmi.gov,City,Escanaba Township,Gladstone,MI
gladstonemi.gov,City,City of Gladstone,GLADSTONE,MI
gladwincounty-mi.gov,County,Gladwin County,Gladwin,MI
pinegrovetownshipmi.gov,City,Pine Grove Township,Gobles,MI
spencertwpmi.gov,City,Spencer Township,Gowen,MI
cityofgrandblancmi.gov,City,City Of Grand Blanc,Grand Blanc,MI
grandblanctwpmi.gov,City,Grand Blanc Township - ISD,Grand Blanc,MI
ghtmi.gov,City,Grand Haven Charter Township,Grand Haven,MI
robinsonfiremi.gov,City,Robinson Township Fire Department,Grand Haven,MI
robinsontwpmi.gov,City,Robinson Township,Grand Haven,MI
columbiatwpmi.gov,City,Columbia Township,Grand Junction,MI
lookingglassfiremi.gov,Special district,Looking Glass Regional Fire Authority,Grand Ledge,MI
watertownmi.gov,City,Watertown Charter Township,Grand Ledge,MI
burttownshipacmi.gov,City,Burt Township,Grand Marais,MI
eastgrmi.gov,City,City of East Grand Rapids,Grand Rapids,MI
grandrapidsmi.gov,City,City of Grand Rapids,Grand Rapids,MI
kentcountymi.gov,County,Kent County,Grand Rapids,MI
walkermi.gov,City,City of Walker,Grand Rapids,MI
bridgetontownshipmi.gov,City,Bridgeton Township,Grant,MI
granttwpstclairmi.gov,City,Grant Township,Grant Township,MI
grasslakedowntownmi.gov,Special district,Village of Grass Lake Downtown Development Authority,Grass Lake,MI
grasslaketownship.gov,City,GRASS LAKE CHARTER TOWNSHIP,GRASS LAKE,MI
blairtownshipmi.gov,City,Blair Township,Grawn,MI
eurekatownshipmi.gov,City,Eureka Township,Greenville,MI
cityofgrossepointemi.gov,City,City of Grosse Pointe,Grosse Pointe City,MI
gpshoresmi.gov,City,Village of Grosse Pointe Shores,Grosse Pointe Shores,MI
franklintwphcmi.gov,City,Franklin Township,Hancock,MI
sigeltownshipmi.gov,City,Sigel Township,Harbor Beach,MI
littletraversetwpmi.gov,City,Little Traverse Township,Harbor Springs,MI
pleasantviewmi.gov,City,Pleasantview Township,Harbor Springs,MI
westtraversetownship.gov,City,West Traverse Township,Harbor Springs,MI
cityofharrison-mi.gov,City,City of Harrison,Harrison,MI
hayestwpclaremi.gov,City,Hayes Township,Harrison,MI
reddingtwpmi.gov,City,REDDING TOWNSHIP,HARRISON,MI
harrisontownshipmi.gov,City,"Charter Township of Harrison, Michigan",Harrison Township,MI
keelertownshipmi.gov,City,Keeler Township,Hartford,MI
barry911mi.gov,Special district,Barry County Central Dispatch,Hastings,MI
hastingsmi.gov,City,City of Hastings,Hastings,MI
hermansvillehousingmi.gov,City,Hermansville Housing Commission,Hermansville,MI
meyertwpmi.gov,City,Meyer Township,Hermansville,MI
greenwoodoceanami.gov,City,Greenwood Township,Hesperia,MI
hesperiavillage.gov,City,Village of Hesperia,Hesperia,MI
highlandparkmi.gov,City,City of Highland City,Highland Park,MI
hillsdalecounty.gov,County,Hillsdale County,Hillsdale,MI
hillsdaletownshipmi.gov,City,Hillsdale Township,Hillsdale,MI
olivetownship-mi.gov,City,Olive Township,Holland,MI
grovelandmi.gov,City,Groveland Township,Holly,MI
hollytownship.gov,City,Holly Township,Holly,MI
rosetwpoaklandmi.gov,City,Rose Township,Holly,MI
delhitownshipmi.gov,City,Delhi Charter Township,Holt,MI
homertownshipcalhouncounty.gov,City,Homer Township,Homer,MI
homesteadtwpmi.gov,City,Homestead Township,Honor,MI
plattetownshipmi.gov,City,Platte Township,Honor,MI
houghtoncounty.gov,County,Houghton County,Houghton,MI
houghtonsheriff.gov,County,Houghton County Sheriff's Office,Houghton,MI
roscommontownshipmi.gov,City,Roscommon Township,Houghton Lake,MI
winfieldtownshipmi.gov,City,WInfield Township,Howard City,MI
cityofhowell.gov,City,CITY OF HOWELL,HOWELL,MI
milivcounty.gov,County,Livingston County Michigan,Howell,MI
villageofhubbardston.gov,City,Village of Hubbardston,Hubbardston,MI
hudsontwplenaweemi.gov,City,"Hudson Township, Lenawee County",Hudson,MI
blendontownship-mi.gov,City,Blendon Township,Hudsonville,MI
idatownshipmi.gov,City,Ida Township,Ida,MI
cityofinkstermi.gov,City,City of Inkster,Inkster,MI
inlandtownshipmi.gov,City,Inland Township,Interlochen,MI
berlintwpioniami.gov,City,Berlin Township,Ionia,MI
dickinsoncountymi.gov,County,Dickinson County,Iron Mountain,MI
dickinsoncountysheriffmi.gov,County,Dickinson County Sheriff,Iron Mountain,MI
ironmountainmi.gov,City,City of Iron Mountain,Iron Mountain,MI
erwinmi.gov,City,Erwin Township,Ironwood,MI
ironwoodmi.gov,City,City of Ironwood,Ironwood,MI
marqroadmi.gov,Special district,Marquette County Road Commission,Ishpeming,MI
arcadami.gov,City,Arcada Township,Ithaca,MI
fairfieldtwplenaweemi.gov,City,Fairfield Township,Jasper,MI
georgetown-mi.gov,City,Georgetown Charter Township,Jenison,MI
alamotownshipmi.gov,City,Alamo Township,Kalamazoo,MI
comstockmi.gov,City,"Charter Township of Comstock, Michigan",Kalamazoo,MI
kalcounty.gov,County,Kalamazoo County,Kalamazoo,MI
kpl.gov,City,Kalamazoo Public Library,Kalamazoo,MI
maplegrovetwpmanistee.gov,City,Maple Grove Twp.,Kaleva,MI
kalkaskapolicemi.gov,City,Village of Kalkaska Department of Public Safety,Kalkaska,MI
kalkaskavillagemi.gov,City,Village of Kalkaska,Kalkaska,MI
rapidrivertownshipmi.gov,City,Rapid River Township,Kalkaska,MI
baycountyroadmi.gov,County,Bay County Road Commission,Kawkawlin,MI
kinrosstownship-mi.gov,City,Kinross Charter Township,Kincheloe,MI
kingsfordmi.gov,City,City of Kingsford,Kingsford,MI
paradisetownshipmi.gov,City,Paradise Township,kingsley,MI
laingsburg.gov,City,City of Laingsburg,LAINGSBURG,MI
almiratownshipmi.gov,City,Almira Township,Lake Ann,MI
hintontownship.gov,City,Hinton Township,Lakeview,MI
villageoflakeviewmi.gov,City,Village of Lakeview,Lakeview,MI
deltami.gov,City,Delta Charter Township,Lansing,MI
lansingmi.gov,City,City of Lansing - Information Technology,Lansing,MI
lansingtwpmi.gov,City,Lansing Charter Township,Lansing,MI
lapeercountymi.gov,County,Lapeer County,Lapeer,MI
oregontwpmi.gov,City,Oregon Township,Lapeer,MI
portertwpvbco.gov,City,Porter Township,Lawton,MI
lenox-mi.gov,City,Lenox Township,Lenox,MI
addisontownshipmi.gov,City,Addison Townhsip,Leonard,MI
leonidastwp.gov,City,Leonidas Township,Leonidas,MI
alberttwpmi.gov,City,Township of Albert,Lewiston,MI
worthtownshipmi.gov,City,Worth Township,Lexington,MI
gustintwp.gov,City,Gustin Township,Lincoln,MI
argentinetownship.gov,City,Argentine Township,Linden,MI
livonia.gov,City,City of Livonia,Livonia,MI
lowellmi.gov,City,City of Lowell,Lowell,MI
vergennestwpmi.gov,City,Vergennes Township,Lowell,MI
ludington-mi.gov,City,City of Ludington,Ludington,MI
masoncountymi.gov,County,County of Mason,Ludington,MI
macomb-mi.gov,City,Macomb Township,Macomb,MI
madisonheightsmi.gov,City,City of Madison Heights,Madison Heights,MI
bluelaketwpkalkaska.gov,City,Blue Lake Township,Mancelona,MI
mancelonawater.gov,Special district,MANCELONA AREA WATER AND SEWER AUTHORITY,Mancelona,MI
filertwpmi.gov,City,Filer Township,Manistee,MI
manisteecountymi.gov,County,Manistee County Government,Manistee,MI
manisteemi.gov,City,City of Manistee,Manistee,MI
hiawathatownshipmi.gov,City,Hiawatha Township,Manistique,MI
thompsonmi.gov,City,Thompson Township,Manistique,MI
libertytownshipwexfordmi.gov,City,Liberty Township,Manton,MI
mantonmi.gov,City,City of Manton,Manton,MI
marinecity.gov,City,City of Marine City,Marine City,MI
cityofmarlette.gov,City,City of Marlette,Marlette,MI
wrighttownshipottawami.gov,City,Wright Township,Marne,MI
chocolay.gov,City,Charter Township of Chocolay,Marquette,MI
marquettemi.gov,City,City of Marquette,Marquette,MI
calhouncountymi.gov,County,"Calhoun County, Michigan",Marshall,MI
calhounmi911.gov,Special district,Calhoun County Consolidated Dispatch Authority,Marshall,MI
eckfordtownshipmi.gov,City,Eckford Township,Marshall,MI
inghamcountymi.gov,County,County of Ingham,Mason,MI
goldentownshipmi.gov,City,Golden Township,Mears,MI
speakertwpmi.gov,City,Speaker Township,Melvin,MI
cityofmemphismi.gov,City,City of Memphis,Memphis,MI
villageofmendonmi.gov,City,Village of Mendon,Mendon,MI
menomineecountymi.gov,County,"Menominee County, MI",Menominee,MI
menomineemi.gov,City,City of Menominee,Menominee city,MI
michigammetownship.gov,City,Michigamme Township,MICHIGAMME,MI
ingersolltwpmi.gov,City,Ingersoll Township,Midand,MI
cityofmidland-mi.gov,City,City of Midland,Midland,MI
cityofmidlandmi.gov,City,City of Midland,Midland,MI
lincolntwp-midland.gov,City,Lincoln Township,Midland,MI
midlandcountymi.gov,County,"Midland County, MI",Midland,MI
londontwpmi.gov,City,London Township,Milan,MI
milanmi.gov,City,City of Milan,Milan,MI
milfordfiremi.gov,City,Charter Township of Milford,Milford,MI
milfordtwpmi.gov,City,Charter Township of Milford,Milford,MI
delawaretwpmi.gov,City,Delaware Township,Minden City,MI
frenchtownmi.gov,City,Frenchtown Charter Township,Monroe,MI
monroecountymi.gov,County,County of Monroe,Monroe,MI
monroemi.gov,City,City of Monroe,Monroe,MI
villageofmorleymi.gov,City,Village of Morley,Morley,MI
antrimtownshipmi.gov,City,Antrim Township,Morrice,MI
macombcountymi.gov,County,Macomb County Michigan,Mount Clemens,MI
mountclemens.gov,City,City of Mount Clemens,Mount Clemens,MI
denvericmi.gov,City,Denver Township,Mt Pleasant,MI
villageofmuirmi.gov,City,Village of Muir,Muir,MI
roxandtwp.gov,City,Roxand Township,Mulliken,MI
algercounty.gov,County,COUNTY OF ALGER,MUNISING,MI
waterlootwpmi.gov,City,Waterloo Township,Munith,MI
daltonmi.gov,City,Dalton Township,Muskegon,MI
laketontwpmi.gov,City,LAKETON TOWNSHIP,Muskegon,MI
muskegon-mi.gov,City,CIty of Muskegon,Muskegon,MI
muskegoncounty.gov,County,County of Muskegon,Muskegon,MI
muskegontwpmi.gov,City,Muskegon Township,Muskegon,MI
rooseveltpark.gov,City,City of Roosevelt Park,Muskegon,MI
napoleonpolicemi.gov,City,Napoleon Township Police Department,Napoleon,MI
hurontownship-mi.gov,City,Huron Township,New Boston,MI
cityofnewbuffalomi.gov,City,City of New Buffalo,New Buffalo,MI
villageofnewhaven-mi.gov,City,Village of New Haven,New Haven,MI
hazeltonmifire.gov,City,Hazelton Township Fire Department,New Lothrop,MI
maplegrovetownshipmi.gov,City,Maple Grove Township,New Lothrop,MI
brookstownshipmi.gov,City,brooks township,Newaygo,MI
newaygo.gov,City,City of Newaygo,Newaygo,MI
lucecountymi.gov,County,Luce County Government Building,Newberry,MI
pentlandtownshipmi.gov,City,Pentland Township,Newberry,MI
newberrymi.gov,City,Village of Newberry,Newberry Village,MI
miltontwpmi.gov,City,Milton Township,Niles,MI
nilestwpmi.gov,City,Niles Charter Township,Niles,MI
leelanautownshipmi.gov,City,Leelanau Township,Northport,MI
leelanautwpfire.gov,City,Leelanau Township Fire Department,Northport,MI
cityofnorthvillemi.gov,City,City of Northville,Northville,MI
norvelltwp-mi.gov,City,Norvell Township,Norvell,MI
norwaymi.gov,City,City of Norway,Norway,MI
cityofnovi-mi.gov,City,City of Novi,Novi,MI
cityofnovi.gov,City,City of Novi,Novi,MI
crockerytownship.gov,City,Crockery Township Hall,Nunica,MI
oakparkmi.gov,City,City of Oak Park,Oak Park,MI
ocqueoctwpmi.gov,City,Ocqueoc Township,Ocqueoc,MI
cambridgetownshipmi.gov,City,Cambridge Township,Onsted,MI
oscodatownshipmi.gov,City,Charter Township of Oscoda,Oscoda,MI
whitefordtownshipmi.gov,City,Whiteford Township,Ottawa Lake,MI
owendalemi.gov,City,Village of Owendale,Owendale,MI
benningtontownshipmi.gov,City,Bennington Township,Owosso,MI
cityofowosso.gov,City,City of Owosso,Owosso,MI
newhavenshiami.gov,City,New Haven Township,Owosso,MI
oxfordmi.gov,City,Village of Oxford,Oxford,MI
oxfordpdmi.gov,City,Oxford Police,Oxford,MI
whitefishtownshipmi.gov,City,Whitefish Township,Paradise,MI
almenatownship.gov,City,Almena Township,Paw Paw,MI
pawpawtownshipmi.gov,City,Paw Paw Township,Paw Paw,MI
vanburencounty-mi.gov,County,Van Buren County,Paw Paw,MI
vanburencountymi.gov,County,Information Services,Paw Paw,MI
masonoceana911.gov,Special district,Mason-Oceana 911,Pentwater,MI
pentwatertownshipmi.gov,City,Pentwater Township,Pentwatet,MI
villageofperrinton.gov,City,Village of Perrinton,Perrinton,MI
petersburgmi.gov,City,City of Petersburg,Petersburg,MI
summerfieldtwpmonroemi.gov,City,Summerfield Township,Petersburg,MI
bearcreektownshipmi.gov,City,Bear Creek Township,Petoskey,MI
emmetcountymi.gov,County,Emmet County,Petoskey,MI
pewamo.gov,City,Village of Pewamo,Pewamo,MI
cityofpinconningmi.gov,City,City of Pinconning,Pinconning,MI
pinconningtownship.gov,City,Pinconning Township,Pinconning,MI
henriettatownshipmi.gov,City,Henrietta Township,Pleasant Lake,MI
cityofpleasantridge.gov,City,City of Pleasant Ridge,Pleasant Ridge,MI
35thdistrictcourtmi.gov,Special district,35th District Court,Plymouth,MI
plymouthmi.gov,City,City of Plymouth,Plymouth,MI
plymouthtownshipmi.gov,City,Plymouth Charter Township,Plymouth,MI
oaklandcountymi.gov,County,Oakland County Michigan,Pontiac,MI
pontiacmi.gov,City,City of Pontiac,Pontiac,MI
phtwpmi.gov,City,Port Huron Charter Township,Port Huron,MI
sanilactownshipmi.gov,City,Township of Sanilac,Port Sanilac,MI
portage-mi.gov,City,City of Portage,Portage,MI
portagemi.gov,City,City of Portage,Portage,MI
portlandtownshipmi.gov,City,Portland Township,Portland,MI
richlandtownshipogemawmi.gov,City,Richland Township,"Prescott, MI",MI
dentontownshipmi.gov,City,Denton Township,Prudenville,MI
roscommoncrc.gov,Special district,Roscommon County Road Commission,"Prudenville,  MI",MI
breitungtownshipmi.gov,City,Charter Township of Breitung,Quinnesec,MI
rosspolicemi.gov,City,Ross Township Police Department,Richland,MI
rosstownshipmi.gov,City,Ross Township,Richland,MI
villageofrichlandmi.gov,City,Village of Richland,Richland,MI
oaklandtwpmi.gov,City,Charter Township of Oakland,Rochester,MI
cannontwp.gov,City,"Cannon Township, MI",ROCKFORD,MI
courtlandtwpmi.gov,City,Courtland Township,Rockford,MI
martinytownshipmi.gov,City,Martiny Township,Rodney,MI
villageofromeomi.gov,City,Village of Romeo,Romeo,MI
lyontwp-higginsmi.gov,City,Lyon Township,Roscommon,MI
roscommon911.gov,County,Roscommon County Central Dispatch,Roscommon,MI
klackingtownshipmi.gov,City,Klacking Township,Rose City,MI
roseville-mi.gov,City,City of Roseville,Roseville,MI
rosevillepolice-mi.gov,City,City of Roseville Police Department,Roseville,MI
romi.gov,City,City of Royal Oak,Royal Oak,MI
royaloakmi.gov,City,City of Royal Oak,Royal Oak,MI
shermantwphuronmi.gov,City,Sherman Township,Rush,MI
paristwpmi.gov,City,Paris Township,Ruth,MI
countyofsaginawmi.gov,County,County of Saginaw,Saginaw,MI
kochville.gov,City,Kochville Township,Saginaw,MI
saginawcountymi.gov,County,County of Saginaw,Saginaw,MI
saginawcountypublichealth.gov,County,Saginaw County Public Health,Saginaw,MI
backusmi.gov,City,"Backus Township, Roscommon County, MI",SAINT HELEN,MI
stjohnsmi.gov,City,City of St. Johns,Saint Johns,MI
berriencountymi.gov,County,County of Berrien,Saint Joseph,MI
bethanytownshipmi.gov,City,Bethany Township,Saint Louis,MI
salinemi.gov,City,City of Saline,Saline,MI
sanilaccounty.gov,County,Sanilac County,Sandusky,MI
bostontwpmi.gov,City,Boston Township,Saranac,MI
saugatucktownshipmi.gov,City,Saugatuck Township,Saugatuck,MI
chippewacountymi.gov,County,Chippewa County,Sault Ste Marie,MI
villageofschoolcraftmi.gov,City,Village of Schoolcraft,Schoolcraft,MI
paviliontwpmi.gov,City,Pavilion Township,Scotts,MI
ambertwpmi.gov,City,Amber Township,Scottville,MI
sebewaingmi.gov,City,Village of Sebewaing,Sebewaing,MI
benonatownshipmi.gov,City,Benona Township,Shelby,MI
sidneymi.gov,City,Sidney Township,Sidney,MI
belvideretownshipmi.gov,City,Belvidere Township,Six Lakes,MI
mooremi.gov,City,Moore Township,Snover,MI
somersettownshipmi.gov,City,Somerset Township,Somerset Center,MI
southhavenmi.gov,City,City of South Haven,South Haven,MI
southhaventwpmi.gov,City,South Haven Charter Township,South Haven,MI
southgatemi.gov,City,City of Southgate,Southgate,MI
springlakemi.gov,City,Spring Lake Township,Spring Lake,MI
springportmi.gov,City,Village of Springport,Springport,MI
pinerivermi.gov,City,Pine River Township,St Louis,MI
cityofstclairmi.gov,City,City of St. Clair,St. Clair,MI
arenaccountymi.gov,County,Arenac County Commissioners Office,Standish,MI
standishtownship.gov,City,Standish Township Board of Trustees,Standish,MI
douglasstwpmi.gov,City,Douglass Township,Stanton,MI
montcalmcountymi.gov,County,County of Montcalm,Stanton,MI
sterlingheights.gov,City,City of Sterling Heights,Sterling Heights,MI
sterlingheightsmi.gov,City,City of Sterling Heights,Sterling Heights,MI
villageofstockbridgemi.gov,City,Village of Stockbridge,Stockbridge,MI
sturgismi.gov,City,City of Sturgis,Sturgis,MI
leelanau.gov,County,Leelanau County,Suttons Bay,MI
leelanauroads.gov,County,Leelanau County Road Commission,Suttons Bay,MI
suttonsbaytownship.gov,City,Suttons Bay Township,Suttons Bay,MI
cityofswartzcreekmi.gov,City,City of Swartz Creek,Swartz Creek,MI
mundytwp-mi.gov,City,Charter Township of Mundy,Swartz Creek,MI
baldwintwpiosco.gov,City,Baldwin Township,TAWAS CITY,MI
ioscocounty.gov,County,Iosco County,Tawas City,MI
cityoftaylormi.gov,City,City of Taylor,Taylor,MI
tecumsehmi.gov,City,City of Tecumseh,Tecumseh,MI
mullett-townshipmi.gov,City,Mullett Township,Topinabee,MI
86thdistrictcourtmi.gov,County,86th District Court,Traverse City,MI
elmwoodmi.gov,City,Charter Township of Elmwood,Traverse City,MI
garfieldmi.gov,City,Charter Township of Garfield,Traverse City,MI
gtcountymi.gov,County,Grand Traverse County,Traverse City,MI
traversecitymi.gov,City,City of Traverse City,Traverse City,MI
troymi.gov,City,City of Troy,Troy,MI
vbtmi.gov,City,Van Buren Charter Township,Van Buren Township,MI
vandaliami.gov,City,Village Of Vandalia,Vandalia,MI
cityofvassar.gov,City,City of Vassar,Vassar,MI
tuscolatownshipmi.gov,City,Tuscola Township,Vassar,MI
vassarlibrarymi.gov,Special district,Bullard Sanford Memorial Library,Vassar,MI
kalamotownship-mi.gov,City,Kalamo Township,Vermontville,MI
vermontville-mi.gov,City,Vermontville MI,Vermontville,MI
vermontvilletownshipmi.gov,City,Vermontville Township,Vermontville,MI
schoolcrafttownshipmi.gov,City,Schoolcraft Township,Vicksburg,MI
cityofwakefieldmi.gov,City,City of Wakefield,Wakefield,MI
59dcmi.gov,City,59th District Court,Walker,MI
ingallstonmi.gov,City,Ingallston Township,Wallace,MI
warrenmi.gov,City,City of Warren,Warren,MI
waterfordmi.gov,City,Charter Township of Waterford,Waterford,MI
leroytownship-mi.gov,City,Leroy Township,Webberville,MI
nottawatwpisabellami.gov,City,Nottawa Township,Weidman,MI
ottawacountymi.gov,County,County of Ottawa,West Olive,MI
portsheldonmi.gov,City,Port Sheldon Township,West Olive,MI
munisingtownship.gov,City,Munising Township,Wetmore,MI
newaygocountymi.gov,County,County of Newaygo,White Cloud,MI
fruitlandmi.gov,City,Fruitland Township,Whitehall,MI
northfieldmi.gov,City,Northfield Township,Whitmore Lake,MI
whitewatertownshipmi.gov,City,Whitewater Township,Williamsburg,MI
wheatfieldtwpmi.gov,City,Wheatfield Township,Williamston,MI
williamstonmipd.gov,City,Williamston Police Department,Williamston,MI
williamstownmi.gov,City,Williamstown Township,Williamstown,MI
harristownshipmi.gov,City,Harris Township,Wilson,MI
woodhavenmi.gov,City,City of Woodhaven,Woodhaven,MI
villageofwoodlandmi.gov,City,Village of Woodland,Woodland,MI
wyandottemi.gov,City,City of Wyandotte,Wyandotte,MI
wyomingmi.gov,City,City of Wyoming,Wyoming,MI
lynntownshipmi.gov,City,Lynn Township,Yale,MI
ypsitownship.gov,City,Charter Township of Ypsilanti,Ypsilanti,MI
zilwaukeemichigan.gov,City,City Of Zilwaukee,Zilwaukee,MI
adamn.gov,City,City Of Ada,Ada,MN
normanmn.gov,County,Norman County Minnesota,Ada,MN
aftonmn.gov,City,City of Afton,Afton,MN
aitkincountymn.gov,County,Aitkin County,Aitkin,MN
whiteoaktownshipmn.gov,City,White Oak Township,Akeley,MN
albanytownshipmn.gov,City,Albany Township,Albany,MN
cityofalbanymn.gov,City,City of Albany,Albany,MN
albertvillemn.gov,City,City of Albertville,Albertville,MN
douglascountymn.gov,County,Douglas County IT Department,ALEXANDRIA,MN
horizonphmn.gov,Special district,Horizon Public Health,Alexandria,MN
andovermn.gov,City,City of Andover,Andover,MN
frenchlaketwpmn.gov,City,French Lake Township,Annandale,MN
anokacountybuys.gov,County,Anoka County,Anoka,MN
anokacountymn.gov,County,Anoka County,Anoka,MN
anokacountymnservices.gov,County,Anoka County,Anoka,MN
anokamn.gov,City,City of Anoka,Anoka,MN
anokawineandspirits.gov,City,City of Anoka,Anoka,MN
applevalleymn.gov,City,City of Apple Valley,Apple Valley,MN
appletonmn.gov,City,City of Appleton,Appleton,MN
arlingtonmn.gov,City,City of Arlington,Arlington,MN
atwatermn.gov,City,City of Atwater,Atwater,MN
cityofaudubonmn.gov,City,City of Audubon,Audubon,MN
townofwhitemn.gov,City,Town of White,Aurora,MN
austinmn.gov,City,City of Austin,Austin,MN
austinmnpd.gov,City,City of Austin,Austin,MN
mowercountymn.gov,County,Mower County,Austin,MN
avontownshipmn.gov,City,Avon Township,Avon,MN
cityofavonmn.gov,City,City of Avon,Avon,MN
babbittmn.gov,City,City of Babbitt,Babbitt,MN
cityofbackusmn.gov,City,City of Backus,Backus,MN
clearwatercountymn.gov,County,Clearwater County,Bagley,MN
amortownshipmn.gov,City,Amor Township,Battle Lake,MN
baxtermn.gov,City,City of Baxter,Baxter,MN
bayportmn.gov,City,City of Bayport,Bayport,MN
beckermn.gov,City,City of Becker,Becker,MN
beckertwpsherburnecomn.gov,City,Town of Becker,Becker,MN
belgradecitymn.gov,City,CITY OF BELGRADE,BELGRADE,MN
belleplainemn.gov,City,City of Belle Plaine,Belle Plaine,MN
libertytwpbeltrami.gov,City,Liberty Township,Bemdiji,MN
ecklestownship.gov,City,Eckles Township,Bemidji,MN
frohntownshipmn.gov,City,Frohn Township,Bemidji,MN
turtlerivertownshipmn.gov,City,Turtle River Township,Bemidji,MN
bensontownshipmn.gov,City,Benson Township,Benson,MN
cityofbensonmn.gov,City,City of Benson,Benson,MN
countrysidephmn.gov,County,Countryside Public Health,Benson,MN
swiftcounty.gov,County,Swift County,Benson,MN
missioncreektownship.gov,City,Mission Creek Township,Beroun,MN
bethelmn.gov,City,City Of Bethel,Bethel,MN
birdislandmn.gov,City,City of Bird Island,Bird Island,MN
cityofbiwabik.gov,City,City of Biwabik,Biwabik,MN
blainemn.gov,City,City of Blaine,Blaine,MN
bloomingprairiemn.gov,City,City of Blooming Prairie,Blooming Prairie,MN
bloomingprairiemnpd.gov,City,Blooming Prairie Police Department,Blooming Prairie,MN
bloomingtonmn.gov,City,City of Bloomington,Bloomington,MN
cityofbock.gov,City,City of Bock,Bock,MN
boveymn.gov,City,City of Bovey,Bovey,MN
troutlakemn.gov,City,TROUT LAKE TOWNSHIP,BOVEY,MN
brahammn.gov,City,City of Braham,Braham,MN
royaltontownshipmn.gov,City,Royalton Township,Braham,MN
brainerdmn.gov,City,City of Brainerd MN,Brainerd,MN
crowwing.gov,County,Crow Wing County,Brainerd,MN
crowwingtownship.gov,City,Crow Wing Township,Brainerd,MN
roosevelttownshipccmn.gov,City,Roosevelt Township,Brainerd,MN
breckenridgecitymn.gov,City,City of Breckenridge,Breckenridge,MN
breckmnpd.gov,City,City of Breckenridge,Breckenridge,MN
wilkincounty.gov,County,Wilkin County,Breckenridge,MN
breezypointmn.gov,City,"City of Breezy Point, MN",Breezy Point,MN
brooklyncentermn.gov,City,City of Brooklyn Center,Brooklyn Center,MN
brooklynparkmn.gov,City,City of Brooklyn Park,Brooklyn Park,MN
brownsdalemn.gov,City,The City of Brownsdale,Brownsdale,MN
brownsvillemn.gov,City,City of Brownsville,Brownsville,MN
browntonmn.gov,City,City of Brownton,Brownton,MN
cityofbuhlmn.gov,City,City of Buhl,Buhl,MN
burnsvillemn.gov,City,City of Burnsville,Burnsville,MN
dakotavalleyrecyclingmn.gov,City,Dakota Valley Recycling,Burnsville,MN
kalmartownshipmn.gov,City,Kalmar Township,Byron,MN
caledoniamn.gov,City,City of Caledonia,Caledonia,MN
hocomn.gov,County,Houston County,Caledonia,MN
callawaymn.gov,City,City of Callaway,Callaway,MN
calumetmn.gov,City,City of Calumet,Calumet,MN
isanticountymn.gov,County,Isanti County,Cambridge,MN
canbymn.gov,City,City of Canby,Canby,MN
cannonfallsmn.gov,City,City of Cannon Falls,Cannon Falls,MN
cannonfallstownshipmn.gov,City,Cannon Falls Township,Cannon Falls,MN
leontwpgoodhuecomn.gov,City,Leon Township,Cannon Falls,MN
carltoncountymn.gov,County,Carlton County,Carlton,MN
centercitymn.gov,City,City of Center City,Center City,MN
chisagocountymn.gov,County,Chisago County DES,Center City,MN
champlinmn.gov,City,City of Champlin,Champlin,MN
chanhassenmn.gov,City,City of Chanhassen,Chanhassen,MN
carvercountymn.gov,County,Carver County,Chaska,MN
chaskafire.gov,City,City of Chaska,Chaska,MN
chaskamn.gov,City,City of Chaska,Chaska,MN
chaskapolice.gov,City,City of Chaska,Chaska,MN
laketownmn.gov,City,Township of Laketown,CHASKA,MN
cityofchatfieldmn.gov,City,City of Chatfield,Chatfield,MN
balkantownshipmn.gov,City,Balkan Township,Chisholm,MN
chisholmmn.gov,City,City of Chisholm,Chisholm,MN
circlepinesmn.gov,City,City of Circle Pines,Circle Pines,MN
newfoldenmn.gov,City,CITY OF NEWFOLDEN,City of Newfolden,MN
cityofclaremontmn.gov,City,City of Claremont,Claremont,MN
cityofclearlakemn.gov,City,City of Clear Lake,Clear Lake,MN
clearwatercitymn.gov,City,CITY OF CLEARWATER,CLEARWATER,MN
lyndenmn.gov,City,Lynden Township,Clearwater,MN
cityofclevelandmn.gov,City,City of Cleveland,Cleveland,MN
clintonmn.gov,City,City of Clinton,Clinton,MN
cloquetmn.gov,City,City of Cloquet,Cloquet,MN
solwaytownship-mn.gov,City,Solway Township,Cloquet,MN
coldspringmn.gov,City,City of Cold Spring,Cold Spring,MN
collegevilletownship.gov,City,Collegeville Township,COLD SPRING,MN
colerainemn.gov,City,City of Coleraine,Coleraine,MN
waconiatwsp.gov,City,Waconia Township,Cologne,MN
columbiaheightsmn.gov,City,City of Columbia Heights,Columbia Heights,MN
columbusmn.gov,City,City of Columbus,Columbus,MN
coonrapidsmn.gov,City,City of Coon Rapids,Coon Rapids,MN
corcoranmn.gov,City,City of Corcoran,Corcoran,MN
cottagegrovemn.gov,City,City of Cottage Grove,Cottage Grove,MN
ellsburgtownshipmn.gov,City,Ellsburg Township,Cotton,MN
townofcottonmn.gov,City,Town of Cotton,Cotton,MN
cityofcottonwoodmn.gov,City,City of Cottonwood,Cottonwood,MN
cityofcrookstonmn.gov,City,City of Crookston,Crookston,MN
polkcountymn.gov,County,Polk County Minnesota,Crookston,MN
cityofcrosslake.gov,City,City of Crosslake,Crosslake,MN
crystalmn.gov,City,City of Crystal,Crystal,MN
curriemn.gov,City,City of Currie,Currie,MN
scandiavalleytownshipmn.gov,City,Scandia Valley Township,Cushing,MN
cityofwoodlandmn.gov,City,City of Woodland,Deephaven,MN
deephaven.gov,City,City of Deephaven,Deephaven,MN
deephavenpolice.gov,City,Deephaven Police Department,Deephaven,MN
deerrivercity.gov,City,City of Deer River,DEER RIVER,MN
baylaketown.gov,City,Town of Bay Lake,Deerwood,MN
cityofdeerwood.gov,City,City of Deerwood,DEERWOOD,MN
deerwoodtwpcrowwingmn.gov,City,Township of Deerwood,Deerwood,MN
delanomn.gov,City,City of Delano,Delano,MN
warsawgcmn.gov,City,Warsaw Township,Dennison,MN
ednatownshipmn.gov,City,Edna Township,Dent,MN
starlaketownshipmn.gov,City,Star Lake Township,Dent,MN
cityofdetroitlakes.gov,City,City of Detroit Lakes,Detroit Lakes,MN
cityofdilworth.gov,City,City of Dilworth,Dilworth,MN
duluthmn.gov,City,City of Duluth,Duluth,MN
duluthtownship.gov,City,Duluth Township,Duluth,MN
stlouiscountymn.gov,County,St. Louis County,Duluth,MN
townofcanosiamn.gov,City,Town of Canosia,Duluth,MN
eaganmn.gov,City,City of Eagan,Eagan,MN
eaglelakemn.gov,City,City of Eagle Lake,Eagle Lake,MN
eastgrandforks.gov,City,City of East Grand Forks,East Grand Forks,MN
eastgulllake.gov,City,City of East Gull Lake,East Gull Lake,MN
edenprairiemn.gov,City,City of Eden Prairie,Eden Prairie,MN
edinamn.gov,City,City of Edina,Edina,MN
grantcountymn.gov,County,Grant County MN,Elbow Lake,MN
hragrantcountymn.gov,Special district,"Housing and Redevelopment Authority of Grant County, Minnesota",Elbow Lake,MN
elkrivermn.gov,City,City of Elk River,Elk River,MN
sherburnemn.gov,County,County of Sherburne,Elk River,MN
morsemnslc.gov,City,Town of Morse,Ely,MN
townofthomsonmn.gov,City,Town of Thomson,Esko,MN
cityofleonidas.gov,City,City of Leonidas,Eveleth,MN
eveleth.gov,City,City of Eveleth,Eveleth,MN
evelethpd.gov,City,City of Eveleth Police Department,Eveleth,MN
fayaltownshipmn.gov,City,Town of Fayal,Eveleth,MN
excelsiormn.gov,City,City of Excelsior,Excelsior,MN
cityofeyotamn.gov,City,City of Eyota,Eyota,MN
fairfax-mn.gov,City,City of Fairfax,Fairfax,MN
falconheightsmn.gov,City,City of Falcon Heights,Falcon Heights,MN
cannonriverwatershedmn.gov,Special district,Cannon River Watershed Joint Powers Organization,Faribault,MN
faribaultmn.gov,City,City of Faribault,Faribault,MN
foresttownshipricecomn.gov,City,Forest Township,Faribault,MN
ricecountymn.gov,County,Rice County,Faribault,MN
empiremn.gov,City,"City of Empire, Minnesota",Farmington,MN
eurekamn.gov,City,Eureka Township,Farmington,MN
farmingtonmn.gov,City,City of Farmington,Farmington,MN
aurdaltownshipmn.gov,City,Aurdal Township,Fergus Falls,MN
fergusfallsmn.gov,City,City of Fergus Falls,Fergus Falls,MN
fergusfallstwp.gov,City,Fergus Falls Township,Fergus Falls,MN
ottertailcounty.gov,County,"Otter Tail County, MN",Fergus Falls,MN
fertilemn.gov,City,City of Fertile,Fertile,MN
fiftylakesmn.gov,City,City of Fifty Lakes,Fifty Lakes,MN
finlayson.gov,City,City of Finlayson,Finlayson,MN
floodwoodmn.gov,City,City of Floodwood,Floodwood,MN
bentoncountymn.gov,County,Benton County,Foley,MN
freeportmn.gov,City,City of Freeport,Freeport,MN
fridleymn.gov,City,"City of Fridley, MN",Fridley,MN
florencetwpmn.gov,City,Florence Township,Frontenac,MN
idatownshipmn.gov,City,Ida Township,Garfield,MN
moetownshipmn.gov,City,Moe Township,Garfield,MN
sibleycounty.gov,County,Sibley County,Gaylord,MN
sibleycountyattorney.gov,County,Sibley County Attorney,Gaylord,MN
ghentmn.gov,City,CITY OF GHENT,GHENT,MN
biwabiktownship.gov,City,Biwabik Township,Gilbert,MN
mcleodcountymn.gov,County,McLeod County,Glencoe,MN
glenwoodpolicemn.gov,City,City of Glenwood,Glenwood,MN
glenwoodtownshipmn.gov,City,Glenwood Township,Glenwood,MN
popecountymn.gov,County,Pope County,GLENWOOD,MN
wphsmn.gov,Special district,Western Prairie Human Services,Glenwood,MN
goldenvalleymn.gov,City,City of Golden Valley,Golden Valley,MN
logismn.gov,Special district,Local Government Information Systems (LOGIS),Golden Valley,MN
goodthundermn.gov,City,City of Good Thunder,Good Thunder,MN
cityofgoodhue.gov,City,"City of Goodhue, Minnesota",Goodhue,MN
gracevillecitymn.gov,City,City of Graceville MN,Graceville,MN
cookcountymn.gov,County,Cook County Minnesota,Grand Marais,MN
blackberrytwpmn.gov,City,Blackberry Township,Grand Rapids,MN
grandrapidsmn.gov,City,City of Grand Rapids,Grand Rapids,MN
itascacountymn.gov,County,Itasca County MN,Grand Rapids,MN
mcismn.gov,Special district,Minnesota Counties Information Systems,Grand Rapids,MN
greenislemn.gov,City,"City of Green Isle, Minnesota",Green Isle,MN
greenfieldmn.gov,City,City of Greenfield,Greenfield,MN
greenwoodmn.gov,City,City of Greenwood,Greenwood,MN
greyeagletownship.gov,City,Grey Eagle Township,Grey Eagle,MN
grovecitymn.gov,City,CITY OF GROVE CITY,GROVE CITY,MN
birchlaketownshipmn.gov,City,Birch Lake Township,Hackensack,MN
cityofhackensackmn.gov,City,City of Hackensack,Hackensack,MN
woodrowtwpcasscomn.gov,City,Woodrow Township,Hackensack,MN
kittsonmn.gov,County,Kittson County,Hallock,MN
hamlakemn.gov,City,City of Ham Lake,Ham Lake,MN
cityofhamptonmn.gov,City,City Of Hampton,Hampton,MN
hanovermn.gov,City,City of Hanover,Hanover,MN
harmonymn.gov,City,City of Harmony,Harmony,MN
fishlaketownshipmn.gov,City,Fish Lake Township,Harris,MN
dakotacountymn.gov,County,Dakota County,Hastings,MN
hastingsmn.gov,City,City of Hastings,Hastings,MN
hawleymn.gov,City,HAWLEY CITY,HAWLEY,MN
hawleytownshipmn.gov,City,Hawley Township,Hawley,MN
rockdellmn.gov,City,Rock Dell Township,Hayfield,MN
cityofhaywardmn.gov,City,"Hayward, City Of",Hayward,MN
hendersonmn.gov,City,City of Henderson,Henderson,MN
cityofhendrum.gov,City,City of Hendrum,Hendrum,MN
cityofhenningmn.gov,City,City of Henning,Henning,MN
leaflaketownship.gov,City,Leaf Lake Township,Henning,MN
cityofhewittmn.gov,City,City of Hewitt,Hewitt,MN
hibbingmn.gov,City,City of Hibbing,Hibbing,MN
hilltopmn.gov,City,City of Hilltop,Hilltop,MN
barrytownshipmn.gov,City,Barry Township,Hinckley,MN
hinckleymn.gov,City,City of Hinckley,Hinckley,MN
ogematownshipmn.gov,City,Ogema Township,Hinckley,MN
cityofhokah-mn.gov,City,"City of Hokah, Minnesota",Hokah,MN
holdingford.gov,City,City of Holdingford,HOLDINGFORD,MN
holdingtownshipmn.gov,City,Holding Township,Holdingford,MN
hopkinsmn.gov,City,City of Hopkins,Hopkins,MN
hutchinsonmn.gov,City,City of Hutchinson,Hutchinson,MN
internationalfallsmn.gov,City,City Of International Falls,International Falls,MN
koochiching.gov,County,Koochiching County,International Falls,MN
ighmn.gov,City,"INVER GROVE HEIGHTS, MINNESOTA",Inver Grove Heights,MN
clintontownshipslcmn.gov,City,Clinton Township,IRON,MN
irondaletownshipmn.gov,City,Irondale Township,Ironton,MN
athenstownshipmn.gov,City,Athens Township,Isanti,MN
iduntownshipmn.gov,City,Idun Township,Isle,MN
islemn.gov,City,City of Isle,Isle,MN
janesvillemn.gov,City,City of Janesville,Janesville,MN
cityofjenkinsmn.gov,City,CITY OF JENKINS,JENKINS,MN
jordanmn.gov,City,"City of Jordan, MN",Jordan,MN
sandcreekmn.gov,City,Sand Creek Township,Jordan,MN
cityofkandiyohimn.gov,City,City of Kandiyohi,Kandiyohi,MN
cityofkasson.gov,City,City of Kasson,Kasson,MN
keewatinmn.gov,City,City of Keewatin,Keewatin,MN
keewatinmnpd.gov,City,Keewatin Police Department,Keewatin,MN
cityofkenyon.gov,City,City of Kenyon,Kenyon,MN
greatscotttownship.gov,City,Great Scott Township,Kinney,MN
kinneymn.gov,City,City of Kinney,Kinney,MN
cityoflacrescent-mn.gov,City,"City of La Crescent, MN",La Crescent,MN
lacrescenttownshipmn.gov,City,Township of La Crescent MN,LaCrescent,MN
lakeelmo.gov,City,City of Lake Elmo,Lake Elmo,MN
cityoflakeshore.gov,City,City of Lake Shore,Lake Shore,MN
lakestcroixbeach.gov,City,"City Hall, Lake St. Croix Beach",Lake St. Croix Beach,MN
lakevillemn.gov,City,City of Lakeville,Lakeville,MN
lakevillemnfire.gov,City,City of Lakeville,Lakeville,MN
newmarkettownshipmn.gov,City,New Market Township,Lakeville,MN
lanesboro-mn.gov,City,City of Lanesboro,Lanesboro,MN
cityoflaprairiemn.gov,City,City of LaPrairie,LaPrairie,MN
lesueurcounty.gov,County,Le Sueur County,Le Center,MN
lesueurswcd.gov,Special district,Le Sueur County Soil and Water Conservation District,Le Center,MN
cityoflesueur.gov,City,City of Le Sueur,Le Sueur,MN
lexingtonmn.gov,City,City of Lexington,LEXINGTON,MN
lilydalemn.gov,City,City of Lilydale,Lilydale,MN
lakesareapdmn.gov,Special district,Lakes Area Police Commission,Lindstrom,MN
linolakes.gov,City,City of Lino Lakes,Lino Lakes,MN
meekercountymn.gov,County,Meeker County,Litchfield,MN
littlefallstwpmn.gov,City,Township of Little Falls,Little Falls,MN
pikecreekmn.gov,City,Pike Creek Township,Little Falls,MN
littleforkmn.gov,City,City of Littlefork,Littlefork,MN
longlakemn.gov,City,City of Long Lake,Long Lake,MN
toddcountymn.gov,County,Todd County,Long Prairie,MN
boylaketownship.gov,City,Boy Lake Township,Longville,MN
cityoflowrymn.gov,City,City of Lowry,Lowry,MN
lyndcity.gov,City,CITY OF LYND,LYND,MN
cityofmadeliamn.gov,City,City of Madelia,Madelia,MN
lqpcomn.gov,County,Lac qui Parle County,Madison,MN
madisonlakemn.gov,City,City of Madison Lake,Madison LAke,MN
mahnomenmn.gov,City,City of Mahnomen Minnesota,Mahnomen,MN
mahtomedimn.gov,City,CITY OF MAHTOMEDI,MAHTOMEDI,MN
manchestermn.gov,City,City of Manchester,Manchester,MN
blueearthcountymn.gov,County,Blue Earth County,Mankato,MN
limetownshipmn.gov,City,Lime Township,Mankato,MN
mankato-mn.gov,City,City of Mankato,Mankato,MN
mankatomn.gov,City,City of Mankato,Mankato,MN
dodgecountymn.gov,County,Dodge County,Mantorville,MN
mnprairie.gov,Special district,Minnesota Prairie County Alliance,Mantorville,MN
maplegrovemn.gov,City,City of Maple Grove,Maple Grove,MN
mapletonmn.gov,City,City of Mapleton,Mapleton,MN
maplewoodmn.gov,City,City of Maplewood,Maplewood,MN
marblemn.gov,City,City of Marble,"MARBLE, MN",MN
arna.gov,City,Arna Township,Markville,MN
lyoncountymn.gov,County,Lyon County,Marshall,MN
swhhsmn.gov,Special district,Southwest Health and Human Services,Marshall,MN
mayermn.gov,City,City of Mayer,Mayer,MN
shamrocktwpmn.gov,City,Shamrock Township,Mcgregor,MN
workmantownshipmn.gov,City,Workman Township,Mcgregor,MN
cityofmedfordmn.gov,City,City of Medford,Medford,MN
medinamn.gov,City,"City of Medina, Minnesota",Medina,MN
mendotaheightsmn.gov,City,City of Mendota Heights,Mendota Heights,MN
hennepincounty.gov,County,Hennepin County,Minneapolis,MN
minneapolismn.gov,City,City of Minneapolis,Minneapolis,MN
minnesotacitymn.gov,City,City of Minnesota City,Minnesota City,MN
minnesotalakemn.gov,City,City of Minnesota Lake,Minnesota Lake,MN
minnetonka-mn.gov,City,City of Minnetonka,Minnetonka,MN
minnetonkamn.gov,City,City of Minnetonka,Minnetonka,MN
minnetonkabeachmn.gov,City,City of the Village of Minnetonka Beach,Minnetonka Beach,MN
cityofminnetrista.gov,City,City of Minnetrista,Minnetrista,MN
chippewacountymn.gov,County,Chippewa County,Montevideo,MN
monticellomn.gov,City,City of Monticello,Monticello,MN
claycountymn.gov,County,Clay County,Moorhead,MN
moorheadmn.gov,City,City of Moorhead,Moorhead,MN
cityofmooselake.gov,City,City of Moose Lake,Moose Lake,MN
kanabeccountymn.gov,County,Kanabec County,Mora,MN
stevenscountymn.gov,County,Stevens County Minnesota,Morris,MN
mortonmn.gov,City,City of Morton,Morton,MN
moundmn.gov,City,City Of Mound,Mound,MN
moundsviewmn.gov,City,City of Mounds View,Mounds View,MN
mnhc.gov,Special district,Minnesota Healthcare Consortium,Mountain Iron,MN
mountainiron.gov,City,City of Mountain Iron,Mountain Iron,MN
cityofmountainlakemn.gov,City,City of Mountain Lake,Mountain Lake,MN
minnesotahealthcareconsortium.gov,Special district,Minnesota Healthcare Consortium,Mt. Iron,MN
nashwaukmn.gov,City,City of Nashwauk,Nashwauk,MN
nashwauktownshipmn.gov,City,Nashwauk Township,Nashwauk,MN
cityofnevismn.gov,City,City of Nevis,Nevis,MN
mantraptownshipmn.gov,City,Mantrap Township,Nevis,MN
thorpetownship.gov,City,Thorpe Township,Nevis,MN
newbrightonmn.gov,City,City of New Brighton,New Brighton,MN
newhopemn.gov,City,City of New Hope,New Hope,MN
wmfrdmn.gov,City,West Metro Fire-Rescue District,New Hope,MN
cityofnewlondonmn.gov,City,City of New London,New London,MN
helenatownshipmn.gov,City,Helena Township,New Prague,MN
newpraguemn.gov,City,City of New Prague,New Prague,MN
newrichlandmn.gov,City,City of New Richland,New Richland,MN
newrichlandpdmn.gov,City,City of New Richland,New Richland,MN
browncountymn.gov,County,Brown County,New Ulm,MN
newulmmn.gov,City,City of New Ulm,New Ulm,MN
ottotownshipmn.gov,City,Otto Township,New York Mills,MN
newportmn.gov,City,City of Newport,Newport,MN
cityofnisswa.gov,City,CITY OF NISSWA,NISSWA,MN
northbranchmn.gov,City,City of North Branch,North Branch,MN
belgradetownshipmn.gov,City,Township of Belgrade,North Mankato,MN
northoaksmn.gov,City,City of North Oaks,North Oaks,MN
cityofnorthern.gov,City,City of Northern,Northern,MN
northfieldmn.gov,City,City of Northfield,Northfield,MN
northfieldtownshipmn.gov,City,Northfield  Township,Northfield,MN
waterfordtownshipmn.gov,City,Waterford Township,Northfield,MN
cityofnowthen.gov,City,City of Nowthen,Nowthen,MN
oakgrovemn.gov,City,City of Oak Grove,Oak Grove,MN
oakdalemn.gov,City,City of Oakdale,Oakdale,MN
renvillecountymn.gov,County,RenvilleCounty,Olivia,MN
onamiamn.gov,City,City of Onamia,Onamia,MN
oronomn.gov,City,City of Orono,Orono,MN
oronocotownship-mn.gov,City,Oronoco Township,Oronoco,MN
orrmn.gov,City,City of Orr,Orr,MN
bigstonecounty.gov,County,Big Stone County Minnesota,Ortonville,MN
osseomn.gov,City,City of Osseo,Osseo,MN
otsegomn.gov,City,City of Otsego,Otsego,MN
crookedlaketownship.gov,City,Crooked Lake Township,Outing,MN
owatonna.gov,City,City of Owatonna,Owatonna,MN
owatonnagrows.gov,City,City of Owatonna,Owatonna,MN
steelecountymn.gov,County,Steele County,Owatonna,MN
logantownshipmn.gov,City,Logan Township,Palisade,MN
aragotownshipmn.gov,City,Arago Township,Park Rapids,MN
pelicanottertailmn.gov,City,Pelican Township,Pelican Rapids,MN
idealtownshipmn.gov,City,Ideal Township,Pequot Lakes,MN
pequotlakes-mn.gov,City,City of Pequot Lakes,Pequot Lakes,MN
perhamtownship.gov,City,Perham Township,Perham,MN
pinelaketownshipotcmn.gov,City,Pine Lake Township,Perham,MN
fairviewtownshipcasscomn.gov,City,Fairview Township,Pillager,MN
maytwpcassmn.gov,City,May Township,Pillager,MN
pinecitymn.gov,City,City of Pine City,Pine City,MN
pinecitytownshipmn.gov,City,Pine City Township,Pine City,MN
pinecountymn.gov,County,Pine County MN,Pine City,MN
pokegamatownship.gov,City,Pokegama Township,Pine City,MN
pineislandmn.gov,City,City of Pine Island,Pine Island,MN
cityofpinerivermn.gov,City,CITY OF PINE RIVER,PINE RIVER,MN
pipestonecounty.gov,County,County of Pipestone,Pipestone,MN
pipestonemn.gov,City,City of Pipestone,Pipestone,MN
pipestoneswcd.gov,Special district,Pipestone County Soil and Water Conservation District,Pipestone,MN
platomn.gov,City,City of Plato,Plato,MN
plymouthmn.gov,City,City of Plymouth,Plymouth,MN
fillmorecountymn.gov,County,Fillmore County,Preston,MN
prestonmn.gov,City,City of Preston,Preston,MN
isd477mn.gov,School district,Princeton Public Schools ISD477,Princeton,MN
princetonmn.gov,City,"City Of Princeton, Minnesota",Princeton,MN
creditriver-mn.gov,City,City of Credit River,Prior Lake,MN
priorlakemn.gov,City,City of Prior Lake,Prior Lake,MN
mnmidwaytownshipslc.gov,City,Midway Township,Proctor,MN
proctormn.gov,City,City of Proctor,Proctor,MN
cityoframseymn.gov,City,City of Ramsey,Ramsey,MN
raniermn.gov,City,City of Ranier,Ranier,MN
redlakecounty.gov,County,Red Lake County,Red Lake Falls,MN
goodhuecountymn.gov,County,"Goodhue County, MN",Red Wing,MN
haycreektownshipmn.gov,City,Hay Creek Township,Red Wing,MN
redwingmn.gov,City,City of Red Wing,Red Wing,MN
wacoutatownship.gov,City,WACOUTA TOWNSHIP,RED WING,MN
redwoodcounty-mn.gov,County,Redwood County,Redwood Falls,MN
renvillemn.gov,City,City of Renville,Renville,MN
brockwaytwpmn.gov,City,Brockway Township,Rice,MN
ricelakecitymn.gov,City,City of Rice Lake,Rice Lake,MN
richfieldmn.gov,City,City of Richfield,Richfield,MN
munsontownshipmn.gov,City,Munson Township,Richmond,MN
robbinsdalemn.gov,City,City of Robbinsdale,Robbinsdale,MN
cascadetownshipmn.gov,City,Cascade Township,Rochester,MN
marionmn.gov,City,Marion Township,Rochester,MN
olmstedcounty.gov,County,Olmsted County,Rochester,MN
rochestermn.gov,City,The City of Rochester,Rochester,MN
rochestertownshipmn.gov,City,Rochester Township,Rochester,MN
rockvillemn.gov,City,City of Rockville,Rockville,MN
rogersmn.gov,City,City of Rogers,Rogers,MN
dakota911mn.gov,Special district,Dakota Communications Center,Rosemount,MN
rosemountmn.gov,City,City of Rosemount,Rosemount,MN
rosevillemn.gov,City,City of Roseville,Roseville,MN
rothsay.gov,City,City of Rothsay,Rothsay,MN
cityofroyaltonmn.gov,City,City of Royalton,Royalton,MN
rushfordvillagemn.gov,City,City of Rushford Village,Rushford Village,MN
russellmn.gov,City,City of Russell,Russell,MN
cityofstcharlesmn.gov,City,City of St. Charles,Saint Charles,MN
stcloudmn.gov,City,"City of St. Cloud, MN",Saint Cloud,MN
stearnscountymn.gov,County,County of Stearns,Saint Cloud,MN
watonwancountymn.gov,County,Watonwan County,Saint James,MN
ramseycountymn.gov,County,Ramsey County,Saint Paul,MN
stpaul.gov,City,City of St Paul,Saint Paul,MN
nicolletcountymn.gov,County,Nicollet County,Saint Peter,MN
saintpetermn.gov,City,City of Saint Peter,Saint Peter,MN
sandstonemn.gov,City,City of Sandstone,Sandstone,MN
wilmatownship.gov,City,Wilma Township,Sandstone,MN
resourcecoop-mn.gov,Special district,Resource Training and Solutions,Sartell,MN
saukcentremn.gov,City,City of Sauk Centre,Sauk Centre,MN
cityofshafer.gov,City,City of Shafer,"Shafer, MN",MN
scottcountymn.gov,County,Scott County,Shakopee,MN
shakopeemn.gov,City,City of Shakopee,Shakopee,MN
shoreviewmn.gov,City,City of Shoreview,Shoreview,MN
shorewoodmn.gov,City,City of Shorewood,Shorewood,MN
southlakepdmn.gov,Special district,South Lake MinnetonkaI Police Department,Shorewood,MN
frenchtwpmn.gov,City,Town of French,Side Lake,MN
silverbaymn.gov,City,City of Silver Bay,Silver Bay,MN
murraycountymn.gov,County,Murray County,Slayton,MN
sleepyeyemn.gov,City,City of Sleepy Eye,Sleepy Eye,MN
breitungtownshipmn.gov,City,BREITUNG TOWNSHIP,Soudan,MN
cityofsouthhavenmn.gov,City,City of South Haven,South Haven,MN
southstpaulmn.gov,City,City of South St Paul,South St Paul,MN
lakeandrewtwp.gov,City,Town of Lake Andrew,Spicer,MN
sandlaketownship.gov,City,Sand Lake Township,Spring Lake,MN
springlakeparkmn.gov,City,City of Spring Lake Park,Spring Lake Park,MN
savmn.gov,City,City of Saint Anthony Village,St. Anthony,MN
cityofstboni.gov,City,City of St. Bonifacius,St. Bonifacius,MN
stclairmn.gov,City,City of St. Clair,St. Clair,MN
stfrancismn.gov,City,City of St. Francis,St. Francis,MN
stlouisparkmn.gov,City,City of St. Louis Park,St. Louis Park,MN
stmichaelmn.gov,City,City of St. Michael,St. Michael,MN
mcaps-mn.gov,Special district,Minnesota Counties Computer Cooperative (MnCCC),St. Paul,MN
mnccc.gov,Special district,Minnesota Counties Computer Cooperative (MnCCC),St. Paul,MN
mndisability.gov,Special district,MN Governor's Council on Developmental Disabilities,St. Paul,MN
stacymn.gov,City,City of Stacy,Stacy,MN
starbuckmn.gov,City,City of Starbuck,Starbuck,MN
stillwatermn.gov,City,City of Stillwater,Stillwater,MN
washingtoncountymn.gov,County,Washington County,Stillwater,MN
stillwatertownshipmn.gov,City,Stillwater Township,Stillwater Township,MN
swanvillemn.gov,City,City of Swanville,Swanville,MN
taylorsfallsmn.gov,City,City of Taylors Falls,Taylors Falls,MN
trfmn.gov,City,City of Thief River Falls,Thief River Falls,MN
tonkabay.gov,City,City of Tonka Bay,Tonka Bay,MN
cityoftower.gov,City,City of Tower,Tower,MN
tracymn.gov,City,City of Tracy,Tracy,MN
twoharborsmn.gov,City,City of Two Harbors,Two Harbors,MN
tylermn.gov,City,City of Tyler,Tyler,MN
cityofuticamn.gov,City,City of Utica,Utica,MN
hobartmn.gov,City,Hobart Township,Vergas,MN
vermilliontownshipmn.gov,City,Vermillion Township,Vermillion,MN
verndalemn.gov,City,City of Verndale,Verndale,MN
victoriamn.gov,City,City of Victoria,Victoria,MN
virginiamn.gov,City,"City of Virginia, MN",Virginia,MN
virginiamnpd.gov,City,Virginia Police Department,Virginia,MN
waconiamn.gov,City,City of Waconia,Waconia,MN
wadenacounty.gov,County,Wadena County MN,Wadena,MN
wahkonmn.gov,City,CITY OF WAHKON,WAHKON,MN
cityofwaldorf.gov,City,City of Waldorf,Waldorf,MN
casscountymn.gov,County,Cass County,Walker,MN
cassswcdmn.gov,Special district,Cass Soil and Water Conservation District,Walker,MN
shingobeemn.gov,City,Shingobee Township,Walker,MN
turtlelaketwpcassco.gov,City,Turtle Lake Township,Walker,MN
cityofwanamingo.gov,City,City of Wanamingo,Wanamingo,MN
wasecacounty.gov,County,Waseca County,Waseca,MN
wasecapd.gov,City,City of Waseca Police Department,Waseca,MN
hollywoodtownshipmn.gov,City,Hollywood Township,Watertown,MN
watertownmn.gov,City,City of Watertown,Watertown,MN
watertowntwpcarvercomn.gov,City,Watertown Township,Watertown,MN
cityofwatervillemn.gov,City,City of Waterville,Waterville,MN
watkinsmn.gov,City,City of Watkins,Watkins,MN
waverlymn.gov,City,City of Waverly,Waverly,MN
wayzatamn.gov,City,City of Wayzata,Wayzata,MN
vasamn.gov,City,Vasa Township,Welch,MN
welchtownshipmn.gov,City,Welch Township,Welch,MN
cityofwellsmn.gov,City,City of Wells,Wells,MN
wspmn.gov,City,City of West Saint Paul,West Saint Paul,MN
smfdmn.gov,Special district,South Metro Fire Department,West St. Paul,MN
traversecosomn.gov,County,Traverse County Sheriff's Office,Wheaton,MN
traversecountymn.gov,County,Traverse County MN,Wheaton,MN
westernprobationmn.gov,County,Western Probation Services,Wheaton,MN
whitebearlakemn.gov,City,City of White Bear Lake,White Bear Lake,MN
kandiyohicountymn.gov,County,Kandiyohi County,Willmar,MN
willmarmn.gov,City,City of Willmar,Willmar,MN
cottonwoodcountymn.gov,County,Cottonwood County,Windom,MN
wilsontownshipwcmn.gov,City,Wilson Township in Winona County,Winona,MN
winonacounty.gov,County,Winona County,Winona,MN
winonamn.gov,City,City of Winona,Winona,MN
winthropmn.gov,City,City of Winthrop,Winthrop,MN
swwdmn.gov,Special district,South Washington Watershed District,Woodbury,MN
woodburymn.gov,City,City of Woodbury,Woodbury,MN
noblescountymn.gov,County,Nobles County,Worthington,MN
worthingtonmn.gov,City,City of Worthington,Worthington,MN
cityofwrightmn.gov,City,City of Wright,wright,MN
cityofwykoff.gov,City,City of Wykoff,Wykoff,MN
zumbrotamn.gov,City,City of Zumbrota,Zumbrota,MN
gentrycountymo.gov,County,GENTRY COUNTY,ALBANY,MO
annapolismo.gov,City,City of Annapolis,Annapolis,MO
ashgrovemo.gov,City,City of Ash Grove,Ash Grove,MO
auroramo.gov,City,City of Aurora,Aurora,MO
auxvassemo.gov,City,City of Auxvasse,Auxvasse,MO
battlefieldfire.gov,Special district,Battlefield Fire Protection District,Battlefield,MO
battlefieldmo.gov,City,City of Battlefield,Battlefield,MO
beltonmo.gov,City,CITY OF BELTON,BELTON,MO
harrisoncountymo.gov,County,Harrison County,Bethany,MO
bethelmo.gov,City,Village of Bethel,Bethel,MO
stoddardcountymo.gov,County,Stoddard County,Bloomfield,MO
bluespringsmo.gov,City,City of Blue Springs,Blue Springs,MO
polkcountymo.gov,County,Polk County Missouri,Bolivar,MO
bonneterrepd.gov,City,Bonne Terre Police Department,Bonne Terre,MO
coopercohealth.gov,County,Cooper County Public Health Center,Boonville,MO
coopercountymo.gov,County,Boonville Court House,Boonville,MO
bowlinggreen-mo.gov,City,City of Bowling Green,Bowling Green,MO
pikecounty-mo.gov,County,Pike County Missouri,Bowling Green,MO
pikemowatersupply.gov,Special district,Pike County Public Water Supply District #1,Bowling Green,MO
bransonmo.gov,City,City of Branson,Branson,MO
indianpoint-mo.gov,City,Village of Indian Point,Branson,MO
bransonwestmo.gov,City,City of Branson West,Branson West,MO
bridgetonmo.gov,City,City of Bridgeton,Bridgeton,MO
brookfieldcitymo.gov,City,City of Brookfield,Brookfield,MO
bucklinmo.gov,City,City of Bucklin,Bucklin,MO
cityofbucknermo.gov,City,City of Buckner,Buckner,MO
cityofbuffalomo.gov,City,City of Buffalo,Buffalo,MO
dallascountymo-oem.gov,County,Dallas County Emergency Management,Buffalo,MO
batescountymo.gov,County,Bates County Commission,Butler,MO
batescountysheriff.gov,County,Bates County Sheriff's Office,Butler,MO
caboolmo.gov,City,City of Cabool Missouri,Cabool,MO
moniteaucountymo.gov,County,Moniteau County Commission,California,MO
camdencountymo.gov,County,Camden County,Camdenton,MO
camdenmoso.gov,County,Camden County Sheriff's Department,Camdenton,MO
campbellmo.gov,City,City of Campbell MO,Campbell,MO
cantonmopolice.gov,City,Canton Police Department,Canton,MO
cityofcantonmo.gov,City,City of Canton,Canton,MO
carrollcountymo.gov,County,County of Carroll,Carrollton,MO
townofcarrolltonmo.gov,City,Town of Carrollton,Carrollton,MO
carthagemo.gov,City,City of Carthage,Carthage,MO
jasco.gov,County,Jasper County Emergency Services,Carthage,MO
jaspercountymo.gov,County,Jasper County Missouri,Carthage,MO
jaspercountymopa.gov,County,Jasper County Missouri,Carthage,MO
barrycountye911.gov,Special district,Barry County Emergency Services E911,Cassville,MO
barrycountymo.gov,County,Barry County Missouri,Cassville,MO
reynoldscounty-mo.gov,County,Reynolds County,Centerville,MO
centraliamo.gov,City,"City of Centralia, MO",Centralia,MO
livingstoncountymo.gov,County,Livingston County,Chillicothe,MO
clarencemo.gov,City,City of Clarence MO,Clarence,MO
clarksville-mo.gov,City,City of Clarksville,Clarksville,MO
claytonmo.gov,City,City of Clayton,Clayton,MO
stlouiscountymo.gov,County,St. Louis County Government,Clayton,MO
clevermo.gov,City,City of Clever,Clever,MO
cityofclintonmo.gov,City,City Of Clinton Missouri,Clinton,MO
henrymosheriff.gov,County,Henry County Missouri Sheriff Department,Clinton,MO
colecampmo.gov,City,City of Cole Camp,Cole Camp,MO
boonecountyfpdmo.gov,County,Boone County Fire Protection District,Columbia,MO
boonemo.gov,County,"Boone County Government, Missouri",Columbia,MO
como.gov,City,"City of Columbia, Missouri",Columbia,MO
cranemo.gov,City,"City of Crane, Missouri",Crane,MO
crevecoeurmo.gov,City,City of Creve Coeur,Creve Coeur,MO
crystalcitymo.gov,City,City of Crystal City,Crystal City,MO
dardenneprairie.gov,City,City of Dardenne Prairie,Dardenne Prairie,MO
desloge-mo.gov,City,City of Desloge,Desloge,MO
deslogepd.gov,City,Desloge Police Department,Desloge,MO
dextermo.gov,City,City of Dexter Missouri,Dexter,MO
stoddardcountyems.gov,Special district,Stoddard County Ambulance District,Dexter,MO
diamondmo.gov,City,City of Diamond,Diamond,MO
digginsmo.gov,City,Village of Diggins,Diggins,MO
dixonmo.gov,City,City of Dixon,Dixon,MO
ripleycountymo.gov,County,Ripley County Missouri,Doniphan,MO
edgarspringsmo.gov,City,City of Edgar Springs Missouri,Edgar Springs,MO
eoliamo.gov,City,Village of Eolia,EOLIA,MO
excelsiorsprings.gov,City,City of Excelsior Springs,Excelsior Springs,MO
farmington-mo.gov,City,City of Farmington,Farmington,MO
stfrancoiscounty.gov,County,St. Francois County,Farmington,MO
cityoffayettemo.gov,City,City of Fayette,Fayette,MO
fayettemopd.gov,City,"City of Fayette, MO",Fayette,MO
howardcounty-mo.gov,County,"County of Howard, MO",Fayette,MO
howardcountysheriffmo.gov,County,Howard County Sheriff's Office,Fayette,MO
festusmo.gov,City,City of Festus,Festus,MO
jeffcomopwsd12.gov,Special district,Jefferson Co. PWSD No. 12,Festus,MO
cityofforistellmo.gov,City,City of Foristell,Foristell,MO
forsythmo.gov,City,City of Forsyth,Forsyth,MO
taneycountymo.gov,County,Taney County Courthouse,Forsyth,MO
taneyhealth.gov,County,Taney County Health Department,Forsyth,MO
taneymosheriff.gov,County,Taney County Sheriff's Office,Forsyth,MO
frontenacmo.gov,City,City of Frontenac,Frontenac,MO
callawayso.gov,County,Callaway County Sheriff Office,FULTON,MO
fultonmo.gov,City,City of Fulton,Fulton,MO
stonecoambulancemo.gov,Special district,Stone County Ambulance District,Galena,MO
stonecountymo.gov,County,Stone County,Galena,MO
daviesscountymo.gov,County,Daviess County,Gallatin,MO
daviessmosheriff.gov,County,Daviess County Sheriff's Office,Gallatin,MO
gladstonemo.gov,City,City of Gladstone,Gladstone,MO
cityofglasgow-mo.gov,City,"City of Glasgow, MO",Glasgow,MO
grainvalleymo.gov,City,City of Grain Valley,Grain Valley,MO
lauriemo.gov,City,City of Laurie Missouri,Gravois Mills,MO
greenridgemo.gov,City,City of Green Ridge,Green Ridge,MO
dadecountymo911.gov,County,Dade County Emergency Services,Greenfield,MO
greentopmo.gov,City,City of Greentop,Greentop,MO
waynecountymo.gov,County,Wayne County Commission,Greenville,MO
hannibal-mo.gov,City,City of Hannibal Missouri,Hannibal,MO
marioncounty-mo.gov,County,Marion County Missouri,Hannibal,MO
nemo911.gov,Special district,Marion County Emergency Services,Hannibal,MO
hartvillemo.gov,City,City of Hartville,Hartville,MO
wrightcountymo.gov,County,Wright County,Hartville,MO
hawkpointmo.gov,City,"City of Hawk Point, Missouri",HAWK POINT,MO
haytimo.gov,City,City of Hayti MO,Hayti,MO
hazelwoodmo.gov,City,City of Hazelwood,Hazelwood,MO
raycountysheriff.gov,County,Ray County Sheriff’s Office,Henrietta,MO
cityofherculaneum.gov,City,City of Herculaneum,Herculaneum,MO
highridgefire.gov,Special district,High Ridge Fire Protection District,High Ridge,MO
hillsboromo.gov,City,City of Hillsboro,Hillsboro,MO
jeffcomo.gov,County,Jefferson County Government,Hillsboro,MO
holdenmo.gov,City,City of Holden,Holden,MO
hollistermo.gov,City,City of Hollister,Hollister,MO
holtssummit.gov,City,City of Holts Summit,Holts Summit,MO
texascountymissouri.gov,County,Texas County Missouri,Houston,MO
texascountymo911.gov,Special district,Texas County Emergency Services,Houston,MO
houstonlake.gov,City,City of Houston Lake,Houston Lake,MO
randolphcounty-mo.gov,County,Randolph County Missouri,Huntsville,MO
independencemo.gov,City,City of Independence Missouri,Independence,MO
villageofriverbendmo.gov,City,The Village of River Bend,Independence,MO
villageofinnsbrook.gov,City,Village of Innsbrook,Innsbrook,MO
irondale-mo.gov,City,Irondale,Irondale,MO
irondalefiremo.gov,Special district,Irondale Fire Protection District,Irondale,MO
ironcountymo.gov,County,"Iron County, Missouri",Ironton,MO
irontonmo.gov,City,City of Ironton,Ironton,MO
cityofjacksonmo.gov,City,City of Jackson,Jackson,MO
colecountymo.gov,County,Cole County,Jefferson City,MO
jcmo.gov,City,City of Jefferson City Mo,Jefferson City,MO
jeffersoncitymo.gov,City,City of Jefferson,Jefferson City,MO
kansascitymo.gov,City,"City of Kansas City, Mo.",Kansas City,MO
kcmo.gov,City,"City of Kansas City, Mo.",Kansas City,MO
plattesheriffmo.gov,County,Platte County Sheriff's Office,Kansas City,MO
charitonco.gov,County,Chariton County Missouri,Keytesville,MO
kingdomcitymo.gov,City,Village of Kingdom City,Kingdom City,MO
adaircomo.gov,County,County of Adair,Kirksville,MO
adaircosomo.gov,County,Adair County Law Enforcement Center,Kirksville,MO
kirksville.gov,City,City of Kirksville,Kirksville,MO
cityofladue-mo.gov,City,City of Ladue,Ladue,MO
cityoflagrangemo.gov,City,City of LaGrange,LaGrange,MO
lakelafayettemo.gov,City,"Lake Lafayette, City of",Lake Lafayette,MO
camdenpwsd4.gov,Special district,"Public Water Supply District No. 4 of Camden County, MIssouri",Lake Ozark,MO
lakesaintlouismo.gov,City,City of Lake Saint Louis,Lake Saint Louis,MO
lakeshiremo.gov,City,City of Lakeshire,Lakeshire,MO
bartonmohealth.gov,Special district,Barton County Health Department,Lamar,MO
countyofbarton.gov,County,Barton County,Lamar,MO
lamarmo.gov,City,City of Lamar,Lamar,MO
lawsonmo.gov,City,"City of Lawson, MO",Lawson,MO
lawsonmopd.gov,City,City of Lawson MO,Lawson,MO
leadingtonmo.gov,City,CITY OF LEADINGTON,LEADINGTON,MO
lafayettecountymo.gov,County,"Lafayette County, MO",Lexington,MO
lafayettecountymosheriff.gov,County,Lafayette County Sheriff's Office,Lexington,MO
lexingtonmo.gov,City,City of Lexington,Lexington,MO
liberalmo.gov,City,City of Liberal,Liberal,MO
claycountymo.gov,County,"Clay County, Missouri",Liberty,MO
libertyhillssewer.gov,Special district,Liberty Hills Reorganized Common Sewer District,Liberty,MO
libertymissouri.gov,City,City of Liberty,Liberty,MO
libertymo.gov,City,City of Liberty,Liberty,MO
linncosomo.gov,County,Linn County Sheriff's Office,Linneus,MO
louisianamo.gov,City,City of Louisiana,Louisiana,MO
lowrycitymo.gov,City,City of Lowry CIty,Lowry City,MO
cityofmacon-mo.gov,City,City Of Macon,Macon,MO
maconcountymo.gov,County,Macon County,Macon,MO
pwsd1maconco.gov,Special district,Public Water Supply District No.1 of Macon County,Macon,MO
manchestermo.gov,City,City of Manchester,Manchester,MO
mansfieldschoolmo.gov,School district,Mansfield R-IV School District,Mansfield,MO
maplewoodmo.gov,City,"City of Maplewood, Missouri",Maplewood,MO
marionvillemo.gov,City,City of Marionville,Marionville,MO
marlboroughmo.gov,City,Village of Marlborough,Marlborough,MO
marshall-mo.gov,City,City of Marshall,Marshall,MO
salinecountymo.gov,County,County of Saline,Marshall,MO
marshfieldmo.gov,City,"City of Marshfield, Missouri",Marshfield,MO
webstercountymo.gov,County,Webster County,Marshfield,MO
webstercountymohealth.gov,Special district,Webster County Health Unit,Marshfield,MO
marthasvilleems.gov,Special district,Marthasville Community Ambulance District,Marthasville,MO
marthasvillemo.gov,City,City of Marthasville,Marthasville,MO
maryvillemo.gov,City,City of Maryville,Maryville,MO
dekalbcountymo.gov,County,Dekalb County,Maysville,MO
dekalbsheriffmo.gov,County,Dekalb County Sheriff's Office,MAYSVILLE,MO
mwmopd.gov,City,Merriam Woods Police Department,Merriam Woods,MO
audrain911.gov,Special district,Audrain County E-911 Joint Communications,Mexico,MO
audraincounty.gov,County,County of Audrain,Mexico,MO
milanmo.gov,City,City of Milan,Milan,MO
sullivansomo.gov,County,Sullivan County Sheriff's Office,Milan,MO
millersvillefiremo.gov,Special district,Millersville Rural Fire Protection District,Millersville,MO
missouricitymo.gov,City,Missouri City,Missouri City,MO
cityofmoberly-mo.gov,City,"City of Moberly, MO",Moberly,MO
thomashillpwsdmo.gov,Special district,Thomas Hill Public Water Supply District #1,MOBERLY,MO
mokanemo.gov,City,City of Mokane,Mokane,MO
monettmo.gov,City,City of Monett,Monett,MO
monroecitymo.gov,City,City of Monroe City,Monroe City,MO
montcomo911.gov,County,Montgomery County Joint Communications Center,Montgomery City,MO
morrisvillemo.gov,City,City of Morrisville,Morrisville,MO
lawrencecountymo.gov,County,Lawrence County Missouri,Mount Vernon,MO
mountaingrovemo.gov,City,City of Mountain Grove,Mountain Grove,MO
wrightcountymo911.gov,County,Wright County Emergency Services Board,Mountain Grove,MO
mountainviewmo.gov,City,"City of Mountain View - Mountain View, MO",Mountain View,MO
lawrencecountymo911.gov,Special district,Lawrence County Emergency Services Board 9-1-1,Mt. Vernon,MO
lawrencemosheriff.gov,County,Lawrence County Sheriff’s Office,Mt. Vernon,MO
neoshomo.gov,City,City of Neosho Missouri,Neosho,MO
newtoncountymo.gov,County,Newton County,Neosho,MO
newtoncountymoprosecutor.gov,County,Newton County Prosecuting Attorney's Office,Neosho,MO
nevadamo.gov,City,City of Nevada,Nevada,MO
newflorencemo.gov,City,City of New Florence,New Florence,MO
cityofnewfranklinmo.gov,City,City of New Franklin,New Franklin,MO
rallscountymo.gov,County,"County of Ralls, MO",New London,MO
newmadridcountymo.gov,County,New Madrid County,New Madrid,MO
fremonthills.gov,City,City of Fremont Hills,Nixa,MO
nixafire.gov,Special district,Nixa Fire Protection District 2,Nixa,MO
nixamo.gov,City,City of Nixa,Nixa,MO
belleriveacresmo.gov,City,City of Bellerive Acres,Normandy,MO
northmoormo.gov,City,"City of Northmoor, Missouri.",Northmoor,MO
castlemo.gov,Special district,Center for Advanced Skills Training in Law Enforcement,O'Fallon,MO
ofallonmo.gov,City,"City of O'Fallon, Missouri",O'Fallon,MO
cityofoldmonroe.gov,City,City of Old Monroe,Old Monroe,MO
holtcountymo.gov,County,COUNTY OF HOLT,OREGON,MO
cityoforrick.gov,City,City of Orrick,Orrick,MO
osagebeach-mo.gov,City,City of Osage Beach,Osage Beach,MO
osbornmo.gov,City,City of Osborn,Osborn,MO
ottervillemo.gov,City,Otterville City,Otterville,MO
christiancountymo.gov,County,Christian County Government,Ozark,MO
christiancountymohealth.gov,County,Christian County Health Department,Ozark,MO
osrdmo.gov,Special district,Ozark Special Road District,Ozark,MO
ozarkmissouri.gov,City,City of Ozark,Ozark,MO
pacificmo.gov,City,City of Pacific,Pacific,MO
cityofpagedalemo.gov,City,City of Pagedale,Pagedale,MO
palmyramo.gov,City,City of Palmyra,Palmyra,MO
monroecountymo.gov,County,County of Monroe,PARIS,MO
parismo.gov,City,"City of Paris, Missouri",Paris,MO
parkhillsmo.gov,City,City of Park Hills,Park Hills,MO
parkvillemo.gov,City,City of Parkville,Parkville,MO
perry-mo.gov,City,CITY OF PERRY,Perry,MO
perrycountymo.gov,County,"County of Perry, MO",Perryville,MO
perryvillemo.gov,City,City of Perryville,Perryville,MO
cityofpevelymo.gov,City,City of Pevely,Pevely,MO
piercecitymo.gov,City,"City of Pierce City, MO",Pierce City,MO
cityofpilotgrovemo.gov,City,"City of Pilot Grove, Missouri",PILOT GROVE,MO
ironcountyambulancedistrict.gov,County,Iron County Ambulance District,Pilot Knob,MO
pilotknobmo.gov,City,City of Pilot Knob,Pilot Knob,MO
mcdonaldcountymissouri.gov,County,County of McDonald,Pineville,MO
mcdonaldcountymo.gov,County,"County of McDonald, Missouri",Pineville,MO
mcdonaldcountymohealth.gov,County,Mcdonald County Health Department,Pineville,MO
plattecountymo.gov,County,"Platte County, Missouri",Platte City,MO
plattecountymovotes.gov,County,Platte County Board of Elections,Platte City,MO
clintoncomo.gov,County,"Clinton County, MO",Plattsburg,MO
plattsburg-mo.gov,City,City of Plattsburg,Plattsburg,MO
polomo.gov,City,City of Polo,Polo,MO
poplarbluff-mo.gov,City,City of Poplar Bluff,Poplar Bluff,MO
portagedessiouxmo.gov,City,"City of Portage Des Sioux, MO",Portgae Des Sioux,MO
mercercountysheriffmo.gov,County,Mercer County Sheriff's Office,Princeton,MO
purdymofire.gov,Special district,Purdy Fire Protection District,Purdy,MO
raytownmo.gov,City,City of Raytown Mo,RAYTOWN,MO
reedsspringmo.gov,City,City of Reeds Spring,Reeds Spring,MO
republicmo.gov,City,"City of Republic, Missouri",Republic,MO
cityofrichhill.gov,City,City of Rich Hill,Rich Hill,MO
raycountymo.gov,County,Ray County Government,Richmond,MO
riversidemo.gov,City,City of Riverside,Riverside,MO
rocheportmo.gov,City,CITY OF ROCHEPORT,ROCHEPORT,MO
atchisoncountymo.gov,County,"Atchison County, Missouri",Rock Port,MO
rockawaybeachpdmo.gov,City,Rockaway Beach Police Department,Rockaway Beach,MO
rollacity.gov,City,"City of Rolla, Missouri",Rolla,MO
stcharlescitymo.gov,City,St. Charles City,Saint Charles,MO
stcharlescounty.gov,County,St. Charles County,Saint Charles,MO
buchmo.gov,County,"Buchanan County, Missouri",Saint Joseph,MO
cityofcharlack.gov,City,City of Charlack,Saint Louis,MO
grantwood.gov,City,TOWN OF GRANTWOOD VILLAGE,Saint Louis,MO
dentcountyhealth.gov,Special district,Dent County Health Center,Salem,MO
sarcoxiemo.gov,City,"City of Sarcoxie, MO",Sarcoxie,MO
andrewcountymo.gov,County,Andrew County,Savannah,MO
pettiscomo.gov,County,County of Pettis,Sedalia,MO
sedgewickvillefiremo.gov,Special district,Sedgewickville Fire Protection District,Sedgewickville,MO
seligmanmo.gov,City,City of Seligman,Seligman,MO
seymourmo.gov,City,City of Seymour,Seymour,MO
shelbinamo.gov,City,City of Shelbina MO,Shelbina,MO
shelbycountymo.gov,County,Shelby County,Shelbyville,MO
shrewsburymo.gov,City,City of Shrewsbury,Shrewsbury,MO
cityofsilex.gov,City,City of Silex,Silex,MO
spartamo.gov,City,City of Sparta Missouri,Sparta,MO
greenecountymo.gov,County,"Greene County, MO",Springfield,MO
greenecountymoprosecutor.gov,County,Greene County Prosecuting Attorney's Office,Springfield,MO
springfieldmo.gov,City,"City of Springfield, State of Missouri",Springfield,MO
stl-taxi.gov,Special district,St. Louis Metropolitan Taxicab Commission,St Louis,MO
stlfc.gov,County,St. Louis Fusion Center,St Louis,MO
stcharlescountycsfamo.gov,Special district,St. Charles County Convention & Sports Facilities Authority,St. Charles,MO
stjosephmo.gov,City,City of St. Joseph,St. Joseph,MO
cityofnormandy.gov,City,"City of Normandy, Missouri",St. Louis,MO
msdprojectclearmo.gov,Special district,Metropolitan St. Louis Sewer District,St. Louis,MO
stlouis-mo.gov,City,City of St. Louis,St. Louis,MO
stegencounty.gov,County,Ste. Genevieve County,Ste Genevieve,MO
stegenevieve.gov,City,City of Ste Genevieve,Ste Genevieve,MO
crawfordmo.gov,County,Crawford County Clerk,Steelville,MO
cedarcountymo.gov,County,"Cedar County, Missouri",Stockton,MO
cityofstover.gov,City,CITY OF STOVER,Stover,MO
sunrisebeachmo.gov,City,Village of Sunrise Beach Missouri,Sunrise Beach,MO
sweetspringsmo.gov,City,City of Sweet Springs,Sweet Springs,MO
thayerpdmo.gov,City,Thayer Police Department,Thayer,MO
lcsomo.gov,County,Lincoln County Sheriffs Office,Troy,MO
lincolncomo.gov,County,Lincoln County,Troy,MO
troypolicemo.gov,City,Troy Missouri Police Department,Troy,MO
millercountymo.gov,County,Miller County,Tuscumbia,MO
tuscumbiavillagemo.gov,City,"Village of Tuscumbia, Missouri",Tuscumbia,MO
cityoftwinoaks.gov,City,City of Twin Oaks,Twin Oaks,MO
franklinmo.gov,County,"Franklin County, MO",Union,MO
unionmissouri.gov,City,City of Union,Union,MO
putnamcountymo.gov,County,Putnam County Assessor,Unionville,MO
cartercountymo.gov,County,Carter County,Van Buren,MO
cityofvanburenmo.gov,City,City of Van Buren,Van Buren,MO
morgancountymo.gov,County,Morgan County Commission,Versailles,MO
viburnum.gov,City,City of Viburnum,Viburnum,MO
mariescountymo.gov,County,Maries County,Vienna,MO
viennamo.gov,City,City of Vienna,Vienna,MO
walnutgrovemo.gov,City,Walnut Grove Police Department,Walnut Grove,MO
jocomo.gov,County,County of Johnson,Warrensburg,MO
jocomo911.gov,Special district,Johnson County Emergency Services Board,Warrensburg,MO
jocomoema.gov,County,Johnson County Missouri Emergency Managment Agency,Warrensburg,MO
warrensburg-mo.gov,City,City of Warrensburg,Warrensburg,MO
warrencomosheriff.gov,County,Warren County Sheriff's Department,Warrenton,MO
warsawmo.gov,City,CITY OF WARSAW,Warsaw,MO
washmo.gov,City,City of Washington Missouri,Washington,MO
cityofweatherbylake-mo.gov,City,City of Weatherby Lake,Weatherby Lake,MO
webstergrovesmo.gov,City,City of Webster Groves,Webster Groves,MO
weldonspring.gov,City,City of Weldon Spring,Weldon Spring,MO
wentzvillemo.gov,City,City of Wentzville,Wentzville,MO
howellcountymo911.gov,County,Howell County 911 Emergency Services,West Plains,MO
howellcountysheriff.gov,County,Howell County Sheriff's Office,West Plains,MO
shcadmo.gov,Special district,South Howell County Ambulance District,West Plains,MO
westplains.gov,City,City of West Plains,West Plains,MO
whitewaterfiremo.gov,Special district,Whitewater Fire Protection District,Whitewater,MO
winfieldmo.gov,City,City of Winfield,Winfield,MO
cityofwinonamo.gov,City,City of Winona,WINONA,MO
woodheights-mo.gov,City,City of Wood Heights,Wood Heights,MO
wrightcitymo.gov,City,City of Wright City,Wright City,MO
cityofamoryms.gov,City,City of Amory,Amory,MS
townofhatleyms.gov,City,Town of Hatley,Amory,MS
bentoncountyms.gov,County,Benton County Board of Supervisors,Ashland,MS
cityofbaldwynms.gov,City,City of Baldwyn,Baldwyn,MS
batesvillems.gov,City,City of Batesville,Batesville,MS
baystlouis-ms.gov,City,City of Bay St. Louis,Bay St. Louis,MS
biloxi.gov,City,City of Biloxi,Biloxi,MS
booneville-ms.gov,City,City of Booneville,Booneville,MS
brookhaven-ms.gov,City,City of Brookhaven,Brookhaven,MS
cityofbrucems.gov,City,City of Bruce,Bruce,MS
calhouncityms.gov,City,Town of Calhoun City,Calhoun City,MS
cantonms.gov,City,"City of Canton, MS",Canton,MS
tallahatchiecountysheriffofficems.gov,County,Tallahatchie County Sheriff Office,Charleston,MS
coahomacountyms.gov,County,Coahoma County,Clarksdale,MS
cityofcoahomams.gov,City,Town of Coahoma,Coahoma,MS
covingtoncountyms.gov,County,Covington County Board of Supervisors,Collins,MS
columbiamspd.gov,City,Columbia Police Department,Columbia,MS
marioncountyms.gov,County,"Marion County, Mississippi",Columbia,MS
columbusms.gov,City,City of Columbus,Columbus,MS
lowndescountyms.gov,County,Lowndes County,Columbus,MS
comoms.gov,City,Town of Como,Como,MS
alcorncountyms.gov,County,Alcorn County Board of Supervisors,Corinth,MS
corinthms.gov,City,City of Corinth,Corinth,MS
crystalspringsms.gov,City,City of Crystal Springs,Crystal Springs,MS
newtoncountysheriffms.gov,County,Newton County Sheriff Dept.,Decatur,MS
townofdecaturms.gov,City,TOWN OF DECATUR,DECATUR,MS
kempercountyms.gov,County,Kemper County Board of Supervisors,DeKalb,MS
townofderma.gov,City,Town of Derma,Derma,MS
ecrums.gov,City,Town of Ecru,Ecru,MS
ellisvillemspd.gov,Special district,City of Ellisville Police Department,Ellisville,MS
townofenterprisems.gov,City,Town of Enterprise,Enterprise,MS
cityofeuporams.gov,City,City of Eupora,Eupora,MS
jeffersoncountyms.gov,County,Jefferson County Board of Supervisors,Fayette,MS
flowood.gov,City,City of Flowood,Flowood,MS
flowoodpolice.gov,City,City of Flowood,Flowood,MS
forestmspd.gov,City,City of Forest,Forest,MS
scottcountyms.gov,County,Scott County Board of Supervisors,Forest,MS
frenchcamp.gov,City,Town of French Camp,French Camp,MS
fultonpolicems.gov,City,Fulton Police Department,Fulton,MS
itawamba.gov,County,Itawamba County,Fulton,MS
gautier-ms.gov,City,City of Gautier,Gautier,MS
gulfport-ms.gov,City,City of Gulfport Mississippi,Gulfport,MS
harrisoncountyms.gov,County,Harrison County Board of Supervisors,Gulfport,MS
harrisoncountymschanceryclerk.gov,County,Harrison County Chancery Clerk,Gulfport,MS
copiahcountyms.gov,County,Copiah County Board of Supervisors,Hazlehurst,MS
hazlehurstpd-ms.gov,County,Hazlehurst Police Department,Hazlehurst,MS
desotocountyms.gov,County,Desoto County,Hernando,MS
hernandopolice.gov,City,City of Hernando Police Department,Hernando,MS
hollyspringsms.gov,City,City Of Holly Springs,Holly Springs,MS
hsutilitiesms.gov,City,City Of Holly Springs Utility Department,Holly Springs,MS
marshallcoms.gov,County,Marshall County Board of Supervisors,Holly Springs,MS
marshallsheriffms.gov,County,Marshall County Sheriff's Department,Holly Springs,MS
chickasawcountyms.gov,County,Chickasaw County,Houston,MS
houstonms.gov,City,City of Houston,Houston,MS
indianolams.gov,City,City of Indianola,Indianola,MS
sunflowercircuitclerk.gov,County,Sunflower Circuit Clerk,Indianola,MS
jacksonms.gov,City,City of Jackson,Jackson,MS
greenecountyms.gov,County,Greene County MS Board of Supervisors,Leaksville,MS
learnedms.gov,City,Town of Learned,Learned,MS
amitecountyms.gov,County,Amite County Board of Supervisors,Liberty,MS
longbeachms.gov,City,City of Long Beach,Long Beach,MS
cityoflouisvillems.gov,City,louisville police department,louisville,MS
louisvillepolicems.gov,City,Louisville Police Department,Louisville,MS
georgecountyms.gov,County,George County Board of Supervisors,Lucedale,MS
lumbertonms.gov,City,City of Lumberton,Lumberton,MS
lumbertonmspd.gov,City,LUMBERTON POLICE DEPARTMENT,LUMBERTON,MS
madisonmspolice.gov,City,Madison Police Department,Madison,MS
pikecountyms.gov,County,Pike County Board of Supervisors,Magnolia,MS
manteems.gov,City,Mantee Board of Alderman,Mantee,MS
quitmancountyms.gov,County,Quitman County,Marks,MS
issaquenacountyms.gov,County,Issaquena County Board of Supervisors,Mayersville,MS
mccomb-ms.gov,City,City of McComb,McComb,MS
franklincountyms.gov,County,Franklin County Board of Supervisors,Meadville,MS
meadvillems.gov,City,Town of Meadville,Meadville,MS
mortonms.gov,City,City of Morton MS,Morton,MS
mortonmspd.gov,City,City of Morton MS Police Department,MOrton,MS
adamscosheriffms.gov,County,Adams County Sheriff's Office,Natchez,MS
adamscountyms.gov,County,Adams County Board of Supervisors,Natchez,MS
nettletonms.gov,City,City of Nettleton,Nettleton,MS
perrycountyms.gov,County,Perrry County Board of Supervisors,New Augusta,MS
oceansprings-ms.gov,City,City of Ocean Springs,Ocean Springs,MS
jacksoncountyms.gov,County,Jackson County Board of Supervisors,Pascagoula,MS
petal-ms.gov,City,City of Petal,Petal,MS
plantersvillems.gov,City,TOWN OF PLANTERSVILLE,Plantersville,MS
pontotoccountyms.gov,County,Pontotoc County MS,Pontotoc,MS
pontotocms.gov,City,City of Pontotoc,Pontotoc,MS
poplarvillems.gov,City,City of Poplarville Mississippi,Poplarville,MS
claibornecountyms.gov,County,Claiborne County Board of Supervisors,Port Gibson,MS
townofprentiss.gov,City,Town of Prentiss,Prentiss,MS
lamarcountyms.gov,County,Lamar County Mississippi,Purvis,MS
purvis-ms.gov,City,City of Purvis,Purvis,MS
clarkecountyms.gov,County,Clarke County Mississippi Board of Supervisors,Quitman,MS
smithcountyms.gov,County,Smith County MS Board of Supervisors,Raleigh,MS
richlandms.gov,City,City of Richland,Richland,MS
sharkeycountyms.gov,County,Sharkey County Board of Supervisors,Rolling Fork,MS
cityofsenatobiams.gov,City,City of Senatobia,Senatobia,MS
tatecountyms.gov,County,Tate County Board of Supervisors,Senatobia,MS
shermanms.gov,City,Town of Sherman,Sherman,MS
southavenms.gov,City,City of Southaven,Southaven,MS
summitms.gov,City,Town of Summit,Summit,MS
townofsumrallms.gov,City,Town of Sumrall,Sumrall,MS
cityofveronams.gov,City,City of Verona,Tupelo,MS
leecountyms.gov,County,Lee County MS,Tupelo,MS
tupeloms.gov,City,City Of Tupelo,Tupelo,MS
cityofunionms.gov,City,City of Union,UNION,MS
vaidenms.gov,City,"Town of Vaiden, MS",Vaiden,MS
warrencountyms.gov,County,Warren County MS Board of Supervisors,Vicksburg,MS
watervalleyms.gov,City,"City of Water Valley, Mississippi",Water Valley,MS
watervalleymspolice.gov,City,Water Valley Police Department,Water Valley,MS
yalobushacountysheriff.gov,County,Yalobusha County Sheriff's Department,Water Valley,MS
yalobushasheriffms.gov,County,Yalobusha County Sheriff's Department,Water Valley,MS
waveland-ms.gov,City,City of Waveland,Waveland,MS
waynecountyms.gov,County,Wayne County Board of Supervisors,Waynesboro,MS
cityofwiggins.gov,City,City of Wiggins,Wiggins,MS
stonecountyms.gov,County,Stone County Board of Supervisors,Wiggins,MS
winstonville.gov,City,City of Winstonville,Winstonville,MS
woodvillems.gov,City,Town of Woodville,WOODVILLE,MS
woodvillemspolice.gov,City,Town of Woodville,WOODVILLE,MS
yazoocountyms.gov,County,Yazoo County Board of Supervisors,Yazoo City,MS
belgrademt.gov,City,City of Belgrade,Belgrade,MT
sgcountymt.gov,County,Sweet Grass County,BIG TIMBER,MT
bigskyrailmt.gov,Special district,Big Sky Passenger Rail Authority,Billings,MT
billingsmt.gov,City,City of Billings,Billings,MT
billingsmtpublicworks.gov,City,City of Billings Public Works Department,Billings,MT
yellowstonecountymt.gov,County,Yellowstone County,Billings,MT
jeffersoncounty-mt.gov,County,Jefferson County,Boulder,MT
jeffersoncountysheriffmt.gov,County,Jefferson County Sheriff's Office,Boulder,MT
bozemanmt.gov,City,City of Bozeman,Bozeman,MT
bridgercanyonfiremt.gov,Special district,Bridger Canyon Fire Department,Bozeman,MT
gallatinmt.gov,County,"County of Gallatin, State of Montana",Bozeman,MT
broadusmt.gov,City,TOWN OF BROADUS,Broadus,MT
prcomt.gov,County,Powder River County,Broadus,MT
bsbmt.gov,County,City-County of Butte-Silver Bow,Butte,MT
readybuttemt.gov,County,Butte-Silver Bow Local Government,Butte,MT
libertycountymt.gov,County,Liberty County,Chester,MT
blainecounty-mt.gov,County,Blaine County,Chinook,MT
chinookmt.gov,City,City of Chinook,Chinook,MT
tetoncountymt.gov,County,Teton County,Choteau,MT
mcconecountymt.gov,County,McCone County,Cirlce,MT
stillwatercountymt.gov,County,"Stillwater County, Montana",Columbus,MT
ponderacountymt.gov,County,Pondera County,Conrad,MT
corvallismtsewer.gov,Special district,Corvallis County Sewer District,Corvallis,MT
glaciercountymt.gov,County,Glacier County,Cut Bank,MT
darbymt.gov,City,Town of Darby,Darby,MT
cityofdeerlodgemt.gov,City,City Of Deer Lodge,Deer Lodge,MT
powellcountymt.gov,County,Powell County Montana,Deer Lodge,MT
beaverheadcountymt.gov,County,Beaverhead County,Dillon,MT
townofdrummondmt.gov,City,Town of Drummond,Drummond,MT
duttonmt.gov,City,Town of Dutton,Dutton,MT
ehpsmt.gov,School district,East Helena Public Schools,East Helena,MT
ekalaka.gov,City,Town of Ekalaka,Ekalaka,MT
eureka-mt.gov,City,Town of Eureka,Eureka,MT
fairfieldmt.gov,City,Town of Fairfield,Fairfield,MT
fairviewmt.gov,City,Town of Fairview,Fairview,MT
rosebudcountymt.gov,County,Rosebud County,Forsyth,MT
rosebudcountysheriffmt.gov,County,Rosebud County Sheriff's Office,Forsyth,MT
tfsfiremt.gov,Special district,Trego Fortine Stryker Volunteer Fire Department,Fortine,MT
valleycountymt.gov,County,Valley County Courthouse,Glasgow,MT
dawsonmt.gov,County,County of Dawson (Montana),Glendive,MT
glendivemt.gov,City,City of Glendive,Glendive,MT
cascadecountymt.gov,County,Cascade County,Great Falls,MT
greatfallsmt.gov,City,City of Great Falls,Great Falls,MT
ravallicounty.gov,County,Ravalli County,Hamilton,MT
hamiltonmtruralfire.gov,Special district,Hamilton Rural Fire District,"Hamilton,",MT
bighorncountymt.gov,County,Big Horn County,Hardin,MT
hardinmontana.gov,City,City of Hardin,Hardin,MT
harlem-mt.gov,City,City of Harlem,Harlem,MT
harlowtonmt.gov,City,City of Harlowton,Harlowton,MT
wheatlandcomt.gov,County,Wheatland County,Harlowton,MT
helenamt.gov,City,City of Helena,Helena,MT
lccountymt.gov,County,Lewis and Clark County,Helena,MT
westvalleyfiremt.gov,Special district,West Valley Fire Rescue,Helena,MT
treasurecountymt.gov,County,Treasure County,Hysham,MT
jordanmt.gov,City,Town of Jordan,Jordan,MT
flatheadcounty.gov,County,Flathead County,Kalispell,MT
kalispell.gov,City,City of Kalispell,Kalispell,MT
fergusmt.gov,County,County of Fergus,Lewistown,MT
livingstonmt.gov,City,City of Livingston,Livingston MT,MT
phillipscountymt.gov,County,Phillips County,Malta,MT
manhattanmt.gov,City,Town of Manhattan,Manhattan,MT
custercountymt.gov,County,Custer County Montana,Miles City,MT
custercountymttransit.gov,County,Custer County Montana Transit,Miles City,MT
easternmontanafair.gov,County,Custer County Montana,Miles City,MT
milescitymt.gov,City,City of Miles City,Miles City,MT
missoula.gov,City,City of Missoula,Missoula,MT
missoulacounty.gov,County,Missoula County,Missoula,MT
mooremt.gov,City,Town of Moore,Moore,MT
granitecountymt.gov,County,Granite County,PHILIPSBURG,MT
plainsmt.gov,City,Town of Plains,PLAINS,MT
pprfd.gov,Special district,Plains-Paradise Rural Fire District,Plains,MT
sheridancountymt.gov,County,Sheridan County of Montana,Plentywood,MT
lakemt.gov,County,Lake County,Polson,MT
carbonmt.gov,County,County of Carbon,Red Lodge,MT
frwmb.gov,Special district,Flathead Reservation Water Management Board,Ronan,MT
ryegatemt.gov,City,TOWN OF RYEGATE,RYEGATE,MT
danielscountymt.gov,County,Daniels County,SCOBEY,MT
toolecountymt.gov,County,Toole County,Shelby,MT
toolecountysheriffmt.gov,County,Toole County Sheriff's Office,Shelby,MT
threemilefiremt.gov,Special district,Three Mile Rural Fire District,Stevensville,MT
townofstevensville.gov,City,Town of Stevensville,Stevensville,MT
sanderscounty.gov,County,Sanders County,Thompson Falls,MT
broadwatercountymt.gov,County,Broadwater County,Townsend,MT
madisoncountymt.gov,County,Madison County Board of Commissioners,Virginia City,MT
madisonsheriffmt.gov,County,Madison County Sheriffs Office,Virginia City,MT
walkervillemt.gov,City,Town of Walkerville,Walkerville,MT
westyellowstone.gov,City,Town of West Yellowstone,West Yellowstone,MT
cityofwhitefish.gov,City,City of Whitefish,Whitefish,MT
starmeadowsfd.gov,Special district,Star Meadows Fire District,Whitefish,MT
wibauxcounty.gov,County,WIBAUX COUNTY,WIBAUX,MT
petroleummt.gov,County,Petroleum County,Winnett,MT
rooseveltcountymt.gov,County,Roosevelt County,Wolf Point,MT
ahoskienc.gov,City,Town of Ahoskie,Ahoskie,NC
albemarlenc.gov,City,City of Albemarle,Albemarle,NC
stanlycountync.gov,County,County of Stanly,Albemarle,NC
andrewsnc.gov,City,Town of Andrews,Andrews,NC
townofansonville.gov,City,Town of Ansonville,Ansonville,NC
apexnc.gov,City,"APEX, TOWN OF",Apex,NC
archdale-nc.gov,City,City of Archdale,Archdale,NC
archerlodgenc.gov,City,Town of Archer Lodge,Archer Lodge,NC
asheboronc.gov,City,City of Asheboro,Asheboro,NC
randolphcountync.gov,County,Randolph County,Asheboro,NC
ashevillenc.gov,City,City of Asheville,Asheville,NC
buncombenc.gov,County,Buncombe County Government,Asheville,NC
vayahealth.gov,Special district,Vaya Health,Asheville,NC
mitchellcountync.gov,County,Mitchell County,Bakersville,NC
bayboronc.gov,City,Town of Bayboro,Bayboro,NC
pamlicocountync.gov,County,County of Pamlico,Bayboro,NC
carteretcountync.gov,County,County of Carteret,Beaufort,NC
cityofbelmont.gov,City,City of Belmont,Belmont,NC
townofbelville.gov,City,Town of Belville,Belville,NC
bermudarun.gov,City,Town of Bermuda Run,Bermuda Run,NC
townofbiscoe.gov,City,Town of Biscoe,Biscoe,NC
blowingrock.gov,City,Town of Blowing Rock,Blowing Rock,NC
townofblowingrocknc.gov,City,Town of Blowing Rock,Blowing Rock,NC
brunswickcountync.gov,County,Brunswick County,Bolivia,NC
brunswickncsheriff.gov,County,Brunswick County NC,Bolivia,NC
readybrunswickcountync.gov,County,Brunswick County Government,Bolivia,NC
boonenc.gov,City,Town of Boone,Boone,NC
wataugacounty.gov,County,Watauga County,Boone,NC
townofbridgetonnc.gov,City,Town of Bridgeton,Bridgeton,NC
townofbrunswicknc.gov,City,Town Of Brunswick,Brunswick,NC
brysoncitync.gov,City,Town of Bryson City,Bryson City,NC
swaincountync.gov,County,Swain County Government,Bryson City,NC
burgawnc.gov,City,Town of Burgaw,Burgaw,NC
pendercountync.gov,County,Pender County Government,Burgaw,NC
burlingtonnc.gov,City,City of Burlington,Burlington,NC
greenlevelnc.gov,City,Town of Green Level,Burlington,NC
yanceycountync.gov,County,Yancey County Courthouse,Burnsville,NC
butnernc.gov,City,Town of Butner,Butner,NC
camdencountync.gov,County,Camden County,Camden,NC
carolinabeach.gov,City,Town of Carolina Beach,Carolina Beach,NC
carrboronc.gov,City,"Town of Carrboro, NC",Carrboro,NC
townofcarrboronc.gov,City,"Town of Carrboro, NC",Carrboro,NC
moorecountync.gov,County,County of Moore,Carthage,NC
carync.gov,City,Town of Cary,Cary,NC
townofcarync.gov,City,Town of Cary,Cary,NC
cedarpointnc.gov,City,Town of Cedar Point,Cedar Point,NC
westcartilafdnc.gov,City,Western Carteret Interlocal Cooperation Agency DBA Western Carteret Fire And EMS Department,Cedar Point,NC
chapelhillnc.gov,City,Town of Chapel Hill,Chapel Hill,NC
charlottenc.gov,City,City of Charlotte,Charlotte,NC
mecklenburgcountync.gov,County,Mecklenburg County,Charlotte,NC
mecknc.gov,County,Mecklenburg County,Charlotte,NC
chimneyrockvillagenc.gov,City,Chimney Rock Village,Chimney Rock,NC
chinagrovenc.gov,City,The Town of China Grove,China Grove,NC
chocowinitync.gov,City,Town of Chocowinity,Chocowinity,NC
claytonnc.gov,City,Town of Clayton,Clayton,NC
townofclevelandnc.gov,City,"Town of Cleveland, North Carolina",Cleveland,NC
sampsoncountync.gov,County,Sampson County Government,Clinton,NC
cofieldnc.gov,City,Town of Cofield,COFIELD,NC
tyrrellnc.gov,County,Tyrrell County,Columbia,NC
polknc.gov,County,Polk County Local Government,"Columbus, NC",NC
cabarruscountync.gov,County,Cabarrus County Govt.,Concord,NC
concordnc.gov,City,City of Concord,Concord,NC
kannapolisnc.gov,City,City of Kannapolis,Concord,NC
connellysprings.gov,City,Town of Connelly Springs,Connelly Springs,NC
conovernc.gov,City,City of Conover,Conover,NC
cooleemee.gov,City,Town of Cooleemee,Cooleemee,NC
currituckcountync.gov,County,County of Currituck,Currituck,NC
stokescountync.gov,County,Stokes County,Danbury,NC
readysurrync.gov,County,County of Surry,Dobson,NC
surrycountync.gov,County,County of Surry,Dobson,NC
surrycountyncvotes.gov,County,County of Surry,Dobson,NC
ducknc.gov,City,Town of Duck,Duck,NC
centralpinesnc.gov,Special district,Central Pines Regional Council,Durham,NC
dconc.gov,County,Durham County,Durham,NC
durhamcountync.gov,County,Durham County,Durham,NC
durhamnc.gov,City,City of Durham,Durham,NC
eastspencer.gov,City,Town of East Spencer,East Spencer,NC
edennc.gov,City,City of Eden,Eden,NC
chowancounty-nc.gov,County,Chowan County,Edenton,NC
townofedentonnc.gov,City,Town of Edenton,Edenton,NC
elizabethcitync.gov,City,City of Elizabeth City,Elizabeth City,NC
bladencountync.gov,County,Bladen County Sheriff's Office,Elizabethtown,NC
elon.gov,City,Town of Elon,Elon,NC
fairmontnc.gov,City,"Town of Fairmont, NC",Fairmont,NC
faithnc.gov,City,Town of Faith,Faith,NC
farmvillenc.gov,City,Town of Farmville,Farmville,NC
cumberlandcountync.gov,County,Cumberland County,Fayetteville,NC
cumberlandsheriffnc.gov,County,Cumberland County Sheriff's Office,Fayetteville,NC
fayettevillenc.gov,City,"City of Fayetteville, North Carolina",Fayetteville,NC
mycumberlandncpay.gov,County,Cumberland County,Fayetteville,NC
foxfirenc.gov,City,Foxfire Village,Foxfire Village,NC
franklintonnc.gov,City,Town of Franklinton,Franklinton,NC
fremontnc.gov,City,Fremont town,Fremont,NC
garnernc.gov,City,"Town of Garner, NC",Garner,NC
gastoncountync.gov,County,Gaston County,Gastonia,NC
gastonianc.gov,City,"City of Gastonia, North Carolina",Gastonia,NC
gatescountync.gov,County,Gates County,Gatesville,NC
goldsboronc.gov,City,City of Goldsboro,Goldsboro,NC
townofgoldston.gov,City,Town of Goldston,Goldston,NC
alamancecountync.gov,County,Alamance County Government,Graham,NC
granitefallsnc.gov,City,Town of Granite Falls,Granite Falls,NC
townofsawmillsnc.gov,City,Town of Sawmills,Granite Falls,NC
granitequarrync.gov,City,Town of Granite Quarry,Granite Quarry,NC
greensboro-nc.gov,City,City of Greensboro,Greensboro,NC
guilfordcountync.gov,County,Guilford County,Greensboro,NC
greenvillenc.gov,City,"City of Greenville, NC",Greenville,NC
pittcountync.gov,County,County Of Pitt,Greenville,NC
pittcountyschools.gov,School district,Pitt County Schools,Greenville,NC
townofhalifaxnc.gov,City,Town of Halifax,Halifax,NC
harrisburgnc.gov,City,Town of Harrisburg,Harrisburg,NC
claycountync.gov,County,Clay County North Carolina,Hayesville,NC
claync.gov,County,Clay County NC,Hayesville,NC
clayncsheriff.gov,County,Clay County Sheriff's Office,Hayesville,NC
hendersoncountync.gov,County,Henderson County,Hendersonville,NC
hendersonvillenc.gov,City,City of Hendersonville,Hendersonville,NC
hvlnc.gov,City,City of Hendersonville,Hendersonville,NC
perquimanscountync.gov,County,Perquimans County,Hertford,NC
brookfordnc.gov,City,Town of Brookford,Hickory,NC
hickorync.gov,City,City of Hickory,Hickory,NC
longviewnc.gov,City,Town of Long View,Hickory,NC
highpoint-nc.gov,City,City of High Point,High Point,NC
highpointnc.gov,City,City of High Point,High Point,NC
highshoals.gov,City,High Shoals,HIGH SHOALS,NC
hillsboroughnc.gov,City,Town of Hillsborough,Hillsborough,NC
orangecountync.gov,County,Orange County Government,Hillsborough,NC
townofhobgood.gov,City,Town of Hobgood,Hobgood,NC
hollyridgenc.gov,City,Town of Holly Ridge,Holly Ridge,NC
hollyspringsnc.gov,City,Town of Holly Springs,Holly Springs,NC
indiantrailnc.gov,City,Town of Indian Trail,Indian Trail,NC
lakeparknc.gov,City,Village of Lake Park,Indian Trail,NC
jacksonvillenc.gov,City,City of Jacksonville,Jacksonville,NC
onslowcountync.gov,County,Onslow County Government,Jacksonville,NC
onslowsheriffnc.gov,County,Onslow County Sheriff's Office,Jacksonville,NC
jamestown-nc.gov,City,Town of Jamestown,Jamestown,NC
ashenc.gov,County,County of Ashe,Jefferson,NC
ashesheriff.gov,County,Ashe County Sheriff's Department,Jefferson,NC
townofkelfordnc.gov,City,Town of Kelford,Kelford,NC
duplinnc.gov,County,County of Duplin,Kenansville,NC
kinstonnc.gov,City,City of Kinston,Kinston,NC
lenoircountync.gov,County,Lenoir County,Kinston,NC
dareabc-nc.gov,County,Dare County ABC Board,Kitty Hawk,NC
kittyhawknc.gov,City,Town of Kitty Hawk,Kitty Hawk,NC
knightdalenc.gov,City,Town of Knightdale,Knightdale,NC
lakewaccamawnc.gov,City,Town of Lake Waccamaw,Lake Waccamaw,NC
townoflandisnc.gov,City,Town of Landis,Landis,NC
lattimorenc.gov,City,Town of Lattimore,Lattimore,NC
h2gonc.gov,Special district,Brunswick Regional Water and Sewer H2GO,Leland,NC
lcfwasa.gov,Special district,Lower Cape Fear Water and Sewer Authority,Leland,NC
lenoir-nc.gov,City,City of Lenoir,Lenoir,NC
lenoirnc.gov,City,City of Lenoir,Lenoir,NC
davidsoncountync.gov,County,County of Davidson,Lexington,NC
lexingtonnc.gov,City,City Of Lexington,Lexington,NC
lilesville.gov,City,Town of Lilesville,Lilesville,NC
harnettcountync.gov,County,Harnett County,Lillington,NC
lincolncountync.gov,County,Lincoln County,Lincolnton,NC
lincolntonnc.gov,City,City of Lincolnton,Lincolnton,NC
lincolntonpolicenc.gov,City,City of Lincolnton Police Department,Lincolnton,NC
locustnc.gov,City,City of Locust,Locust,NC
franklincountync.gov,County,County of Franklin,Louisburg,NC
lowellnc.gov,City,City of Lowell,Lowell,NC
lumbertonnc.gov,City,City of Lumberton,Lumberton,NC
robesoncountync.gov,County,ROBESON COUNTY,LUMBERTON,NC
robesoncountysonc.gov,County,Robeson County Sheriff's Office,Lumberton,NC
maggievalleync.gov,City,Town of Maggie Valley,Maggie Valley,NC
maidennc.gov,City,Town of Maiden,Maiden,NC
darecountync.gov,County,Dare County,Manteo,NC
darenc.gov,County,Dare County,Manteo,NC
darencsheriff.gov,County,Dare County Sheriff's Office,Manteo,NC
manteonc.gov,City,Town of Manteo,Manteo,NC
mcdowellnc.gov,County,McDowell County Administration,Marion,NC
madisoncountync.gov,County,Madison County Government,Marshall,NC
marvinnc.gov,City,Village of Marvin,Marvin,NC
matthewsnc.gov,City,Town of Matthews,Matthews,NC
cityofmebanenc.gov,City,City of Mebane,Mebane,NC
middlesexpolicenc.gov,City,Middlesex Police Department,Middlesex,NC
millsriver.gov,City,Town of Mills River,Mills River,NC
townofmiltonnc.gov,City,Town of Milton,Milton,NC
minthill.gov,City,Town of Mint Hill,Mint Hill,NC
villageofmisenheimernc.gov,City,Village of Misenheimer,Misenheimer,NC
daviecountync.gov,County,County of Davie,Mocksville,NC
mocksvillenc.gov,City,Town of Mocksville,Mocksville,NC
fairviewnc.gov,City,Fairview Town Council,Monroe,NC
unioncountync.gov,County,Union County Government,Monroe,NC
mooresvillenc.gov,City,Town of Mooresville,Mooresville,NC
moreheadcitync.gov,City,"Morehead City, North Carolina",Morehead City,NC
morgantonnc.gov,City,City of Morganton,Morganton,NC
morrisvillenc.gov,City,Town of Morrisville,Morrisville,NC
mtpleasantnc.gov,City,Town of Mount Pleasant,Mount Pleasant,NC
cherokeecounty-nc.gov,County,Cherokee County Government,Murphy,NC
nagsheadnc.gov,City,The Town of Nags Head,Nags Head,NC
nashcountync.gov,County,Nash County,Nashville,NC
nashvillenc.gov,City,Town of Nashville,Nashville,NC
townofnashvillenc.gov,City,Town of Nashville,Nashville,NC
cravencountync.gov,County,Craven County Government,New Bern,NC
newbernnc.gov,City,City of New Bern,New Bern,NC
averycountync.gov,County,County of Avery,Newland,NC
newportnc.gov,City,"Town of Newport, NC",Newport,NC
catawbacountync.gov,County,Catawba County North Carolina,Newton,NC
newtonnc.gov,City,City of Newton,Newton,NC
northtopsailbeachnc.gov,City,Town of North Topsail Beach,North Topsail Beach,NC
northwilkesboronc.gov,City,Town of North Wilkesboro,North Wilkesboro,NC
norwoodnc.gov,City,Town of Norwood,Norwood,NC
oakislandnc.gov,City,Town of Oak Island,Oak Island,NC
oakboro.gov,City,Town of Oakboro,Oakboro,NC
pembrokenc.gov,City,"Town of Pembroke, NC",Pembroke,NC
pikevillenc.gov,City,Town of Pikeville,Pikeville,NC
pinevillenc.gov,City,Town of Pineville,Pineville,NC
chathamcountync.gov,County,Chatham County,Pittsboro,NC
pittsboronc.gov,City,Town of Pittsboro,Pittsboro,NC
polkvillenc.gov,City,Town of Polkville,Polkville,NC
proctorvillenc.gov,City,Town of Proctorville,Proctorville,NC
ncbon.gov,Special district,North Carolina Board of Nursing,Raleigh,NC
ncgaming.gov,Special district,North Carolina State Lottery Commission,Raleigh,NC
raleighnc.gov,City,City of Raleigh NC,Raleigh,NC
rhanc.gov,Special district,Raleigh Housing Authority,Raleigh,NC
wake.gov,County,Wake County Information Services,Raleigh,NC
wakecountync.gov,County,Wake County Government,Raleigh,NC
triadncwater.gov,Special district,Piedmont Triad Regional Water Authority,Randleman,NC
reidsvillenc.gov,City,City of Reidsville,Reidsville,NC
richfieldnc.gov,City,Town of Richfield,Richfield,NC
richlandsnc.gov,City,Town of Richlands,Richlands,NC
riegelwoodsanitary.gov,Special district,Riegelwood Sanitary District,Riegelwood,NC
roanokerapidsnc.gov,City,City of Roanoke Rapids,Roanoke Rapids,NC
richmondcountync.gov,County,Richmond County Government,Rockingham,NC
rockinghampd.gov,City,Rockingham Police Department,Rockingham,NC
rockwellnc.gov,City,Town of Rockwell,Rockwell,NC
rockymountnc.gov,City,City of Rocky Mount,Rocky Mount,NC
rolesvillenc.gov,City,Town of Rolesville,Rolesville,NC
rowlandnc.gov,City,Town of Rowland,Rowland,NC
personcountync.gov,County,Person County,Roxboro,NC
frcnc.gov,Special district,Isothermal Planning & Development Commission DBA Foothills Regional Commission,Rutherfordton,NC
rutherfordcountync.gov,County,Rutherford County Government,Rutherfordton,NC
townofruthnc.gov,City,Town of Ruth,Rutherfordton,NC
rowancountync.gov,County,County of Rowan,Salisbury,NC
salisburync.gov,City,City of Salisbury,Salisbury,NC
leecountync.gov,County,Lee County Government,Sanford,NC
sevendevilsnc.gov,City,Town of Seven Devils,Seven Devils,NC
boilingspringsnc.gov,City,Town of Boiling Springs,Shelby,NC
clevelandcountync.gov,County,Cleveland County,Shelby,NC
silercity.gov,City,Town of Siler City,Siler City,NC
silercitypd.gov,City,Siler City Police Department,Siler City,NC
townofsimsnc.gov,City,Town of Sims,Sims,NC
johnstonnc.gov,County,Johnston County Technology Services,Smithfield,NC
greenecountync.gov,County,County of Greene,Snow Hill,NC
southernshores-nc.gov,City,Town of Southern Shores,Southern Shores,NC
cityofsouthport.gov,City,City of Southport,Southport,NC
exploresouthportnc.gov,City,Explore Southport (Community Relations Department),Southport,NC
alleghanycounty-nc.gov,County,Alleghany County,Sparta,NC
spencernc.gov,City,Town of Spencer,Spencer,NC
sprucepine-nc.gov,City,Town of Spruce Pine,Spruce Pine,NC
stpaulsnc.gov,City,Town of St Pauls,St. Pauls,NC
stanfieldnc.gov,City,Town of Stanfield,Stanfield,NC
starnc.gov,City,Town of Star,Star,NC
iredellcountync.gov,County,Iredell County,Statesville,NC
summerfieldnc.gov,City,"Town of Summerfield, NC",Summerfield,NC
sunsetbeachnc.gov,City,"Sunset Beach, Town of",Sunset Beach,NC
townofvarnamtown.gov,City,Town of Varnamtown,Supply,NC
surfcitync.gov,City,Town of Surf City,Surf City,NC
hydehealthnc.gov,County,Hyde County Health Department,Swan Quarter,NC
hydecountync.gov,County,Hyde County Local Govt.,Swanquarter,NC
edgecombecountync.gov,County,Edgecombe County,Tarboro,NC
alexandercounty-nc.gov,County,Alexander County NC,Taylorsville,NC
alexandercountync.gov,County,Alexander County NC,Taylorsville,NC
thomasville-nc.gov,City,City of Thomasville,Thomasville,NC
topsailbeachnc.gov,City,Town of Topsail Beach,Topsail Beach,NC
jonescountync.gov,County,Jones County,Trenton,NC
trinity-nc.gov,City,City of Trinity,Trinity,NC
troutmannc.gov,City,Town of Troutman,Troutman,NC
montgomerycountync.gov,County,"Montgomery County, NC",Troy,NC
tryonnc.gov,City,Town of Tryon,Tryon,NC
valdesenc.gov,City,Town of Valdese,Valdese,NC
townofvassnc.gov,City,Town of Vass,Vass,NC
ansoncountync.gov,County,County of Anson,Wadesboro,NC
wadesboronc.gov,City,Town of Wadesboro,Wadesboro,NC
townofwagram.gov,City,Town of Wagram,Wagram,NC
wakeforestnc.gov,City,Town of Wake Forest,Wake Forest,NC
wallacenc.gov,City,Town of Wallace,Wallace,NC
warrencountync.gov,County,Warren County,Warrenton,NC
beaufortcountync.gov,County,Beaufort County Government,Washington,NC
washingtonnc.gov,City,City of Washington,Washington,NC
haywoodcountync.gov,County,Haywood County NC,Waynesville,NC
waynesvillenc.gov,City,Town of Waynesville,Waynesville,NC
townofwendellnc.gov,City,Town of Wendell,Wendell,NC
rockinghamcountync.gov,County,Rockingham County Government,Wentworth,NC
taylortownnc.gov,City,Town of Taylortown,West End,NC
columbuscoemergencyservicesnc.gov,County,Columbus County Government,Whiteville,NC
columbuscountync.gov,County,"Columbus County, North Carolina",Whiteville,NC
whitevillenc.gov,City,City of Whiteville,Whiteville,NC
martincountync.gov,County,Martin County,Williamston,NC
capefearcog.gov,Special district,Cape Fear Council of Governments,Wilmington,NC
wilmington-nc.gov,City,City of Wilmington,Wilmington,NC
wilmingtonnc.gov,City,City of Wilmington,Wilmington,NC
wilsoncountync.gov,County,Wilson County Government,Wilson,NC
windsornc.gov,City,Town of Windsor,Windsor,NC
townofwingatenc.gov,City,Town of Wingate,Wingate,NC
cityofws.gov,City,City of Winston-Salem,Winston Salem,NC
forsythcountync.gov,County,Forsyth County,Winston Salem,NC
midway-nc.gov,City,"Town of Midway, North Carolina",Winston-Salem,NC
hertfordcountync.gov,County,Hertford County,Winton,NC
woodfin-nc.gov,City,The Town Of Woodfin,Woodfin,NC
yadkincounty.gov,County,Yadkin County,Yadkinville,NC
yadkincountync.gov,County,Yadkin County,Yadkinville,NC
caswellcountync.gov,County,Caswell County Government,Yanceyville,NC
yanceyvillenc.gov,City,"Yanceyville, Town Government",Yanceyville,NC
youngsvillenc.gov,City,Town of Youngsville,Youngsville,NC
slopecountynd.gov,County,Slope County,Amidon,ND
berthold-nd.gov,City,Berthold North Dakota,Berthold,ND
avss-nd.gov,County,"State of ND, ITD",Bismarck,ND
bismarcknd.gov,City,City of Bismarck,Bismarck,ND
bowmancountynd.gov,County,State of ND,Bismarck,ND
burleigh.gov,County,Burleigh County,Bismarck,ND
casscountynd.gov,County,State of ND,Bismarck,ND
griggscountynd.gov,County,State of ND,Bismarck,ND
minotnd.gov,City,"State of ND, ITD",Bismarck,ND
ramseycountynd.gov,County,"State of ND, ITD",Bismarck,ND
starkcountynd.gov,County,Stark County North Dakota,Bismarck,ND
westfargond.gov,City,State of ND,Bismarck,ND
bottineauambulance.gov,Special district,Bottineau Ambulance Service District,Bottineau,ND
burlingtonnd.gov,City,City of Burlington,Burlington,ND
cavaliernd.gov,City,City of Cavalier,Cavalier,ND
pembinacountynd.gov,County,Pembina County,Cavalier,ND
ellendalend.gov,City,City of Ellendale,Ellendale,ND
cityoffargo-nd.gov,City,City of Fargo,Fargo,ND
fargo-nd.gov,City,City of Fargo,Fargo,ND
fargond.gov,City,City of Fargo,Fargo,ND
steelecountynd.gov,County,Steele County Courthouse,Finley,ND
graftonnd.gov,City,City of Grafton,Grafton,ND
hazennd.gov,City,City of Hazen,Hazen,ND
hillsboro-nd.gov,City,City of Hillsboro North Dakota,Hillsboro,ND
hillsborond.gov,City,City of Hillsboro North Dakota,Hillsboro,ND
traillcountynd.gov,County,Traill County,Hillsboro,ND
jamestownnd.gov,City,City Of Jamestown,Jamestown,ND
stutsmancounty.gov,County,Stutsman County,Jamestown,ND
kenmarend.gov,City,City of Kenmare,Kenmare,ND
cityofleonardnd.gov,City,City of Leonard,Leonard,ND
emmonsnd.gov,County,Emmons County,Linton,ND
mortonnd.gov,County,Morton County,Mandan,ND
dunncountynd.gov,County,Dunn County,Manning,ND
billingscountynd.gov,County,"Billings County, North Dakota",Medora,ND
medorand.gov,City,City of Medora,Medora,ND
wardnd.gov,County,Ward County,Minot,ND
cityofnewrockford.gov,City,City of New Rockford,New Rockford,ND
piseknd.gov,City,City of Pisek,Pisek,ND
rolettecountynd.gov,County,Rolette County,Rolla,ND
piercecountynd.gov,County,Pierce County,Rugby,ND
southheartnd.gov,City,City of South Heart,South Heart,ND
cityofturtlelakend.gov,City,City of Turtle Lake,Turtle Lake,ND
mcleancountynd.gov,County,McLean County,Washburn,ND
washburnnd.gov,City,City of Washburn,Washburn,ND
cityofwatfordcity.gov,City,City of Watford City,Watford City,ND
mckenziecountynd.gov,County,McKenzie County,Watford City,ND
browncountyne.gov,County,Brown County,Ainsworth,NE
boonecountyne.gov,County,"Boone County, Nebraska",Albion,NE
boxbuttecountyne.gov,County,Box Butte County,Alliance,NE
arlingtonne.gov,City,Village of Arlington,Arlington,NE
cityofashlandne.gov,City,City of Ashland,Ashland,NE
nemahacountyne.gov,County,Nemaha County,Auburn,NE
nemahacountysheriffne.gov,County,Nemaha County Sheriff's Office,Auburn,NE
aurorane.gov,City,City of Aurora,Aurora,NE
hamiltoncountyne.gov,County,Hamilton County,Aurora,NE
wheelercountyne.gov,County,Wheeler County Nebraska,Bartlett,NE
rockcountyne.gov,County,Rock County Nebraska,Bassett,NE
gagecountyne.gov,County,Gage County,Beatrice,NE
bennetne.gov,City,City of Bennet,Bennet,NE
benningtonne.gov,City,City of Bennington,Bennington,NE
bertrandne.gov,City,Village of Bertrand,Bertrand,NE
blairne.gov,City,City of Blair,Blair,NE
washingtoncountyne.gov,County,Washington County Courthouse,Blair,NE
washingtoncountysheriffne.gov,County,Washington County Sheriff,Blair,NE
bridgeportne.gov,City,City of Bridgeport,Bridgeport,NE
morrillcountyne.gov,County,Morrill County Courthouse,Bridgeport,NE
custercountyne.gov,County,Custer County,Broken Bow,NE
garfieldcountyne.gov,County,Garfield County,BURWELL,NE
villageofcallawayne.gov,City,Village Of Callaway,Callaway,NE
cedarbluffsne.gov,City,Village of Cedar Bluffs,Cedar Bluffs,NE
knoxcountyne.gov,County,Knox County,Center,NE
merrickcountyne.gov,County,Merrick County Government,Central City,NE
deuelcountyne.gov,County,Deuel County,Chappell,NE
claycountyne.gov,County,Clay County Nebraska,Clay Center,NE
curtis-ne.gov,City,City of Curtis,Curtis,NE
butlercountyne.gov,County,Butler County Nebraska,David City,NE
davidcityne.gov,City,City of David City,David City,NE
villageofdecaturne.gov,City,Village of Decatur,Decatur,NE
alvo.gov,City,Village of Alvo,Eagle,NE
eaglene.gov,City,Village of Eagle,Eagle,NE
gospercountyne.gov,County,Gosper County,Elwood,NE
jeffersoncountyne.gov,County,"Jefferson County, Nebraska",Fairbury,NE
richardsoncountyne.gov,County,Richardson County Nebraska,Falls City,NE
franklincountyne.gov,County,Franklin County,Franklin,NE
dodgecountyne.gov,County,Dodge County,Fremont,NE
fremontne.gov,City,City of Fremont,Fremont,NE
fullertonne.gov,City,City of Fullerton,Fullerton,NE
nancecountyne.gov,County,County of Nance,Fullerton,NE
fillmorecountyne.gov,County,Fillmore County,Geneva,NE
geringpolice.gov,City,Gering Police Department,Gering,NE
ginepolice.gov,City,City of Grand Island,Grand Island,NE
grandislandne.gov,City,City of Grand Island,Grand Island,NE
hallcountyne.gov,County,Hall County,Grand Island,NE
greeleycountyne.gov,County,Greeley County,Greeley,NE
greenwoodne.gov,City,Greenwood Village,Greenwood,NE
bannercountyne.gov,County,Banner County,Harrisburg,NE
siouxcountyne.gov,County,Sioux County Nebraska,Harrison,NE
cedarcountyne.gov,County,Cedar County,Hartington,NE
adamscountyne.gov,County,Adams County Nebraska,Hastings,NE
hastingsne.gov,City,City of Hastings,Hastings,NE
thayercountyne.gov,County,Thayer County Courthouse,Hebron,NE
cityofhendersonne.gov,City,City of Henderson,Henderson,NE
villageofherman.gov,City,Village of Herman,Herman,NE
grantcountyne.gov,County,Grant County,Hyannis,NE
chasecountyne.gov,County,Chase County,Imperial,NE
imperialne.gov,City,City of Imperial,Imperial,NE
kimballcountyne.gov,County,Kimball County,Kimball,NE
dawsoncountyne.gov,County,Dawson County Nebraska,Lexington,NE
louisvillene.gov,City,"City of Louisville, NE",Louisville,NE
shermancountyne.gov,County,Sherman County,Loup City,NE
madisoncountyne.gov,County,Madison County,Madison,NE
madisonsheriffne.gov,County,Madison County Sheriff,Madison,NE
redwillowcountyne.gov,County,Red Willow County,McCook,NE
milfordne.gov,City,City of Milford,Milford,NE
cityofminatarene.gov,City,City of Minatare,Minatare,NE
kearneycountyne.gov,County,Kearney County,Minden,NE
morrillnepd.gov,City,Morrill Police Department,MORRILL,NE
hookercountyne.gov,County,Hooker County,Mullen,NE
villageofmullen.gov,City,Village of Mullen,Mullen,NE
villageofnaponeene.gov,City,Village of Naponee,Naponee,NE
nebraskacityne.gov,City,"City of Nebraska City, Nebraska",Nebraska City,NE
otoecountyne.gov,County,Otoe County,Nebraska City,NE
nehawkanebraska.gov,City,"Village of Nehawka, Nebraska",Nehawka,NE
nuckollscountyne.gov,County,Nuckolls County,Nelson,NE
norfolkne.gov,City,City of Norfolk Nebraska,Norfolk,NE
lincolncountyne.gov,County,Lincoln County,North Platte,NE
northplattene.gov,City,City of North Platte,North Platte,NE
boydholte911.gov,Special district,Boyd-Holt County Enhanced 911 Dispatch,O'Neill,NE
holtcountyne.gov,County,Holt County,O'Neill,NE
oneillpd.gov,City,O'Neill Police Department,O'Neill,NE
keithcountyne.gov,County,Keith County Nebraska,Ogallala,NE
ogallala-ne.gov,City,City of Ogallala,Ogallala,NE
cityofomaha-ne.gov,City,Douglas Omaha Technology Commission,Omaha,NE
douglascounty-ne.gov,County,Douglas Omaha Technology Commission,Omaha,NE
omaha.gov,City,Douglas Omaha Technology Commission,Omaha,NE
valleycountyne.gov,County,Valley County Nebraska,Ord,NE
polkcountyne.gov,County,Polk County Nebraska,Osceola,NE
villageofpalisade.gov,City,Village of Palisade,Palisade,NE
papillion.gov,City,City of Papillion,Papillion,NE
sarpy.gov,County,Sarpy County,Papillion,NE
pawneecountyne.gov,County,County of Pawnee,Pawnee City,NE
thurstoncountyne.gov,County,Thurston County,Pender,NE
thurstoncountysheriffne.gov,County,Thurston County Sheriff's Office,Pender,NE
perune.gov,City,"City of Peru, Nebraska",Peru,NE
piercecountyne.gov,County,Pierce County Nebraska,Pierce,NE
casscountyne.gov,County,Cass County Nebraska,Plattsmouth,NE
casscountysheriffne.gov,County,Cass County Sheriff's Office,Plattsmouth,NE
dixoncountyne.gov,County,"Dixon, County of",Ponca,NE
potterneb.gov,City,Village of Potter,Potter,NE
colfaxcountyne.gov,County,Colfax County,Schuyler,NE
schuylerne.gov,City,City of Schuyler,Schuyler,NE
scottsbluffcountyne.gov,County,Scotts Bluff County,Scottsbluff,NE
scribner-ne.gov,City,City of Scribner,Scribner,NE
cityofsewardne.gov,City,City of Seward,Seward,NE
sewardcountyne.gov,County,Seward County,Seward,NE
districtclerkcheyennecountyne.gov,County,Clerk of the District Court,Sidney,NE
snyder-ne.gov,City,Village of Snyder,Snyder,NE
howardcountyne.gov,County,Howard County,St Paul,NE
stantoncountyema.gov,County,Stanton County Emergency Management,Stanton,NE
stantoncountyne.gov,County,Stanton County,Stanton,NE
villageofstaplehurst.gov,City,Village of Staplehurst,Staplehurst,NE
stromsburgne.gov,City,City of Stromsburg,Stromsburg,NE
loupcountyne.gov,County,Loup County,Taylor,NE
region26-911ne.gov,Special district,Region 26 Emergency Management,Taylor,NE
johnsoncountyso-ne.gov,County,Johnson County Sheriff's Office,Tecumseh,NE
burtcountyne.gov,County,"Burt County, NE",Tekamah,NE
thomascountyne.gov,County,Thomas County,Thedford,NE
hitchcockcountyne.gov,County,Hitchcock County,Trenton,NE
cherrycountyne.gov,County,Cherry County,Valentine,NE
valentinene.gov,City,City of Valentine,Valentine,NE
waynecountyne.gov,County,Wayne County,Wayne,NE
weepingwaterfire.gov,Special district,Weeping Water Rural Fire Protection Department,Weeping Water,NE
cumingcountyne.gov,County,Cuming County,West Point,NE
westpointne.gov,City,City of West Point Nebraska,West Point,NE
salinecountyne.gov,County,Saline County,Wilber,NE
yorkcountyne.gov,County,York County,York,NE
alexandrianh.gov,City,Town of Alexandria,Alexandria,NH
allenstownnh.gov,City,Town of Allenstown,Allenstown,NH
alsteadnh.gov,City,Town of Alstead,Alstead,NH
amherstnh.gov,City,Town of Amherst,Amherst,NH
andover-nh.gov,City,TOWN OF ANDOVER,Andover,NH
antrimnh.gov,City,Town of Antrim,Antrim,NH
antrimnhpd.gov,City,Antrim Police Department,Antrim,NH
atkinson-nh.gov,City,Town of Atkinson,Atkinson,NH
auburnnh.gov,City,Town of Auburn NH,Auburn,NH
bedfordnh.gov,City,Town of Bedford NH,Bedford,NH
bedfordnhk12.gov,School district,Bedford School District,Bedford,NH
belmontnh.gov,City,Town of Belmont,Belmont,NH
berlinnh.gov,City,City of Berlin,Berlin,NH
berlinnhpd.gov,City,Berlin Police Department,Berlin,NH
bwwberlinnh.gov,Special district,Berlin Water Works,Berlin,NH
bethlehemnh.gov,City,Town of Bethlehem,Bethlehem,NH
bethlehemnhlibrary.gov,Special district,Bethlehem Public Library,Bethlehem,NH
boscawennh.gov,City,Town of Boscawen NH,Boscawen,NH
bownh.gov,City,"Town of Bow, NH",Bow,NH
bownhpd.gov,City,Bow Police Department,Bow,NH
sau67nh.gov,School district,SAU 67,Bow,NH
bradfordnh.gov,City,"Town of Bradford, NH",Bradford,NH
brentwoodnh.gov,City,Town of Brentwood,Brentwood,NH
bristolnh.gov,City,Town of Bristol,Bristol,NH
brookfieldnh.gov,City,Town of Brookfield,Brookfield,NH
brooklinenh.gov,City,Town of Brookline,Brookline,NH
camptonnh.gov,City,Town of Campton - Admin,Campton,NH
waterville-estatesnh.gov,Special district,Waterville Estates Village District,Campton,NH
canaannh.gov,City,Town of Canaan,Canaan,NH
canaanpolicenh.gov,City,Canaan Police Department,Canaan,NH
canterburynh.gov,City,Town of Canterbury,Canterbury,NH
carrollnh.gov,City,"Town of Carroll, NH",Carroll,NH
townofcarrollnh.gov,City,Town of Carroll,Carroll,NH
conwaypdnh.gov,City,Conway Police Department,Center Conway,NH
centerharbornh.gov,City,Town of Center Harbor,Center Harbor,NH
chnh.gov,City,Town of Center Harbor,Center Harbor,NH
charlestown-nh.gov,City,Town of Charlestown,Charlestown,NH
chesternh.gov,City,Town of Chester,Chester,NH
sau82nh.gov,School district,Chester School District,Chester,NH
communitypowernh.gov,Special district,Community Power Coalition of New Hampshire (CPCNH),Concord,NH
concordnh.gov,City,City of Concord,Concord,NH
sau66nh.gov,School district,Hopkinton School District,Contoocook,NH
conwaynh.gov,City,"Town of Conway, NH",Conway,NH
conwaynhrec.gov,City,"Conway, NH Parks and Recreation Department",Conway,NH
croydon-nh.gov,City,Town of Croydon,Croydon,NH
townofdaltonnh.gov,City,TOWN OF DALTON,DALTON,NH
danburynh.gov,City,"Town of Danbury, New Hampshire",Danbury,NH
deerfieldnh.gov,City,Town of Deerfield,Deerfield,NH
deeringnh.gov,City,Town of Deering,Deering,NH
derrynh.gov,City,Town of Derry New Hampshire,Derry,NH
straffordcounty.gov,County,Strafford County New Hampshire,Dover,NH
straffordcountyso.gov,County,Strafford County Sheriff's Office,Dover,NH
durhamnh.gov,City,Town of Durham,Durham,NH
eastkingstonnh.gov,City,Town of East Kingston NH,East Kingston,NH
eastonnh.gov,City,Easton,Easton,NH
eatonnh.gov,City,Town of Eaton,Eaton,NH
enfieldnh.gov,City,Town of Enfield NH,Enfield,NH
eppingnh.gov,City,Town of Epping,Epping,NH
eppingrecnh.gov,City,Town of Epping Parks & Recreation Department,Epping,NH
epsomnh.gov,City,Town of Epsom,Epsom,NH
epsomnhpolice.gov,City,Epsom Police Department,Epsom,NH
exeternh.gov,City,"Town of Exeter, NH",Exeter,NH
fitzwilliam-nh.gov,City,City of Fitzwilliam,Fitzwilliam,NH
franconianh.gov,City,Town of Franconia,Franconia,NH
franklinnh.gov,City,City of Franklin,Franklin,NH
townoffreedomnh.gov,City,Town of Freedom,Freedom,NH
gilfordnh.gov,City,"Town of Gilford, NH",Gilford,NH
gilfordpd.gov,City,Gilford Police Department,Gilford,NH
sau73nh.gov,School district,Gilford School District,Gilford,NH
gilmantonnh.gov,City,Town of Gilmanton,Gilmanton,NH
gilsum-nh.gov,City,"Town of Gilsum, NH",Gilsum,NH
goffstownnh.gov,City,Town of Goffstown,Goffstown,NH
hcnh.gov,County,Hillsborough County,Goffstown,NH
gorhamnh.gov,City,Town of Gorham,Gorham,NH
gorhamnhpd.gov,City,Town of Gorham Police Department,Gorham,NH
granthamnh.gov,City,Town of Grantham,Grantham,NH
greenfield-nh.gov,City,Town of Greenfield,Greenfield,NH
grotonnh.gov,City,Town of Groton,Groton,NH
hampsteadnhpolice.gov,City,Hampstead Police Department,Hampstead,NH
hamptonnh.gov,City,"Town of Hampton, NH",Hampton,NH
hamptonnhpd.gov,City,Hampton Police Department,Hampton,NH
hamptonfallsfire.gov,City,Hampton Falls Fire Department,Hampton Falls,NH
hancocknh.gov,City,Town of Hancock,Hancock,NH
hancocknhpd.gov,City,Town of Hancock Police,Hancock,NH
haverhillcorner-nh.gov,Special district,Precinct of Haverhill Corner,Haverhill,NH
hebronnh.gov,City,"Town of Hebron, NH",Hebron,NH
hennikernh.gov,City,"Town of Henniker, New Hampshire",Henniker,NH
hennikernhpd.gov,City,Henniker Police Department,Henniker,NH
hillsboronhpolice.gov,City,Hillsboro NH Police Dept,Hillsboro,NH
holderness-nh.gov,City,City of Holderness,Holderness,NH
hollisnh.gov,City,Town of Hollis,Hollis,NH
hooksett.gov,City,Town of Hooksett,Hooksett,NH
hooksettfire.gov,City,Hooksett Fire Rescue,Hooksett,NH
hooksettpolice.gov,City,Hooksett Police Department,Hooksett,NH
hopkinton-nh.gov,City,Town of Hopkinton,Hopkinton,NH
hudsonnh.gov,City,Town of Hudson,Hudson,NH
bartlettnhpolice.gov,City,Bartlett Police Department,Intervale,NH
lbwpnh.gov,Special district,Lower Bartlett Water Precinct,Intervale,NH
jackson-nh.gov,City,"Town of Jackson, NH",Jackson,NH
keenenh.gov,City,City of Keene,Keene,NH
kensingtonnh.gov,City,Town of Kensington,Kensington,NH
kensingtonpdnh.gov,City,Town of Kensington Police Department,Kensington,NH
kingstonnh.gov,City,Town of Kingston,Kingston,NH
bcnhsheriff.gov,County,Belknap County,Laconia,NH
belknapcounty.gov,County,Belknap County,Laconia,NH
laconianh.gov,City,City of Laconia,Laconia,NH
laconiapdnh.gov,City,Laconia Police Department,Laconia,NH
laconiaschools.gov,School district,Laconia School District,Laconia,NH
langdonnh.gov,City,"Town of Langdon, NH",Langdon,NH
lebanonnh.gov,City,City of Lebanon,Lebanon,NH
lincolnnh.gov,City,"Town of Lincoln, NH",Lincoln,NH
lincolnnhpd.gov,City,Lincoln Police Department,Lincoln,NH
litchfield-nh.gov,City,Town of Litchfield New Hampshire,Litchfield,NH
litchfieldnh.gov,City,"Town of Litchfield, New Hampshire",Litchfield,NH
littletonnh.gov,City,Town of Littleton,Littleton,NH
littletonnhfd.gov,City,Littleton Fire Rescue,LITTLETON,NH
littletonnhpd.gov,City,Littleton Police Department,Littleton,NH
londonderrynh.gov,City,Town of Londonderry,Londonderry,NH
londonderrynhfire.gov,City,Londonderry Fire Department,Londonderry,NH
londonderrynhpd.gov,City,Londonderry Police Dept,Londonderry,NH
lymenh.gov,City,"Town of Lyme, New Hampshire",Lyme,NH
madbury.gov,City,Town of Madbury,Madbury,NH
madburypolice.gov,City,Madbury Police Department,Madbury,NH
manchesternh.gov,City,City of Manchester NH,Manchester,NH
marlboroughnh.gov,City,Town of Marlborough,Marlborough,NH
marlboroughnhpd.gov,City,Marlborough Police,Marlborough,NH
marlownh.gov,City,Town of Marlow,Marlow,NH
meredithnh.gov,City,Town of Meredith,"MEREDITH, NH",NH
merrimacknh.gov,City,Town of Merrimack,Merrimack,NH
mvdwaternh.gov,Special district,Merrimack Village District,Merrimack,NH
middletonnh.gov,City,Middleton Town Offices,Middleton,NH
nhsau64.gov,School district,Milton NH School District SAU64,Milton,NH
moultonboroughnh.gov,City,Town of Moultonborough,Moultonborough,NH
walpolepdnh.gov,City,Walpole Police Department,N Walpole,NH
nashuanh.gov,City,City of Nashua,Nashua,NH
nashuanhpd.gov,City,Nashua Police Department,Nashua,NH
nashuarpc.gov,Special district,Nashua Regional Planning Commission,Nashua,NH
newbostonnh.gov,City,Town of New Boston,New Boston,NH
copplecrownnh.gov,Special district,Copple Crown Village District,New Durham,NH
newdurhamnh.gov,City,Town of New Durham,New Durham,NH
newhamptonnh.gov,City,Town of New Hampton,New Hampton,NH
newipswichnh.gov,City,Town of New Ipswich,New Ipswich,NH
newfieldsnh.gov,City,Town of Newfields,Newfields,NH
newingtonnh.gov,City,Town of Newington NH,Newington,NH
newingtonnhfire.gov,City,Newington Fire Department,Newington,NH
newingtonnhpolice.gov,City,NEWINGTON POLICE DEPARTMENT,NEWINGTON,NH
newmarketnh.gov,City,Town of Newmarket,Newmarket,NH
newportnh.gov,City,Town of Newport,Newport,NH
newton-nh.gov,City,Town of Newton,Newton,NH
littleboarsheadnh.gov,Special district,Village District of Little Boar’s Head,North Hampton,NH
northhampton-nh-pd.gov,City,Town of North Hampton,North Hampton,NH
northhampton-nh.gov,City,North Hampton Town Office,North Hampton,NH
graftoncountynh.gov,County,Grafton County,North Haverhill,NH
woodstocknh.gov,City,TOWN OF WOODSTOCK,North Woodstock,NH
northfieldnh.gov,City,Northfield,Northfield,NH
northumberlandnh.gov,City,"Town of Northumberland, New Hampshire",Northumberland,NH
northwoodschoolnh.gov,School district,NH SAU 44,Northwood,NH
nhsau107.gov,Special district,SAU 107,Nottingahm,NH
nottingham-nh.gov,City,Town of Nottingham,Nottingham,NH
nottinghamnhpolice.gov,City,Nottingham Police Department,Nottingham,NH
carrollcountynh.gov,County,County of Carroll,Ossipee,NH
carrollcountynhdeeds.gov,County,Carroll County Registry of Deeds,Ossipee,NH
ocfdnh.gov,City,Ossipee Corner Fire Department,Ossipee,NH
ossipee-nh.gov,City,Ossipee Police Department,Ossipee,NH
peterboroughnh.gov,City,Town of Peterborough,Peterborough,NH
peterboroughpd.gov,City,Peterborough (NH) Police Department,Peterborough,NH
pittsburg-nh.gov,City,Town of Pittsburg,Pittsburg,NH
pittsfieldnh.gov,City,Town of Pittsfield,Pittsfield,NH
plainfieldnh.gov,City,"Town of Plainfield, NH",Plainfield,NH
plymouthfirenh.gov,City,Plymouth Fire Rescue,Plymouth,NH
plymouthnh.gov,City,"Town of Plymouth, NH",Plymouth,NH
plymouthpdnh.gov,City,"Town of Plymouth, NH Police Department",Plymouth,NH
portsmouthnh.gov,City,City of Portsmouth,Portsmouth,NH
portsmouthnhpd.gov,City,Portsmouth Police Department,Portsmouth,NH
raymondnh.gov,City,"Town of Raymond, NH",Raymond,NH
rindgenh.gov,City,Town of Rindge,Rindge,NH
rochesternh.gov,City,City of Rochester,Rochester,NH
straffordrpcnh.gov,Special district,Strafford Regional Planning Commission,Rochester,NH
ryenh.gov,City,"Town of Rye, New Hampshire",Rye,NH
ryewaterdistrict.gov,Special district,Rye Water District,Rye,NH
salemnh.gov,City,Town of Salem New Hampshire,Salem,NH
sanborntonnh.gov,City,Town of Sanbornton,Sanbornton,NH
wakefieldnh.gov,City,Town of Wakefield,Sanbornville,NH
sandownpolicenh.gov,City,Sandown Police Department,Sandown,NH
sharonnh.gov,City,Town of Sharon,Sharon,NH
townofshelburnenh.gov,City,Town of Shelburne,Shelburne,NH
somersworthnh.gov,City,City of Somersworth,Somersworth,NH
starknh.gov,City,Town Of Stark NH,Stark,NH
stratfordnh.gov,City,Town of Stratford,Stratford,NH
strathamnh.gov,City,Town of Stratham,Stratham,NH
strathampd.gov,City,Stratham Police Department,Stratham,NH
sunapeenh.gov,City,Town of Sunapee,Sunapee,NH
sunapeenhpd.gov,City,Sunapee Police Department,Sunapee,NH
suttonnh.gov,City,Town of Sutton,Sutton Mills,NH
swanzeynh.gov,City,Town of Swanzey,Swanzey,NH
tamworthnh.gov,City,Town of Tamworth,Tamworth,NH
tamworthnhpd.gov,City,Tamworth Police Department,Tamworth,NH
templenh.gov,City,Town of Temple,Temple,NH
thorntonnh.gov,City,Town of Thornton Administration,Thornton,NH
tnfdnh.gov,City,Tilton-Northfield Fire District,Tilton,NH
tuftonboronh.gov,City,Town of Tuftonboro,Tuftonboro,NH
sullivancountynh.gov,County,"County of Sullivan, NH",Unity,NH
warnernh.gov,City,Town of Warner,Warner,NH
watervillevalleynh.gov,City,Town of Waterville Valley,Waterville Valley,NH
wearenh.gov,City,Town of Weare,Weare,NH
webster-nh.gov,City,Town of Webster,Webster,NH
cooscountynh.gov,County,Coos County,West Stewartstown,NH
westmorelandnh.gov,City,Town of Westmoreland,Westmoreland,NH
whitefieldnh.gov,City,"Town of Whitefield, NH",Whitefield,NH
whitefieldnhpd.gov,City,Whitefield Police Department,Whitefield,NH
wiltonnh.gov,City,Town of Wilton,Wilton,NH
winchester-nh.gov,City,Town of Winchester,Winchester,NH
senhhazmat.gov,Special district,Southeastern New Hampshire Hazardous Materials Mutual Aid District,Windham,NH
windhamnh.gov,City,Town of Windham,Windham,NH
windsornh.gov,City,"Town of Windsor, NH",Windsor,NH
wolfeboro.gov,City,Town of Wolfeboro,Wolfeboro,NH
wolfeboropolice.gov,City,Wolfeboro Police Department,Wolfeboro,NH
sau49nh.gov,School district,Governor Wentworth Regional School District,Wolfeboro Falls,NH
woodsvillefd-nh.gov,Special district,Woodsville Fire District,Woodsville,NH
abseconnj.gov,City,City of Absecon,Absecon,NJ
allendalenj.gov,City,Borough of Allendale,Allendale,NJ
alpinenj.gov,City,Borough of Alpine New Jersey,Alpine,NJ
bethlehemnj.gov,City,Township of Bethlehem,Asbury,NJ
asburypark.gov,City,CITY OF ASBURY PARK,ASBURY PARK,NJ
asburyparkfd.gov,City,Asbury Park Fire Department,Asbury Park,NJ
asburyparkpd.gov,City,Asbury Park Police Department,Asbury Park,NJ
acnj.gov,City,City of Atlantic City,Atlantic City,NJ
acnjpolice.gov,City,City of Atlantic City,Atlantic City,NJ
atlanticcountynj.gov,County,Atlantic County Government,Atlantic City,NJ
beachhaven-nj.gov,City,Borough of Beach Haven,Beach Haven,NJ
bedminsternj.gov,City,Bedminster Township,Bedminster,NJ
bedminsterpdnj.gov,City,Bedminster Township,Bedminster,NJ
montgomerynj.gov,City,Township of Montgomery,Belle Mead,NJ
warrencountynj.gov,County,County of Warren NJ,Belvidere,NJ
wcponj.gov,County,Warren County Prosecutor's Office,Belvidere,NJ
wcsheriffnj.gov,County,Warren County Sheriff's Office,Belvidere,NJ
bergenfieldnj.gov,City,Borough of Bergenfield,Bergenfield,NJ
bergenfieldnjpd.gov,City,Borough of Bergenfield,Bergenfield,NJ
berkeleyheights.gov,City,Township of Berkeley Heights,Berkeley Heights,NJ
bernardsville.gov,City,"Borough of Bernardsville, New Jersey",Bernardsville,NJ
bogotanj.gov,City,Borough of Bogota,Bogota,NJ
bogotapolicenj.gov,City,Bogota Police Department,Bogota,NJ
bradleybeachnj.gov,City,Borough of Bradley Beach,Bradley Beach,NJ
bricknj.gov,City,Township of Brick,Brick,NJ
ccuanj.gov,Special district,Cumberland County Utilities Authority,Bridgeton,NJ
cityofbridgetonnj.gov,City,City of Bridgeton,Bridgeton,NJ
cumberlandcountynj.gov,County,County of Cumberland,Bridgeton,NJ
njccpo.gov,County,Cumberland County Prosecutors Office,Bridgeton,NJ
bridgewaternj.gov,City,Bridgewater Township,Bridgewater,NJ
somersetcoparksnj.gov,County,Somerset County Park Commission,Bridgewater,NJ
briellenj.gov,City,Borough of Brielle,Brielle,NJ
brigantinenj.gov,City,City of Brigantine,Brigantine,NJ
tewksburynj.gov,City,Tewksbury Township,Califon,NJ
camdennj.gov,City,City of Camden,Camden,NJ
capemaycountynj.gov,County,Cape May County,Cape May Court House,NJ
chathamtownship-nj.gov,City,Township of Chatham,Chatham,NJ
chnj.gov,City,Township of Cherry Hill,Cherry Hill,NJ
chpdnj.gov,City,Cherry Hill Police Deparment,Cherry Hill,NJ
chesterfieldtwpnj.gov,City,Chesterfield Township,Chesterfield,NJ
cliffsideparknj.gov,City,Borough Of Cliffside Park,Cliffside Park,NJ
dealboroughnj.gov,City,Deal Borough,Deal,NJ
dealnj.gov,City,Deal Borough,Deal,NJ
dealpolicenj.gov,City,Deal Borough,Deal,NJ
demarestnj.gov,City,Borough of Demarest,Demarest,NJ
denvillenj.gov,City,Twp of Denville,Denville,NJ
denvillepolice.gov,City,Township of Denville Police Department,Denville,NJ
gloucestercountyhousingnj.gov,Special district,Housing Authority of Gloucester County,Deptford,NJ
dumontnj.gov,City,Borough of Dumont,Dumont,NJ
dunellen-nj.gov,City,Borough of Dunellen,Dunellen,NJ
eastbrunswicknj.gov,City,Township Of East Brunswick,East Brunswick,NJ
eastorange-nj.gov,City,City Of East ORange,East ORange,NJ
eatontownsewer.gov,Special district,Eatontown Sewerage Authority,Eatontown,NJ
edisonnj.gov,City,EDISON TOWNSHIP,EDISON,NJ
elmerboroughnj.gov,City,Borough of Elmer,Elmer,NJ
emersonnj.gov,City,Borough of Emerson,Emerson,NJ
emersonnjpd.gov,City,Borough of Emerson PD,Emerson,NJ
ewingnj.gov,City,Township of Ewing,Ewing,NJ
fairfieldtownshipnj.gov,City,Fairfield Township,Fairfield,NJ
mrrsanj.gov,Special district,Manasquan River Regional Sewerage Authority,Farmingdale,NJ
raritantwpnj.gov,City,Raritan Township,Flemington,NJ
florence-nj.gov,City,Township of Florence,Florence,NJ
florhamparknj.gov,City,Borough of Florham Park,Florham Park,NJ
franklinlakesnj.gov,City,Borough of Franklin Lakes,Franklin Lakes,NJ
franklinlakesnjpd.gov,City,Borough of Franklin Lakes PD,Franklin Lakes,NJ
freeholdboroughnj.gov,City,Borough of Freehold,Freehold,NJ
monmouthcountyclerk.gov,County,The Monmouth County Clerk's Office,Freehold,NJ
monmouthcountynj.gov,County,Monmouth County,Freehold,NJ
frenchtownboro.gov,City,Frenchtown Borough,Frenchtown,NJ
kingwoodtownship.gov,City,Kingwood Township,Frenchtown,NJ
glengardnernj.gov,City,Borough of Glen Gardner,Glen Gardner,NJ
lebanontownshipnj.gov,City,Township of Lebanon,Glen Gardner,NJ
glotwpnjfd1.gov,Special district,Gloucester township fire district no 1,Glendora,NJ
gloucestercitynj.gov,City,City of Gloucester City,Gloucester,NJ
glotwpnjpd.gov,City,Gloucester Township Police,Gloucester Township,NJ
bergencountyclerk.gov,County,Office of the Bergen County Clerk,Hackensack,NJ
haddonheightsgarnets.gov,School district,Haddon Heights School District,Haddon Heights,NJ
haddonfield-nj.gov,City,Haddonfield,Haddonfield,NJ
hamiltonpdnj.gov,City,Hamilton Police Division,Hamilton,NJ
hamiltontwpnj.gov,City,Township of Hamilton,Hamilton,NJ
uniontwp-hcnj.gov,City,"Township of Union, Hunterdon County",Hampton,NJ
lowerallowayscreek-nj.gov,City,Lower Alloways Creek Township,Hancocks Bridge,NJ
harringtonparknj.gov,City,Borough of Harrington Park,Harrington Park,NJ
highlandsnj.gov,City,Borough of Highlands,Highlands,NJ
hobokennj.gov,City,City of Hoboken,Hoboken,NJ
hobokenpdnj.gov,City,Hoboken Police Department,Hoboken,NJ
hopatcongschools.gov,School district,Hopatcong Borough Schools,Hopatcong,NJ
hopewellboroughnj.gov,City,Hopewell Borough,Hopewell,NJ
howellpolicenj.gov,City,Howell Township Police Department,Howell Township,NJ
irvingtonnj.gov,City,Township of Irvington,IRVINGTON,NJ
iselin9firenj.gov,Special district,Board of Fire Commissioners Woodbridge Twp. District 9,Iselin,NJ
islandheightsborough.gov,City,Borough of Island Heights,Island Heights,NJ
jerseycitynj.gov,City,City of Jersey City,Jersey City,NJ
keansburgnj.gov,City,Borough of Keansburg,Keansburg,NJ
southbrunswickfire.gov,Special district,"South Brunswick Township Fire District 1, 2, and 3",Kingston,NJ
lakehurst-nj.gov,City,Borough of Lakehurst,Lakehurst,NJ
lakewoodnj.gov,City,Lakewood Township,Lakewood,NJ
clintontwpnj.gov,City,Clinton Township,Lebanon,NJ
leonianj.gov,City,Borough of Leonia,Leonia,NJ
linden-nj.gov,City,TeliApp Corporation,Linden,NJ
lindenfd-nj.gov,City,City of Linden,Linden,NJ
lindenlibrary-nj.gov,Special district,Linden Free Public Library,Linden,NJ
lindenwoldnj.gov,City,Borough of Lindenwold,Lindenwold,NJ
littlefallsnj.gov,City,Township of Little Falls,Little Falls,NJ
littlesilvernj.gov,City,Borough of Little Silver,Little Silver,NJ
littlesilverpdnj.gov,City,LITTLE SILVER POLICE DEPARTMENT,LITTLE SILVER,NJ
essexregionalnj.gov,Special district,Essex Regional Health Commission,Livingston,NJ
longhillnj.gov,City,Township of Long Hill,Long Hill,NJ
longportnj.gov,City,Borough of Longport,Longport,NJ
lyndhurstnjpolice.gov,City,Lyndhurst Police Department,Lyndhurst,NJ
njmeadowlands.gov,Special district,New Jersey Sports and Exposition Authority,Lyndhurst,NJ
madisonnj.gov,City,Borough of Madison,Madison,NJ
mahwah-nj.gov,City,Township of Mahwah,Mahwah,NJ
staffordpdnj.gov,City,Stafford Township Police Department,Manahawkin,NJ
manasquan-nj.gov,City,Borough of Manasquan,Manasquan,NJ
staffordnj.gov,City,Stafford Township,Manawhakin,NJ
maplewoodnj.gov,City,Township of Maplewood,Maplewood,NJ
marlboro-nj.gov,City,Township of Marlboro,Marlboro,NJ
evesham-nj.gov,City,Evesham Township,Marlton,NJ
hamiltonatlnj.gov,City,Township of Hamilton (Atlantic),Mays Landing,NJ
merchantvillenj.gov,City,Borough of Merchantville,Merchantville,NJ
middlesexboro-nj.gov,City,Middlesex Borough,Middlesex,NJ
midlandparknj.gov,City,Borough of Midland Park,Midland Park,NJ
alexandrianj.gov,City,Alexandria Township,Milford,NJ
hollandtownshipnj.gov,City,Holland Township,Milford,NJ
milfordnj.gov,City,Milford Borough,Milford,NJ
millstonenj.gov,City,Township of Millstone,Millstone,NJ
ccdohnj.gov,Special district,Cumberland County Department of Health,Millville,NJ
millvillenj.gov,City,City of Millville,Millville,NJ
buenaboro.gov,City,Borough of Buena,Minotola,NJ
trwranj.gov,Special district,Two Rivers Water Reclamation Authority,Monmouth Beach,NJ
elktownshipnj.gov,City,Township of Elk,Monroeville,NJ
montclairnj.gov,City,Township of Montclair,Montclair,NJ
montclairnjfire.gov,City,Township of Montclair,Montclair,NJ
montclairpdnj.gov,City,Montclair Police Department,Montclair,NJ
montvalenj.gov,City,Borough of Montvale,Montvale,NJ
morriscountynj.gov,County,County of Morris,Morristown,NJ
burlingtoncountynj.gov,County,County of Burlington,Mount Holly,NJ
mountainlakes.gov,City,Borough of Mountain Lakes,Mountain Lakes,NJ
middlesexcountynj.gov,County,Middlesex County Government,New Brunswick,NJ
plumsted.gov,City,Plumsted Township,New Egypt,NJ
plumstedmuanj.gov,Special district,Plumsted Municipal Utilities Authority,New Egypt,NJ
clintonnj.gov,City,Clinton Town,New Jersey,NJ
newmilfordnj.gov,City,Borough of New Milford,New Milford,NJ
essexcountynj.gov,County,County of Essex,Newark,NJ
newarknj.gov,City,City of Newark,newark,NJ
fredonnj.gov,City,Township of Fredon,Newton,NJ
northbrunswicknj.gov,City,Township of North Brunswick,North Brunswick,NJ
northhaledon.gov,City,Borough of North Haledon,North Haledon,NJ
northplainfieldnj.gov,City,North Plainfield Borough,North Plainfield,NJ
oakland-nj.gov,City,Borough of Oakland,Oakland,NJ
ogdensburgnj.gov,City,Borough of Ogdensburg,Ogdensburg,NJ
orangenj.gov,City,City of Orange Townhip,Orange,NJ
palisadesparknj.gov,City,Borough of Palisades Park,Palisades Park,NJ
paramusborough.gov,City,Borough of Paramus,Paramus,NJ
paramuses.gov,City,Paramus Emergency Services,Paramus,NJ
paramusfire.gov,City,Paramus Fire Department,Paramus,NJ
paramuspolice.gov,City,Paramus Police Departmnet,Paramus,NJ
cityofpassaicnj.gov,City,City of Passaic,Passaic,NJ
passaiccountynj.gov,County,COUNTY OF PASSAIC,PATERSON,NJ
patersonnj.gov,City,City of Paterson,Paterson,NJ
patersonnjhealth.gov,City,CITY OF PATERSON,PATERSON,NJ
patersonpdnj.gov,City,Paterson Police Department,Paterson,NJ
patersonsdnj.gov,School district,Paterson Public School District,Paterson,NJ
pembertonboro.gov,City,Pemberton Borough,Pemberton,NJ
pennsauken.gov,City,Pennsauken Township,Pennsauken,NJ
harmonytwp-nj.gov,City,Harmony Township,Phillipsburg,NJ
pinebeachnj.gov,City,Pine Beach Borough,Pine Beach,NJ
pinebeachpolice.gov,City,Pine Beach Police Department,Pine Beach,NJ
plainfieldnj.gov,City,City Of Plainfield,Plainfield,NJ
plainfieldpolicenj.gov,City,Plainfield Police Department,Plainfield,NJ
pointpleasantbeach.gov,City,Borough of Point Pleasant Beach,Point Pleasant Beach,NJ
pomptonlakes-nj.gov,City,Borough of Pompton Lakes,Pompton Lakes,NJ
mansfieldtownship-nj.gov,City,Township of Mansfield,Port Murray,NJ
princetonnj.gov,City,Municipality of Princeton,Princeton,NJ
sbrsanj.gov,Special district,Stony Brook Regional Sewerage Authority,Princeton,NJ
rahwaynj.gov,City,City of Rahway,Rahway,NJ
ridgefieldnj.gov,City,The Borough of Ridgefield,Ridgefield,NJ
ridgewoodnj.gov,City,Village of Ridgewood,Ridgewood,NJ
riverdalenj.gov,City,Borough of Riverdale,Riverdale,NJ
robbinsvillek12.gov,School district,Robbinsville Public Schools,Robbinsville,NJ
rochelleparknj.gov,City,Township of Rochelle Park,Rochelle Park,NJ
rockyhill-nj.gov,City,"Borough of Rocky Hill, NJ",Rocky Hill,NJ
rosellepark.gov,City,Borough of Roselle Park,Roselle Park,NJ
rumsonnj.gov,City,The Borough of Rumson,Rumson,NJ
runnemedepubliclibrary.gov,City,Free Public Library of the Borough of Runnemede,Runnemede,NJ
saddleriver.gov,City,Borough of Saddle River,Saddle River,NJ
saddlebrooknj.gov,City,Saddle Brook Towbship,Saddlebrook,NJ
cityofsalemnj.gov,City,City of Salem,Salem,NJ
salemcountynj.gov,County,County Of Salem,Salem,NJ
seranj.gov,City,Sayreville Economic and Redevelopment Agency,Sayreville,NJ
scotchplainsnj.gov,City,Township of Scotch Plains,Scotch Plains,NJ
seagirt-nj.gov,City,Borough of Sea Girt,Sea Girt,NJ
hudsonregional.gov,Special district,Hudson Regional Health Commission,Secaucus,NJ
secaucusnj.gov,City,"Town of Secaucus, New Jersey",Secaucus,NJ
secaucusnjpolice.gov,City,Secaucus Police Department,Secaucus,NJ
franklin-nj.gov,City,Township of Franklin,Someret,NJ
franklinnj.gov,City,Township of Franklin,Somerset,NJ
soconj.gov,County,"Somerset County, NJ",Somerville,NJ
somersetcountynj.gov,County,County of Somerset,Somerville,NJ
somersetprosnj.gov,County,Somerset County Prosecutor's Office,Somerville,NJ
southamboynj.gov,City,City of South Amboy,South Amboy,NJ
southbrunswicknj.gov,City,Township of South Brunswick,South Brunswick,NJ
spartanj.gov,City,Township of Sparta,Sparta,NJ
stanhopenj.gov,City,Stanhope  Borough,Stanhope,NJ
tabernacle-nj.gov,City,Township Of Tabernacle,Tabernacle,NJ
teanecknj.gov,City,Township Of Teaneck,Teaneck,NJ
tenaflynj.gov,City,Borough of Tenafly,Tenafly,NJ
hopewellpolicenj.gov,City,HOPEWELL TOWNSHIP POLICE DEPARTMENT,TITUSVILLE,NJ
ocbssnj.gov,County,Ocean County Board of Social Services,Toms River,NJ
oceancountyhealth.gov,County,Ocean County Health Department,Toms River,NJ
oceancountynj.gov,County,County of Ocean,Toms River,NJ
ocponj.gov,County,Ocean County Prosecutor's Office,Toms River,NJ
mercercountynj.gov,County,County of Mercer,Trenton,NJ
mernjpros.gov,County,Mercer County Prosecutor's Office,Trenton,NJ
njcsit.gov,Special district,"New Jersey Commission on Science, Innovation and Technology",Trenton,NJ
unionbeachnj.gov,City,Union Beach Borough,Union Beach,NJ
veronanj.gov,City,Township of Verona,Verona,NJ
victorygardensnj.gov,City,BOROUGH OF VICTORY GARDENS,Victory Gardens,NJ
vinelandcity.gov,City,City of Vineland,Vineland,NJ
waldwicknj.gov,City,Borough of Waldwick,Waldwick,NJ
wallnj.gov,City,Township of Wall,Wall Township,NJ
wanaquenj.gov,City,Borough of Wanaque,Wanaque,NJ
wanaquenjpd.gov,City,Borough of Wanaque Police Department,Wanaque,NJ
twpoceannj.gov,City,Township of Ocean,Waretown,NJ
washingtonboro-nj.gov,City,Borough of Washington,Washington,NJ
watchungnj.gov,City,Borough of Watchung,Watchung,NJ
nrescnj.gov,School district,NRESC,Wayne,NJ
wyckoffnj.gov,City,Township of Wyckoff,Wayne,NJ
weehawkennj.gov,City,Township of Weehawken,Weehawken,NJ
westamptonnj.gov,City,Township of Westampton,Westampton,NJ
westfieldnj.gov,City,Town of Westfield,Westfield,NJ
westwoodnj.gov,City,Borough of Westwood,Westwood,NJ
readington.gov,City,Readington Township,Whitehouse Station,NJ
readingtonpd.gov,City,Readington Township Police Department,Whitehouse Station,NJ
readingtontwpnj.gov,City,Readington Township,Whitehouse Station,NJ
wildwoodnj.gov,City,City of Wildwood - New Jersey,Wildwood,NJ
wildwoodnjpd.gov,City,City of Wildwood,Wildwood,NJ
willingboronj.gov,City,Willingboro Township,Willingboro,NJ
woodridgenj.gov,City,Borough of Wood-Ridge,Wood-Ridge,NJ
woodridgepdnj.gov,City,Borough of Wood-Ridge Police Department,Wood-Ridge,NJ
gloucestercountynj.gov,County,County of Gloucester,Woodbury,NJ
woodburynj.gov,City,City of Woodbury,Woodbury,NJ
woodburyheightsfire.gov,City,Woodbury Heights Fire Department,Woodbury Heights,NJ
woodclifflakenj.gov,City,Borough of Woodcliff Lake New Jersey,Woodcliff Lake,NJ
woodlandparknjschools.gov,School district,Woodland Park School District,Woodland Park,NJ
alamogordo.gov,City,City of Alamogordo,Alamogordo,NM
albuquerque-nm.gov,City,City of Albuquerque,Albuquerque,NM
bernco.gov,County,Bernalillo County,Albuquerque,NM
cabq.gov,City,City  of Albuquerque New Mexico,Albuquerque,NM
mrcog-nm.gov,Special district,Mid-Region Council of Governments,Albuquerque,NM
angelfirenm.gov,City,Village of Angel Fire,Angel Fire,NM
cityofanthonynm.gov,City,City of Anthony,Anthony,NM
artesianm.gov,City,City of Artesia,Artesia,NM
aztecnm.gov,City,City of Aztec,Aztec,NM
cityofbayardnm.gov,City,City of Bayard,Bayard,NM
belen-nm.gov,City,City of Belen,Belen,NM
valenciaswcd-nm.gov,Special district,Valencia Soil and Water Conservation District,Belen,NM
coronadoswcdnm.gov,Special district,Coronado Soil and Water Conservation District,Bernalillo,NM
sandovalcountynm.gov,County,Sandoval County,Bernalillo,NM
tobnm.gov,City,Town of Bernalillo,Bernalillo,NM
bloomfieldnm.gov,City,"City of Bloomfield, NM",Bloomfield,NM
bosquefarmsnm.gov,City,Village of Bosque Farms,Bosque Farms,NM
eddycountynm.gov,County,Eddy County,Carlsbad,NM
lincolncountynm.gov,County,Lincoln County,Carrizozo,NM
clovisnm.gov,City,City of Clovis NM,Clovis,NM
currycountynm.gov,County,"Curry County, NM",Clovis,NM
corrales-nm.gov,City,Village of Corrales,Corrales,NM
cubanm.gov,City,Village of Cuba,Cuba,NM
edgewood-nm.gov,City,Town of Edgewood,Edgewood,NM
cityofebnm.gov,City,City of Elephant Butte,Elephant Butte,NM
espanolanm.gov,City,City of Espanola,Espanola,NM
estancianm.gov,City,TOWN OF ESTANCIA,ESTANCIA,NM
farmingtonnm.gov,City,"City of Farmington, NM",Farmington,NM
fortsumner.gov,City,Village of Fort Sumner,Fort Sumner,NM
gallupnm.gov,City,City of Gallup,Gallup,NM
cibolacounty.gov,County,Cibola County,Grants,NM
grantsnm.gov,City,City of Grants,Grants,NM
hobbsnm.gov,City,City of Hobbs,Hobbs,NM
leacounty911.gov,County,Lea County Communications Authority,Hobbs,NM
hopecourtsnm.gov,City,Village of Hope Courts,Hope,NM
jemezsprings-nm.gov,City,Village of Jemez Springs,Jemez Springs,NM
jemezsprings.gov,City,Village of Jemez Springs,Jemez Springs,NM
lakearthurnm.gov,City,Town of Lake Arthur,Lake Arthur,NM
donaana.gov,County,Doña Ana County,Las Cruces,NM
lascruces.gov,City,City of Las Cruces,Las Cruces,NM
mvrda911.gov,City,Mesilla Valley Regional Authority Dispatch,Las Cruces,NM
lasvegasnm.gov,City,City of Las Vegas,Las Vegas,NM
loslunasnm.gov,City,Village of Los Lunas,Los Lunas,NM
vrecc-nm.gov,County,Valencia Regional Emergency Communications Center (VRECC),Los Lunas,NM
losranchosnm.gov,City,Village of Los Ranchos de Albuquerque,Los Ranchos de Albuquerque,NM
lovingnm.gov,City,The Village of Loving,Loving,NM
leacounty.gov,County,"County of Lea, New Mexico",Lovington,NM
mesillanm.gov,City,Town of Mesilla,Mesilla,NM
moriartynm.gov,City,The City of Moriarty,Moriarty,NM
mountainairnm.gov,City,Town of Mountainair,Mountainair,NM
portalesnm.gov,City,City of Portales,Portales,NM
ratonnm.gov,City,City of Raton,Raton,NM
redrivernm.gov,City,Town of Red River,Red River,NM
catroncountynm.gov,County,Catron County,Reserve,NM
rioranchonm.gov,City,City of Rio Rancho,Rio Rancho,NM
rrnm.gov,City,City of Rio Rancho,Rio Rancho,NM
chavescounty.gov,County,Chaves County,Roswell,NM
erha-nm.gov,Special district,Eastern Regional Housing Authority,Roswell,NM
roswell-nm.gov,City,City of Roswell,Roswell,NM
roswellnmcourt.gov,City,Roswell NM Municipal Court,Roswell,NM
ruidoso-nm.gov,City,Village of Ruidoso,Ruidoso,NM
sanysidronm.gov,City,Village of San Ysidro,San Ysidro,NM
santafecountynm.gov,County,Santa Fe County,Santa Fe,NM
santafenm.gov,City,City of Santa Fe,Santa Fe,NM
santarosanm.gov,City,City of Santa Rosa,Santa Rosa,NM
grantcountynm.gov,County,Grant County,Silver City,NM
silvercitynm.gov,City,Town of Silver City,Silver City,NM
socorronm.gov,City,City of Socorro New Mexico,Socorro,NM
townofspringernm.gov,City,Town of Springer,Springer,NM
sunlandpark-nm.gov,City,City of Sunland Park,Sunland Park,NM
taoscountynm.gov,County,Taos County Government,Taos,NM
taosnm.gov,City,Town of Taos,Taos,NM
taosswcd-nm.gov,Special district,Taos Soil and Water Conservation District,Taos,NM
texicopolicenm.gov,City,Texico Police Department,Texico,NM
tijerasnm.gov,City,Village of Tijeras,Tijeras,NM
torcnm.gov,City,City of Truth or Consequences,Truth or Consequences,NM
quaycounty-nm.gov,County,Quay County,Tucumcari,NM
landercountynv.gov,County,Lander County,Battle Mountain,NV
landerso.gov,County,Lander County Sheriff's Office,Battle Mountain,NV
carlinnv.gov,City,City of Carlin,Carlin,NV
carsoncity.gov,County,City of Carson City,Carson City,NV
elkocitynv.gov,City,City of Elko,Elko,NV
elkocountynv.gov,County,County of Elko,Elko,NV
cityofelynv.gov,City,City of Ely,Ely,NV
whitepinecountynv.gov,County,White Pine County,Ely,NV
eurekacountynv.gov,County,Eureka County,Eureka,NV
churchillcountynv.gov,County,Churchill County,Fallon,NV
fallonnevada.gov,City,City of Fallon,Fallon,NV
townofgardnerville.gov,City,Town of Gardnerville,Gardnerville,NV
esmeraldacountynv.gov,County,Esmeralda County,Goldfield,NV
cityofhenderson.gov,City,City of Henderson,Henderson,NV
hendersonnevada.gov,City,City of Henderson,Henderson,NV
hendersonnv.gov,City,City of Henderson,Henderson,NV
clarkcountydanv.gov,County,Clark County District Attorney,Las Vegas,NV
lasvegasnevada.gov,City,City of Las Vegas NV,Las Vegas,NV
lvmpd.gov,County,Las Vegas Metropolitan Police Department,Las Vegas,NV
pershingcountynv.gov,County,Pershing County,Lovelock,NV
mesquitenv.gov,City,City of Mesquite,Mesquite,NV
douglascountynv.gov,County,Douglas County,Minden,NV
nyecountynv.gov,County,County of Nye,Pahrump,NV
pahrumpnv.gov,City,Town of Pahrump,Pahrump,NV
lincolncountynv.gov,County,"Lincoln County, Nevada",Pioche,NV
reno.gov,City,City of Reno,Reno,NV
renonv.gov,City,City of Reno,Reno,NV
washoecounty.gov,County,Washoe County,Reno,NV
sparksnv.gov,City,City of Sparks,Sparks,NV
humboldtcountynv.gov,County,Humboldt County,Winnemucca,NV
townofadamsny.gov,City,Town of Adams,Adams,NY
villageofadamsny.gov,City,Village of Adams,Adams,NY
villageofaddisonny.gov,City,Village of Addison NY,Addison,NY
townofaftonny.gov,City,Town of Afton NY,Afton,NY
villageofaftonny.gov,City,Village of Afton NY,Afton,NY
airmont.gov,City,Village of Airmont,Airmont,NY
albanycountyny.gov,County,Albany County,Albany,NY
albanyny.gov,City,City of Albany,Albany,NY
albanysheriffny.gov,Special district,Albany County Sheriff's Office,Albany,NY
colonievillage.gov,City,Village of Colonie,Albany,NY
nystrs.gov,Special district,New York State Teachers' Retirement System,Albany,NY
readyalbanycounty-ny.gov,County,Albany County,Albany,NY
albionjointfdny.gov,Special district,Albion Joint Fire District,Albion,NY
orleanscountyny.gov,County,Orleans County,Albion,NY
townofalbionnyorco.gov,City,"Town of Albion, NY",Albion,NY
townofbarreny.gov,City,Town of Barre,Albion,NY
townofcarltonny.gov,City,Town of Carlton,Albion,NY
townofgaines.gov,City,Town of Gaines,Albion,NY
villageofalbionny.gov,City,Village of Albion,Albion,NY
villageofaldenny.gov,City,Village of Alden,Alden,NY
townofalexanderny.gov,City,Town of Alexander,Alexander,NY
townofalexandriany.gov,City,Town of Alexandria,Alexandria Bay,NY
alfredvillage.gov,City,Village of Alfred,Alfred,NY
townofalfredny.gov,City,Town of Alfred,Alfred Station,NY
allegany.gov,City,Town and Village of Allegany,Allegany,NY
townofalmondny.gov,City,Town of Almond,Almond,NY
altamontvillageny.gov,City,Village of Altamont,Altamont,NY
knoxny.gov,City,Town of Knox,Altamont,NY
williamstownny.gov,City,Town of Williamstown,Altmar,NY
townaltonany.gov,City,Town of Altona,Altona,NY
easthamptonny.gov,City,The Trustees of the Town of East Hampton,Amagansett,NY
ameniany.gov,City,Town of Amenia,Amenia,NY
amityville.gov,City,Village of Amityville,Amityville,NY
amityvillepdny.gov,City,Amityville Village Police Department,Amityville,NY
amsterdamny.gov,City,City of Amsterdam,Amsterdam,NY
amsterdamnyfd.gov,City,City of Amsterdam,Amsterdam,NY
amsterdamnypd.gov,City,City of Amsterdam,Amsterdam,NY
perthny.gov,City,Town of Perth,Amsterdam,NY
ancramny.gov,City,Town Of Ancram,Ancram,NY
gallatinny.gov,City,Town of Gallatin,Ancram,NY
taghkanic.gov,City,"Town of Taghkanic, NY",Ancram (Town of Taghkanic),NY
andesnewyork.gov,City,Town of Andes New York,Andes,NY
andovervillageny.gov,City,"Village of Andover, New York",Andover,NY
villageofangelica.gov,City,Village of Angelica,ANGELICA,NY
evanspoliceny.gov,City,Town of Evans Police Department,Angola,NY
townofevansny.gov,City,Town of Evans,Angola,NY
villageofangolany.gov,City,Village of Angola,Angola,NY
townofowegony.gov,City,Town of Owego,Apalachin,NY
arcadenyfiredepartment.gov,City,Arcade Fire Department,Arcade,NY
townofarcadeny.gov,City,Town of Arcade,Arcade,NY
villageofarcadeny.gov,City,Village of Arcade,Arcade,NY
ardsleyvillage.gov,City,Village of Ardsley,ARDSLEY,NY
argylevillageny.gov,City,Village of Argyle,Argyle,NY
townofargyleny.gov,City,Town of Argyle,Argyle,NY
hornellsville.gov,City,Town of Hornellsville,Arkport,NY
townofdansvilleny.gov,City,Town of Dansville NY,Arkport,NY
hardenburghny.gov,City,Town of Hardenburgh,Arkville,NY
northcastleny.gov,City,Town of North Castle,Armonk,NY
harmonyny.gov,City,Town of Harmony,Ashville,NY
townofnorthharmony.gov,City,Town of North Harmony,Ashville,NY
athensvillageny.gov,City,"Village of Athens, NY",Athens,NY
athensvillagepdny.gov,City,Village of Athens Police Department,Athens,NY
townofathensny.gov,City,Town of Athens New York,Athens,NY
thurmanny.gov,City,Town of Thurman,Athol,NY
townofcohoctonny.gov,City,Town of Cohocton,Atlanta,NY
atlanticbeachny.gov,City,Inc Village of Atlantic Beach,Atlantic Beach,NY
villageofatticany.gov,City,Village of Attica,Attica,NY
blackbrookny.gov,City,Town of Black Brook,Au Sable Forks,NY
townofjayny.gov,City,Town of Jay,Au Sable Forks,NY
auburnny.gov,City,City of Auburn,Auburn,NY
aureliustown.gov,City,Town of Aurelius,Auburn,NY
flemingny.gov,City,Town of Fleming,Auburn,NY
owascofire.gov,Special district,Owasco Fire District,Auburn,NY
owascony.gov,City,Town of Owasco,Auburn,NY
sennettny.gov,City,Town of Sennett,Auburn,NY
throopny.gov,City,Town of Throop,Auburn,NY
townofledyardny.gov,City,Town of Ledyard,Aurora,NY
villageofaurorany.gov,City,"Village of Aurora, Inc.",Aurora,NY
averillparkfiredistrict.gov,Special district,Averill Park Sand Lake Fire District,Averill Park,NY
avon-ny.gov,City,Town of Avon,Avon,NY
avonnyfd.gov,Special district,Avon Fire District,Avon,NY
villageofavonny.gov,City,Village of Avon,Avon,NY
villageofbabylonny.gov,City,Village of Babylon,Babylon,NY
townofbainbridgeny.gov,City,Town of Bainbridge,Bainbridge,NY
villageofbainbridgeny.gov,City,Village of Bainbridge,Bainbridge,NY
sani2tohny.gov,Special district,Town of Hempstead Sanitary District No. 2,Baldwin,NY
baldwinsville.gov,City,Village of Baldwinsville,Baldwinsville,NY
lysanderny.gov,City,Town of Lysander,Baldwinsville,NY
ballstonspa.gov,City,Village of Ballston Spa,Ballston Spa,NY
miltonny.gov,City,Town of Milton,Ballston Spa,NY
saratogacountyny.gov,County,County of Saratoga,Ballston Spa,NY
saratogacountysheriff.gov,County,Saratoga County Sheriffs Office,Ballston Spa,NY
saratogaswcdny.gov,Special district,Saratoga County Soil and Water Conservation District,Ballston Spa,NY
townofballstonny.gov,City,Town of Ballston,Ballston Spa,NY
somersetny.gov,City,Town of Somerset,Barker,NY
villageofbarkerny.gov,City,Village of Barker,Barker,NY
digitaltowpathny.gov,Special district,Digital Towpath Cooperative,Barneveld,NY
trentonny.gov,City,"Town of Trenton, New York",Barneveld,NY
townoftiogany.gov,City,Town of Tioga,Barton,NY
cityofbataviany.gov,City,City of Batavia,Batavia,NY
geneseeny.gov,County,Genesee County,Batavia,NY
townofbatavia.gov,City,Town of Batavia,Batavia,NY
townofbethanyny.gov,City,Town of Bethany,Batavia,NY
steubencountyny.gov,County,Steuben County,Bath,NY
townofbathny.gov,City,Town of Bath,Bath,NY
townofurbana.gov,City,Town of Urbana,Bath,NY
villageofbathny.gov,City,Village of Bath,Bath,NY
bayvilleny.gov,City,Incorporated Village of Bayville,Bayville,NY
beaconny.gov,City,City of Beacon,Beacon,NY
hornbyny.gov,City,TOWN OF HORNBY,BEAVER DAMS,NY
townofcatlin.gov,City,Town of Catlin,Beaver Dams,NY
bedfordhillsfiredistrict.gov,Special district,Bedford Hills Fire District,Bedford Hills,NY
bedfordny.gov,City,Town of Bedford,Bedford Hills,NY
belfastny.gov,City,Town of Belfast,Belfast,NY
bellerosevillage.gov,City,Inc. Village of Bellerose,Bellerose Village,NY
bellportvillageny.gov,City,Village of Bellport,Bellport,NY
alleganyco.gov,County,Allegany County,Belmont,NY
alleganycountysheriff-ny.gov,County,Allegany County Sheriff's Office,Belmont,NY
townofamityny.gov,City,Town Of Amity,Belmont,NY
townofbergenny.gov,City,Town of Bergen,Bergen,NY
bethpagefd.gov,Special district,Bethpage Fire District,Bethpage,NY
bigflatsny.gov,City,Town of Big Flats,Big Flats,NY
binghamton-ny.gov,City,City of Binghamton,Binghamton,NY
broomecountyda.gov,County,Broome County,Binghamton,NY
broomecountyny.gov,County,Broome County,Binghamton,NY
cityofbinghamton.gov,City,City of Binghamton,Binghamton,NY
portdickinsonny.gov,City,Village of Port Dickinson,Binghamton,NY
townofbinghamton.gov,City,Town of Binghamton,Binghamton,NY
townofchenangony.gov,City,"Town of Chenango - Binghamton, NY",Binghamton,NY
townofdickinsonnybc.gov,City,Town of Dickinson,Binghamton,NY
blackriverny.gov,City,Village of Black River,BLACK RIVER,NY
rutland-ny.gov,City,Town of Rutland,Black River,NY
villageofblasdell.gov,City,Village of Blasdell,Blasdell,NY
townebloomfieldny.gov,City,Town of East Bloomfield,Bloomfield,NY
townofeastbloomfieldny.gov,City,Town of East Bloomfield,Bloomfield,NY
villageofbloomfieldny.gov,City,Village of Bloomfield,Bloomfield,NY
bloominggrove-ny.gov,City,Town of Blooming Grove,Blooming Grove,NY
bloomingburgny.gov,City,Village of Bloomingburg,BLOOMINGBURG,NY
townofstarmandny.gov,City,Town of Saint Armand,Bloomingdale,NY
villageofbolivarny.gov,City,Village of Bolivar,Bolivar,NY
boltonny.gov,City,Town of Bolton,Bolton Landing,NY
bombayny.gov,City,Bombay,Bombay,NY
townofboonvilleny.gov,City,"Town of Boonville, NY",Boonville,NY
villageofboonvilleny.gov,City,Village of Boonville NY,Boonville,NY
bostonny.gov,City,Town of Boston,Boston,NY
townofbellmontny.gov,City,Town of Bellmont,Brainardsville,NY
jerusalem-ny.gov,City,Town of Jerusalem,Branchport,NY
horiconny.gov,City,"Town of Horicon, N.Y.",Brant Lake,NY
townofbrasher.gov,City,Town of Brasher,Brasher Falls,NY
eastbrentwoodfd.gov,Special district,East Brentwood Fire District,Brentwood,NY
brewertonfiredistrict.gov,Special district,Brewerton Fire District,Brewerton,NY
brewstervillage-ny.gov,City,Brewster of Village,Brewster,NY
southeast-ny.gov,City,The Town of Southeast,Brewster,NY
briarcliffmanor.gov,City,Village of Briarcliff Manor,Briarcliff Manor,NY
bridgewaterny.gov,City,Town of Bridgewater,Bridgewater,NY
townofbroadalbinny.gov,City,Town of Broadalbin,Broadalbin,NY
brockportny.gov,City,Village of Brockport,Brockport,NY
brockportpolice.gov,City,Brockport Police Department,Brockport,NY
townofswedenny.gov,City,Town of Sweden,Brockport,NY
villageofbronxville.gov,City,Village of Bronxville,Bronxville,NY
villageofbronxvillepd.gov,City,Village of Bronxville Police Department,Bronxville,NY
brookhavenfdny.gov,Special district,Brookhaven Fire District,Brookhaven,NY
nyc-ny.gov,City,The NYC Office of Technology and Innovation,Brooklyn,NY
nyc.gov,City,The NYC Office of Technology and Innovation,Brooklyn,NY
nycers.gov,City,NYC Employees Retirement System,Brooklyn,NY
brookvillepoliceny.gov,City,Brookville Police Department,Brookville,NY
villageofbrookville.gov,City,Incorporated Village of Brookville,Brookville,NY
villageofbrownvilleny.gov,City,Village of Brownville NY,Brownville,NY
buchananny.gov,City,Village of Buchanan,Buchanan,NY
buffalocomptrollerny.gov,City,Buffalo Comptroller,Buffalo,NY
buffalony.gov,City,City of Buffalo,Buffalo,NY
erie.gov,County,"County of Erie, New York",Buffalo,NY
greene911ny.gov,County,Greene County Department of Emergency Services,Cairo,NY
townofcairony.gov,City,Town of Cairo,Cairo,NY
caledoniany.gov,City,Town of Caledonia,Caledonia,NY
villageofcaledoniany.gov,City,Village of Caledonia,Caledonia,NY
cambridgeny.gov,City,The Village of Cambridge,Cambridge,NY
townofcambridgeny.gov,City,Town of Cambridge,Cambridge,NY
townofjacksonny.gov,City,Town of Jackson,Cambridge,NY
whitecreekny.gov,City,Town of White Creek,Cambridge,NY
camdenny.gov,City,Town of Camden,Camden,NY
florenceny.gov,City,Town of Florence,CAmden,NY
townofosceolany.gov,City,Town of Osceola NY,Camden,NY
villageofcamdenny.gov,City,Village of Camden,Camden,NY
villageofcamillus-ny.gov,City,Village of Camillus,Camillus,NY
campbellny.gov,City,Town of Campbell,Campbell,NY
townofthurstonny.gov,City,Town of Thurston,Campbell,NY
canaanny.gov,City,"Town of Canaan, NY",Canaan,NY
canjo.gov,County,Village of Canajoharie,Canajoharie,NY
townofcanajoharie.gov,City,Town of Canajoharie,Canajoharie,NY
canandaiguanewyork.gov,City,City of Canandaigua,Canandaigua,NY
ontariocountyny.gov,County,Ontario County,Canandaigua,NY
ontariocountypublichealth.gov,County,Ontario County Public Health,Canandaigua,NY
ontariocountysheriff.gov,County,Ontario County Sheriff's Office,Canandaigua,NY
ontariocountyswcd.gov,Special district,Ontario County Soil & Water Conservation District,Canandaigua,NY
townofbristolny.gov,City,Town of Bristol,Canandaigua,NY
townofcanandaigua.gov,City,Town of Canandaigua,Canandaigua,NY
townofhopewellny.gov,City,Town of Hopewell,Canandaigua,NY
birdsallny.gov,City,Town of Birdsall,Canaseraga,NY
townofburnsny.gov,City,Town of Burns,Canaseraga,NY
canastota.gov,City,Village of Canastota,Canastota,NY
lenoxny.gov,City,Town of Lenox,Canastota,NY
townofcandorny.gov,City,Town of Candor,Candor,NY
caneadeatown.gov,City,Town of Caneadea,Caneadea,NY
villageofcanisteo.gov,City,Village fo Canisteo,Canisteo,NY
cantonny.gov,City,Village of Canton,Canton,NY
stlawco.gov,County,St. Lawrence County,Canton,NY
stlawcosheriff.gov,County,St. Lawrence County Sheriff's Office,Canton,NY
townofpierrepont.gov,City,Town of Pierrepont,Canton,NY
townofcapevincent.gov,City,Town of Cape Vincent,Cape Vincent,NY
villageofcapevincent.gov,City,Village of Cape Vincent,Cape Vincent,NY
carlisletown-ny.gov,City,Town of Carlisle,Carlisle,NY
putnamcountyny.gov,County,Putnam County,Carmel,NY
townofchampionny.gov,City,Town of Champion,Carthage,NY
townofdenmarkny.gov,City,Town of Denmark,Carthage,NY
townofwilnany.gov,City,Town of Wilna,Carthage,NY
villageofcarthageny.gov,City,VILLAGE OF CARTHAGE,CARTHAGE,NY
castileny.gov,City,Town of Castile,Castile,NY
villageofcastile.gov,City,Village of Castile,Castile,NY
townofbarkerny.gov,City,Town of Barker,Castle Creek,NY
schodack.gov,City,Town of Schodack,Castleton,NY
townofcroghan.gov,City,Town of Croghan New York,Castorland,NY
villageofcastorlandny.gov,City,Village of Castorland,Castorland,NY
irany.gov,City,Town of Ira,CATO,NY
catskillpolice.gov,City,Village of Catskill Police,Catskill,NY
greenecountyny.gov,County,Greene County,Catskill,NY
townofcatskillny.gov,City,"Town of Catskill, NY",Catskill,NY
villageofcatskillny.gov,City,Village of Catskill,Catskill,NY
newalbionny.gov,City,Town of New Albion,Cattaraugus,NY
villageofcattaraugus.gov,City,Village of Cattaraugus,Cattaraugus,NY
springportny.gov,City,Town of Springport,Cayuga,NY
villagecayugany.gov,City,Village of Cayuga New York,Cayuga,NY
nelson-ny.gov,City,"Town of Nelson, NY",Cazenovia,NY
townofcazenoviany.gov,City,Town of Cazenovia,Cazenovia,NY
villageofcazenoviany.gov,City,Village of Cazenovia,Cazenovia,NY
cedarhurst.gov,City,Incorporated Village of Cedarhurst,Cedarhurst,NY
centerportfdny.gov,Special district,Centerport Fire District,Centerport,NY
centralsquareny.gov,City,Village of Central Square,Central Square,NY
hastingsny.gov,City,Town of Hastings,Central Square,NY
villageofwoodbury.gov,City,Village of Woodbury,Central Valley,NY
townofchamplain.gov,City,Town of Champlain,Champlain,NY
villageofchamplainny.gov,City,Village of Champlain,Champlain,NY
mynewcastleny.gov,City,Town of New Castle,Chappaqua,NY
townofcharltonny.gov,City,Town of Charlton,Charlton,NY
townofchateaugayny.gov,City,Town of Chateaugay,Chateaugay,NY
chathamfireny.gov,City,Chatham Fire Department,Chatham,NY
chathamnewyork.gov,City,Town of Chatham,Chatham,NY
chathampoliceny.gov,City,Chatham Police Department,Chatham,NY
villageofchathamny.gov,City,Village of Chatham,Chatham,NY
townoflymeny.gov,City,Town of Lyme,Chaumont,NY
villageofchaumont.gov,City,Village of Chaumont,Chaumont,NY
townofchazyny.gov,City,Town of Chazy,Chazy,NY
cheektowaga.gov,City,Town of Cheektowaga,Cheektowaga,NY
chemungfire.gov,Special district,Town of Chemung Fire District #1,Chemung,NY
townofchemung.gov,City,Town of Chemung,Chemung,NY
townofcherrycreekny.gov,City,Town of Cherry Creek,Cherry Creek,NY
townofcherryvalleyny.gov,City,Town of Cherry Valley,Cherry Valley,NY
chester-ny.gov,City,Town of Chester,Chester,NY
villageofchesterny.gov,City,Village of Chester,Chester,NY
chesterwcny.gov,City,Town of Chester,Chestertown,NY
chittenango.gov,City,Village of Chittenango,Chittenango,NY
townofsullivanny.gov,City,Town of Sullivan,Chittenango,NY
churchvilleny.gov,City,Village of Churchville,Churchville,NY
townofriga.gov,City,"Town of Riga - Churchville, NY",Churchville,NY
cicerony.gov,City,Town of Cicero,Cicero,NY
ciceronypd.gov,County,Town of Cicero,Cicero,NY
townofclarendonny.gov,City,Town of Clarendon,Clarendon,NY
townofclarksonny.gov,City,Town of Clarkson,Clarkson,NY
denningny.gov,City,Town of Denning,Claryville,NY
townofclayny.gov,City,"Town of Clay, NY",Clay,NY
claytonfireny.gov,Special district,Clayton Fire District,Clayton,NY
townofclaytonny.gov,City,Town of Clayton,Clayton,NY
villageofclaytonny.gov,City,Village of Clayton,Clayton,NY
clermontny.gov,City,Town Of Clermont,Clermont,NY
cliftonparkny.gov,City,Town of Clifton Park,Clifton Park,NY
cliftonspringsny.gov,City,Village of Clifton Springs,Clifton Springs,NY
townofmanchesterny.gov,City,Town of Manchester NY,Clifton Springs,NY
townofkirkland.gov,City,Town of Kirkland,Clinton,NY
eastclintonfd.gov,Special district,East Clinton Fire District,Clinton Corners,NY
plattekillpd.gov,City,Plattekill Police Department,Clintondale,NY
clydeny.gov,City,Village of Clyde,Clyde,NY
galenny.gov,City,Town of Galen,Clyde,NY
cobleskilltown-ny.gov,City,Town of Cobleskill,Cobleskill,NY
cobleskillvillage-ny.gov,City,Village of Cobleskill,Cobleskill,NY
sewardtown-ny.gov,City,Town of Seward,Cobleskill,NY
cohoes-ny.gov,City,City of Cohoes,Cohoes,NY
coldspringny.gov,City,Village of Cold Spring,Cold Spring,NY
philipstown.gov,City,Town of Philipstown,Cold Spring,NY
coldspringharborfd.gov,Special district,Cold Spring Harbor Fire District,Cold Spring Harbor,NY
townofcolden.gov,City,"Town of Colden - Colden, NY",Colden,NY
townofcollinsny.gov,City,Town of Collins,Collins,NY
townofcoltonny.gov,City,Town of Colton,Colton,NY
commackfd.gov,Special district,Commack Fire District,Commack,NY
conesusny.gov,City,Town of Conesus,Conesus,NY
conewangony.gov,City,Town of Conewango,Conewango Valley,NY
constablevilleny.gov,City,Village of Constableville,Constableville,NY
constantiany.gov,City,Town of Constantia,CONSTANTIA,NY
cooperstownny.gov,City,Village of Cooperstown,Cooperstown,NY
middlefieldny.gov,City,Town of Middlefield NY,Cooperstown,NY
otsegocountyny.gov,County,County of Otsego,Cooperstown,NY
townofcopakeny.gov,City,Town of Copake NY,Copake,NY
pinckneyny.gov,City,Town of Pinckney New York,Copenhagen,NY
corfuny.gov,City,Village of Corfu New York,Corfu,NY
townofcorinthny.gov,City,Town of Corinth,Corinth,NY
villageofcorinthny.gov,City,Village of Corinth,Corinth,NY
cityofcorningny.gov,City,City of Corning,Corning,NY
townofcaton.gov,City,Town of Caton,Corning,NY
townofcorningny.gov,City,Town of Corning,Corning,NY
cornwallny.gov,City,The Town of Cornwall,Cornwall,NY
cornwall-on-hudson.gov,City,Village of Cornwall-on-Hudson,Cornwall-on-Hudson,NY
cortlandcountyny.gov,County,Cortland County IT,Cortland,NY
cortlandcountysheriffny.gov,County,Cortland County Sheriff's Office,Cortland,NY
cortlandny.gov,City,City of Cortland,Cortland,NY
cortlandville.gov,City,Town of Cortlandville,Cortland,NY
virgilny.gov,City,Town of Virgil,Cortland,NY
townofcortlandtny.gov,City,Town of Cortlandt,Cortlandt Manor,NY
townofrosendalepoliceny.gov,City,Town of Rosendale Police Department,Cottekill,NY
coxsackie.gov,City,Town of Coxsackie,Coxsackie,NY
greenesheriffny.gov,County,Greene County Sheriff's Office,Coxsackie,NY
villageofcoxsackie.gov,City,Village of Coxsackie,Coxsackie,NY
villageofcoxsackiepolice.gov,City,Village of Coxsackie Police,Coxsackie,NY
villageofcroghanny.gov,City,Village of Croghan,Croghan,NY
crotonfallsfiredistrict.gov,Special district,Croton Falls Fire District,Croton Falls,NY
crotononhudson-ny.gov,City,Village of Croton-on-Hudson,Croton-On-Hudson,NY
townofcrownpointny.gov,City,Town of Crown Point,Crown Point,NY
cubany.gov,City,Town of Cuba,Cuba,NY
cutchoguenewsuffolkparksny.gov,Special district,Cutchogue New Suffolk Park District,Cutchogue,NY
villageofdannemora.gov,City,Village of Dannemora,Dannemora,NY
northdansville.gov,City,Town of North Dansville,Dansville,NY
ossianny.gov,City,Town of Ossian,Dansville,NY
sparta-ny.gov,City,"Town of Sparta, NY",Dansville,NY
villageofdansvilleny.gov,City,"Village of Dansville, NY",Dansville,NY
townofdarienny.gov,City,Town of Darien,Darien Center,NY
davenportny.gov,City,Town of Davenport,Davenport Center,NY
townofmarshallny.gov,City,Town of Marshall,Deansboro,NY
deerparkfdny.gov,Special district,Deer Park Fire District,Deer Park,NY
townofdeerfieldny.gov,City,Town of Deerfield,Deerfield,NY
yorkshireny.gov,City,Town of Yorkshire,Delevan,NY
delawarecountysheriffny.gov,County,Delaware County Sheriff’s Office,Delhi,NY
townofdelhiny.gov,City,Town of Delhi,Delhi,NY
villageofdelhiny.gov,City,"Village of Delhi, NY",Delhi,NY
bethlehemny.gov,City,Town of Bethlehem,Delmar,NY
depewny.gov,City,Village of Depew,Depew,NY
townofdepositny.gov,City,Town of Deposit,Deposit,NY
townofsanfordny.gov,City,Town of Sanford,Deposit,NY
deruyter.gov,City,Village of DeRuyter,DeRuyter,NY
brownvillefiredistrictny.gov,City,Brownville Joint Fire District,Dexter,NY
villageofdexterny.gov,City,Village of Dexter,Dexter,NY
dixhillsfd.gov,Special district,Dix Hills Fire District,Dix Hills,NY
dobbsferry.gov,City,VILLAGE OF DOBBS FERRY,DOBBS FERRY,NY
dobbsferrypolice.gov,City,Village of Dobbs Ferry,Dobbs Ferry,NY
townofmanheim.gov,City,Town of Manheim,DOLGEVILLE,NY
villageofdolgeville.gov,City,Village of Dolgeville,Dolgeville,NY
doverny.gov,City,Town of Dover,Dover Plains,NY
colchesterny.gov,City,Town of Colchester,Downsville,NY
drydenvillageny.gov,City,Village of Dryden,Dryden,NY
townofdrydenny.gov,City,Town of Dryden,Dryden,NY
duanesburg.gov,City,Town of Duanesburg,Duanesburg,NY
starkeyny.gov,City,Town of Starkey,Dundee,NY
dundeevillageny.gov,City,Village of Dundee,Dundee / New York / 14837,NY
cityofdunkirkny.gov,City,City of Dunkirk,Dunkirk,NY
dunkirkpoliceny.gov,City,City of Dunkirk Police Department,Dunkirk,NY
townofdunkirkny.gov,City,Town of Dunkirk,Dunkirk,NY
veronany.gov,City,Town of Verona,Durhamville,NY
townoflebanonny.gov,City,Town of Lebanon,Earlville,NY
villageofearlville.gov,City,Village of Earlville,Earlville,NY
eastaurora.gov,City,Village of East Aurora,East Aurora,NY
townofaurorany.gov,City,Town of Aurora,East Aurora,NY
eastbloomfieldfiredistrictny.gov,Special district,East Bloomfield Fire District,East Bloomfield,NY
durhamny.gov,City,Town of Durham,East Durham,NY
easthamptonvillage.gov,City,Inc. Village of East Hampton,East Hampton,NY
easthamptonvillageny.gov,City,Incorporated Village Of East Hampton,East Hampton,NY
ehamptonny.gov,City,Town of East Hampton,East Hampton,NY
orienteastmarionparks.gov,Special district,Orient-East Marion Park District,East Marion,NY
villageofeastnassau.gov,City,Village of East Nassau,East Nassau,NY
townofeastotto.gov,City,Town of East Otto,East Otto,NY
eastrochesterny.gov,City,Town Village of East Rochester,East Rochester,NY
dewittny.gov,City,"Town of DeWitt, NY",East Syracuse,NY
villageofeastsyracuse.gov,City,VILLAGE OF EAST SYRACUSE,EAST SYRACUSE,NY
eastwilliston.gov,City,Inc. Village of East Williston,East Williston,NY
eastwillistonfdny.gov,Special district,East Williston Fire Department,East Williston,NY
eastchester.gov,City,Town of Eastchester,EASTCHESTER,NY
eastchesternyfd.gov,Special district,Eastchester Fire District,Eastchester,NY
edenny.gov,City,Town Of Eden,Eden,NY
edinburgny.gov,City,Town of Edinburg,Edinburg,NY
eggertsvillefiredistrict.gov,City,Eggertsville Fire District,Eggertsville,NY
townofhighlandny.gov,City,Town of Highland,Eldred,NY
elizabethtown-ny.gov,City,Town of Elizabethtown,Elizabethtown,NY
essexcountyny.gov,County,Essex County,Elizabethtown,NY
townofellenburgny.gov,City,Town of Ellenburg,Ellenburg Center,NY
townofdannemora.gov,City,Town of Dannemora,Ellenburg Depot,NY
townofellicottvilleny.gov,City,Town of Ellicottville,Ellicottville,NY
villageofellicottvilleny.gov,City,Village of Ellicottville,Ellicottville,NY
townofellisburgny.gov,City,Town of Ellisburg,Ellisburg,NY
elmanewyork.gov,City,Town of Elma,Elma,NY
chemungcountyny.gov,County,Chemung County,Elmira,NY
cityofelmirany.gov,City,City of Elmira,Elmira,NY
townofelmira.gov,City,Town of Elmira,Elmira,NY
townofsouthportny.gov,City,Town of Southport,Elmira,NY
elmiraheights.gov,City,Village of Elmira Heights,Elmira Heights,NY
elmsford.gov,City,Village of Elmsford,elmsford,NY
endicottny.gov,City,Village of Endicott,Endicott,NY
townoferinny.gov,City,Town of Erin,Erin,NY
esperancetown-ny.gov,City,Town of Esperance,Esperance,NY
esperancevillage-ny.gov,City,Village of Esperance,Esperance,NY
townofessexny.gov,City,Town of Essex,Essex,NY
townofleray.gov,City,Town of LeRay,Evans Mills,NY
villageofevansmills.gov,City,Village of Evans Mills,Evans Mills,NY
fairportny.gov,City,Village of Fairport,Fairport,NY
falconerny.gov,City,Village of Falconer,Falconer,NY
townofellicott.gov,City,Town of Ellicott,Falconer,NY
farmingdalevillage.gov,City,VILLAGE OF FARMINGDALE,FARMINGDALE,NY
farmingtonny.gov,City,Town of Farmington,Farmington,NY
brookhavenny.gov,City,Town of Brookhaven,Farmingville,NY
fayettevilleny.gov,City,Village of Fayetteville,Fayetteville,NY
townofmanlius.gov,City,Town of Manlius,Fayetteville,NY
townofhumeny.gov,City,Town of Hume,Fillmore,NY
townofmina.gov,City,Town of Mina,Findley Lake,NY
fishkill-ny.gov,City,Town of Fishkill,Fishkill,NY
vofishkill.gov,City,VILLAGE OF FISHKILL,FISHKILL,NY
floralparkny.gov,City,Incorporated Village of Floral Park,Floral Park,NY
villageoffloridany.gov,City,Village of Florida,Florida,NY
townofotsegony.gov,City,"Town of Otsego, NY",Fly Creek,NY
fonda-fultonvillewastewater.gov,Special district,Fonda-Fultonville Wastewater Treatment Facility,Fonda,NY
montgomerycountyny.gov,County,Montgomery County,Fonda,NY
townofforestport.gov,City,Town of Forestport,Forestport,NY
townoffortannny.gov,City,Town of Fort Ann,Fort Ann,NY
villageoffortedward.gov,City,Village of Fort Edward,Fort Edward,NY
washingtoncountyny.gov,County,Washington County,Fort Edward,NY
townofmindenny.gov,City,"Town of Minden, New York",Fort Plain,NY
villageoffortplain.gov,City,Village of Fort Plain,Fort Plain,NY
villageoffrankfortny.gov,City,Village of Frankfort,Frankfort,NY
townoffrankfortny.gov,City,Town of Frankfort,Frankfory,NY
franklindelco-ny.gov,City,Town of Franklin - DelCo,Franklin,NY
villageoffranklinny.gov,City,Village of Franklin,Franklin,NY
farmersvilleny.gov,City,Town of Farmersville,Franklinville,NY
townoffranklinvilleny.gov,City,Town of Franklinville,Franklinville,NY
villagefranklinvilleny.gov,City,Village of Franklinville,Franklinville,NY
arkwrightny.gov,City,Town of Arkwright,Fredonia,NY
townofpomfretny.gov,City,Town of Pomfret,Fredonia,NY
villageoffredoniany.gov,City,Village of Fredonia,Fredonia,NY
freeportny.gov,City,Inc. Village of Freeport,Freeport,NY
townofcarrollny.gov,City,"Town of Carroll - Frewsburg, NY",Frewsburg,NY
friendshipny.gov,City,Town of Friendship,Friendship,NY
cityoffultonny.gov,City,City of Fulton,Fulton,NY
granbyny.gov,City,Town of Granby,Fulton,NY
townofpalermony.gov,City,Town of Palermo,Fulton,NY
townofvolney.gov,City,Town of Volney,Fulton,NY
nytownofglen.gov,City,New York State Town of Glen,Fultonville,NY
townofgainesvilleny.gov,City,Town of Gainesville,Gainesville,NY
townofgalwayny.gov,City,Town Of Galway,Galway,NY
wiltonfdny.gov,Special district,Wilton Fire District,Gansevoort,NY
gardencityny.gov,City,Incorporated Village of Garden City,Garden City,NY
townofgardinerny.gov,City,TOWN OF GARDINER,GARDINER,NY
haverstrawpolice.gov,City,Town of Haverstraw Police,Garnerville,NY
townofhaverstraw.gov,City,Town of Haverstraw,Garnerville,NY
townofnewlisbonny.gov,City,Town of New Lisbon NY,Garrattsville,NY
townofhartlandny.gov,City,Town of Hartland,Gasport,NY
geneseony.gov,City,"Town of Geneseo, NY",Geneseo,NY
livingstoncountyny.gov,County,Livingston County,Geneseo,NY
livingstoncountynyswcd.gov,Special district,Livingston County SWCD,Geneseo,NY
livingstonsheriffny.gov,County,Livingston County Sheriff,Geneseo,NY
cityofgenevany.gov,City,City of Geneva,Geneva,NY
townofgenevany.gov,City,Town of Geneva,Geneva,NY
germantownny.gov,City,Town of Germantown,GERMANTOWN,NY
townofghent.gov,City,Town of Ghent,Ghent,NY
gilbertsvilleny.gov,City,Village of Gilbertsville,Gilbertsville,NY
conesvilletown-ny.gov,City,Town of Conesville,Gilboa,NY
gilboatown-ny.gov,City,Town of Gilboa,Gilboa,NY
townofnanticokeny.gov,City,Town of Nanticoke,Glen Aubry,NY
glencoveny.gov,City,City of Glen Cove,Glen Cove,NY
upperbrookville.gov,City,VILLAGE OF UPPER BROOKVILLE,GLEN HEAD,NY
wanorthshoreny.gov,Special district,Water Authority of North Shore,Glen Head,NY
villageofglenparkny.gov,City,Village of Glen Park,Glen Park,NY
townoflumberland.gov,City,Town of Lumberland,Glen Spey,NY
cityofglensfallsny.gov,City,City of Glens Falls,Glens Falls,NY
townofglenville.gov,City,Town of Glenville,Glenville,NY
townofglenvillepd.gov,City,Glenville Police Department,Glenville,NY
cityofgloversvilleny.gov,City,City of Gloversville,Gloversville,NY
goshennyfd.gov,Special district,Goshen Fire District,Goshen,NY
orangecountyny.gov,County,Orange County (NY),Goshen,NY
townofgoshenny.gov,City,Town of Goshen,Goshen,NY
villageofgoshen-ny.gov,City,Village of Goshen,Goshen,NY
fowlerny.gov,City,Town of Fowler,Gouverneur,NY
townofgouverneur.gov,City,Town of Gouverneur,Gouverneur,NY
villageofgouverneurny.gov,City,Village of Gouverneur,Gouverneur,NY
gowanda.gov,City,Village of Gowanda,Gowanda,NY
townofpersiany.gov,City,Town of Persia,GOWANDA,NY
neversinkny.gov,City,Town of Neversink,Grahamsville,NY
grandislandny.gov,City,Town of Grand Island,Grand Island,NY
gvoh-ny.gov,City,Grand View on Hudson,Grand View on Hudson,NY
hartfordny.gov,City,Town of Hartford,Granville,NY
townofgranvilleny.gov,City,Town of Granville,Granville,NY
gnparksny.gov,Special district,Great Neck Park District,Great Neck,NY
lakesuccessny.gov,City,Inc. Village of Lake Success,Great Neck,NY
manhassetlakevillewater.gov,Special district,Manhasset-Lakeville Water District,Great Neck,NY
villageofthomastonny.gov,City,Village of Thomaston,Great Neck,NY
greatneckestates-ny.gov,City,Village of Great Neck Estates,Great Neck Estates,NY
greenburghny.gov,City,Town of Greenburgh,Greenburgh,NY
nygreene.gov,City,Town of Greene,"Greene, New York",NY
townofgreeneny.gov,City,Town of Greene,"Greene, New York",NY
greenfieldny.gov,City,Town of Greenfield,Greenfield Center,NY
greenlawnfd.gov,Special district,Greenlawn Fire District,Greenlawn,NY
villageofgreenport.gov,City,Village of Greenport,Greenport,NY
eastonny.gov,City,Town of Easton,Greenwich,NY
townofgreenwichny.gov,City,Town of Greenwich,Greenwich,NY
villageofgreenwichny.gov,City,Village of Greenwich,Greenwich,NY
greenwoodny.gov,City,Town of Greenwood,Greenwood,NY
villageofgreenwoodlake.gov,City,Village of Greenwood Lake,Greenwood Lake,NY
townofgreig.gov,City,Town of Greig,Greig,NY
grotonny.gov,City,Village of Groton,Groton,NY
towngrotonny.gov,City,Town of Groton,Groton,NY
grovelandny.gov,City,Town of Groveland,Groveland,NY
townofguilderland.gov,City,Town of Guilderland,Guilderland,NY
guilfordny.gov,City,Town of Guilford,Guilford,NY
townofdaynewyork.gov,City,Town of Day,hadley,NY
townofhadleyny.gov,City,Town of Hadley,Hadley,NY
hagueny.gov,City,Town of Hague,Hague,NY
townofhalfmoon-ny.gov,City,Town of Halfmoon,Halfmoon,NY
townofhamburgny.gov,City,Town of Hamburg,Hamburg,NY
hamilton-ny.gov,City,VILLAGE OF HAMILTON,HAMILTON,NY
townofhamiltonny.gov,City,Town of Hamilton,Hamilton,NY
hamlinny.gov,City,Town of Hamlin,Hamlin,NY
townofhammondny.gov,City,Town of Hammond,Hammond,NY
hamptonny.gov,City,Town of Hampton,Hampton,NY
hamptonbaysfd.gov,Special district,Hampton Bays Fire District,Hampton Bays,NY
townofhancockny.gov,City,Town of Hancock,Hancock,NY
townofnewbaltimore.gov,City,Town of New Baltimore,Hannacroix,NY
hannibalny.gov,City,Town of Hannibal,Hannibal,NY
hannibalvillageny.gov,City,Hannibal Village,Hannibal,NY
villageofharriman.gov,City,Village of Harriman,HARRIMAN,NY
harrison-ny.gov,City,Town Of Harrison,Harrison,NY
harrisonpdny.gov,City,Harrison Police Department,Harrison,NY
townofdianany.gov,City,Town of Diana Municipality,Harrisville,NY
hartsdalefire.gov,Special district,Hartsdale Fire District,Hartsdale,NY
hartwickny.gov,City,Town of Hartwick,Hartwick,NY
hohny.gov,City,Village of Hastings-on-Hudson,Hastings-on-Hudson,NY
suffolkcountyny.gov,County,Suffolk County Government,Hauppauge,NY
suffolknyda.gov,County,Suffolk County District Attorney's office,Hauppauge,NY
villageofhaverstraw.gov,City,Village of Haverstraw,Haverstraw,NY
hempsteadny.gov,City,Town of Hempstead,Hempstead,NY
villageofhempsteadpdny.gov,City,Hempstead Village Police Department,Hempstead,NY
villageofhempsteadny.gov,City,Inc. Village of Hemsptead,Hemsptead,NY
townofwindhamny.gov,City,Town of Windham NY,Hensonville,NY
windhamnypolice.gov,City,Town of Windham Police Dept,Hensonville,NY
herkimercountyny.gov,County,Herkimer County,Herkimer,NY
townofoswegatchie.gov,City,Town of Oswegatchie,Heuvelton,NY
hewlettbayparkny.gov,City,Village of Hewlett Bay Park,Hewlett,NY
hewlettneck.gov,City,Village of Hewlett Neck,hewlett,NY
woodsburgh.gov,City,village of woodsburgh,hewlett,NY
hewlettharbor.gov,City,Village of Hewlett Harbor,Hewlett Harbor,NY
hicksvillefdny.gov,Special district,Hicksville Fire District,Hicksville,NY
lloydpolice.gov,City,Town of Lloyd Police Department,Highland,NY
townoflloyd.gov,City,Town of Lloyd,Highland,NY
highlandfallsny.gov,City,Village of Highland Falls,Highland Falls,NY
highlands-ny.gov,City,Town of Highlands,Highland Falls,NY
townofwoodburyny.gov,City,Town of Woodbury,Highland Mills,NY
hiltonny.gov,City,Village of Hilton,Hilton,NY
parmany.gov,City,Town  of Parma,Hilton,NY
townofhinsdaleny.gov,City,Town of Hinsdale,Hinsdale,NY
townofstamfordny.gov,City,"Town of Stamford, NY",Hobart,NY
townofhollandny.gov,City,TOWN OF HOLLAND,Holland,NY
hollandpatentny.gov,City,VILLAGE OF HOLLAND PATENT NY,Holland Patent,NY
holleypolice.gov,City,HOLLEY POLICE DEPARTMENT,Holley,NY
murrayjointfiredistrict.gov,Special district,Murray Joint Fire District,Holley,NY
townofmurrayny.gov,City,Town of Murray,Holley,NY
holtsvillefiredistrict.gov,Special district,Holtsville Fire District,Holtsville,NY
scott-ny.gov,City,Town of Scott NY,Homer,NY
townofhomerny.gov,City,Town of Homer,Homer,NY
villageofhomerny.gov,City,Village of Homer,Homer,NY
richmondny.gov,City,Town of Richmond,Honeoye,NY
townofmendonny.gov,City,Town of Mendon,Honeoye Falls,NY
villageofhoneoyefalls.gov,City,Village of Honeoye Falls,Honeoye Falls,NY
hoosick.gov,City,Town of Hoosick,Hoosick Falls,NY
eastfishkillny.gov,City,Town Of East Fishkill,Hopewell Junction,NY
townofhopkintonny.gov,City,Town of Hopkinton,Hopkinton,NY
cityofhornell.gov,City,The City of Hornell,Hornell,NY
townofhartsvilleny.gov,City,"Town of Hartsville, NY",Hornell,NY
townofhorseheads.gov,City,Town of Horseheads,Horseheads,NY
villageofhorseheads.gov,City,Village of Horseheads,Horseheads,NY
townofdelawareny.gov,City,Town of Delaware,Hortonville,NY
columbiacountyny.gov,County,Columbia County MIS Department,Hudson,NY
greenportfiredistrictny.gov,Special district,Greenport Fire District,hudson,NY
hudsonny.gov,City,City of Hudson,Hudson,NY
livingstonny.gov,City,Town of Livingston,Hudson,NY
stockportny.gov,City,Town of Stockport,Hudson,NY
townofgreenportny.gov,City,Town of Greenport,Hudson,NY
kingsburyny.gov,County,"Town of Kingsbury, New York",Hudson Falls,NY
villageofhudsonfallsny.gov,City,Village of Hudson Falls. New York,Hudson Falls,NY
townofdeerparkny.gov,City,Town of Deerpark,Huguenot,NY
halesitefd.gov,Special district,Halesite Fire District,Huntington,NY
huntingtonny.gov,City,Town of Huntington,Huntington,NY
townofhurleyny.gov,City,Town of Hurley,Hurley,NY
hydeparkny.gov,City,Town of Hyde Park,Hyde Park,NY
rooseveltfiredcny.gov,Special district,Roosevelt Fire District,Hyde Park,NY
ilionny.gov,City,Village of Ilion,Ilion,NY
townofcolumbiany.gov,City,Town Of Columbia,Ilion,NY
inletny.gov,City,Town of Inlet,Inlet,NY
townofcovertny.gov,City,Town of Covert,Interlaken,NY
brantny.gov,City,Town of Brant,Irving,NY
irvingtonny.gov,City,Village of Irvington,Irvington,NY
villageofislandpark.gov,City,Village of Island Park,Island Park,NY
islip-ny.gov,City,Town of Islip,Islip,NY
islipny.gov,City,Town of Islip,Islip,NY
isliptown-ny.gov,City,Town of Islip,Islip,NY
townofislip-ny.gov,City,Town of Islip,Islip,NY
cayugaheights.gov,City,Village of Cayuga Heights,Ithaca,NY
cityofithacany.gov,City,City of Ithaca,Ithaca,NY
tompkinscountyny.gov,County,Tompkins County Information Technology Services,Ithaca,NY
townithacany.gov,City,Town of Ithaca,Ithaca,NY
townofenfieldny.gov,City,Town of Enfield,Ithaca,NY
villageoflansingny.gov,City,Village of Lansing,Ithaca,NY
jamestownny.gov,City,City of Jamestown,Jamestown,NY
jamestownnybpu.gov,City,Jamestown Board of Public Utilities (Jamestown BPU),Jamestown,NY
townofjasperny.gov,City,Town of Jasper,Jasper,NY
jeffersontown-ny.gov,City,Town of Jefferson,Jefferson,NY
jerichofdny.gov,Special district,Jericho Fire District,Jericho,NY
townofjewettny.gov,City,Town of Jewett,Jewett,NY
johnsoncityny.gov,City,Village of Johnson City,Johnson City,NY
fultoncountyny.gov,County,County of Fulton,Johnstown,NY
townofjohnstownny.gov,City,Town of Johnstown,JOHNSTOWN,NY
jordanny.gov,City,Village of Jordan,Jordan,NY
townofkeeneny.gov,City,Town of Keene NY,Keene,NY
chesterfieldny.gov,City,Town of Chesterfield,Keeseville,NY
townofausableny.gov,City,Town of Ausable,Keeseville,NY
townofkendallny.gov,City,Town of Kendall,Kendall,NY
kenmoreny.gov,City,Village of Kenmore,Kenmore,NY
tonawanda.gov,City,Town of Tonawanda,Kenmore,NY
townofpolandny.gov,City,Town of Poland,Kennedy,NY
townofkentny.gov,City,Town of Kent,Kent Lakes,NY
villageofkinderhookny.gov,City,Village of Kinderhook,Kinderhook,NY
villageofkingspoint.gov,City,Village of Kings Point,Kings Point,NY
kingston-ny.gov,City,City of Kingston,Kingston,NY
ulstercountyny.gov,County,County of Ulster,Kingston,NY
ulstersheriffny.gov,County,Ulster County Sheriff's Office,Kingston,NY
townofkirkwood.gov,City,Town of Kirkwood,Kirkwood,NY
lackawannany.gov,City,CIty of Lackawanna,Lackawanna,NY
townoforleansny.gov,City,Town of Orleans,LaFargeville,NY
townoflafayetteny.gov,City,Town of LaFayette,LaFayette,NY
lagrangeny.gov,City,Town of LaGrange,Lagrangeville,NY
unionvaleny.gov,City,Town of Union Vale,LaGrangeville,NY
lakegeorgevillage.gov,City,Village of Lake George,Lake George,NY
townoflakegeorge.gov,City,Town of Lake George,Lake George,NY
warrencountyny.gov,County,Warren County,Lake George,NY
lakegroveny.gov,City,Village of Lake Grove,Lake Grove,NY
ulsterpolice.gov,City,Town of Ulster,Lake Katrine,NY
lakeluzerneny.gov,City,Town of Lake Luzerne,Lake Luzerne,NY
lakepleasantny.gov,City,Town of Lake Pleasant,Lake Pleasant,NY
hamiltoncountyny.gov,County,Hamilton County,Lake Pleasent,NY
lakewoodny.gov,City,Village of Lakewood,Lakewood,NY
townofbustiny.gov,City,Town of Busti,Lakewood,NY
lancasterny.gov,City,Town of Lancaster,Lancaster,NY
lancasternyida.gov,Special district,Lancaster industrial development agency,Lancaster,NY
lancastervillageny.gov,City,Village of Lancaster,Lancaster,NY
lansingtownny.gov,City,Town of Lansing,Lansing,NY
larchmontny.gov,City,Village of Larchmont,Larchmont,NY
townofmamaroneckfd.gov,Special district,Town of Mamaroneck Fire Department,Larchmont,NY
townofcolonie.gov,City,Town of Colonie,Latham,NY
laurensfiredistrictny.gov,Special district,Laurens Fire District,Laurens,NY
townoflaurensny.gov,City,Town of Laurens,Laurens,NY
twnlaurensny.gov,City,Town of Laurens,Laurens,NY
villageoflaurensny.gov,City,Village of Laurens,Laurens,NY
lawrenceny.gov,City,Incorporated Village of Lawrence,Lawrence,NY
townofleeny.gov,City,Town of Lee,Lee Center,NY
townofleicesterny.gov,City,"Town of Leicester, NY",Leicester,NY
townofleroyny.gov,City,Town of LeRoy,LeRoy,NY
townoflewistonny.gov,City,Town of Lewiston,Lewiston,NY
villageoflewistonny.gov,City,Village of Lewiston,Lewiston,NY
townoflibertyny.gov,City,Town of Liberty,Liberty,NY
townoflimany.gov,City,"Town of Lima, NY",Lima,NY
villageoflimany.gov,City,"Village of Lima, NY",Lima,NY
carrolltonny.gov,City,Town Of Carrollton,Limestone,NY
townofbabylonny.gov,City,Town of Babylon,Lindenhurst,NY
villageoflindenhurstny.gov,City,Incorporated Village of Lindenhurst,Lindenhurst,NY
townoflindley.gov,City,Town of Lindley,Lindley,NY
townoflisbonny.gov,City,Town of Lisbon,Lisbon,NY
townofgeneseeny.gov,City,Town of Genesee,Little Genesee,NY
cattco.gov,County,Cattaraugus County,Little Valley,NY
villageoflittlevalley.gov,City,Village of Little Valley,Little Valley,NY
salinany.gov,City,Town of Salina,Liverpool,NY
villageofliverpoolny.gov,City,Village of Liverpool,Liverpool,NY
townofrocklandny.gov,City,Town of Rockland,Livingston Manor,NY
livoniany.gov,City,Town and Village of Livonia NY,Livonia,NY
townoflockeny.gov,City,Town of Locke NY,Locke,NY
elockport.gov,City,Town of Lockport,Lockport,NY
lockportny.gov,City,City of Lockport,Lockport,NY
niagaracounty.gov,County,Niagara County,Lockport,NY
pendletonny.gov,City,Town of Pendleton,Lockport,NY
lattingtown.gov,City,Incorporated Village of Lattingtown,locust valley,NY
lattingtownny.gov,City,Village of Lattingtown,Locust Valley,NY
matinecockvillage.gov,City,Inc. Village of Matinecock,Locust Valley,NY
lbpdny.gov,City,City of Long Beach Police Department,Long Beach,NY
longbeachfdny.gov,City,City of Long Beach Fire Department,Long Beach,NY
longbeachny.gov,City,City of Long Beach,Long Beach,NY
longlakeny.gov,City,Town of Long Lake,Long Lake,NY
lewiscountyny.gov,County,"Lewis County, NY",Lowville,NY
townoflowvilleny.gov,City,Town of Lowville NY,Lowville,NY
townofnewbremen.gov,City,Town of New Bremen,Lowville,NY
townofwatsonny.gov,City,Town of Watson NY,Lowville,NY
villageoflowville.gov,City,Village of Lowville New York,Lowville,NY
lynbrookvillage.gov,City,village of lynbrook,lynbrook,NY
villageoflyndonville.gov,City,Village of Lyndonville,Lyndonville,NY
lyonsfiredistrictny.gov,Special district,Lyons Fire District,Lyons,NY
lyonsny.gov,City,Town of Lyons,Lyons,NY
waynecountyny.gov,County,Wayne County NY,Lyons,NY
lyonsfallsny.gov,City,Village of Lyons Falls New York,Lyons Falls,NY
townofwestturin.gov,City,Town of West Turin,Lyons Falls,NY
macedontown.gov,City,Town of Macedon,Macedon,NY
machiasny.gov,City,"Town of Machias, NY",Machias,NY
villageofmadisonny.gov,City,VILLAGE OF MADISON,MADISON,NY
townofmadridny.gov,City,Town Of Madrid,Madrid,NY
carmelpoliceny.gov,City,Town of Carmel Police Department,Mahopac,NY
townofcarmelny.gov,City,Town of Carmel,Mahopac,NY
townofmaineny.gov,City,Town of Maine,Maine,NY
franklincoswcdny.gov,Special district,Franklin County Soil and Water Conservation District,Malone,NY
franklincountyny.gov,County,County of Franklin,Malone,NY
malonepdny.gov,City,Malone Village Police Department,Malone,NY
malonetownny.gov,City,Town of Malone,Malone,NY
townofmaloneny.gov,City,Town of Malone,Malone,NY
townofwestvilleny.gov,City,Town of Westville,Malone,NY
villageofmaloneny.gov,City,Village of Malone,Malone,NY
townofmaltany.gov,City,Town of Malta,Malta,NY
malvernevillage.gov,City,Incorporated Village of Malverne,Malverne,NY
townofmamaroneckny.gov,City,Town of Mamaroneck,Mamaroneck,NY
townofmamaroneckpd.gov,City,Town of Mamaroneck Police Department,Mamaroneck,NY
villageofmamaroneckny.gov,City,Village of Mamaroneck,Mamaroneck,NY
villageofmanchesterny.gov,City,Village of Manchester,Manchester,NY
manhassetparkdistrictny.gov,Special district,Manhasset Park District,Manhasset,NY
northhempsteadny.gov,City,Town of North Hempstead,Manhasset,NY
plandomeheights-ny.gov,City,Village of Plandome Heights,Manhasset,NY
plandomemanorny.gov,City,Village of Plandome Manor,Manhasset,NY
villageflowerhill.gov,City,VILLAGE OF FLOWER HILL,MANHASSET,NY
manliuspoliceny.gov,City,Town of Manlius Police Department,Manlius,NY
manliusvillageny.gov,City,Village of Manlius,Manlius,NY
pompeyny.gov,City,"Town of Pompey, NY",Manlius,NY
marcelluspdny.gov,City,Marcellus Police Department,Marcellus,NY
townofmarcellusny.gov,City,Town of Marcellus,Marcellus,NY
villageofmarcellusny.gov,City,Village of Marcellus,Marcellus,NY
townofmarilla.gov,City,Town of Marilla,Marilla,NY
marionny.gov,City,Town of Marion,Marion,NY
martinsburgny.gov,City,"Town of Martinsburg, New York",Martinsburg,NY
masspkny.gov,City,INC. VILLAGE OF MASSAPEQUA PARK,Massapequa Park,NY
louisvilleny.gov,City,Town of Louisville,MASSENA,NY
massenany.gov,City,Town of Massena,Massena,NY
masticfd.gov,Special district,Mastic Fire District,Mastic,NY
mattituckparks.gov,Special district,Mattituck Park District,Mattituck,NY
townofmayfieldny.gov,City,Town of Mayfield,Mayfield,NY
chautauquacountyny.gov,County,Chautauqua County,Mayville,NY
mayvilleny.gov,City,Village of Mayville,Mayville,NY
townofchautauqua.gov,City,Town of Chautauqua,Mayville,NY
mcdonoughny.gov,City,Town of McDonough NY,McDonough,NY
villageofmcgraw.gov,City,Village of McGraw,MCGRAW,NY
mechanicvilleny.gov,City,"City of Mechanicville, NY",Mechanicville,NY
townofridgewayny.gov,City,Town of Ridgeway,Medina,NY
townofshelbyny.gov,City,Town of Shelby,MEDINA,NY
villagemedina.gov,City,Village of Medina,Medina,NY
rensselaerville.gov,City,Town of Rensselaerville,Medusa,NY
claverackny.gov,City,"Town of Claverack, NY",Mellenville,NY
mellenvillefireny.gov,Special district,Mellenville Fire District,Mellenville,NY
townofschaghticoke.gov,City,Town of Schaghticoke,Melrose,NY
melrosefireny.gov,Special district,Melrose Fire District,Melrose NY,NY
melvillefdny.gov,Special district,Melville Fire District,Melville,NY
menandsny.gov,City,Village of Menands,Menands,NY
mexicocsd.gov,Special district,Mexico Academy & CSD,Mexico,NY
townofmexicony.gov,City,Town of Mexico,Mexico,NY
villageofmexico.gov,City,Village of Mexico,Mexico,NY
townofprovidenceny.gov,City,Town of Providence,Middle Grove,NY
broometown-ny.gov,City,Town of Broome,Middleburgh,NY
middleburghtown-ny.gov,City,Town of Middleburgh,Middleburgh,NY
villageofmiddleburgh.gov,City,Village of Middleburgh,Middleburgh,NY
middleportny.gov,City,Village of Middleport,Middleport,NY
townofroyaltonny.gov,City,Town of Royalton,Middleport,NY
middletownny.gov,City,City of Middletown,Middletown,NY
villageofmiddlevilleny.gov,City,Village of Middleville,Middleville,NY
milan-ny.gov,City,Town of Milan,Milan,NY
villagemilfordny.gov,City,Village of Milford,Milford,NY
villageofmillbrookny.gov,City,Village of Millbrook,Millbrook,NY
washingtonny.gov,City,Town of Washington,Millbrook,NY
townofnortheastny.gov,City,"Town of North East, NY",Millerton,NY
villageofmillerton-ny.gov,City,Village of Millerton,Millerton,NY
millportny.gov,City,Village of Millport,Millport,NY
townofveteranny.gov,City,TOWN OF VETERAN,MILLPORT,NY
marlboroughpoliceny.gov,City,Town of Marlborough Police Department,Milton,NY
townofmarlboroughny.gov,City,Town of Marlborough,Milton,NY
mineola-ny.gov,City,City of Mineola,Mineola,NY
nassaucountyny.gov,County,Nassau County,Mineola,NY
townofminervany.gov,City,Town of Minerva,Minerva,NY
townofminetto.gov,City,Town of Minetto,Minetto,NY
townofplattekill.gov,City,"Town of Plattekill - Modena, NY",Modena,NY
villageofmohawk.gov,City,Village of Mohawk,Mohawk,NY
townofmoirany.gov,City,Town of Moira,Moira,NY
kiryasjoel.gov,City,Village of Kiryas Joel,Monroe,NY
sbgny.gov,City,Village of South Blooming Grove,Monroe,NY
townofmonroeny.gov,City,Town of Monroe,Monroe,NY
villageofmonroeny.gov,City,Village of Monroe,Monroe,NY
kaser.gov,City,Village of Kaser,Monsey,NY
wesleyhills.gov,City,Village of Wesley Hills,Monsey,NY
montgomeryfiredistrictny.gov,Special district,Montgomery Fire District,Montgomery,NY
townofmontgomeryny.gov,City,Town of Montgomery,Montgomery,NY
villageofmontgomeryny.gov,City,Village of Montgomery,Montgomery,NY
monticellopoliceny.gov,City,Village of Monticello Police Dept,Monticello,NY
sullivanny.gov,County,County of Sullivan,Monticello,NY
thompsonny.gov,City,Town of Thompson,Monticello,NY
villageofmonticellony.gov,City,Village of Monticello,Monticello,NY
townofmontour.gov,City,Town of Montour,Montour Falls,NY
townofmoravia.gov,City,Town of Moravia,Moravia,NY
townofnilesny.gov,City,Town of Niles,Moravia,NY
villageofmoravia.gov,City,Village of Moravia,Moravia,NY
townofmoreauny.gov,City,Town of Moreau,Moreau,NY
schuylerfallsny.gov,City,Town of Schuyler Falls,Morrisonville,NY
townofmorristownny.gov,City,"Town of Morristown, NY",Morristown,NY
mountkiscony.gov,City,Village of Mount Kisco,Mount Kisco,NY
townofmtmorrisny.gov,City,Town of Mount Morris,Mount Morris,NY
villageofmountmorrisny.gov,City,"Village of Mount Morris, NY",Mount Morris,NY
mountvernonny.gov,City,City of Mount Vernon,Mount Vernon,NY
mountvernonnypd.gov,City,City of Mount Vernon Police Department,Mount Vernon,NY
muttontownny.gov,City,Village of Muttontown,Muttontown,NY
blenheimtown-ny.gov,City,Town of Blenheim,N. Blenheim,NY
italyny.gov,City,Town of Italy,Naples,NY
naplesny.gov,City,Village of Naples & Town of Naples,Naples,NY
southbristolny.gov,City,"Town of South Bristol, NY",Naples,NY
townoftusten.gov,City,Town of Tusten,narrowsburgh,NY
townofnassau.gov,City,Town of Nassau,Nassau,NY
nelsonvilleny.gov,City,Village of Nelsonville,Nelsonville,NY
townofnewberlinny.gov,City,Town of New Berlin NY,New Berlin,NY
villageofnewberlinny.gov,City,Village of New Berlin NY,New Berlin,NY
clarkstown.gov,City,Town Of Clarkstown,New City,NY
rocklandcountyny.gov,County,County of Rockland,New City,NY
rocklandsheriffny.gov,County,Rockland County Sheriff's Office,New City,NY
townofnewhartfordny.gov,City,Town of New Hartford,New Hartford,NY
villageofnewhartford.gov,City,Village of New Hartford,New Hartford,NY
villagenhpny.gov,City,Incorporated Village of New Hyde Park,New Hyde Park,NY
townofnewlebanonny.gov,County,Town of New Lebanon,New Lebanon,NY
newpaltzpolice.gov,City,Town of New Paltz Police Department,New Paltz,NY
townofnewpaltzny.gov,City,Town of New Paltz,New Paltz,NY
villageofnewpaltz.gov,City,Village of New Paltz,New Paltz,NY
newrochelleny.gov,City,City of New Rochelle,New Rochelle,NY
newsquare-ny.gov,City,Village of New Square,New Square,NY
newwindsor-ny.gov,City,Town of New Windsor,New Windsor,NY
wcnyh.gov,Special district,Waterfront Commission of New York Harbor,New York,NY
villageofnewarkny.gov,City,Village of Newark,Newark,NY
townofnewarkvalley.gov,City,Town of Newark Valley,Newark Valley,NY
cityofnewburgh-ny.gov,City,City of Newburgh,Newburgh,NY
cronomerfire.gov,Special district,Cronomer Valley Fire District,Newburgh,NY
orangelakefiredistrict.gov,Special district,Orange Lake Fire District,Newburgh,NY
townofnewburghny.gov,City,Town of Newburgh,Newburgh,NY
newcombny.gov,City,Town of Newcomb,Newcomb,NY
townofnewfaneny.gov,City,Town of Newfane,Newfane,NY
townofnewportny.gov,City,Town of Newport,Newport,NY
villageofnewportny.gov,City,Village of Newport,Newport,NY
niagarafallsny.gov,City,City of Niagara Falls,Niagara Falls,NY
niagarafallsnycarts.gov,City,"City of Niagara Falls, NY",Niagara Falls,NY
townofniagarany.gov,City,Town of Niagara,Niagara Falls,NY
townofnicholsny.gov,City,Town of Nichols,Nichols,NY
villageofnicholsny.gov,City,Village of Nichols,Nichols,NY
niskayuna.gov,City,Town of Niskayuna,Niskayuna,NY
townofbangorny.gov,City,Town of Bangor,North Bangor,NY
viennany.gov,City,Town of Vienna,North Bay,NY
townofnorthcollinsny.gov,City,Town of North Collins,North Collins,NY
johnsburgny.gov,City,Town of Johnsburg,North Creek,NY
townofnorthhudsonny.gov,City,Town of North Hudson,North Hudson,NY
townofjavany.gov,City,TOWN OF JAVA,north java,NY
roseny.gov,City,Town of Rose,North Rose,NY
northsalemny.gov,City,Town of North Salem,North Salem,NY
northsyracuseny.gov,City,Village of North Syracuse,North Syracuse,NY
northsyracusepoliceny.gov,City,Village of North Syracuse Police Department,North Syracuse,NY
northtonawanda.gov,City,City of North Tonawanda,North Tonawanda,NY
wheatfield-ny.gov,City,Town of Wheatfield,North Tonawanda,NY
eatonsneckfd.gov,Special district,Eaton's Neck Fire District,Northport,NY
northportny.gov,City,"Incorporated Village of Northport, NY",Northport,NY
townofnorthamptonny.gov,City,Town of Northampton,Northville,NY
chenangocountyny.gov,County,Chenango County NY,Norwich,NY
norwichnewyork.gov,City,City of Norwich New York,Norwich,NY
townofnorwichny.gov,City,Town of Norwich,Norwich,NY
norwoodny.gov,City,Village of Norwood New York,Norwood,NY
townofnundany.gov,City,"Town of Nunda, NY",Nunda,NY
villageofnunda.gov,City,Village of Nunda,Nunda,NY
fairfieldny.gov,City,Town of Fairfield,NY,NY
nyack.gov,City,Village of Nyack,Nyack,NY
townofalabamany.gov,City,Town of Alabama,Oakfield,NY
villageofoakfieldny.gov,City,Village of Oakfield,Oakfield,NY
villageofoceanbeach.gov,City,Inc Village of Ocean Beach,Ocean Beach,NY
ogdensburgny.gov,City,City of Ogdensburg,Ogdensburg,NY
ogdensburgpdny.gov,City,City of Ogdensburg,Ogdensburg,NY
oldbrookville.gov,City,Village of Old Brookville,Old Brookville,NY
townofwebbny.gov,City,Town of Webb,Old Forge,NY
villageofoldwestbury.gov,City,Inc. Village of Old Westbury,Old Westbury,NY
cityofolean.gov,City,City of Olean,Olean,NY
portvilleny.gov,City,The Town of Portville,Olean,NY
oneidacityny.gov,City,City of Oneida,Oneida,NY
cityofoneontany.gov,City,City of Oneonta,Oneonta,NY
townofonondaga.gov,City,Town of Onondaga,Onondaga,NY
ontariotown.gov,City,Town of Ontario,Ontario,NY
orangetown.gov,City,Town of Orangetown,Orangeburg,NY
orchardparkfiredistrict.gov,Special district,Orchard Park Fire District,Orchard Park,NY
orchardparkny.gov,City,Town of Orchard Park,Orchard Park,NY
orchardparkvillageny.gov,City,Village of Orchard Park,Orchard Park,NY
oriskany.gov,City,Village of Oriskany,Oriskany,NY
ossiningpoliceny.gov,City,Ossining Police Department,Ossining,NY
townofossiningny.gov,City,Town Of Ossining,Ossining,NY
villageofossiningny.gov,City,The Village of Ossining,Ossining,NY
newhavenny.gov,City,Town of New Haven,Oswego,NY
oswegocountyny.gov,County,Oswego County Central Services,Oswego,NY
oswegony.gov,City,City of Oswego,Oswego,NY
scribany.gov,City,Town of Scriba,Oswego,NY
townofoswego.gov,City,Town of Oswego,Oswego,NY
townofotegony.gov,City,Town of Otego,Otego,NY
villageofotego.gov,City,Village of Otego,Otego,NY
mounthopeny.gov,City,Town Of Mount Hope,Otisville,NY
villageofotisvilleny.gov,City,Village of Otisville,Otisville,NY
townofovidny.gov,City,Town of Ovid,Ovid,NY
tiogacountyny.gov,County,Tioga County,Owego,NY
villageofowegony.gov,City,Village of Owego,Owego,NY
townofoxfordny.gov,City,Town of Oxford NY,Oxford,NY
villageofoxfordny.gov,City,Village of Oxford NY,Oxford,NY
centreisland.gov,City,Inc. Village of Centre Island,Oyster Bay,NY
centreislandpdny.gov,City,Centre Island Police Department,Oyster Bay,NY
coveneck.gov,City,Inc. Village of Cove Neck,Oyster Bay,NY
obwdny.gov,Special district,OYSTER BAY WATER DISTRICT,Oyster Bay,NY
oysterbay-ny.gov,City,Town of Oyster Bay,Oyster Bay,NY
oysterbaycove.gov,City,"Oyster Bay Cove, Village of",Oyster Bay,NY
oysterbaytown.gov,City,Town of Oyster Bay,Oyster Bay,NY
erwinny.gov,City,"Town of Erwin, NY",Painted Post,NY
villageofpaintedpost.gov,City,Village of Painted Post,Painted Post,NY
palmyrany.gov,City,Town of Palmyra NY,Palmyra,NY
palmyravillageny.gov,City,Village of Palmyra,Palmyra,NY
patchoguefd.gov,Special district,Patchogue Fire District,Patchogue,NY
patchoguevillage.gov,City,Village of Patchogue,Patchogue,NY
pattersonny.gov,City,Town of Patterson,Patterson,NY
villageofpawling.gov,City,Village of Pawling,Pawling,NY
cityofpeekskillny.gov,City,City of Peekskill,Peekskill,NY
pelhamny.gov,City,Village of Pelham,Pelham,NY
townofpelhamny.gov,City,Town of Pelham,Pelham,NY
pelhammanor.gov,City,Village of Pelham Manor,Pelham Manor,NY
penfieldfd.gov,Special district,Penfield Fire District,Penfield,NY
penfieldny.gov,City,Town of Penfield,Penfield,NY
townofbarringtonny.gov,City,Town of Barrington,Penn Yan,NY
townofmilony.gov,City,Town of Milo,Penn Yan,NY
villageofpennyan.gov,City,Village of Penn Yan,Penn Yan,NY
yatescountyny.gov,County,Yates County,Penn Yan,NY
yatescountysheriff.gov,County,Yates County,Penn Yan,NY
perinton.gov,City,Town of Perinton,Perinton,NY
villageofperryny.gov,City,Village of Perry,Perry,NY
perrysburgny.gov,City,Town of Perrysburg,Perrysburg,NY
perutownny.gov,City,TOWN OF PERU,Peru,NY
townofphelpsny.gov,City,Town of Phelps,Phelps,NY
villageofphelpsny.gov,City,Village of Phelps New York,Phelps,NY
schroeppelny.gov,City,Town of Schroeppel,Phoenix,NY
villageofphoenix-ny.gov,City,Village of Phoenix,Phoenix,NY
townofpiercefield.gov,City,Town of Piercefield,Piercefield,NY
piermont-ny.gov,City,Village of Piermont,Piermont,NY
townofcrawfordny.gov,City,Town of Crawford,Pine Bush,NY
pineplains-ny.gov,City,Town of Pine Plains,Pine Plains,NY
townofarietta.gov,City,Town of Arietta,Piseco,NY
townofpittsfordny.gov,City,Town of Pittsford,Pittsford,NY
villageofpittsfordny.gov,City,Village of Pittsford,Pittsford,NY
cityofplattsburgh-ny.gov,City,City of Plattsburgh,Plattsburgh,NY
clintoncountyny.gov,County,County of Clinton,Plattsburgh,NY
townofplattsburghny.gov,City,Town of Plattsburgh,Plattsburgh,NY
pleasantvalley-ny.gov,City,Town of Pleasant Valley,Pleasant Valley,NY
pleasantville-ny.gov,City,Village of Pleasantville,Pleasantville,NY
poestenkillny.gov,City,Town of Poestenkill,Poestenkill,NY
pomonavillage.gov,City,Village of Pomona,pomona,NY
townofconquestny.gov,City,Town of Conquest,Port Byron,NY
portchesterny.gov,City,Village of Port Chester,Port Chester,NY
portchesternyida.gov,Special district,Port Chester NY Industrial Development Agency,Port Chester,NY
portchestervotes.gov,City,"Village of Port Chester, NY",Port Chester,NY
ryetownny.gov,City,Town of Rye,PORT CHESTER,NY
townoffentonny.gov,City,Town of Fenton,Port Crane,NY
townofmoriahny.gov,City,Town of Moriah,Port Henry,NY
portjeffny.gov,City,Incorporated Village of Port Jefferson,Port Jefferson,NY
greenvilleocny.gov,City,Town of Greenville,Port Jervis,NY
portjervisny.gov,City,City of Port Jervis,Port Jervis,NY
lyonsdaleny.gov,City,Town of Lyonsdale New York,Port Leyden,NY
baxterestates.gov,City,Baxter Estates,Port Washington,NY
manorhaven.gov,City,Incorporated Village of Manorhaven,Port Washington,NY
portwashingtonnorth.gov,City,Village of Port Washington North,Port Washington,NY
townofmilfordny.gov,City,Town of Milford,Portlandville,NY
potsdammuseumny.gov,City,Potsdam Public Museum,Potsdam,NY
potsdampoliceny.gov,City,Potsdam Police Department,Potsdam,NY
townofpotsdamny.gov,City,Town of Potsdam,Potsdam,NY
villageofpotsdamny.gov,City,Village of Potsdam,Potsdam,NY
cityofpoughkeepsie.gov,City,City of Poughkeepsie,Poughkeepsie,NY
dutchessny.gov,County,Dutchess Co. Office of Computer Information Services,Poughkeepsie,NY
townofpoughkeepsie-ny.gov,City,Town of Poughkeepsie,POUGHKEEPSIE,NY
townofbeekman.gov,City,Town of Beekman,Poughquag,NY
townofpoundridge.gov,City,TOWN OF POUND RIDGE,Pound Ridge,NY
townofprattsburgh.gov,City,Town of Prattsburgh,Prattsburgh,NY
preble-ny.gov,City,Town of Preble,Preble,NY
pulaskinypolice.gov,City,Pulaski NY Police Deparment,Pulaski,NY
townofrichlandny.gov,City,TOWN OF RICHLAND,PULASKI,NY
putnamvalley.gov,City,Town of Putnam Valley,Putnam Valley,NY
queensburyny.gov,City,Town of Queensbury,Queensbury,NY
quoguefiredeptny.gov,City,Village of Quogue,Quogue,NY
villageofquogueny.gov,City,Village of Quogue,Quogue,NY
randolphny.gov,City,Town of Randolph,Randolph,NY
ransomvillefiredistrict.gov,Special district,Ransomville Fire District,Ransomville,NY
coeymans.gov,City,Town of Coeymans,Ravena,NY
villageofravenany.gov,City,Village of Ravena,Ravena,NY
redhookny.gov,City,Town of Red Hook,Red Hook,NY
redhookpolice.gov,City,Village of Red Hook,Red Hook,NY
redhookvillage.gov,City,Village of Red Hook,Red Hook,NY
rossieny.gov,City,Town of Rossie,Redwood,NY
remsenny.gov,City,Town of Remsen,Remsen,NY
rensselaerny.gov,City,"City of Renssealaer, NY",Rensselaer,NY
clintondcny.gov,City,"Town of Clinton, NY",Rhinebeck,NY
rhinebeckny.gov,City,Town of Rhinebeck,Rhinebeck,NY
villageofrhinebeck.gov,City,Village of Rhinebeck,Rhinebeck,NY
villageofrhinebeckny.gov,City,Village Of Rhinebeck,Rhinebeck,NY
wirtny.gov,City,Town of Wirt,Richburg,NY
townofrichfieldny.gov,City,Town of Richfield,Richfield Springs,NY
richmondvilletown-ny.gov,City,Town of Richmondville,Richmondville,NY
richmondvillevillage-ny.gov,City,Village of Richmondville,Richmondville,NY
villageofrichmondville.gov,City,Village of Richmondville,Richmondville,NY
ripleyny.gov,City,Town of Ripley,Ripley,NY
riverheadfd.gov,Special district,Riverhead Fire District,Riverhead,NY
townofriverheadny.gov,City,Town of Riverhead - IT Dept.,Riverhead,NY
brightonfdny.gov,Special district,Brighton Fire District,Rochester,NY
brightonny.gov,City,Town of Brighton,Rochester,NY
brightonnypolice.gov,City,Town of Brighton,Rochester,NY
chiliny.gov,City,Town of Chili,Rochester,NY
cityofrochester.gov,City,City Of Rochester,Rochester,NY
gatesfiredistrictny.gov,Special district,Gates Fire District,Rochester,NY
greeceny.gov,City,Town of Greece,Rochester,NY
henriettany.gov,City,Town of Henrietta,Rochester,NY
irondequoit.gov,City,Town of Irondequoit,Rochester,NY
monroecounty.gov,County,Monroe County,Rochester,NY
monroecountyny-opi.gov,County,Monroe County Office of Public Integrity,Rochester,NY
monroecountysheriff-ny.gov,County,Monroe County Sheriff's Office,Rochester,NY
northgreecefd.gov,Special district,North Greece Fire District,Rochester,NY
stpaulfireny.gov,Special district,St Paul Boulevard Fire District,Rochester,NY
townofgatesny.gov,City,Town of Gates,Rochester,NY
rvcny.gov,City,Village of Rockville Centre,Rockville Centre,NY
floydny.gov,City,Town of Floyd,Rome,NY
romeny.gov,City,City of Rome,Rome,NY
varickny.gov,City,Town Of Varick,ROMULUS,NY
northhillsny.gov,City,Village of North Hills,Roslyn,NY
roslynny.gov,City,The Village of Roslyn,Roslyn,NY
villageofroslynestates.gov,City,Village of Roslyn Estates,Roslyn Estates,NY
townofrotterdam.gov,City,Town of Rotterdam,Rotterdam,NY
rousespointny.gov,City,Village of Rouses Point,Rouses Point,NY
roxburyny.gov,City,Town of Roxbury,Roxbury,NY
townofrushny.gov,City,Town of Rush,Rush,NY
townofrushford.gov,City,Town of Rushford,Rushford,NY
russellny.gov,City,Town of Russell,Russell,NY
ryeny.gov,City,City of Rye,Rye,NY
ryebrookny.gov,City,Village of Rye Brook,Rye Brook,NY
sacketsharbor-ny.gov,City,Village of Sackets Harbor,Sackets Harbor,NY
saddlerockny.gov,City,Village of Saddle Rock,Saddle Rock,NY
northhavenny.gov,City,Incorporated Village of North Haven,Sag Harbor,NY
sagharborny.gov,City,Incorporated Village of Sag Harbor,Sag Harbor,NY
sagaponackvillageny.gov,City,Village of Sagaponack,Sagaponack,NY
headoftheharborny.gov,City,Village of Head of the Harbor,Saint James,NY
stjamesfiredistrictny.gov,Special district,Saint James Fire District,Saint James,NY
salamancany.gov,City,City of Salamanca,Salamanca,NY
hebronny.gov,City,Town of Hebron,Salem,NY
townofsalemny.gov,City,Town Of Salem,salem,NY
townofsalisburyny.gov,City,Town of Salisbury,Salisbury Center,NY
sandspoint.gov,City,Inc Village of Sands Point,Sands Point,NY
freedomny.gov,City,Town of Freedom,Sandusky,NY
townofsandycreekny.gov,City,Town of Sandy Creek,Sandy Creek,NY
sangerfieldny.gov,City,Town of Sangerfield,Sangerfield,NY
townofsaranac.gov,City,Town of Saranac,Saranac,NY
harrietstown.gov,City,Town of Harrietstown,Saranac Lake,NY
saranaclakeny.gov,City,"Village of Saranac Lake, Inc.",Saranac Lake,NY
saratogaspringsny.gov,City,City of Saratoga Springs,Saratoga Springs,NY
saugertiesny.gov,City,Saugerties Town,Saugerties,NY
villageofsaugerties.gov,City,Village of Saugerties,Saugerties,NY
townofparisny.gov,City,Town of Paris,Sauquoit,NY
sayvillefd.gov,Special district,Sayville Fire District,Sayville,NY
scarsdale.gov,City,Village/Town of Scarsdale,Scarsdale,NY
cityofschenectady.gov,City,City of Schenectady,Schenectady,NY
schenectadycountyny.gov,County,Schenectady County,Schenectady,NY
schenectadyny.gov,City,City of Schenectady,Schenectady,NY
marylandny.gov,City,"Town of Maryland, NY",Schenevus,NY
schohariecounty-ny.gov,County,Schoharie County,Schoharie,NY
schoharietown-ny.gov,City,Town of Schoharie,Schoharie,NY
schoharievillage-ny.gov,City,Village of Schoharie,Schoharie,NY
wrighttown-ny.gov,City,Town of Wright,Schoharie,NY
townofschroonny.gov,City,Town of Schroon,Schroon Lake,NY
townofexeterny.gov,City,Town of Exeter,Schuyler Lake,NY
townofsciony.gov,City,Town of Scio,Scio,NY
townofscipiony.gov,City,Town of Scipio,Scipio Center,NY
villageofscotiany.gov,City,Village of Scotia NY,Scotia,NY
scottsvilleny.gov,City,Village of Scottsville,Scottsville,NY
townofwheatlandny.gov,City,Town of Wheatland NY,scottsville,NY
seacliff-ny.gov,City,Sea Cliff Website Committee,Sea Cliff,NY
northmassapequafd.gov,Special district,North Massapequa Fire District,Seaford,NY
bridgeportfdny.gov,Special district,Bridgeport Fire District,Seneca Falls,NY
senecafalls.gov,City,"Town of Seneca Falls, NY",Seneca Falls,NY
tyreny.gov,City,Town of Tyre,Seneca Falls,NY
shandaken.gov,City,Town of Shandaken,Shandaken,NY
sharonspringsvillage-ny.gov,City,Village of Sharon Springs,Sharon Springs,NY
sharontown-ny.gov,City,Town of Sharon,Sharon Springs,NY
shelterislandtown.gov,City,Town of Shelter Island,Shelter Island,NY
townofsherburne.gov,City,Town of Sherburne,Sherburne,NY
villageofsherburneny.gov,City,Village of Sherburne,Sherburne,NY
shermanny.gov,City,Village of Sherman,Sherman,NY
sherrillny.gov,City,City of Sherrill,SHERRILL,NY
townofsidneyny.gov,City,Town of Sidney NY,Sidney,NY
hanoverny.gov,City,Town of Hanover,Silver Creek,NY
silvercreekny.gov,City,Village of Silver Creek,Silver Creek,NY
charlotteny.gov,City,Town of Charlotte,Sinclairville,NY
skanpoliceny.gov,City,Village of Skaneateles,Skaneateles,NY
townofspaffordny.gov,City,TOWN OF SPAFFORD,SKANEATELES,NY
villageofskaneateles.gov,City,Village of Skaneateles,Skaneateles,NY
townofskaneateles.gov,City,Town of Skaneateles,"Skaneateles, New York",NY
wawayanda.gov,City,Town of Wawayanda,Slate Hill,NY
townofcarolineny.gov,City,Town of Caroline,Slaterville Springs,NY
sleepyhollowny.gov,City,Village of Sleepy Hollow,Sleepy Hollow,NY
townofnewscotland.gov,City,Town of New Scotland,"Slingerlands, NY",NY
sloanny.gov,City,Village of Sloan,Sloan,NY
sloatsburgny.gov,City,Village of Sloatsburg,Sloatsburg,NY
smithtownny.gov,City,Town of Smithtown,Smithtown,NY
villageofthebranchny.gov,City,Village of the Branch,Smithtown,NY
smithvilleny.gov,City,Town of Smithville NY,Smithville Flats,NY
townofsmyrnany.gov,City,Town of Smyrna NY,Smyrna,NY
sodusny.gov,City,Town of Sodus,Sodus,NY
villageofsodusny.gov,City,Village of Sodus,Sodus,NY
solvayny.gov,City,Village of Solvay,Solvay,NY
somersny.gov,City,Town of Somers,Somers,NY
townofdaytonny.gov,City,Town of Dayton,South Dayton,NY
fallsburgny.gov,City,Town of Fallsburg,South Fallsburg,NY
southfallsburgfiredistrict.gov,Special district,South Fallsburg Fire District,South Fallsburg,NY
southfloralpark.gov,City,Village of South Floral Park,South Floral Park,NY
villageofsgfny.gov,City,Village of South Glens Falls,South Glens Falls,NY
townofplymouthny.gov,City,Town of Plymouth NY,South Plymouth,NY
lewisborony.gov,City,Town of Lewisboro,South Salem,NY
lewisboropd.gov,City,Lewisboro Police Department,South Salem,NY
vistafiredistrictny.gov,Special district,VISTA FIRE DISTRICT #1,SOUTH SALEM,NY
southamptontownny.gov,City,Town of Southampton,Southampton,NY
southamptontownnypolice.gov,City,Town of Southampton,Southampton,NY
southamptonvillagepolice.gov,City,Southampton Village Police Department,Southampton,NY
southoldtownny.gov,City,Town of Southold,Southold,NY
villageofspeculator.gov,City,Village of Speculator,Speculator,NY
townofspencerny.gov,City,Town of Spencer,Spencer,NY
ogdenny.gov,City,Town of Ogden,Spencerport,NY
spencerport.gov,City,Village of Spencerport,Spencerport,NY
austerlitzny.gov,City,"Town of Austerlitz, NY",Spencertown,NY
nytownofcharleston.gov,City,Town of Charleston,Sprakers,NY
springvalleyny.gov,City,Village of Spring Valley,Spring Valley,NY
townofconcordny.gov,City,Town of Concord New York,Springville,NY
villageofspringvilleny.gov,City,Village of Springville,Springville,NY
canadiceny.gov,City,Town of Canadice,Springwater,NY
springwaterny.gov,City,Town of Springwater,Springwater,NY
nissequogueny.gov,City,Village of Nissequogue,St. James,NY
sjvny.gov,City,Village of St. Johnsville,St. Johnsville,NY
townofoppenheim.gov,City,Town of Oppenheim,St. Johnsville,NY
villageofstamfordny.gov,City,Village of Stamford,STAMFORD,NY
stanfordny.gov,City,Town of Stanford,Stanfordville,NY
townofsenecany.gov,City,Town of Seneca,Stanley,NY
finetownny.gov,City,Town of Fine,Star Lake,NY
townofcoldspringny.gov,City,Town of Coldspring,Steamburg,NY
stephentown.gov,City,Town of Stephentown,Stephentown,NY
stewartmanorny.gov,City,Inc. Village of Stewart Manor,Stewart Manor,NY
townofstillwaterny.gov,City,Town of Stillwater,Stillwater,NY
villageofstillwaterny.gov,City,Village of Stillwater,STILLWATER,NY
townofstocktonny.gov,City,Town of Stockton,Stockton,NY
stonycreekny.gov,City,Town of Stony Creek,Stony Creek,NY
stonypointny.gov,City,Town of Stony Point,Stony Point,NY
stonypointpdny.gov,City,Town of Stony Point Police Department,Stony Point,NY
townofsheldonny.gov,City,Town of Sheldon,STRYKERSVILLE,NY
stuyvesantny.gov,City,Town of Stuyvesant,Stuyvesant,NY
montebellony.gov,City,"Village of Montebello, NY",Suffern,NY
ramapo-ny.gov,City,Town of Ramapo,Suffern,NY
ramapo.gov,City,Town of Ramapo,Suffern,NY
suffernny.gov,City,Village of Suffern,Suffern,NY
summittown-ny.gov,City,Town of Summit,Summit,NY
townofgrove.gov,City,Town of Grove,Swain,NY
villageofsylvanbeachny.gov,City,Village of Sylvan Beach,"Sylvan Beach, NY 13157",NY
camilluspolice.gov,City,Camillus Police Department,Syracuse,NY
onondaga.gov,County,Onondaga County,Syracuse,NY
syr.gov,City,City of Syracuse,Syracuse,NY
townofcamillus.gov,City,Town Of Camillus,Syracuse,NY
townofgeddes.gov,City,Town of Geddes,Syracuse,NY
annsvilleny.gov,City,"Town of Annsville - Taberg, NY",Taberg,NY
taghkanicfiredistrict.gov,Special district,Taghkanic Fire District,TAGHKANIC,NY
tannersvilleny.gov,City,Village of Tannersville,Tannersville,NY
townofhunterny.gov,City,Town of Hunter,Tannersville,NY
tarrytownny.gov,City,Village of Tarrytown,Tarrytown,NY
townoftheresany.gov,City,Town of Theresa,THERESA,NY
villageoftheresany.gov,City,Village of Theresa,Theresa,NY
townofticonderoga.gov,City,Town of Ticonderoga,Ticonderoga,NY
sheridanparkfd4.gov,Special district,Sheridan Park Fire District #4,Tonawanda,NY
tonawandacity.gov,City,City of Tonawanda,Tonawanda,NY
townoftroupsburgny.gov,City,Town of Troupsburg,Troupsburg,NY
brunswickny.gov,City,Town of Brunswick,Troy,NY
northgreenbushpd.gov,City,North Greenbush Police Dept.,Troy,NY
renscony.gov,County,Rensselaer County,Troy,NY
troyny.gov,City,"City of Troy, NY",Troy,NY
townofulyssesny.gov,City,Town of Ulysses,Trumansburg,NY
trumansburg-ny.gov,City,Village of Trumansburg,Trumansburg,NY
tuckahoe.gov,City,Village of Tuckahoe,Tuckahoe,NY
tuckahoevillageny.gov,City,Village of Tuckahoe,Tuckahoe,NY
townofotisco.gov,City,Town of Otisco,Tully,NY
tupperlakeny.gov,City,Village of Tupper Lake,Tupper Lake,NY
townofturinny.gov,City,Town of Turin,Turin,NY
villageofturin.gov,City,"Village of Turin, New York",Turin,NY
tuxedopark-ny.gov,City,Village Of Tuxedo Park,Tuxedo Park,NY
esopus.gov,City,Town of Esopus,Ulster Park,NY
townofunadilla.gov,City,Town of Unadilla,Unadilla,NY
villageofunadillany.gov,City,Village of Unadilla,Unadilla,NY
unionspringsny.gov,City,Village of Union Springs,Union Springs,NY
oneidacountyny.gov,County,Oneida County,Utica,NY
townofschuylerny.gov,City,Town of Schuyler,Utica,NY
uticany.gov,City,City of Utica,Utica,NY
kinderhook-ny.gov,City,Town of Kinderhook,Valatie,NY
valatie.gov,City,Village of Valatie,Valatie,NY
mtpleasantny.gov,City,Town of Mount Pleasant,Valhalla,NY
townofpittstown.gov,City,Town of Pittstown,Valley Falls,NY
villageofvalleyfallsny.gov,City,Village of Valley Falls,Valley Falls,NY
valleystreamny.gov,City,Incorporated Village of Valley Stream,Valley Stream,NY
vanetten.gov,City,Town of Van Etten,Van Etten,NY
veniceny.gov,City,Town Of Venice,Venice Center,NY
townofvernonny.gov,City,Town of Vernon,Vernon,NY
vestalny.gov,City,Town of Vestal,Vestal,NY
townofvictorny.gov,City,Town of Victor,Victor,NY
villageofvictorny.gov,City,Village of Victor,Victor,NY
villageofvoorheesville.gov,City,Village of Voorheesville,Voorheesville,NY
townofwaddington.gov,City,Town of Waddington,Waddington,NY
wadingriverfdny.gov,Special district,Wading River Fire District,WADING RIVER,NY
villageofwaldenny.gov,City,The Village of Walden,Walden,NY
villageofwaldenpd.gov,City,The Village of Walden Police Department,Walden,NY
waldenfdny.gov,Special district,Walden Fire District,Walden,NY
shawangunk.gov,City,Town of Shawangunk,Wallkill,NY
villageofwalton.gov,City,Village of Walton,Walton,NY
townofwalworthny.gov,City,Town of Walworth,Walworth,NY
townofwappingerny.gov,City,Town of Wappinger,Wappingers Falls,NY
wappingersfallsny.gov,City,Village of Wappingers falls,Wappingers Falls,NY
warrensburgny.gov,City,Town of Warrensburg,Warrensburg,NY
townoforangeville.gov,City,Town of Orangeville,WARSAW,NY
townofwarsawny.gov,City,Town of Warsaw,Warsaw,NY
villageofwarsawny.gov,City,Village of Warsaw,Warsaw,NY
wyomingcountyny.gov,County,Wyoming County,Warsaw,NY
townofwarwickny.gov,City,Town of Warwick,Warwick,NY
villageofwarwickny.gov,City,Village Of Warwick,Warwick,NY
washingtonville-ny.gov,City,Village of Wasingtonville,Washingtonville,NY
townofwaterfordny.gov,City,Town of Waterford,Waterford,NY
villageofwaterfordny.gov,City,Village of Waterford,Waterford,NY
senecacountyhealthny.gov,County,Seneca County Health Department,Waterloo,NY
senecacountyny.gov,County,Seneca County,Waterloo,NY
townoffayetteny.gov,City,Town of Fayette New York,Waterloo,NY
townofwaterloony.gov,City,Town of Waterloo,Waterloo,NY
villageofwaterloony.gov,City,Village of Waterloo,Waterloo,NY
jeffersoncountyny.gov,County,Jefferson County,Watertown,NY
townofhounsfield.gov,City,Town of Hounsfield,Watertown,NY
townofpamelia.gov,City,Town of Pamelia,WATERTOWN,NY
townofwatertownfire-ny.gov,Special district,Town of Watertown Fire District,Watertown,NY
watertown-ny.gov,City,City of Watertown,Watertown,NY
villageofwaterville.gov,City,Village of Waterville,Waterville,NY
watervlietny.gov,City,City of Watervliet,Watervliet,NY
schuylercountyny.gov,County,Schuyler County,Watkins Glen,NY
townofbartonny.gov,City,Town of Barton,Waverly,NY
villageofwaverly.gov,City,Village of Waverly,Waverly,NY
wawarsingny.gov,City,Town of Wawarsing,Wawarsing,NY
townofwaylandny.gov,City,Town of Wayland,WAYLAND,NY
villageofwaylandny.gov,City,"Village of Wayland, NY",Wayland,NY
townofwayneny.gov,City,Town of Wayne,Wayne,NY
villageofwebsterny.gov,City,Village of Webster,Webster,NY
websterny.gov,City,Town of Webster,Webster,NY
websternytoday.gov,City,Town of Webster,Webster,NY
weedsport.gov,City,Village of Weedsport,Weedsport,NY
wellsny.gov,City,Town of Wells,Wells,NY
ashlandnychemung.gov,City,Town of Ashland in Chemung County,Wellsburg,NY
wellsvilletown.gov,City,Town Of Wellsville,Wellsville,NY
wellsvillevillageny.gov,City,VILLAGE OF WELLSVILLE,Wellsville,NY
willingny.gov,City,Town of Willing,Wellsville,NY
westbloomfieldny.gov,City,Town of West Bloomfield,West Bloomfield,NY
townofbeekmantownny.gov,City,Town of Beekmantown,West Chazy,NY
acfd6ny.gov,Special district,Aurora Colden Fire District No. 6,West Falls,NY
fultontown-ny.gov,City,Town of Fulton,West Fulton,NY
westhaverstraw.gov,City,Village of West Haverstraw,West Haverstraw,NY
sanitarydistrict6tohny.gov,City,Sanitary District No. 6,West Hempstead,NY
henriettafiredistrictny.gov,Special district,Henrietta Fire District,West Henrietta,NY
townoflewislcny.gov,City,Town of Lewis New York,West Leyden,NY
westmonroeny.gov,City,Town of West Monroe,West Monroe,NY
westseneca.gov,City,Town of West Seneca,West Seneca,NY
townofoliveny.gov,City,Town of Olive,West Shokan,NY
ashfordny.gov,City,Town of Ashford,West Valley,NY
townofwinfieldny.gov,City,Town of Winfield,West Winfield,NY
westwinfieldny.gov,City,Village of West Winfield,West Winfield,NY
nassautrafficny.gov,County,Nassau County Traffic Management Center,Westbury,NY
villageofwestbury.gov,City,Village of Westbury,Westbury,NY
westburyfdny.gov,Special district,Westbury Fire Department,Westbury,NY
townofwesterlony.gov,City,Town of Westerlo,Westerlo,NY
townofwestfieldny.gov,City,Town of Westfield,Westfield,NY
villageofwestfieldny.gov,City,Village of Westfield,Westfield,NY
westhamptonbeach.gov,City,Incorporated Village of Westhampton Beach,Westhampton Beach,NY
whdunes.gov,City,Incorporated Village of West Hampton Dunes,Westhampton Beach,NY
townofwestmorelandny.gov,City,Town Of Westmoreland,Westmoreland,NY
townofwestportny.gov,City,Town of Westport,Westport,NY
townofminisink.gov,City,Town of Minisink,Westtown,NY
townofbethelny.gov,City,Town of Bethel,White Lake,NY
northcastlesouthfd1.gov,Special district,North Castle South Fire District #1,White Plains,NY
nypa.gov,Special district,New York Power Authority,White Plains,NY
westchesterclerkny.gov,County,Office of the Westchester County Clerk,White Plains,NY
westchestercountyny.gov,County,County of Westchester,White Plains,NY
westchesterlegislatorsny.gov,County,Westchester County Board of Legislators,White Plains,NY
whiteplainsny.gov,City,City of White Plains,White Plains,NY
townofwhitehallny.gov,City,Town Of Whitehall,Whitehall,NY
villageofwhitehallny.gov,City,Village of whitehall,whitehall,NY
whitestownny.gov,City,Town of Whitestown,Whitesboro,NY
whitneypoint.gov,City,Village of Whitney Point,Whitney Point,NY
romulusny.gov,City,Town of Romulus,Willard,NY
williamsonny.gov,City,Town of Williamson,Williamson,NY
amherstny.gov,City,"Town of Amherst, New York",Williamsville,NY
williamsvilleny.gov,City,Village of Williamsville,Williamsville,NY
willistonparkny.gov,City,Village of Williston Park,Williston Park,NY
townofwillsborony.gov,City,"Town of Willsboro, NY",Willsboro,NY
townofwilsonny.gov,City,Town of Wilson,Wilson,NY
townofwindsorny.gov,City,Town of Windsor,Windsor,NY
stockholmny.gov,City,Town of Stockholm,Winthrop,NY
huronny.gov,City,Town of Huron,Wolcott,NY
villageofwolcottny.gov,City,Village of Wolcott,Wolcott,NY
townofwolcottny.gov,City,"Town of Wolcott, NY",Wolcottt,NY
woodhullny.gov,City,"Town of Woodhull, NY",Woodhull,NY
woodstockny.gov,City,Town Of Woodstock,Woodstock,NY
townofworcesterny.gov,City,Town of Worcester,Worcester,NY
mamakating.gov,City,Town of Mamakating,Wurtsboro,NY
villageofwurtsboro.gov,City,Village of Wurtsboro,WURTSBORO,NY
northgreenbush.gov,City,Town of North Greenbush,Wynantskill,NY
yonkersny.gov,City,City of Yonkers,Yonkers,NY
yonkerspd.gov,City,City of Yonkers,Yonkers,NY
yorkny.gov,City,Town of York,York,NY
yorktownny.gov,City,Town of Yorktown,Yorktown Heights,NY
yorktownnymuseum.gov,City,Town of Yorktown,Yorktown Heights,NY
townofporterny.gov,City,Town of Porter,Youngstown,NY
youngstownny.gov,City,Village of Youngstown,Youngstown,NY
adaoh.gov,City,Village of Ada Ohio,Ada,OH
akronhousing.gov,Special district,Akron Metropolitan Housing Authority,Akron,OH
akronohio.gov,City,"City of Akron, Ohio",Akron,OH
akronohiorescue.gov,City,"City of Akron, Ohio",Akron,OH
summitcountyboe.gov,County,Summit County Board of Elections,Akron,OH
summitcountyjfsohio.gov,County,Summit County Department of Job and Family Services,Akron,OH
summitcountyoh.gov,County,"County of Summit, Ohio",Akron,OH
albanyoh.gov,City,"Village of Albany, Ohio",Albany,OH
alexandriaoh.gov,City,"Village of Alexandria, Ohio",ALEXANDRIA,OH
thevillageofalger.gov,City,Alger,Alger,OH
allianceoh.gov,City,City of Alliance,Alliance,OH
knoxtwpcolumbianaoh.gov,City,Knox Township,Alliance,OH
health-ashlandcounty-oh.gov,County,Ashland County Health Department,ASHLAND,OH
sheriffashlandcooh.gov,County,Ashland County Sheriff's Office,Ashland,OH
ashvilleohio.gov,City,Village of Ashville,Ashville,OH
sopec-oh.gov,Special district,Southeast Ohio Public Energy Council,Athens,OH
auroraoh.gov,City,City of Aurora Ohio,Aurora,OH
austintowntownship.gov,City,Austintown Township,Austintown,OH
barnesvilleohio.gov,City,Village of Barnesville,Barnesville,OH
warrentwpbelmontoh.gov,City,Warren Township Belmont County Ohio,Barnesville,OH
bataviaoh.gov,City,Village of Batavia,Batavia,OH
clermontcountyohio.gov,County,Clermont County OTCS,Batavia,OH
clermonthealthohio.gov,Special district,Clermont County General Health District,Batavia,OH
cityofbayvillage.gov,City,"City of Bay Village, Ohio",Bay Village,OH
westshorebureauoh.gov,Special district,Westshore Enforcement Bureau,Bay Village,OH
beavercreekohio.gov,City,City of Beavercreek,Beavercreek,OH
beavercreektwpohio.gov,City,Beavercreek Township,Beavercreek,OH
bedfordoh.gov,City,City of Bedford,Bedford,OH
bedfordheights.gov,City,City of Bedford Heights,Bedford Heights,OH
meadtownshipoh.gov,City,Mead Township,Bellaire,OH
bellbrook.gov,City,City of Bellbrook,Bellbrook,OH
sugarcreekgcoh.gov,City,"Sugarcreek Township, Ohio",Bellbrook,OH
bellefontaineohio.gov,City,City of Bellefontaine,Bellefontaine,OH
logancountyohio.gov,County,Logan County Ohio,Bellefontaine,OH
loganengineeroh.gov,County,Logan County Engineer's Office,Bellefontaine,OH
loganhealthohio.gov,Special district,Logan County Health District,Bellefontaine,OH
bellevueohio.gov,City,City of Bellevue,Bellevue,OH
bereaoh.gov,City,The City of Berea,Berea,OH
berlintwphcoh.gov,City,Berlin Township in Holmes County,BERLIN,OH
bethel-oh.gov,City,Village of Bethel,Bethel,OH
monroetwp-oh.gov,City,Monroe Township,Bethel,OH
piketwpbrownoh.gov,City,Pike Township,Bethel,OH
goshentwpbelmontoh.gov,City,Goshen Township,Bethesda,OH
beverlyoh.gov,City,Village of Beverly,Beverly,OH
villageofbloomdale.gov,City,Village of Bloomdale,Bloomdale,OH
bloomingburgoh.gov,City,Village of Bloomingburg,Bloomingburg,OH
bloomvilleohio.gov,City,Village of Bloomville,BLOOMVILLE,OH
mahoningcolumbianatrainingoh.gov,Special district,Mahoning and Columbiana Training Association,Boardman,OH
bgohio.gov,City,City of Bowling Green,Bowling Green,OH
woodcountyohio.gov,County,Wood County Commissioners,Bowling Green,OH
woodcountyohiohealth.gov,County,Wood County General Health District,Bowling Green,OH
ritaohio.gov,Special district,Regional Income Tax Agency,Brecksville,OH
bridgeportohiopd.gov,City,Village of Bridgeport,Bridgeport,OH
brinkhaven.gov,City,Village of Brinkhaven,Brinkhaven,OH
bristoltownshipohio.gov,City,Bristol Township,BRISTOLVILLE,OH
cityofbrookparkohio.gov,City,City of Brook Park,Brook Park,OH
brooklynohio.gov,City,City of Brooklyn,Brooklyn,OH
perrytwppd-montgomery.gov,City,Perry Township Police Department,Brookville,OH
brunswickhillstwpoh.gov,City,Brunswick Hills Township,Brunswick,OH
brunswickohio.gov,City,City of Brunswick,Brunswick,OH
williamscountyoh.gov,County,Williams County Government,Bryan,OH
crawfordcountyohioboe.gov,County,Crawford County Board of Commissioners,Bucyrus,OH
troytwpgeaugaoh.gov,City,Troy Township,Burton,OH
byesvilleoh.gov,City,Village of Byesville,Byesville,OH
harrisoncountyohio.gov,County,Harrison County,Cadiz,OH
noblecountyohio.gov,County,Noble County,Caldwell,OH
noblecountyprosecutoroh.gov,County,Noble County Prosecutor's Office,Caldwell,OH
caledoniaoh.gov,City,Village of Caledonia,Caledonia,OH
claridontwpmarionoh.gov,City,Claridon Township,Caledonia,OH
guernseycounty.gov,County,Guernsey County Local Government,Cambridge,OH
guernseysheriff.gov,County,Guernsey County Sheriffs Office,Cambridge,OH
campbellohio.gov,City,City of Campbell Ohio,Campbell,OH
cityofcanalfulton-oh.gov,City,City of Canal Fulton,Canal Fulton,OH
canalwinchesterohio.gov,City,City of Canal Winchester,Canal Winchester,OH
canfield.gov,City,City of Canfield,Canfield,OH
cantonohio.gov,City,"City of Canton, Ohio",Canton,OH
cantontwp-oh.gov,City,"Canton Township Board of Trustees - Stark County, OH",Canton,OH
plaintownshipstarkoh.gov,City,Plain Township,Canton,OH
starkcountyohio.gov,County,Stark County Government,Canton,OH
cardingtontownshipohio.gov,City,Cardington Township,Cardington,OH
careyohio.gov,City,Village of Carey,Carey,OH
carlisleoh.gov,City,City of Carlisle,Carlisle,OH
carrollcountyohio.gov,County,Carroll County,Carrollton,OH
lostcreektownshipoh.gov,City,Lostcreek Township,Casstown,OH
pleasantfireclarkoh.gov,City,Pleasant Fire Department in Clark County,CATAWBA,OH
cranetwppcohio.gov,City,Crane Township,Cecil,OH
celinaohiopd.gov,City,Celina Police Department,Celina,OH
mercercountyoh.gov,County,Mercer County Commissioners,Celina,OH
mercercountyohio.gov,County,Board of Mercer County Commissioners,Celina,OH
mercercountysheriffohio.gov,County,Mercer County Sheriff's Office,Celina,OH
centervilleohio.gov,City,City of Centerville,Centerville,OH
chagrinfallspdoh.gov,City,Village of Chagrin Falls,Chagrin Falls,OH
chardontownship.gov,City,Chardon Township,Chardon,OH
cityofchardon.gov,City,City of Chardon,Chardon,OH
chillicotheoh.gov,City,"City of Chillicothe, Ohio",Chillicothe,OH
rosscountyohio.gov,County,Ross County Commissioner,Chillicothe,OH
rosscountyohiocourts.gov,County,Ross County Common Pleas Courts,Chillicothe,OH
rosscountyohiotaxlist.gov,County,Ross County Board of Commissioners,Chillicothe,OH
andersontownshipoh.gov,County,Anderson Township,Cincinnati,OH
cincinnati-oh.gov,City,City of Cincinnati,Cincinnati,OH
cincinnati.gov,City,City of Cincinnati,Cincinnati,OH
cincy.gov,City,City of Cincinnati,Cincinnati,OH
elmwoodplace-oh.gov,City,"M-Tec Systems, Inc",Cincinnati,OH
hamcoclerkoh.gov,County,Hamilton County Clerk of Courts,Cincinnati,OH
hamiltoncohealthoh.gov,County,Hamilton County Public Health,Cincinnati,OH
hamiltoncountycourtsoh.gov,County,Hamilton County Court of Common Pleas,Cincinnati,OH
hamiltoncountyohio.gov,County,Hamilton County Telecommunications,Cincinnati,OH
hamiltoncountyohiofacilities.gov,County,Hamilton County Facilities Department,Cincinnati,OH
hamiltonddsohio.gov,County,Hamilton County Developmental Disabilities Services,Cincinnati,OH
indianhill.gov,City,The City of the Village of Indian Hill,Cincinnati,OH
piercetownshipoh.gov,City,Pierce Township,Cincinnati,OH
utclermont.gov,City,Union Township,Cincinnati,OH
wintonwoodscsdoh.gov,School district,Winton Woods City School District,Cincinnati,OH
circlevilleoh.gov,City,City of Circleville,Circleville,OH
pickawaycountyohio.gov,County,Pickaway County,Circleville,OH
pickawaycountypublichealth.gov,County,Pickaway County Public Health Department,Circleville,OH
pickawaysheriff.gov,County,Pickaway County Sheriff's Office,Circleville,OH
ccaohio.gov,City,"Central Collection Agency, Division of Taxation",Cleveland,OH
clevelandcitycouncil.gov,City,Cleveland City Council,Cleveland,OH
clevelandmetroparks.gov,Special district,Board of Park Commissioners of the Cleveland Metropolitan Park District,Cleveland,OH
clevelandohio.gov,City,City of Cleveland,Cleveland,OH
cooperativecogohio.gov,Special district,"The Cooperative Council of Governments, Inc.",Cleveland,OH
cuyahogacounty.gov,County,Cuyahoga County,Cleveland,OH
cuyahogahealth.gov,County,Cuyahoga County Board of Health,Cleveland,OH
cuyahogaprosecutor.gov,County,Cuyahoga County Prosecutor's Office,Cleveland,OH
clevelandheights.gov,City,City of Cleveland Heights,Cleveland Heights,OH
clevesoh.gov,City,Village of Cleves,Cleves,OH
clintonoh.gov,City,Village of Clinton,Clinton,OH
clintonohfire.gov,City,Village of Clinton,Clinton,OH
coldwaterohio.gov,City,Village of Coldwater,Coldwater,OH
coldwaterohiopd.gov,City,Coldwater Ohio Police Department,Coldwater,OH
columbianaohio.gov,City,City of Columbiana,Columbiana,OH
fairfieldtwpccoh.gov,City,Fairfield Township Columbiana County Ohio,Columbiana,OH
columbus.gov,City,City of Columbus,Columbus,OH
columbusoh.gov,City,City of Columbus OH,Columbus,OH
columbusohio.gov,City,City of Columbus OH,Columbus,OH
franklin-townshipohio.gov,City,Franklin Township Board of Trustees,Columbus,OH
franklincountyohio.gov,County,Franklin County Data Center,Columbus,OH
minervapark.gov,City,Village of Minerva Park,columbus,OH
mycolumbus.gov,City,City of Columbus Ohio,Columbus,OH
commercialpointohio.gov,City,Village of Commercial Point,Commercial Point,OH
conneautohio.gov,City,City of Conneaut,Conneaut,OH
cortlandoh.gov,City,City of Cortland,Cortland,OH
covington-oh.gov,City,Village of Covington,Covington,OH
southernperrywateroh.gov,Special district,Southern Perry County Water District,CROOKSVILLE,OH
crosbytownshipohio.gov,City,Crosby Township,Crosby Township,OH
neonetoh.gov,Special district,NEOnet,Cuyahoga Falls,OH
cuyahogaheights.gov,City,Village of Cuyahoga Heights,Cuyahoga Heights,OH
daltonohio.gov,City,Village of Dalton,Dalton,OH
daytonohio.gov,City,City of Dayton,Dayton,OH
montgomerycountyclerkoh.gov,County,Montgomery County Clerk of Courts,Dayton,OH
montgomerycountycourtsoh.gov,County,Montgomery County Clerk of Courts,Dayton,OH
montgomerycountyoh.gov,County,Montgomery County,Dayton,OH
deerpark-oh.gov,City,City of Deer Park,Deer Park,OH
deerfieldpcoh.gov,City,Deerfield Township in Portage County,Deerfield,OH
brunersburgwater.gov,Special district,Brunersburg Water District,Defiance,OH
cityofdefiance.gov,City,City of Defiance Ohio,Defiance,OH
browntownshipdelawareoh.gov,City,Brown Township,Delaware,OH
cityofdelawareoh.gov,City,City of Delaware,Delaware,OH
delawarecityohmunicipalcourt.gov,City,Delaware Municipal Court,Delaware,OH
delawarecountyohio.gov,County,Delaware County,Delaware,OH
delawarehealthohio.gov,Special district,Delaware Public Health District,Delaware,OH
troytwpdelawareoh.gov,County,Troy Township Delaware Ohio,Delaware,OH
yorktwpfcoh.gov,City,York Township in Fulton County,Delta,OH
dublinohiousa.gov,City,"City of Dublin, Ohio",Dublin,OH
wtwpdublinoh.gov,Special district,Washington Township,Dublin,OH
eastcantonohio.gov,City,Village of East Canton,East Canton,OH
stclairtwpccohio.gov,City,St. Clair Township,East Liverpool,OH
eastpalestine-oh.gov,City,City of East Palestine,East Palestine,OH
unitytwpohio.gov,City,Unity Township Columbiana County Ohio,East Palestine,OH
eastlakeohio.gov,City,City of Eastlake,Eastlake,OH
preblecountyohio.gov,County,Preble County Ohio,Eaton,OH
edgerton-ohio.gov,City,Village of Edgerton,Edgerton,OH
eldoradooh.gov,City,Village of Eldorado,Eldorado,OH
cityofelyria.gov,City,City of Elyria,Elyria,OH
loraincommonpleascourt.gov,County,Lorain County Court of Common Pleas,Elyria,OH
loraincountyauditor.gov,County,Lorain County Auditor,Elyria,OH
loraincountyohio.gov,County,Lorain County Board of Commissioners,Elyria,OH
loraincountyrecorder.gov,Special district,Lorain County Recorder's Office,Elyria,OH
enon-oh.gov,City,Village Of Enon,Enon,OH
lickingregionalwater.gov,Special district,Licking Regional Water District,Etna,OH
cityofeuclid.gov,City,City Of Euclid,Euclid,OH
euclidmunicourt.gov,City,Euclid Municipal Court,Euclid,OH
fairbornoh.gov,City,City of Fairborn,Fairborn,OH
fairbornohio.gov,City,City of Fairborn,Fairborn,OH
fairfieldoh.gov,City,City of Fairfield Ohio,Fairfield,OH
fairfieldtownshipbcoh.gov,City,Fairfield Township (Buttler County Ohio),Fairfield Township,OH
fairlawnoh.gov,City,City of Fairlawn,Fairlawn,OH
fairviewparkohio.gov,City,City of Fairview Park,"Fairview Park, Ohio, United States",OH
findlayohio.gov,City,City of Findlay,Findlay,OH
libertytwphancockoh.gov,City,Liberty Township in Hancock County,Findlay,OH
mariontwphancockoh.gov,City,Marion Township,Findlay,OH
fortrecoveryohio.gov,City,Village of Fort Recovery,Fort Recovery,OH
fostoriaohio.gov,City,City of Fostoria,Fostoria,OH
frazeysburg.gov,City,Village of Frazeysburg,Frazeysburg,OH
fremontohio.gov,City,City of Fremont Ohio,Fremont,OH
sanduskycoprosecutor.gov,County,Sandusky County Prosecutor,Fremont,OH
sanduskycountyoh.gov,County,Sandusky County,Fremont,OH
senecarpccooh.gov,County,Seneca Regional Planning Commission,Fremont,OH
gahanna.gov,City,City of Gahanna,Gahanna,OH
meccrcog-oh.gov,City,Regional Council of Governments,Gahanna,OH
mifflin-oh.gov,City,Mifflin Township,Gahanna,OH
galenaohio.gov,City,Village of Galena,Galena,OH
galliacohealth.gov,Special district,Gallia County General Health District,Gallipolis,OH
galliacountycommonpleascourt.gov,County,Gallia County Common Pleas Court,Gallipolis,OH
galliacountyoh.gov,County,Gallia County Ohio,Gallipolis,OH
communityemsdistrictohio.gov,Special district,Community EMS District,Garrettsville,OH
gfnjfd.gov,Special district,Garrettsville Freedom Nelson Joint Fire District,Garrettsville,OH
nelsontwpoh.gov,City,Nelson Township,Garrettsville,OH
genevaohfd.gov,City,City of Geneva Fire Department,Geneva,OH
genevaohio.gov,City,City of Geneva,Geneva,OH
genevaohpd.gov,City,City of Geneva Police Department,Geneva,OH
genevatownshipohio.gov,City,Geneva Township,Geneva,OH
genevaonthelakeoh.gov,City,Village of Geneva-On-The-Lake,Geneva-on-the-Lake,OH
browncountyohio.gov,County,Brown County Commissioners,Georgetown,OH
georgetownohio.gov,City,Village of Georgetown,Georgetown,OH
germantowncemeteryoh.gov,Special district,Germantown Union Cemetery,Germantown,OH
cityofgirardoh.gov,City,City of Girard,Girard,OH
glenfordohio.gov,City,Village of Glenford,Glenford,OH
jeffersonknoxohio.gov,City,Jefferson Township,Glenmont,OH
glenwillow-oh.gov,City,Village of Glenwillow,Glenwillow,OH
golfmanoroh.gov,City,The Village of Golf Manor,Golf Manor,OH
goshen-oh.gov,City,Goshen Township,Goshen,OH
grandriverohio.gov,City,GRAND RIVER VILLAGE,GRAND RIVER,OH
clintonghohjedz.gov,Special district,Clinton - Grandview Heights Joint Economic Development Zone,Grandview Heights,OH
grandviewheights.gov,City,City of Grandview Heights,Grandview Heights,OH
bentontownshipottawaoh.gov,City,Benton Township,Graytown,OH
greenhillsohio.gov,City,Village of Greenhills,Greenhills,OH
greenhillsohpd.gov,City,Village of Greenhills Police Department,Greenhills,OH
grovecityohio.gov,City,City of Grove City,Grove City,OH
jacksontwpfranklinoh.gov,City,Jackson Township,Grove City,OH
groveportohio.gov,City,City of Groveport,Groveport,OH
rometownshipathcooh.gov,City,Rome Township,Guysville,OH
hamersville.gov,City,Village of Hamersville,Hamersville,OH
bcohio.gov,County,Butler County,Hamilton,OH
bcvetsoh.gov,County,BUTLER COUNTY VETERANS SERVICE COMMISSION,HAMILTON,OH
hamilton-oh.gov,City,"City of Hamilton, Ohio",Hamilton,OH
swocaoh.gov,Special district,SouthWest Ohio Computer Association COG,Hamilton,OH
harrisburgohio.gov,City,Village of Harrisburg,Harrisburg,OH
harrisonoh.gov,City,City of Harrison,Harrison,OH
harrisonohio.gov,City,City of Harrison,Harrison,OH
harveysburg.gov,City,Village of Harveysburg,Harveysburg,OH
massietwp-oh.gov,City,Massie Township,Harveysburg,OH
heathohio.gov,City,"City of Heath, Ohio",Heath,OH
hicksvilleohio.gov,City,Village of Hicksville,Hicksville,OH
highlandhtsohio.gov,City,City of Highland Heights,Highland Heights,OH
hilliardohio.gov,City,City of Hilliard,Hilliard,OH
hinckleytwpoh.gov,City,Hinckley Township,Hinckley,OH
hiramvlgohio.gov,City,Village of Hiram,Hiram,OH
hollandohio.gov,City,Village of Holland,Holland,OH
homertwpohio.gov,City,Homer Township,Homerville,OH
howardtwp-oh.gov,City,Howard Township,Howard,OH
cityofhubbard-oh.gov,City,City of Hubbard,Hubbard,OH
hubbardtwpohio.gov,City,Hubbard Township Administration,Hubbard,OH
cityofjacksonohio.gov,City,City of Jackson,Jackson,OH
jacksoncountyrecorderohio.gov,County,Jackson County Recorder,Jackson,OH
lickingtwplc.gov,City,Licking Township,Jacksontown,OH
jamestownohio.gov,City,Village of Jamestown,Jamestown,OH
ashtabulacounty.gov,County,County of Ashtabula,Jefferson,OH
jeffersonohio.gov,City,"Village of Jefferson, OH",Jefferson,OH
newlymeoh.gov,City,New Lyme Township,JEFFERSON,OH
jeffersonvilleoh.gov,City,Village of Jeffersonville,Jeffersonville,OH
jeneraoh.gov,City,Village of Jenera,Jenera,OH
monroetwplc-oh.gov,City,Monroe Township,Johnstown,OH
junctioncityohio.gov,City,Village of Junction City,Junction City,OH
brimfieldohio.gov,City,Brimfield Township,Kent,OH
kentohio.gov,City,City of Kent,Kent,OH
hardincountyohio.gov,County,Hardin County,Kenton,OH
ketteringoh.gov,City,City of Kettering,Kettering,OH
villageofkingstonohio.gov,City,Village of Kingston,Kingston,OH
carlisletwpoh.gov,City,Carlisle Township,Lagrange,OH
villageoflagrangeohio.gov,City,Village of Lagrange,Lagrange,OH
miltonmahoh.gov,City,Milton Township,Lake Milton,OH
lakewoodcourtoh.gov,Special district,Lakewood Municipal Court,Lakewood,OH
lakewoodoh.gov,City,City of Lakewood,Lakewood,OH
fairfieldcomunicourtoh.gov,County,Fairfield County Municipal Court,Lancaster,OH
fairfieldcountyohio.gov,County,Fairfield County,Lancaster,OH
fairfieldcountyohioworkforcecenter.gov,County,Fairfield County,Lancaster,OH
lancasterohio.gov,City,City of Lancaster Ohio,Lancaster,OH
warrentwptrumbull.gov,City,Warren Township,Leavittsburg,OH
lebanonohio.gov,City,City of Lebanon,Lebanon,OH
turtlecreektwpwcoh.gov,City,Turtlecreek Township in Warren County,Lebanon,OH
warrencohealthoh.gov,County,Warren County Health District,Lebanon,OH
warrencountyohio.gov,County,Warren County,Lebanon,OH
leetoniaohio.gov,City,VIllage of Leetonia,Leetonia,OH
libertycenteroh.gov,City,Village of Liberty Center,Liberty Center,OH
allencountyohiochildsupport.gov,County,Allen County Child Support Enforcement Agency,Lima,OH
allencountyohiocsb.gov,County,Allen County Children Services,Lima,OH
limaohio.gov,City,"City of Lima, OH",Lima,OH
perrypdallenoh.gov,City,Perry Township Police,Lima,OH
shawneetownshipohio.gov,City,Shawnee Township,Lima,OH
linndalevillage-oh.gov,City,Village of Linndale,Linndale,OH
centertwpcoloh.gov,City,Center Township Columbiana County Ohio,Lisbon,OH
elkruntwpohio.gov,City,Elkrun Township Columbiana County Ohio,Lisbon,OH
madisontwpcolco.gov,City,Madison Township in Columbiana County,Lisbon,OH
belpretownshipohio.gov,City,Belpre Township,Little Hocking,OH
hamtwpfcoh.gov,City,Hamilton Township,Lockbourne,OH
londonohio.gov,City,City of London Ohio,London,OH
midohiowsd.gov,Special district,Mid-Ohio Water and Sewer District,London,OH
sheffieldtwplcoh.gov,City,Sheffield Township in Lorain County,LORAIN,OH
greentwpashlandco.gov,City,Green Township,Loudonville,OH
louisvilleohio.gov,City,City of Louisville,Louisville,OH
nimishillentownship.gov,City,NIMISHILLEN TOWNSHIP,LOUISVILLE,OH
lovelandoh.gov,City,City of Loveland,Loveland,OH
villageoflowellvilleoh.gov,City,Village of Lowellville,Lowellville,OH
troytwpwoodoh.gov,City,Troy Township,Luckey,OH
lyndhurstohio.gov,City,"City of Lyndhurst, Ohio",Lyndhurst,OH
magneticspringsoh.gov,City,Village of Magnetic Springs,Magnetic Springs,OH
mansfieldohio.gov,City,City of Mansfield,Mansfield,OH
richlandcountyoh.gov,County,Richland County Ohio Information Technology,Mansfield,OH
mantuatownshipohio.gov,City,Mantua Township,Mantua,OH
mapleheightsohio.gov,City,City of Maple Heights,Maple Heights,OH
auditorwashingtoncountyohio.gov,County,Washington County Auditor,Marietta,OH
mariettacourtohio.gov,City,Marietta Municipal Court,Marietta,OH
mariettaohio.gov,City,City of Marietta Ohio,Marietta,OH
warrentwpwcoh.gov,City,Warren Township,Marietta,OH
cmadamhoh.gov,Special district,"Crawford Marion Board of Alcohol, Drug Addiction, and Mental Health",Marion,OH
marioncountyohio.gov,County,"Marion County, Ohio",Marion,OH
marionpublichealthohio.gov,County,Marion Public Health,Marion,OH
martinsferryoh.gov,City,City of Martins Ferry,Martins Ferry,OH
dovertownshipunionoh.gov,City,Dover Township,Marysville,OH
leesburgtownshipoh.gov,City,Leesburg Township,Marysville,OH
unioncountyohio.gov,County,Union County,Marysville,OH
unioncountyveteransohio.gov,County,Union County Veterans Service Office,Marysville,OH
masoncourtoh.gov,City,Mason Municipal Court,Mason,OH
massillonohio.gov,City,City of Massillon,Massillon,OH
mayfieldheightsohio.gov,City,City of Mayfield Heights,Mayfield Heights,OH
vintonengineer.gov,County,Vinton County Engineer,Mc Arthur,OH
vintoncountyohio.gov,County,Vinton County Commissioner's Office,McArthur,OH
morgancocourtsoh.gov,County,Morgan County Common Pleas Court,McConnelsville,OH
morgancoengineeroh.gov,County,Morgan County Engineer's Office,McConnelsville,OH
morgancounty-oh.gov,County,Morgan County Commissioners,McConnelsville,OH
morgancountyohio.gov,County,Morgan County Commissioners' Office,McConnelsville,OH
mcdonaldvillageoh.gov,City,McDonald Village,McDonald,OH
lafayettetownshipoh.gov,City,Lafayette Township,Medina,OH
medinacounty.gov,County,Medina County Commissioner's,Medina,OH
medinacountyveteransoh.gov,County,Medina County Veterans Service Office,Medina,OH
yorktwpmedinaoh.gov,City,York Township,Medina,OH
mentoronthelake.gov,City,City of Mentor on the Lake,Mentor-on-the-Lake,OH
middleburgheights-oh.gov,City,City of Middleburg Heights,Middleburg Heights,OH
middleburgoh.gov,City,The City of Middleburg Heights,Middleburg Heights,OH
madisontwpbutleroh.gov,City,Madison Township,Middletown,OH
milanohio.gov,City,Village of Milan,Milan,OH
miamitownshipoh.gov,City,Miami Township Administration,Milford,OH
miamitwpoh.gov,City,Miami Township Administration,Milford,OH
monroeohio.gov,City,City of Monroe,Monroe,OH
monroevilleohio.gov,City,Village of Monroeville,Monroeville,OH
shermantownshipoh.gov,City,Sherman Township,Monroeville,OH
montgomeryohio.gov,City,City of Montgomery,Montgomery,OH
montpelieroh.gov,City,Village of Montpelier,Montpelier,OH
montvillegeaugaohio.gov,City,Montville Township,Montville,OH
moraineohio.gov,City,City of Moraine,Moraine,OH
morrowcountyohio.gov,County,Morrow County Commissioners,Mount Gilead,OH
knoxcountyema-oh.gov,County,Knox County EMA,Mount Vernon,OH
mtvernonoh.gov,City,City of Mount Vernon,Mount Vernon,OH
mountvictoryohio.gov,City,Village of Mount Victory,Mount Victory,OH
henrycountyohio.gov,County,Henry County Commissioners,Napoleon,OH
cityofnelsonville.gov,City,City of Nelsonville,Nelsonville,OH
newalbanyohio.gov,City,City of New Albany,New Albany,OH
villageofnewboston.gov,City,Village of New Boston,New Boston,OH
newcarlisleohio.gov,City,City of New Carlisle,New Carlisle,OH
newconcord-oh.gov,City,Village of New Concord,New Concord,OH
perrytwp-pickawayoh.gov,City,Perry Township,New Holland,OH
villageofnewholland-oh.gov,City,The Village of New Holland,New Holland,OH
newlebanonoh.gov,City,Municipality of New Lebanon,New Lebanon,OH
newlexingtonohio.gov,City,Village of New Lexington,New Lexington,OH
perrycountyohio.gov,County,Perry County Commissioners,New Lexington,OH
firelandsems.gov,City,Firelands Ambulance Service District,New London,OH
newmiddletownoh.gov,City,Village of New Middletown,New Middletown,OH
villageofnewparisoh.gov,City,Village of New Paris,NEW PARIS,OH
newphiladelphiaoh.gov,City,City of new philadelphia,New Philadelphia,OH
newviennaoh.gov,City,Village of New Vienna,New Vienna,OH
newwaterford-oh.gov,City,The Village of New Waterford,New Waterford,OH
lickingcounty.gov,County,Licking County,Newark,OH
newarkohio.gov,City,"City of Newark, Ohio",Newark,OH
newburgh-oh.gov,City,Village of Newburgh Heights,Newburgh Heights,OH
newtonfallsoh.gov,City,Newton Falls City,Newton Falls,OH
nffiredistrictoh.gov,Special district,NF Joint Fire District,Newton Falls,OH
newtownohio.gov,City,Village of Newtown,Newtown,OH
villageofnewtownohio.gov,City,Village of Newtown,Newtown,OH
cityofnilesoh.gov,City,City of Niles,Niles,OH
northbaltimore.gov,City,Village of North Baltimore,North Baltimore,OH
northcantonohio.gov,City,City of North Canton,North Canton,OH
scscogoh.gov,Special district,Stark County Schools Council of Governments,North Canton,OH
southsummitdispatchoh.gov,Special district,South Summit Dispatch Center,North Canton,OH
sparccoh.gov,Special district,Stark County Schools Council/Stark Portage Area Computer Consortium,North Canton,OH
jacksonmahoningpolice.gov,City,Jackson Twp Police Department,North Jackson,OH
beavertwp-oh.gov,City,Beaver Township,North Lima,OH
nridgeville.gov,City,City of North Ridgeville,North Ridgeville,OH
northroyalton.gov,City,City of North Royalton,North Royalton,OH
northfieldvillage-oh.gov,City,Village of Northfield,Northfield,OH
northwoodoh.gov,City,City of Northwood,Northwood,OH
cityofnorwalkoh.gov,City,City of Norwalk,Norwalk,OH
huroncounty-oh.gov,County,Huron County Commissioners,Norwalk,OH
norwoodohio.gov,City,Norwood Ohio,Norwood,OH
russellpdoh.gov,City,Russell Township Police Department,Novelty,OH
ottawacountyjfsoh.gov,County,Ottawa County Department of Job and Family Services,Oak Harbor,OH
villageofoakhilloh.gov,City,Village of Oak Hill,Oak Hill,OH
oakwoodohio.gov,City,City of Oakwood Ohio,Oakwood,OH
newrussiatownship-oh.gov,City,New Russia Township OH,Oberlin,OH
obetz.gov,City,City of Obetz,Obetz,OH
olmstedtownshipohio.gov,City,Olmsted Township,Olmsted Township,OH
orangevillageoh.gov,City,Orange Village,Orange,OH
valleyenforcementoh.gov,Special district,Valley Enforcement Reg Council of Governments,Orange,OH
orangepoliceoh.gov,City,Orange Police Department,Orange Village,OH
oregonohio.gov,City,City of Oregon,Oregon,OH
sciototwppickawayoh.gov,City,Scioto Township,Orient,OH
orrvilleoh.gov,City,City of Orrville,Orrville,OH
putnamcountyohio.gov,County,Putnam County Commissioneers,Ottawa,OH
owensvilleoh.gov,City,Village of Owensville,Owensville,OH
cityofoxfordohio.gov,City,City of Oxford,Oxford,OH
lakecountyohio.gov,County,"Lake County, Ohio",Painesville,OH
painesvillemunicipalcourt-ohio.gov,City,Painesville Municpal Court,Painesville,OH
cityofparma-oh.gov,City,"City of Parma, Ohio",Parma,OH
parmaauxpd-oh.gov,City,Parma Police Department,Parma,OH
parmafire-oh.gov,City,Parma Fire Department,Parma,OH
parmapd-oh.gov,City,Parma Police Department,Parma,OH
seboh.gov,Special district,SEB,Parma,OH
parmaheightsoh.gov,City,City of Parma Heights,Parma Heights,OH
cityofpataskalaohio.gov,City,City of Pataskala,Pataskala,OH
adamscountyemsoh.gov,County,Adams County EMS,Peebles,OH
peeblesoh.gov,City,Village of Peebles,Peebles,OH
villageofpeninsula-oh.gov,City,Village of Peninsula,Peninsula,OH
perryvillageohio.gov,City,Perry Village,Perry,OH
perrysburgoh.gov,City,City of Perrysburg,Perrysburg,OH
perrysvilleohio.gov,City,Village of Perrysville,Perrysville,OH
phillipsburgoh.gov,City,Village of Phillipsburg,Phillipsburg,OH
piketonohio.gov,City,VILLAGE OF PIKETON,Piketon,OH
pioneerohio.gov,City,Village of Pioneer,Pioneer,OH
piquaoh.gov,City,City of Piqua,PIQUA,OH
springcreektownshipoh.gov,City,Springcreek Township,Piqua,OH
plaincityohio.gov,City,Village of Plain City,Plain City,OH
polandtownship.gov,City,Poland Township,Poland,OH
portclinton-oh.gov,City,City of Port Clinton,Port Clinton,OH
portsmouthohpd.gov,City,Portsmouth Police Department,Portsmouth,OH
sciotocounty.gov,County,Scioto County,Portsmouth,OH
powhatanpointoh.gov,City,Village of Powhatan Point,Powhatan Point,OH
rometwplawrenceoh.gov,City,Rome Township,Proctorville,OH
radnortwpoh.gov,City,Randor Township,Radnor,OH
portagecounty-oh.gov,County,Portage County,Ravenna,OH
portageohvets.gov,County,Portage County Veteran Services,Ravenna,OH
portagetreasureroh.gov,County,Portage County Treasurer,Ravenna,OH
ravennaoh.gov,City,City of Ravenna,Ravenna,OH
ravennatownshipohio.gov,City,Ravenna Township,Ravenna,OH
reynoldsburg.gov,City,City of Reynoldsburg,Reynoldsburg,OH
richmondhtsoh.gov,City,The City of Richmond Heights,Richmond Heights,OH
riversideoh.gov,City,City of Riverside,Riverside,OH
roamingshoresoh.gov,City,Village of Roaming Shores,Roaming Shores,OH
rockyriverohio.gov,City,City of Rocky River,Rocky River,OH
rosevilleoh.gov,City,Village of Roseville,Roseville,OH
villageofwestrushville-oh.gov,City,Village of West Rushville,Rushville,OH
russellspoint-oh.gov,City,Village of Russells Point,Russells Point,OH
villageofsabina.gov,City,Village of Sabina,Sabina,OH
sthenryoh.gov,City,Village of Saint Henry,Saint Henry,OH
sthenryohiopd.gov,City,Saint Henry Police Department,Saint Henry,OH
butlertwpcoloh.gov,City,Butler Township Columbiana County Ohio,Salem,OH
perrytwpcoloh.gov,City,Perry Township in Columbiana County,Salem,OH
salinevilleoh.gov,City,Village of Salineville,Salineville,OH
washingtontwpcoloh.gov,City,WashingtonTownship Columbiana County Ohio,Salineville,OH
villageofsciooh.gov,City,Village of Scio,Scio,OH
sebringohio.gov,City,Village of Sebring,Sebring,OH
smithtwpmcoh.gov,City,Smith Township in Mahoning County,Sebring,OH
smithtwpmcpd.gov,City,Smith Township Police Department,Sebring,OH
shakerheightsoh.gov,City,City of Shaker Heights,Shaker Heights,OH
shawneehillsoh.gov,City,Village of Shawnee Hills,Shawnee Hills,OH
sherwoodohio.gov,City,Sherwood Village,Sherwood,OH
shilohohio.gov,City,Village of Shiloh,Shiloh,OH
twpclintonshelbyoh.gov,City,Clinton Township,Sidney,OH
solonohio.gov,City,City of Solon,Solon,OH
somersetohio.gov,City,VILLAGE OF SOMERSET,SOMERSET,OH
southeuclid.gov,City,City of South Euclid,South Euclid,OH
southeuclidpolice.gov,City,South Euclid Police Department,South Euclid,OH
villageofsouthpoint.gov,City,Village of South Point,South Point,OH
harmonytownshipclarkoh.gov,City,Harmony Township,South Vienna,OH
southwebsterohio.gov,City,"Village of South Webster, OH",South Webster,OH
springvalleytwpoh.gov,City,Spring Valley Township,Spring Valley,OH
cityofspringboro.gov,City,City of Springboro,Springboro,OH
springdaleohio.gov,City,City of Springdale,Springdale,OH
clarkcountymunicipalcourt.gov,City,Clark County Municipal Court,Springfield,OH
clarkcountyohio.gov,County,Clark County Board of Commission,Springfield,OH
clarkcountyohiodjfs.gov,County,Clark County Department of Job and Family Services,Springfield,OH
clarkhealthohio.gov,Special district,Clark County Combined Health District,Springfield,OH
germanclarkoh.gov,County,"German Township, Clark County",Springfield,OH
moorefieldtownshipclark.gov,City,Moorefield Township,Springfield,OH
smhaohio.gov,Special district,Springfield Metropolitan Housing Authority,Springfield,OH
springfieldohio.gov,City,"City Of Springfield, Ohio",Springfield,OH
springfieldtownshipclarkoh.gov,City,"Springfield Township, Clark County",Springfield,OH
stbernard-oh.gov,City,City of St Bernard,St Bernard,OH
belmontsheriffohio.gov,County,Belmont County Sheriff's Office,St. Clairsville,OH
stclairsvilleoh.gov,City,City of St. Clairsville,St. Clairsville,OH
omeresa.gov,Special district,OME-RESA,Steubenville,OH
stowmunicourtoh.gov,City,Stow Municipal Court,Stow,OH
stowohio.gov,City,City of Stow,Stow,OH
sugarbushknolls.gov,City,The Village of Sugar Bush Knolls,Streetsboro,OH
strongsville.gov,City,City of Strongsville,Strongsville,OH
nwojdcoh.gov,Special district,"Northwest Ohio Juvenile Detention, Training and Rehabilitation Center",Stryker,OH
beavercreekfireoh.gov,City,Beavercreek Township,Suite C,OH
franklintwpcoloh.gov,City,Franklin Township Columbiana County Ohio,Summitville,OH
swantontownshipoh.gov,City,Swanton Township,Swanton,OH
stfd-oh.gov,City,Sylvania Township,Sylvania,OH
tallmadgeoh.gov,City,City of Tallmadge,Tallmadge,OH
athensco911.gov,County,Athens County 911,The Plains,OH
thompsonoh.gov,City,Thompson Fire Department,Thompson,OH
thornville.gov,City,Village of Thornville,Thornville,OH
senecacountyauditoroh.gov,County,Seneca County Auditor's Office,Tiffin,OH
senecacountyohio.gov,County,Seneca County Commissioners,Tiffin,OH
senecaohcourts.gov,County,Seneca County Common Pleas,Tiffin,OH
senecaohpivot.gov,County,Seneca County PIVOT Recovery Program,Tiffin,OH
senecaohprobation.gov,County,Seneca County Probation Services,Tiffin,OH
tiffinohio.gov,City,City of Tiffin,Tiffin,OH
tippcityohio.gov,City,City of Tipp City,Tipp City,OH
911lucascountyoh.gov,Special district,Lucas County 911 Regional Council of Governments,Toledo,OH
lucascountycoronerohio.gov,County,Lucas County Coroners Office,Toledo,OH
lucascountyoh.gov,County,Lucas County,Toledo,OH
lucascountyohioauditor.gov,County,Lucas County Auditor's Office,Toledo,OH
toledo.gov,City,City of Toledo,Toledo,OH
tontoganyohio.gov,City,"Village of Tontogany, Ohio",Tontogany,OH
knoxtwpjeffersonoh.gov,City,Knox Township,Toronto,OH
torontooh.gov,City,"City of Toronto, Ohio",Toronto,OH
trentonoh.gov,City,City of Trenton,Trenton,OH
miamicountyohio.gov,County,Miami County Commissioners,Troy,OH
miamicountyohioauditor.gov,County,Miami County Auditor,Troy,OH
troyohio.gov,City,"City of Troy, Ohio",Troy,OH
universityheightsoh.gov,City,City of University Heights,University Heights,OH
upperarlingtonoh.gov,City,City of Upper Arlington,Upper Arlington,OH
uticaohio.gov,City,Village of Utica,Utica,OH
allentwphancockoh.gov,City,Allen Township,Van Buren,OH
vanwertcountyohio.gov,County,Van Wert County,Van Wert,OH
vandaliaohio.gov,City,CITY OF VANDALIA,VANDALIA,OH
cityofvermilionohio.gov,City,City of Vermilion,Vermilion,OH
villageofveronaohio.gov,City,Village of Verona Ohio,Verona,OH
chagrinfallsoh.gov,City,Village of Chagrin Falls,Village of Chagrin Falls,OH
waitehilloh.gov,City,Village of Waite Hill,Waite Hill,OH
florencetwperieoh.gov,City,Florence Township,Wakeman,OH
waltonhillsohio.gov,City,Village of Walton Hills,Walton Hills,OH
auglaizecounty-ohio.gov,County,Auglaize County,Wapakoneta,OH
howlandoh.gov,City,Howland Township,Warren,OH
fayettecountyoh.gov,County,Fayette County Commissioners,Washington C.H.,OH
cityofwchmunicourtoh.gov,City,City of Washington Court House Municipal Court,Washington Court House,OH
wchpd.gov,City,Washington Court House Police Department,Washington Court House,OH
pikecountyohcommissioners.gov,County,Pike County Ohio Commissioners,Waverly,OH
waverlyohio.gov,City,Village of Waverly,Waverly,OH
waynesfield.gov,City,Village of Waynesfield,Waynesfield,OH
waynetwpwarrencooh.gov,City,Wayne Township in Warren County,Waynesville,OH
wellingtonohiopolice.gov,City,Village of Wellington Police Department,Wellington,OH
wellingtontownshipohio.gov,City,Wellington Township,Wellington,OH
yellowcreektwpohio.gov,City,Yellow Creek Township Columbiana Ohio,Wellsville,OH
westjeffersonohio.gov,City,Village of West Jefferson,West Jefferson,OH
villageofwestmanchesteroh.gov,City,Village of West Manchester,West Manchester,OH
westmiltonohio.gov,City,Municipality of West Milton,West Milton,OH
adamscountyoh.gov,County,Adams County Commissioners,West Union,OH
whitehouseoh.gov,City,Village of Whitehouse,Whitehouse,OH
wickliffeohio.gov,City,Wickliffe Police Department,Wickliffe,OH
willardohio.gov,City,City of Willard,Willard,OH
jacksontwpclermontoh.gov,City,"Jackson Township, Clermont County Ohio",Williamsburg,OH
muhlenbergtownshipoh.gov,City,Muhlenberg Township,Williamsport,OH
willoughbyhills-oh.gov,City,City of Willoughby Hills,Willoughby Hills,OH
willoughbyhillsohio.gov,City,City of Willoughby Hills,Willoughby Hills,OH
wilmingtonohio.gov,City,"City of Wilmington, Ohio",Wilmington,OH
waynetwpadamsoh.gov,City,Wayne Township,Winchester,OH
windhamvillageoh.gov,City,The Village of Windham Ohio,Windham,OH
monroecoauditoroh.gov,County,Monroe County Auditor,Woodsfield,OH
woodvilletownshipoh.gov,City,Woodville Township,Woodville,OH
probatejuvenilewayneohio.gov,County,Wayne County Probate and Juvenile Court,Wooster,OH
wayneclerkofcourtsoh.gov,County,Wayne County Clerk of Courts,Wooster,OH
waynecountyoh.gov,County,"Wayne County, Ohio",Wooster,OH
waynemunicipalcourtoh.gov,County,Wayne County Municipal Court,Wooster,OH
wayneohiocpcourt.gov,County,Wayne County Common Pleas Court,Wooster,OH
wyomingohio.gov,City,City of Wyoming,Wyoming,OH
greenecoohpsisn.gov,County,Greene County Sheriff's Office,Xenia,OH
greenecophoh.gov,County,Greene County Combined Health District,Xenia,OH
greenecountyohio.gov,County,Greene County Data Processing,Xenia,OH
xeniatownshipoh.gov,City,Xenia Township,Xenia,OH
miamitownshipgcoh.gov,City,Miami Township of Greene County,Yellow Springs,OH
mvecaohio.gov,Special district,Miami Valley Educational Computer Association,Yellow Springs,OH
yellowsprings.gov,City,The Village of Yellow Springs,Yellow Springs,OH
mahoningcountyoh.gov,County,Mahoning County Data Processing Dept.,Youngstown,OH
youngstownohio.gov,City,City of Youngstown,Youngstown,OH
trivalleyfiredistrictoh.gov,Special district,Tri-Valley Fire District,Zanesfield,OH
muskingumcountyoh.gov,County,Muskingum County Commissioners,Zanesville,OH
muskingumdd.gov,County,Muskingum County Board of Developmental Disabilities,Zanesville,OH
zanesvillehousingoh.gov,Special district,Zanesville Metropolitan Housing Authority,Zanesville,OH
pontotoccountyok.gov,County,Pontotoc County,Ada,OK
pontotocsheriff-ok.gov,County,Pontotoc County Sheriff's Office,Ada,OK
altusok.gov,City,City of Altus,Altus,OK
jacksoncountyok.gov,County,Jackson County,Altus,OK
alvaok.gov,City,City of Alva,Alva,OK
woodscountyok.gov,County,Woods County,Alva,OK
caddocountyok.gov,County,Caddo County,Anadarko,OK
pushcountytreasurer.gov,County,Pushmataha County Treasurer,Antlers,OK
pushmatahacountyok.gov,County,Pushmataha County,Antlers,OK
townofarcadiaok.gov,City,Town of Arcadia,Arcadia,OK
ardmoreok.gov,City,City of Ardmore,Ardmore,OK
arkomaok.gov,City,Town of Arkoma,Arkoma,OK
atokacountyok.gov,County,Atoka County,Atoka,OK
atokacountysheriff.gov,County,Atoka County Sheriff's Office,Atoka,OK
barnsdallpdok.gov,City,Barnsdall Police Department,Barnsdall,OK
washingtoncountyok.gov,County,Washington County,Bartlesville,OK
wcema-ok.gov,County,Washington County Emergency Management,Bartlesville,OK
beaverok.gov,City,Beaver,Beaver,OK
townofbillingsok.gov,City,Town of Billings,Billings,OK
binger.gov,City,Town of Binger,Binger,OK
bixbyok.gov,City,City of Bixby,Bixby,OK
blackwellok.gov,City,City of Blackwell,BLACKWELL,OK
cimarroncoso.gov,County,Cimarron County Sheriff,Boise City,OK
bokchito.gov,City,Town of Bokchito,Bokchito,OK
bristowlibraryok.gov,City,City of Bristow,Bristow,OK
bristowpoliceok.gov,City,City of Bristow,Bristow,OK
cityofbristowok.gov,City,City of Bristow,Bristow,OK
brokenarrowok.gov,City,City of Broken Arrow,Broken Arrow,OK
brokenbowok.gov,City,City of Broken Bow,Broken Bow,OK
brokenbowokpd.gov,City,Broken Bow Police Department,Broken Bow,OK
hochatown.gov,City,Hochatown Board of Trustees,Broken Bow,OK
hochatownfire.gov,Special district,Hochatown Volunteer Fire Department,Broken Bow,OK
carltonlandingok.gov,City,Town of Carlton Landing,Carlton Landing,OK
lincolncountyok.gov,County,Lincoln County Oklahoma,Chandler,OK
lincolncountysheriffok.gov,County,Lincoln County Sheriff's Office,Chandler,OK
chelseaok.gov,City,Chelsea Economic Development Authority,Chelsea,OK
chelseaokpd.gov,City,Chelsea Police Department,Chelsea,OK
chickasha.gov,City,City of Chickasha,Chickasha,OK
chickashapd.gov,City,Chickasha Police Department,Chickasha,OK
rogerscountysheriff.gov,County,Rogers County Sheriff's Office,Claremore,OK
clearviewok.gov,City,Town of Clearview,Clearview,OK
townofwestportok.gov,City,Town of Westport,Cleveland,OK
westportok.gov,City,Town of Westport,Cleveland,OK
clintonok.gov,City,"City of Clinton, OK",Clinton,OK
cityofcoalgate.gov,City,City of Coalgate,Coalgate,OK
coalcountyok.gov,County,"Coal County, Oklahoma",Coalgate,OK
collinsvilleok.gov,City,City of Collinsville,Collinsville,OK
washitaso.gov,County,Washita County Sheriff's Office,Cordell,OK
cityofcoweta-ok.gov,City,City of Coweta,Coweta,OK
cyrilok.gov,City,Town of Cyril,Cyril,OK
davenportok.gov,City,Town of Davenport,Davenport,OK
cityofdelcity.gov,City,City of Del City,Del City,OK
delcity.gov,City,City of Del City,Del City,OK
townofdepewok.gov,City,Town of Depew,Depew,OK
duncanok.gov,City,City of Duncan,Duncan,OK
stephenscountyok.gov,County,Stephens County,Duncan,OK
stephenssheriff-ok.gov,County,Stephens County Sheriff's Office,Duncan,OK
durantok.gov,City,City Of Durant,Durant,OK
edmondok.gov,City,City of Edmond,Edmond,OK
omag.gov,Special district,Oklahoma Municipal Assurance Group,Edmond,OK
omngc.gov,Special district,Oklahoma Municipal Natural Gas Coalition,Edmond,OK
elrenook.gov,City,City of El Reno,El Reno,OK
cityofelginok.gov,City,City of Elgin,Elgin,OK
elkcityok.gov,City,City of Elk City,Elk City,OK
erickok.gov,City,City of Erick,Erick,OK
mcintoshcountyok.gov,County,McIntosh County,Eufaula,OK
fletcherok.gov,City,Town of Fletcher,Fletcher,OK
forestparkok.gov,City,Town of Forest Park,Forest Park,OK
tillmancountyems.gov,Special district,Tillman County Emergency Medical Services District,Frederick,OK
tillmancountyok.gov,County,Tillman County,Frederick,OK
tillmansheriff.gov,County,Tillman County Sheriff's Office,Frederick,OK
goldsby.gov,City,Town of Goldsby,Goldsby,OK
townofgoreok.gov,City,Town Of Gore,Gore,OK
grandfieldok.gov,City,"Grandfield, City of",Grandfield,OK
townofgranite.gov,City,Town of Granite,Granite,OK
cityofgroveok.gov,City,City of Grove,Grove,OK
texascountyok.gov,County,Texas County,Guymon,OK
haileyville.gov,City,City of Haileyville,Haileyville,OK
hammonok.gov,City,Town of Hammon,Hammon,OK
haworthokpolice.gov,City,Haworth Police Department,Haworth,OK
hennesseyok.gov,City,Town of Hennessey,Hennessey,OK
henryetta.gov,City,City of Henryetta,Henryetta,OK
hobartok.gov,City,City of Hobart,Hobart,OK
cityofholdenville.gov,City,City Of Holdenville,Holdenville,OK
hughescosheriffok.gov,County,Hughes County Sheriff's Office,Holdenville,OK
hughescountyok911.gov,County,Hughes County 911,HOLDENVILLE,OK
harmoncountyok.gov,County,Harmon County,HOLLIS,OK
oklahomaced3.gov,Special district,Circuit Engineering District 3,Hugo,OK
townofhulbertok.gov,City,Town of Hulbert,Hulbert,OK
idabel-ok.gov,City,City of Idabel,Idabel,OK
mccurtaincountyok.gov,County,McCurtain County,Idabel,OK
mccurtaincountyso.gov,County,McCurtain County Sheriff's Office,Idabel,OK
indiahoma.gov,City,Town of Indiahoma,Indiahoma,OK
delawarecoclerkok.gov,County,Delaware County,Jay,OK
delawareok911.gov,County,DELAWARE COUNTY E911 TRUST AUTHORITY,JAY,OK
jonesok.gov,City,Town of Jones,Jones,OK
kawcityok.gov,City,City of Kaw City,Kaw City,OK
kellyvilleok.gov,City,Town of Kellyville,Kellyville,OK
ketchumok.gov,City,TOWN OF KETCHUM,Ketchum,OK
kingfishersheriff.gov,County,Kingfisher County Sheriff's Department,kingfisher,OK
lahoma.gov,City,Town of Lahoma,Lahoma,OK
langleyok.gov,City,Town of Langley,Langley,OK
cityoflangstonok.gov,City,City of Langston,Langston,OK
comanchecountyok.gov,County,Comanche County Oklahoma,Lawton,OK
lawtonok.gov,City,City of Lawton,Lawton,OK
okcomanchesheriff.gov,County,Comanche County Sheriff's Office,Lawton,OK
valleyviewvfdok.gov,County,VALLEY VIEW VOLUNTEER FIRE DEPT INC,Lawton,OK
leedeyok.gov,City,Town of Leedey,Leedey,OK
lexingtonok.gov,City,City of Lexington,Lexington,OK
lonewolfok.gov,City,Town of Lone Wolf,Lone Wolf,OK
marblecity.gov,City,Town of Marble City,Marble City,OK
lovecountyok.gov,County,Love County,Marietta,OK
townofcentralhigh.gov,City,Town of Central High,Marlow,OK
maudok.gov,City,City of Maud,Maud,OK
pittsburgcountyok.gov,County,Pittsburg County,MCALESTER,OK
grantcosook.gov,County,Grant County Sheriff,Medford,OK
grantcountyok.gov,County,Grant County,Medford,OK
miamiok.gov,City,City of Miami,MIAMI,OK
ottawacountysook.gov,County,Ottawa County Sheriffs Office,Miami,OK
ottawaok.gov,County,Ottawa County,Miami,OK
minco-ok.gov,City,City of Minco,Minco,OK
cityofmooreok.gov,City,City of Moore,Moore,OK
cityofmorrisok.gov,City,City of Morris,Morris,OK
mountainviewok.gov,City,Town of Mountain View,Mountain View,OK
muldrowok.gov,City,Town of Muldrow,Muldrow,OK
muskogeeok.gov,City,City of Muskogee,Muskogee,OK
newcastleok.gov,City,City of Newcastle,Newcastle,OK
cityofnewkirkok.gov,City,City of Newkirk,Newkirk,OK
nicholshills-ok.gov,City,City of Nichols Hills,Nichols Hills,OK
ninnekahok.gov,City,Town of Ninnekah,NINNEKAH,OK
nobleokpd.gov,City,Noble Police Department,Noble,OK
normanok.gov,City,City of Norman,Norman,OK
northenid.gov,City,Town of North Enid,North Enid,OK
nowataok.gov,City,City of Nowata,Nowata,OK
okemahok.gov,City,City of Okemah,Okemah,OK
okc.gov,City,City Of Oklahoma City,Oklahoma City,OK
okmulgeecounty.gov,County,Okmulgee County,Okmulgee,OK
oologahok.gov,City,Town of Oologah,Oologah,OK
cityofowasso.gov,City,City of Owasso,Owasso,OK
owasso.gov,City,City of Owasso,Owasso,OK
panamaok.gov,City,Town of Panama,Panama,OK
garvincountyok.gov,County,Garvin County,Pauls Valley,OK
garvincountysheriff.gov,County,Garvin County,Pauls Valley,OK
osagecounty-ok.gov,County,Osage County,Pawhuska,OK
osagecountyindustrialauthority-ok.gov,County,Osage County Industrial Authority,Pawhuska,OK
osagecountyok.gov,County,Osage County Sheriffs Office,Pawhuska,OK
pawhuska.gov,City,City of Pawhuska,Pawhuska,OK
noblecosook.gov,County,Noble County Sheriff's Office,Perry,OK
piedmont-ok.gov,City,City of Piedmont,Piedmont,OK
poncacityok.gov,City,City of Ponca City,Ponca City,OK
leflorecountyjailok.gov,County,Le Flore County Detention Center Public Trust,Poteau,OK
leflorecountyok.gov,County,LeFlore County Sheriff Department,Poteau,OK
townofprue.gov,City,Town of Prue,Prue,OK
mcclaincountyok.gov,County,Board of County Commissioners McClain County,Purcell,OK
purcellok.gov,City,City of Purcell,Purcell,OK
ratliffcity.gov,City,Town of Ratliff City,Ratliff City,OK
ringwoodok.gov,City,Town of Ringwood,Ringwood,OK
townofripleyok.gov,City,Town of Ripley,Ripley,OK
rolandok.gov,City,Town of Roland,Roland,OK
sallisawok.gov,City,City of Sallisaw,Sallisaw,OK
sandspringsok.gov,City,CITY OF SAND SPRINGS,SAND SPRINGS,OK
creekcountysheriff.gov,County,Creek County Sheriff's Office,Sapulpa,OK
sapulpaok.gov,City,City of Sapulpa,Sapulpa,OK
sapulpapd.gov,City,Sapulpa Police Department,Sapulpa,OK
sawyerok.gov,City,Town of Sawyer,Sawyer,OK
beckhamcountyok.gov,County,Beckham County Courthouse,Sayre,OK
beckhamso.gov,County,Beckham County Sheriff's Office,Sayre,OK
seminolecityok.gov,City,City of Seminole,Seminole,OK
shattuckok.gov,City,Town of Shattuck,Shattuck,OK
pottawatomiecountyok.gov,County,"Pottawatomie County, Oklahoma",Shawnee,OK
pottcosook.gov,County,Pottawatomie County Sheriff's Office,Shawnee,OK
shidlerok.gov,City,City of Shidler,Shidler,OK
cityofskiatook.gov,City,City of Skiatook,Skiatook,OK
skiatookpolice.gov,City,City of Skiatook,Skiatook,OK
snyderok.gov,City,City of Snyder,Snyder,OK
southcoffeyvilleok.gov,City,Town of South Coffeyville Oklahoma,South Coffeyville,OK
spavinaw.gov,City,Town of Spavinaw,Spavinaw,OK
cityofspencerok.gov,City,City of Spencer,Spencer,OK
sperryok.gov,City,Town of Sperry,Sperry,OK
townofsterlingok.gov,City,Town of Sterling,Sterling,OK
paynecountyok.gov,County,"Payne County, Oklahoma",Stillwater,OK
stillwaterok.gov,City,City of Stillwater,Stillwater,OK
adairok911.gov,County,Adair County 911 Regional Trust Authority,Stilwell,OK
murraycountyok.gov,County,Murray County,Sulphur,OK
taftok.gov,City,Town of Taft,Taft,OK
tahlequah.gov,City,City of Tahlequah OK,Tahlequah,OK
talalaok.gov,City,Town of Talala,Talala,OK
townoftempleok.gov,City,Town of Temple,Temple,OK
townofterral.gov,City,Town of Terral,Terral,OK
johnstoncountyok.gov,County,Johnston County,Tishomingo,OK
tonkawaok.gov,City,City of Tonkawa,Tonkawa,OK
cityoftulsa.gov,City,City of Tulsa,Tulsa,OK
emsaok.gov,Special district,Emergency Medical Services Authority,Tulsa,OK
tuttleok.gov,City,City of Tuttle,Tuttle,OK
unioncityok.gov,City,Town of Union City,Union City,OK
thevillageok.gov,City,City of The Village,Village,OK
cottoncountyok.gov,County,Cotton County,Walters,OK
warnerok.gov,City,Town of Warner,Warner,OK
warracres-ok.gov,City,City of Warr Acres,Warr Acres,OK
washingtonok.gov,City,Town of Washington,Washington,OK
blainecosheriff-ok.gov,County,Blaine County Board of Commissioners,Watonga,OK
watongaok.gov,City,City of Watonga,Watonga,OK
jeffersoncountyok.gov,County,JEFFERSON COUNTY,Waurika,OK
jeffersonsheriff-ok.gov,County,Jefferson County Sheriff's Office,Waurika,OK
waurika.gov,City,City of Waurika,Waurika,OK
wellstonok.gov,City,Town of Wellston,Wellston,OK
westsiloamsprings.gov,City,Town of West Siloam Springs,West Siloam Springs,OK
wetumka.gov,City,City of Wetumka,Wetumka,OK
cityofwewoka.gov,City,City of Wewoka,Wewoka,OK
seminolecountyoklahoma.gov,County,Seminole County,wewoka,OK
wilburton.gov,City,City of Wilburton,Wilburton,OK
cityofwoodward-ok.gov,City,City of Woodward,Woodward,OK
cityofyukonok.gov,City,City of Yukon,Yukon,OK
yukonok.gov,City,City of Yukon,Yukon,OK
albanyoregon.gov,City,"City of Albany, Oregon",Albany,OR
lblesd.gov,School district,Linn Benton Lincoln Education Service District,Albany,OR
linncountyor.gov,County,Linn County,Albany,OR
orcw.gov,Special district,Oregon Cascades West Council of Governments,Albany,OR
amityoregon.gov,City,City of Amity,Amity,OR
ashlandoregon.gov,City,"City of Ashland, Oregon",Ashland,OR
ashlandorschools.gov,School district,Ashland School District,Ashland,OR
astoria.gov,City,CITY OF ASTORIA,Astoria,OR
clatsopcounty.gov,County,Clatsop County Oregon,Astoria,OR
bakercity.gov,City,City of Baker City,Baker City,OR
bakercitypd.gov,City,Baker City,Baker City,OR
bakercosheriffor.gov,County,baker county,baker city,OR
bakercounty911or.gov,County,Baker County,Baker City,OR
bakercountyor.gov,County,Baker County,Baker City,OR
bakercountysheriffor.gov,County,Baker County,Baker City,OR
unityor.gov,County,Baker County,Baker City,OR
bandon-or.gov,City,City of Bandon,Bandon,OR
beavertonoregon.gov,City,City of Beaverton,Beaverton,OR
maccor.gov,Special district,Metropolitan Area Communications Commission,Beaverton,OR
thprd.gov,Special district,Tualatin Hills Park & Recreation District,Beaverton,OR
bendoregon.gov,City,City of Bend,Bend,OR
deschutescounty.gov,County,Deschutes County,Bend,OR
blackbuttepolice.gov,Special district,Black Butte Ranch Service District,Black Butte,OR
bbrfire-or.gov,Special district,Black Butte Ranch Rural Fire Protection District,Black Butte Ranch,OR
boardmanorprd.gov,Special district,Boardman Park and Recreation District,Boardman,OR
cityofburnsor.gov,City,City of Burns,Burns,OR
harneycountyor.gov,County,Harney County,Burns,OR
canbyoregon.gov,City,City of Canby,Canby,OR
canbyutilityor.gov,Special district,Canby Utility,Canby,OR
grantcounty-or.gov,County,Grant County Court,Canyon City,OR
carltonfiredistrict.gov,Special district,Carlton Fire District,Carlton,OR
portofcascadelocks.gov,Special district,Port of Cascade Locks,Cascade Locks,OR
illinoisvalleyswcd.gov,Special district,Illinois Valley Soil and Water Conservation District,Cave Junction,OR
centralpointoregon.gov,City,City of Central Point,Central Point,OR
ecso911or.gov,Special district,Emergency Communications of Southern Oregon,Central Point,OR
jcvcd.gov,County,Jackson County Vector Control District,Central Point,OR
rvss-or.gov,Special district,Rogue Valley Sewer Services,Central Point,OR
chiloquinfire.gov,Special district,Chiloquin Fire & Rescue,Chiloquin,OR
johnday-or.gov,City,City of John Day,City of John Day,OR
johnsoncityoregon.gov,City,City of Johnson City,City of Johnson City,OR
clackamasriverwater.gov,Special district,Clackamas River Water,Clackamas,OR
clackesd.gov,School district,Clackamas Education Service District,Clackamas,OR
clatskanieparksandrecreation.gov,Special district,Clatskanie Parks and Recreation,Clatskanie,OR
nrfpdor.gov,Special district,Nestucca Rural Fire Protection District,Cloverdale,OR
frontier911or.gov,Special district,Frontier Regional 911,Condon,OR
gilliamcountyor.gov,County,Gilliam County Courthouse,Condon,OR
gilliamswcd.gov,Special district,Gilliam County Soil and Water Conservation District,Condon,OR
coosbayor.gov,City,City of Coos Bay,Coos Bay,OR
cooscountyor.gov,County,Coos County Oregon,Coquille,OR
coquillecity.gov,City,City of Coquille,Coquille,OR
corneliusor.gov,City,"City of Cornelius, Oregon",Cornelius,OR
bentoncountyor.gov,County,Benton County - Oregon,Corvallis,OR
corvallisoregon.gov,City,City of Corvallis,Corvallis,OR
cottagegroveor.gov,City,City of Cottage Grove,Cottage Grove,OR
creswellor.gov,City,City of Creswell,Creswell,OR
dallasor.gov,City,City of Dallas,Dallas,OR
dallasoregon.gov,City,City of Dallas,Dallas,OR
polkcountyor.gov,County,Polk County,Dallas,OR
swpolkfdor.gov,Special district,Southwestern Polk County Rural Fire Protection District 3,Dallas,OR
daytonoregon.gov,City,City of Dayton,Dayton,OR
detroitor.gov,City,City of Detroit,Detroit,OR
donaldoregon.gov,City,City of Donald,Donald,OR
durhamoregon.gov,City,City of Durham,Durham,OR
echofireoregon.gov,Special district,Echo Rural Fire Protection District,Echo,OR
enterpriseoregon.gov,City,City of Enterprise,Enterprise,OR
wallowacounty.gov,County,Wallowa County Government,Enterprise,OR
eugene-or.gov,City,City of Eugene ISD,Eugene,OR
lanecountyor.gov,County,Lane County,Eugene,OR
lcog-or.gov,Special district,Lane Council of Governments,Eugene,OR
fairvieworegon.gov,City,City of Fairview,Fairview,OR
fallscityoregon.gov,City,City of Falls City,Falls City,OR
forestgrove-or.gov,City,City of Forest Grove,Forest Grove,OR
cityoffossil.gov,City,City of Fossil,Fossil,OR
fossiloregon.gov,City,City of Fossil,Fossil,OR
garibaldi.gov,City,City of Garibaldi,Garibaldi,OR
gervaisor.gov,City,City of Gervais,Gervais,OR
gervaispd.gov,City,Gervais Police Department,Gervais,OR
salishansanitaryor.gov,Special district,Salishan Sanitary District,Gleneden Beach,OR
currycountyor.gov,County,Curry County,Gold beach,OR
cityofgoldhill.gov,City,City of Gold Hill,Gold Hill,OR
goldbeachoregon.gov,City,City of Gold Beach,GoldBeach,OR
grantspassoregon.gov,City,City of Grants Pass,Grants Pass,OR
josephinecounty.gov,County,Josephine County,Grants Pass,OR
midroguefd.gov,Special district,Mid Rogue Fire District,Grants Pass,OR
tworiversswcd.gov,Special district,Two Rivers Soil and Water Conservation District,Grants Pass,OR
greshamoregon.gov,City,City of Gresham,Gresham,OR
multcofire10.gov,Special district,Multnomah County Rural Fire Protection District #10,Gresham,OR
halseyor.gov,City,City of Halsey,Halsey,OR
happyvalleyor.gov,City,City of Happy Valley,Happy Valley,OR
sunrisewateror.gov,Special district,Sunrise Water Authority,Happy Valley,OR
hermiston.gov,City,City of Hermiston,Hermiston,OR
ucfd1oregon.gov,Special district,Umatilla County Fire District number 1,Hermiston,OR
hillsboro-oregon.gov,City,City of Hillsboro,Hillsboro,OR
washingtoncountyor.gov,County,Washington County,Hillsboro,OR
cityofhines.gov,City,City of Hines,Hines,OR
cityofhoodriver.gov,City,City of Hood River,Hood River,OR
hoodrivercounty.gov,County,Hood River County,Hood River,OR
hrwsba.gov,Special district,Hood River White Salmon Bridge Authority,Hood River,OR
cityofhuntingtonor.gov,City,City of Huntington,Huntington,OR
independenceor.gov,City,City of Independence,Independence,OR
polkfireor.gov,Special district,Polk County Fire District NO.1,Independence,OR
cityofioneoregon.gov,City,City of Ione Oregon,Ione,OR
islandcityoregon.gov,City,City of Island City,Island City,OR
grantcounty911or.gov,Special district,Grant County Emergency Communications Agency,JOHN DAY,OR
junctioncityoregon.gov,City,City of Junction City,Junction City,OR
keizerfire.gov,Special district,Keizer Rural Fire Protection District,Keizer,OR
keizeror.gov,City,City of Keizer,Keizer,OR
klamath911.gov,Special district,Klamath 911 Emergency Communications District,Klamath Falls,OR
klamathcountyor.gov,County,Klamath County,Klamath Falls,OR
klamathswcd.gov,Special district,Klamath Soil & Water Conservation District,Klamath Falls,OR
lagranderuralfire.gov,Special district,La Grande Rural Fire Protection District,La Grande,OR
ucsooregon.gov,County,Union County Sheriff's Office,La Grande,OR
unioncountyor.gov,County,Union County,La Grande,OR
lapineoregon.gov,City,City of La Pine,La Pine,OR
lafayetteoregon.gov,City,Lafayette Oregon,Lafayette,OR
lakegrovewateroregon.gov,Special district,Lake Grove Water District,lake oswego,OR
cityoflakesideoregon.gov,City,City of Lakeside,Lakeside,OR
thomascreekwestsiderfpd.gov,Special district,Thomas Creek Westside Rural Fire Protection District,Lakeview,OR
townoflakeviewor.gov,City,"Town of Lakeview, Oregon",Lakeview,OR
mckenziefireor.gov,Special district,McKenzie Fire & Rescue,Leaburg,OR
lebanonfireoregon.gov,Special district,Lebanon Fire Department,Lebanon,OR
lebanonoregon.gov,City,City of Lebanon,Lebanon,OR
lincolncityor.gov,City,City of Lincoln City,Lincoln City,OR
lowelloregon.gov,City,City of Lowell,Lowell,OR
lowellorfire.gov,Special district,Lowell Rural Fire Protection District,Lowell,OR
lyonsor.gov,City,City of Lyons,Lyons,OR
jeffersoncountyor.gov,County,Jefferson County Oregon,Madras,OR
madras.gov,City,City of Madras,Madras,OR
madraspd.gov,City,City of Madras Police Department,Madras,OR
northunitidor.gov,Special district,North Unit Irrigation District,MADRAS,OR
cityofmaywoodparkor.gov,City,City of Maywood Park,Maywood Park,OR
mcminnvillefiredistrict.gov,Special district,McMinnville Fire District,McMinnville,OR
mcminnvilleoregon.gov,City,City of McMinnville,McMinnville,OR
yamhillcounty.gov,County,Yamhill County,McMinnville,OR
ycom911.gov,Special district,Yamhill Communications Agency,McMinnville,OR
jacksoncountyor.gov,County,Jackson County Oregon,Medford,OR
medfordoregon.gov,City,"City of Medford, Oregon",Medford,OR
millersburgoregon.gov,City,City of Millersburg,Millersburg,OR
milton-freewater-or.gov,City,City of Milton-Freewater,Milton-Freewater,OR
milwaukieoregon.gov,City,City of Milwaukie,Milwaukie,OR
monmouthor.gov,City,City of Monmouth,Monmouth,OR
monroeoregon.gov,City,City of Monroe,Monroe,OR
cityofmosier.gov,City,City of Mosier,Mosier,OR
mtangel.gov,City,City of Mt. Angel,Mt. Angel,OR
tcwsa-or.gov,Special district,Tri City Water And Sanitary Authority,Myrtle Creek,OR
myrtlepointor.gov,City,City of Myrtle Point,Myrtle Point,OR
nbwaor.gov,Special district,Nehalem Bay Wastewater Agency,Nehalem,OR
nehalem.gov,City,City of Nehalem,Nehalem,OR
portofnehalem.gov,Special district,Port of Nehalem,Nehalem,OR
newbergoregon.gov,City,City of Newberg,Newberg,OR
housinglincolncountyor.gov,Special district,Housing Authority of Lincoln County,Newport,OR
lincolncountyoregon.gov,County,Lincoln County,Newport,OR
newportoregon.gov,City,City of Newport,Newport,OR
flyoth.gov,Special district,Coos County Airport District,North Bend,OR
northbendoregon.gov,City,City of North Bend,North Bend,OR
northplains.gov,City,City of North Plains,North Plains,OR
oidnh.gov,Special district,Owyhee Irrigation District,Nyssa,OR
malheurcountyswcd.gov,Special district,Malheur County Soil and Water Conservation District,Ontario,OR
oregoncityor.gov,City,City of Oregon City,Oregon City,OR
sfwbor.gov,Special district,South Fork Water Board,Oregon City,OR
imesdor.gov,School district,InterMountain Education Service District,Pendleton,OR
pendletonor.gov,City,City of Pendleton,Pendleton,OR
umatillacounty.gov,County,Umatilla County,Pendleton,OR
umoregonradio.gov,Special district,Umatilla Morrow Radio & Data District,Pendleton,OR
philomathoregon.gov,City,City of Philomath,Philomath,OR
jcfd5or.gov,Special district,Jackson County Rural Fire Protection District 5,Phoenix,OR
phoenixoregon.gov,City,City of Phoenix,Phoenix,OR
portorfordor.gov,City,City of Port Orford,Port Orford,OR
portorfordlibrary.gov,Special district,Port Orford Public Library District,"Port Orford, OR",OR
multcoda.gov,County,Multnomah County District Attorney,Portland,OR
portland.gov,City,City of Portland,Portland,OR
portlandoregon.gov,City,City of Portland,Portland,OR
portofportland.gov,Special district,Port of Portland,Portland,OR
ufswqd.gov,Special district,Urban Flood Safety and Water Quality District,Portland,OR
urbanfloodsafetyor.gov,Special district,Urban Flood Safety and Water Quality District,Portland,OR
prairiecityor.gov,City,Town of Prairie City,Prairie City,OR
crookcountyor.gov,County,Crook County,Prineville,OR
crooklibraryor.gov,County,Crook County Library,Prineville,OR
crookpublichealthor.gov,County,Crook County Health Dept,Prineville,OR
prineville.gov,City,City of Prineville,Prineville,OR
hdesd.gov,School district,High Desert Education Service District,Redmond,OR
rdmfire-or.gov,Special district,Redmond Fire & Rescue,Redmond,OR
redmondoregon.gov,City,City of Redmond,Redmond,OR
rockawaybeachoregon.gov,City,City of Rockaway Beach,Rockaway Beach,OR
douglascountyor.gov,County,"Douglas County, Oregon",Roseburg,OR
gawsaor.gov,Special district,Green Area Water & Sanitary Authority,Roseburg,OR
roseburgor.gov,City,City of Roseburg,Roseburg,OR
cityofrufus.gov,City,City of Rufus,Rufus,OR
columbiacountyor.gov,County,Columbia County,Saint Helens,OR
marioncountyor.gov,County,Marion County,Salem,OR
salemor.gov,City,City of Salem,Salem,OR
mcfd1or.gov,Special district,Marion County Fire District No.1,"Salem, OR",OR
sandyoregon.gov,City,City of Sandy,Sandy,OR
scappoose.gov,City,City of Scappoose,Scappoose,OR
scappoosefire.gov,Special district,Scappoose Rural Fire District,Scappoose,OR
sciooregon.gov,City,City of Scio,Scio,OR
unionhealthdistrictclatsop.gov,Special district,Union Health District of Clatsop County,Seaside,OR
cityofshaniko.gov,City,City of Shaniko,Shaniko,OR
shanikofireor.gov,City,South Wasco Fire and Rescue,Shaniko,OR
sherwoodoregon.gov,City,City of Sherwood,Sherwood,OR
drakescrossingfire.gov,Special district,Drakes Crossing Rural Fire Protection District,Silverton,OR
lrapa-or.gov,Special district,Lane Regional Air Protection Agency,Springfield,OR
springfield-or.gov,City,"City of Springfield, Oregon",Springfield,OR
sthelensoregon.gov,City,City of St Helens,St Helens,OR
santiamwater.gov,Special district,Santiam Water Control District,Stayton,OR
staytonoregon.gov,City,City of Stayton,Stayton,OR
sublimityoregon.gov,City,City of Sublimity,Sublimity,OR
sunriversdor.gov,Special district,Sunriver Service District,Sunriver,OR
sutherlinoregon.gov,City,City of Sutherlin,Sutherlin,OR
sutherlinwcdor.gov,Special district,Sutherlin Water Control District,Sutherlin,OR
shsd55or.gov,School district,Sweet Home School District 55,Sweet Home,OR
sweethomefireor.gov,Special district,SWEET HOME FIRE  AMBULANCE DISTRICT,SWEET HOME,OR
sweethomeor.gov,City,City of Sweet Home,Sweet Home,OR
talentid-or.gov,Special district,Talent Irrigation District,Talent,OR
tangentor.gov,City,City of Tangent,Tangent,OR
crrfire-or.gov,Special district,Crooked River Ranch Rural Fire Protection District,Terrebonne,OR
mcedd.gov,Special district,Mid Columbia Economic Development District,The Dalles,OR
portofthedalles.gov,Special district,Port of The Dalles,The Dalles,OR
thedalles.gov,City,City of The Dalles,The Dalles,OR
tigard-or.gov,City,"City of Tigard, Oregon",Tigard,OR
tvfr.gov,Special district,Tualatin Valley Fire & Rescue,Tigard,OR
tillamook911.gov,Special district,Tillamook County Emergency Communications District,Tillamook,OR
tillamookbus.gov,Special district,Tillamook County Transportation District,Tillamook,OR
tillamookcounty.gov,County,Tillamook County,Tillamook,OR
tillamookor.gov,City,City of Tillamook,Tillamook,OR
troutdaleoregon.gov,City,City of Troutdale,Troutdale,OR
tualatin.gov,City,City of Tualatin,Tualatin,OR
tualatinoregon.gov,City,City of Tualatin,Tualatin,OR
turneroregon.gov,City,City of Turner,Turner,OR
barlowwateror.gov,Special district,Barlow Water Improvement District,Tygh Valley,OR
umatilla.gov,City,City of Umatilla,Umatilla,OR
umatillahospitaldistrict-or.gov,Special district,Umatilla Hospital District,Umatilla,OR
venetaoregon.gov,City,City of Veneta,Veneta,OR
vernonia-or.gov,City,City of Vernonia,Vernonia,OR
vernoniafire.gov,Special district,Vernonia Rural Fire Protection District,Vernonia,OR
centraloregoncoastfire.gov,Special district,Central Oregon Coast Fire and Rescue,Waldport,OR
waldportoregon.gov,City,City of Waldport,Waldport,OR
cityofwallowa.gov,City,City of Wallowa,Wallowa,OR
hoodlandfire.gov,Special district,Hoodland Rural Fire Protection District #74,Welches,OR
readywestlinnor.gov,City,City of West Linn,West Linn,OR
westlinnoregon.gov,City,City of West Linn,West Linn,OR
dunescity.gov,City,Dunes City,Westlake,OR
cityofwheeleror.gov,City,City of Wheeler,Wheeler,OR
jcfd3or.gov,Special district,Jackson County Fire District 3,White City,OR
willaminaoregon.gov,City,City of Oregon,Willamina,OR
wilsonvilleoregon.gov,City,City of Wilsonville,Wilsonville,OR
cdfr-or.gov,Special district,Central Douglas Fire & Rescue Authority,Winston,OR
cityofwinston.gov,City,City of Winston,Winston,OR
wolfcreekfireor.gov,Special district,Wolf Creek Rural Fire Protection District,Wolf Creek,OR
woodvillageor.gov,City,City of Wood Village,Wood Village,OR
woodburn-or.gov,City,City of Woodburn,Woodburn,OR
yamhillfiredistrict.gov,Special district,Yamhill Fire District,Yamhill,OR
yamhilloregon.gov,City,City of Yamhill Oregon,Yamhill,OR
abingtonpa.gov,City,Abington Township,Abington,PA
ksjwapa.gov,Special district,Kittanning Suburban Joint Water Authority,Adrian,PA
washingtontwpacpa.gov,City,Washington Township Armstrong County PA,Adrian,PA
lowerchancefordtwppa.gov,City,Lower Chanceford Township,Airville,PA
aldanpa.gov,City,Aldan Borough,Aldan,PA
aliquippapa.gov,City,City of Aliquippa,Aliquippa,PA
centerpolicebcpa.gov,City,Center Township Police Department,Aliquippa,PA
allentownpa.gov,City,City of Allentown,Allentown,PA
lantabus-pa.gov,City,Lehigh and Northampton Transportation Authority,Allentown,PA
lehighcountypa.gov,County,County of Lehigh,Allentown,PA
salisburylehighpa.gov,City,Salisbury Township,Allentown,PA
hampton-pa.gov,City,Township of Hampton,Allison Park,PA
hamptonpd-pa.gov,City,Township of Hampton Police Department,Allison Park,PA
hamptonshalerwater.gov,Special district,Hampton Shaler Water Authority,Allison Park,PA
altoonapa.gov,City,City of Altoona,Altoona,PA
altoonawater.gov,Special district,Altoona Water Authority,Altoona,PA
logantownship-pa.gov,City,Logan Township,Altoona,PA
kiskitownship-pa.gov,City,Kiskiminetas Township,Apollo,PA
archbaldboroughpa.gov,City,Archbald Borough,Archbald,PA
archbaldpa.gov,City,Archbald Borough,Archbald,PA
aspinwallpa.gov,City,Borough of Aspinwall,Aspinwall,PA
greenwoodtwpcrawfordpa.gov,City,Greenwood Township,Atlantic,PA
badenpa.gov,City,Borough of Baden,Baden,PA
beavercountypa.gov,County,Beaver County Information Technology,Beaver,PA
beaverpa.gov,City,Borough of Beaver,Beaver,PA
swparegionalcad.gov,County,Beaver County Information Technology,Beaver,PA
northsewickleytownship.gov,City,North Sewickley Township,Beaver Falls,PA
pattersontwppa.gov,City,Patterson Township,Beaver Falls,PA
southbeavertownshippa.gov,City,South Beaver Township,Beaver Falls,PA
bedfordboroughpa.gov,City,Bedford Police Department,BEDFORD,PA
bedfordtwpmapa.gov,Special district,Bedford Township Municipal (Water and Sewer) Authority,Bedford,PA
bfjrauthoritypa.gov,Special district,The Bedford Fulton Joint Recreation Authority,Bedford,PA
bedfordtwppa.gov,City,Bedford Township Supervisors,"Bedford , Pa. 15522",PA
beechcreektwppa.gov,City,Beech Creek Township,Beech Creek,PA
bellefontepa.gov,City,Borough of Bellefonte,Bellefonte,PA
centrecountypa.gov,County,County of Centre,Bellefonte,PA
bensalempa.gov,City,Bensalem Township,Bensalem,PA
berwickpa.gov,City,Borough of Berwick,Berwick,PA
tredyffrin.gov,City,Tredyffrin Township,Berwyn,PA
bethelparkpa.gov,City,Municipality of Bethel Park,Bethel Park,PA
bethelparkpapolice.gov,City,Bethel Park Police Department,Bethel Park,PA
bethlehem-pa.gov,City,City of Bethlehem,Bethlehem,PA
hendersontwpjcpa.gov,City,"Henderson Twp, Jefferson Co, Pennsylvania",Big Run,PA
boswellboropd-pa.gov,County,Boswell Borough Police Department,Boswell,PA
bradfordwoods.gov,City,Bradford Woods Borough,Bradford Woods,PA
bristoltwppa.gov,City,Bristol Township,Bristol,PA
brockwayborough.gov,County,The Brockway Borough Office,Brockway,PA
chestnuthilltwp-pa.gov,City,Chestnuthill Township,Brodheadsville,PA
brooklynpa.gov,City,Brooklyn Township,Brooklyn,PA
jeffersoncountypa.gov,County,Jefferson County,Brookville,PA
butlercountypa.gov,County,County of Butler PA,Butler,PA
winfieldpa.gov,City,Winfield Township,Cabot,PA
californiapa.gov,City,Borough of California,CALIFORNIA,PA
cantonboroughpa.gov,City,Canton Borough,Canton,PA
cumberlandcountypa.gov,County,County of Cumberland,Carlisle,PA
frenchcreektownshippa.gov,City,"French Creek Township, Mercer County",Carlton,PA
carnegieborough.gov,City,Carnegie Borough,Carnegie,PA
rosslynfarmspa.gov,City,Borough of Rosslyn Farms,Carnegie,PA
ceciltownship-pa.gov,City,Cecil Township PA,Cecil,PA
indianlakepa.gov,City,Indian Lake Borough,Central City,PA
chaddsfordpa.gov,City,Chadds Ford Township,Chadds Ford,PA
chambersburgpa.gov,City,Borough of Chambersburg,Chambersburg,PA
franklincountypa.gov,County,"County of Franklin, PA",Chambersburg,PA
cityofchesterpa.gov,City,City of Chester,Chester,PA
cityofchesterpafire.gov,City,City of Chester Fire Department,Chester,PA
cityofchesterpapolice.gov,City,City of Chester Police Department,Chester,PA
upperuwchlan-pa.gov,City,Upper Uwchlan Township,Chester Springs,PA
southabingtonpa.gov,City,South Abington Township,Chinchilla,PA
clarioncounty.gov,County,County of Clarion,Clarion,PA
clarionpolicepa.gov,City,Clarion Borough,Clarion,PA
clarkssummitpa.gov,City,Clarks Summit Borough,Clarks Summit,PA
greenfieldtownshippa.gov,City,Greenfield Township,Claysburg,PA
clearfieldcountypa.gov,County,Clearfield County Government,Clearfield,PA
clearfieldpa.gov,City,Clearfield Borough,Clearfield,PA
lawrencepa.gov,City,Lawrence Township Board of Supervisors,Clearfield,PA
cliftonheightspa.gov,City,Borough of Clifton Heights,Clifton Heights,PA
icmesapa.gov,Special district,Indiana County Municipal Emergency Services Authority,Clymer,PA
westmarlboroughpa.gov,City,West Marlborough Township,Coatesville,PA
collegeville-pa.gov,City,Borough of Collegeville,Collegeville,PA
eastconemaughpa.gov,City,East Conemaugh Borough,Conemaugh,PA
conshohockenpa.gov,City,Conshohocken Borough,Conshohocken,PA
bvrpd-pa.gov,Special district,Beaver Valley Regional Police Department,Conway,PA
paregion13.gov,Special district,Region 13 Southwestern PA Emergency Response Group,Coraopolis,PA
corrypa.gov,City,City of Corry,Corry,PA
pottercountypa.gov,County,Potter County,Coudersport,PA
curwensvillepa.gov,City,Curwensville Borough,Curwensville,PA
yorktownshippa.gov,City,York Township,Dallastown,PA
daltonboroughpa.gov,City,BOROUGH OF DALTON,DALTON,PA
montourcounty.gov,County,County of Montour,Danville,PA
dwgpa.gov,City,Borough of Delaware Water Gap,Delaware Water Gap,PA
dicksoncity-pa.gov,City,Dickson City Borough,Dickson City,PA
delawaretownshippa.gov,City,Delaware Township,Dingmans Ferry,PA
eastcalntownship.gov,City,East Caln Township,Downingtown,PA
buckscounty.gov,County,County of Bucks,Doylestown,PA
duboispa.gov,City,City of DuBois PA,DuBois,PA
dunbarboropa.gov,City,Dunbar Borough,Dunbar,PA
duncansvillepa.gov,City,Duncansville Borough,DUNCANSVILLE,PA
dunmorepa.gov,City,Dunmore Borough,Dunmore,PA
dupontpa.gov,City,Borough of Dupont,Dupont,PA
dushorepa.gov,City,Dushore Borough,Dushore,PA
eastbangorpa.gov,City,East Bangor Borough,East Bangor,PA
eastwashingtonpa.gov,City,East Washington Borough,East Washington,PA
easton-pa.gov,City,City of Easton,EASTON,PA
norcopa.gov,County,Northampton County,Easton,PA
westeaston.gov,City,Borough of West Easton,Easton,PA
cambriacountypa.gov,County,Cambria County,Ebensburg,PA
mesalancasterpa.gov,City,Municipal Emergency Services Authority of Lancaster County,Elizabethtown,PA
westdonegaltwp.gov,City,West Donegal Township,Elizabethtown,PA
cheltenhampa.gov,City,Cheltenham Township,Elkins Park,PA
emmauspa.gov,City,Borough of Emmaus,Emmaus,PA
emmauspd.gov,County,Emmaus Police Department,Emmaus,PA
capitalareaiu.gov,School district,Capital Area Intermediate Unit,Enola,PA
enonvalleyboropa.gov,City,Enon Valley Boro Council,Enon Valley Borough,PA
eriecountypa.gov,County,County of Erie,Erie,PA
wesleyville.gov,City,Wesleyville Borough,Erie,PA
carrollvalley.gov,County,The Borough of Carroll Valley,Fairfield,PA
hamiltonbanpa.gov,City,Hamiltonban Township,Fairfield,PA
libertytwpadamspa.gov,City,Liberty Township,Fairfield,PA
fallspa.gov,City,Falls Township,Falls,PA
easthopewelltownshippa.gov,City,East Hopewell Township,Felton,PA
franklintwpbeavercopa.gov,City,Franklin Township,Fombell,PA
mariontownshipbeavercountypa.gov,City,Marion Township,Fombell,PA
franklinpa.gov,City,City of Franklin,Franklin,PA
venangocountypa.gov,County,County of Venango,Franklin,PA
betheltwplebanon.gov,City,Bethel Township,Fredericksburg,PA
freelandpa.gov,City,Freeland Borough,Freeland,PA
harmartownship-pa.gov,City,Harmar Township,Freeport,PA
adamscountypa.gov,County,County of Adams,Gettysburg,PA
cumberlandtwppa.gov,City,Cumberland Township,Gettysburg,PA
gettysburgpa.gov,City,Borough of Gettysburg,Gettysburg,PA
highlandtwpadamspa.gov,City,"Highland Township, Adams County, Pennsylvania",Gettysburg,PA
mtjoytwppa.gov,City,Mt Joy Township,Gettysburg,PA
newhanoverpa.gov,City,New Hanover Township,Gilbertsville,PA
westeriecountyema.gov,City,West Erie County Emergency Management Agency,Girard,PA
glassportpapd.gov,City,Glassport Borough Police Department,Glassport,PA
codorustwpconstable.gov,City,Codorus Constable,Glen Rock,PA
greencastlepa.gov,City,Borough of Greencastle,Greencastle,PA
westmorelandcountypa.gov,County,Westmoreland County,Greensburg,PA
hempfieldtownshipmc.gov,City,Hempfield Township,Greenville,PA
hempfieldtownshippdmc.gov,City,Hempfield Township Police Department,Greenville,PA
perrytwpmcpa.gov,City,Perry Township in Mercer County,Hadley,PA
halifaxboropdpa.gov,City,Halifax Borough Police Dept,Halifax,PA
halifaxborough.gov,City,Halifax Borough,Halifax,PA
halifaxwatersewerpa.gov,Special district,Halifax Area Water & Sewer Authority,Halifax,PA
hfxtwppa.gov,City,Halifax Township Dauphin County Pennsylvania,Halifax,PA
jacksontwpdcpa.gov,City,Jackson Township in Dauphin County,Halifax,PA
hanoverboroughpa.gov,City,The Borough Of Hanover,Hanover,PA
dauphincounty.gov,County,Dauphin County,Harrisburg,PA
harrisburgpa.gov,City,City of Harrisburg,Harrisburg,PA
lowerpaxton-pa.gov,City,Lower Paxton Township,Harrisburg,PA
swataratwpauthority-pa.gov,City,Swatara Township Authority,Harrisburg,PA
harrisvilleboroughpa.gov,City,Harrisville Borough,Harrisville,PA
lackawaxentownshippa.gov,City,Lackawaxen Township,Hawley,PA
haysvilleborough.gov,City,Haysville Borough,Haysville,PA
highspire.gov,County,Borough of Highspire,Highspire,PA
blaircountypa.gov,County,County of Blair,Hollidaysburg,PA
honesdalepd-pa.gov,City,Honesdale Police Department,Honesdale,PA
waynecountypa.gov,County,Wayne County Courthouse,Honesdale,PA
hopbottompa.gov,County,Hop Bottom Borough,Hop Bottom,PA
libertytownshipcentrepa.gov,City,Liberty Township in Centre County,Howard,PA
hulmeville-pa.gov,City,Hulmeville Borough,Hulmeville,PA
hummelstown.gov,City,Borough of Hummelstown,Hummelstown,PA
huntingdoncountypa.gov,County,Huntingdon County Government,Huntingdon,PA
huntingdonsmithfieldpa.gov,City,Smithfield Township,Huntingdon,PA
indianacountypa.gov,County,County of Indiana,Indiana,PA
sewickleytownshipconstables.gov,City,State Constables Offices Sewickley Township CWOPA,Irwin,PA
jacksontwpmcpa.gov,City,Jackson Township,Jackson Center,PA
jacksontownshippa.gov,City,Jackson Township,Jackson Township,PA
jamestownpa.gov,City,Jamestown Borough,Jamestown,PA
warwickbucks.gov,City,Warwick Township,Jamison,PA
spwawater.gov,Special district,Southwestern PA Water Authority,Jefferson,PA
jeffersonhillspd.gov,City,Jefferson Hills Police Department,Jefferson Hills,PA
jeffersontwplackawanna.gov,City,Jefferson Township,Jefferson Township,PA
jermynpa.gov,City,Jermyn Borough,Jermyn,PA
carboncountypa.gov,County,County of Carbon,Jim Thorpe,PA
johnstownpa.gov,City,City of Johnstown,Johnstown,PA
stonycreekccpa.gov,City,"Stonycreek Township, Cambria County",Johnstown,PA
westhillspolicepa.gov,Special district,West Hills Regional Police Department,Johnstown,PA
knoxboropd.gov,City,Knox Borough Police Department,Knox,PA
koppelborough.gov,County,Koppel Borough,Koppel,PA
cityoflancasterpa.gov,City,"City of Lancaster,  PA",Lancaster,PA
lancastercountypa.gov,County,"County of Lancaster, Pa",Lancaster,PA
lancastercountypacourt.gov,County,Lancaster County Court of Common Pleas,Lancaster,PA
lcwc911pa.gov,County,"County of Lancaster, Pa",Lancaster,PA
londonbritaintownship-pa.gov,City,London Britiain Township,Landenberg,PA
lansdale.gov,City,Lansdale Borough,Lansdale,PA
lansdalepd.gov,County,Lansdale Borough Police Department,Lansdale,PA
sullivancountypa.gov,County,Sullivan County Commissioners,Laporte,PA
westsidepdpa.gov,Special district,West Side Regional Police Department,Larksville,PA
lebanoncountypa.gov,County,Lebanon County,Lebanon,PA
northlebanontwppa.gov,City,North Lebanon Township,Lebanon,PA
westlebanonpa.gov,City,West Lebanon Township,Lebanon,PA
eastpenntownship.gov,City,East Penn Township,Lehighton,PA
franklintownshipcarbonpa.gov,City,Franklin Township,Lehighton,PA
mahoningtwpcarbonpa.gov,City,Mahoning Township,Lehighton,PA
paconstableeastpenntwp.gov,City,East Penn Township Constable Office,Lehighton,PA
peterstownshipfcpa.gov,City,Peters Township Supervisors,Lemasters,PA
northuniontownship-pa.gov,City,North Union Township,Lemont Furnace,PA
mifflincountypa.gov,County,Mifflin County,Lewistown,PA
mifflincountyregionalpd.gov,County,MIFFLIN COUNTY REGIONAL POLICE,LEWISTOWN,PA
castaneatownshippa.gov,City,Castanea Township,Lock Haven,PA
clintoncountypa.gov,County,County of Clinton,Lock Haven,PA
lockhavenpa.gov,City,Lock Haven City,Lock Haven,PA
greenetwpclintonpa.gov,County,Greene Township Authority,Loganton,PA
paconstablelowerburrell4.gov,Special district,Pennsylvania State Constable Office Lower Burrell Fourth Precinct,Lower Burrell,PA
manchesterborough.gov,City,Manchester Borough,Manchester,PA
manorborough.gov,County,Manor Borough,Manor,PA
marysvilleboroughpa.gov,City,Marysville Borough,Marysville,PA
marysvilleboroughstormwater.gov,Special district,Marysville Borough Stormwater Authority,"Marysville,",PA
mayfieldboroughpa.gov,City,Mayfield Borough,Mayfield,PA
robinsonpa.gov,City,Robinson Township,McDonald,PA
mckeesport-pa.gov,City,City of McKeesport,McKeesport,PA
vernontwp-pa.gov,City,VERNON TOWNSHIP,Meadville,PA
delcopa.gov,County,Delaware County Courthouse and Government Center,Media,PA
delcopalandbank.gov,County,Delaware County Redevelopment Authority,Media,PA
middletowndelcopa.gov,City,Middletown Township,Media,PA
mercercountypa.gov,County,County Of Mercer,Mercer,PA
mercersburgpa.gov,City,Mercersburg,Mercersburg,PA
juniatacountypa.gov,County,Juniata County Government,Mifflintown,PA
pikepa.gov,County,Pike County Commissioners,Milford,PA
millhallboroughpa.gov,City,Mill Hall Borough,Mill Hall,PA
minersvillepa.gov,City,Minersville Borough,Minersville,PA
conytwpluzernepa.gov,City,Conyngham Township,Mocanaqua,PA
pottertwp-pa.gov,City,Potter Township,Monaca,PA
cityofmonongahela-pa.gov,City,City of Monongahela,Monongahela,PA
susqco.gov,County,Susquehanna County,Montrose,PA
mtcarmelboro.gov,City,Mount Carmel Borough,Mount Carmel,PA
mjbapa.gov,City,Mount Joy Borough Authority,Mount Joy,PA
mountpocono-pa.gov,City,Mount Pocono Borough,Mount Pocono,PA
mtwolfpa.gov,City,Mount Wolf Borough,Mount Wolf,PA
ricetwppa.gov,City,Rice Township,Mountain Top,PA
wrighttownshippa.gov,City,Wright Township,Mountain Top,PA
jacksontownship-pa.gov,City,Jackson Township,Myerstown,PA
cityofnanticoke-pa.gov,City,City of Nanticoke,Nanticoke,PA
narberthpa.gov,City,Narberth Borough,Narberth,PA
harrisontwp-pa.gov,City,Harrison Township,Natrona Heights,PA
nazarethboroughpa.gov,City,Borough of Nazareth,Nazareth,PA
daughertytownship-pa.gov,City,Daugherty Township,New Brighton,PA
lawrencecountypa.gov,County,Lawrence County Government Center,New Castle,PA
newcastlepa.gov,City,City of New Castle,New Castle,PA
newtownpa.gov,City,Newtown Township,Newtown,PA
montgomerycountypa.gov,County,Montgomery County PA,Norristown,PA
norristown.gov,City,Municipality of Norristown,Norristown,PA
norrypapolice.gov,City,Northumberland Police Department,Northumberland,PA
northfayettepa.gov,City,North Fayette Township,Oakdale,PA
northfayettepapolice.gov,City,North Fayette Township,Oakdale,PA
northfayettetransportationpa.gov,Special district,North Fayette Transportation and Business Improvement Authority,Oakdale,PA
orwigsburg.gov,City,Borough of Orwigsburg,Orwigsburg,PA
palmerpa.gov,City,Palmer Township,Palmer,PA
palmerpdpa.gov,City,Palmer Township Police Department,Palmer,PA
parkesburg.gov,City,Parkesburg Borough,Parkesburg,PA
parkesburgpolice.gov,City,Parkesburg Borough Police,Parkesburg,PA
penbrookpa.gov,City,Borough of Penbrook,Penbrook,PA
phila.gov,City,Office of Innovation and Technology,Philadelphia,PA
upperprovmcpa.gov,City,Upper Providence Township,Phoenixville,PA
plumstead.gov,City,Plumstead Township,Pipersville,PA
brentwoodpa.gov,City,Borough of Brentwood,Pittsburgh,PA
craftonborough.gov,City,Crafton Borough,Pittsburgh,PA
foresthillspa.gov,County,Borough of Forest Hills PA,Pittsburgh,PA
hacp.gov,City,Housing Authority City of Pittsburgh,Pittsburgh,PA
pennhillspa.gov,City,Municipality of Penn Hills,Pittsburgh,PA
pittsburghpa.gov,City,City of Pittsburgh,Pittsburgh,PA
westviewpa.gov,City,Borough of West View,Pittsburgh,PA
whitehallboro.gov,County,Whitehall Borough,Pittsburgh,PA
whitehallboropd.gov,City,Whitehall Borough Police Department,Pittsburgh,PA
pittstoncity.gov,City,City of Pittston,Pittston,PA
plymouthboroughpa.gov,City,Plymouth Borough,Plymouth,PA
plymouthtownshippa.gov,City,Plymouth Township,Plymouth Twp,PA
tobyhannatownshippa.gov,City,Tobyhanna Township,Pocono Pines,PA
portmatilda.gov,City,Port Matilda Borough,Port Matlilda,PA
portageboropa.gov,County,Portage Borough,Portage,PA
eastcoventry-pa.gov,City,East Coventry Township,Pottstown,PA
pottstown.gov,City,Pottstown Borough,Pottstown,PA
pottsvillepa.gov,City,City of Pottsville,Pottsville,PA
schuylkillcountypa.gov,County,County of Schuylkill,Pottsville,PA
haycocktownship.gov,City,Haycock Township,Quakertown,PA
ransomtownshippa.gov,City,Ransom Township,Ransom Township,PA
berkspa.gov,County,County of Berks,Reading,PA
mtpenn.gov,City,Borough of Mount Penn,Reading,PA
muhlenbergtwppa.gov,City,Muhlenberg Township,Reading,PA
readingpa.gov,City,City of Reading,Reading,PA
jacksontwp-pa.gov,City,Jackson Township,Reeders,PA
renovopolice.gov,City,Renovo Police Department,Renovo,PA
reynoldsvilleborough.gov,City,Borough of Reynoldsville,Reynoldsville,PA
countyofelkpa.gov,County,County of Elk,Ridgway,PA
ringgoldtownship.gov,City,Ringgold Township,Ringgold,PA
sadsburytwpchesco.gov,City,Sadsbury Township,Sadsburyville,PA
rosstwpmcpa.gov,City,ROSS TOWNSHIP SUPERVISORS,SAYLORSBURG,PA
athentwpbcpapd.gov,City,Athens Township Police Department in Bradford County,Sayre,PA
sayreboroughpa.gov,City,Sayre Borough Police Department,Sayre,PA
lackcopa.gov,County,Lackawanna County,Scranton,PA
scrantonpa.gov,City,City of Scranton,Scranton,PA
sevenfields.gov,City,Borough of Seven Fields,Seven Fields,PA
sevenspringsborough-pa.gov,City,Seven Springs Borough,Seven Springs,PA
uniontwpluzernecopa.gov,City,Union Township,Shickshinny,PA
shippensburgpdpa.gov,City,Borough of Shippensburg,Shippensburg,PA
slipperyrockboroughpa.gov,City,Borough of Slippery Rock,Slippery Rock,PA
mckeancountypa.gov,County,McKean County Courthouse,Smethport,PA
springcitypa.gov,City,Spring City Borough,Spring City,PA
jeffersonboroughycpa.gov,County,Jefferson Borough,Spring Grove,PA
springgrovepa.gov,City,Spring Grove Borough,Spring Grove,PA
lowergwyneddpd.gov,City,Lower Gwynedd Township Police Department,Spring House,PA
springdaleborough.gov,City,Borough of Springdale,Springdale,PA
stclairpa.gov,City,Borough of St Clair,St Clair,PA
stmaryspa.gov,City,City of St. Marys,St. Marys,PA
statecollegepa.gov,City,City of State College,State College,PA
sctfpa.gov,Special district,South Central Task Force,Steelton,PA
monroecountypa.gov,County,Monroe County,Stroudsburg,PA
northumberlandcountypa.gov,County,County of Northumberland,Sunbury,PA
poconopa.gov,City,Pocono Township,Tannersville,PA
tatamypa.gov,City,Tatamy Borough,Tatamy,PA
forestcountypa.gov,County,Forest County,Tionesta,PA
cityoftitusvillepa.gov,City,City of Titusville Pennsylvania,Titusville,PA
titusvillepapd.gov,City,City of Titusville,Titusville,PA
bradfordcountypa.gov,County,Bradford County,Towanda,PA
traffordpa.gov,City,Trafford Borough,Trafford,PA
pymatuningpolice.gov,City,Pymatuning Township Police,Transfer,PA
lemontownshippa.gov,City,Lemon Township,Tunkhannock,PA
tunkhannockboroughpolice.gov,City,Tunkhannock Borough Police,Tunkhannock,PA
tunktwppolice.gov,City,Tunkhannock Township Police,Tunkhannock,PA
wyomingcountypa.gov,County,Wyoming County,Tunkhannock,PA
fayettecorecorderpa.gov,County,Fayette County Recorder of Deeds,Uniontown,PA
fayettecountyboipa.gov,County,Fayette County Bureau of Investigations,Uniontown,PA
pa-laurelhighlandssd.gov,School district,Laurel Highlands School District,Uniontown,PA
parkstwp.gov,City,PARKS TOWNSHIP,VANDERGRIFT,PA
venangotwpcrawfordcounty.gov,City,Venango Township,VENANGO,PA
cityofwarrenpa.gov,City,City of Warren,Warren,PA
warrencountypa.gov,County,Warren County,Warren,PA
washcopa.gov,County,County of Washington,Washington,PA
washingtoncopa.gov,County,Washington County,Washington,PA
washingtonpa.gov,City,Washington Police Department,Washington,PA
waverlypa.gov,City,Waverly Township,Waverly,PA
waynesboropa.gov,City,Borough of Waynesboro PA,Waynesboro,PA
greenecountypa.gov,County,County of Greene,Waynesburg,PA
waynesburgpa.gov,City,Waynesburg Borough,Waynesburg,PA
weatherlypa.gov,City,WEATHERLY BOROUGH,Weatherly,PA
wellsboropa.gov,City,Borough of Wellsboro,Wellsboro,PA
westhomesteadpa.gov,City,West Homestead Borough,West Homestead,PA
westmifflin.gov,City,Borough of West Mifflin,West Mifflin,PA
westreadingpd.gov,City,West Reading Police Department,West Reading,PA
whitaker.gov,County,Whitaker Borough,Whitaker,PA
whiteoakpa.gov,County,White Oak Borough,White Oak,PA
whitehalltwppa.gov,City,Whitehall Township,WHITEHALL,PA
whitehalltwppapd.gov,City,Whitehall Township Police Department,Whitehall,PA
wvsa-pa.gov,Special district,Wyoming Valley Sanitary Authority,Wilkes-Barre,PA
wilkes-barretownship.gov,City,Wilkes-Barre Township,Wilkes-Barre Township,PA
wilkinsburgpa.gov,City,Borough of Wilkinsburg,Wilkinsburg,PA
lycomingcountypa.gov,County,County of Lycoming,Williamsport,PA
windgap-pa.gov,City,Wind Gap Borough,Wind Gap,PA
richhilltwp-pa.gov,City,Richhill Township,Wind Ridge,PA
yeadonboroughpa.gov,County,Yeadon Borough,Yeadon,PA
cityofyorkpa.gov,City,City of York,York,PA
hellamtownship.gov,City,Hellam Township,York,PA
westyorkpa.gov,City,West York Borough,York,PA
yorkcountypa.gov,County,County of York,York,PA
arroyopr.gov,City,Municipal Government of Arroyo,Arroyo,PR
bayamonpr.gov,City,Municipio de Bayamon,Bayamon,PR
clnepr.gov,Special district,Conexion Laboral Area Local Noreste,Fajardo,PR
mayaguezpr.gov,City,Mayaguez Municipality,Mayaguez,PR
penuelaspr.gov,City,Municipality of Penuelas,Penuelas,PR
bristolri.gov,City,Town of Bristol,Bristol,RI
centralfallsri.gov,City,City of Central Falls RI,Central Falls,RI
charlestownpoliceri.gov,City,Charlestown Police Department,Charlestown,RI
charlestownri.gov,City,Town of Charlestown,Charlestown,RI
charlestownrifd.gov,Special district,Charlestown Fire District,Charlestown,RI
glocesterri.gov,City,Town of Glocester,Chepachet,RI
coventryfdri.gov,Special district,Coventry Fire District,Coventry,RI
coventrypdri.gov,City,Coventry Police Dept,Coventry,RI
coventryri.gov,City,"Town of Coventry, RI",Coventry,RI
cranstonfireri.gov,City,Cranston Fire Dept.,Cranston,RI
cranstonpoliceri.gov,City,Cranston Police Department,Cranston,RI
cranstonri.gov,City,City of Cranston,Cranston,RI
cumberlandri.gov,City,Town of Cumberland,Cumberland,RI
eastprovidencefireri.gov,City,City of East Providence,East Providence,RI
eastprovidenceri.gov,City,City of East Providence,East Providence,RI
eppdri.gov,City,City of East Providence,East Providence,RI
exeterri.gov,City,Town of Exeter,Exeter,RI
townoffosterri.gov,City,Town of Foster,Foster,RI
smithfieldfireri.gov,City,Smithfield Fire Department,Greenville,RI
burrillvilleri.gov,City,Town of Burrillville,Harrisville,RI
hopkintonpolice-ri.gov,City,Town of Hopkinton,Hopkinton,RI
hopkintonpoliceri.gov,City,Town of Hopkinton - Police Department,Hopkinton,RI
hopkintonri.gov,City,"Town of Hopkinton, Rhode Island",Hopkinton,RI
jamestownri.gov,City,Town of Jamestown,Jamestown,RI
johnstonri.gov,City,Town of Johnston,Johnston,RI
lincolnpoliceri.gov,City,Lincoln Police Department,Lincoln,RI
lincolnri.gov,City,Town of Lincoln,Lincoln,RI
littlecompton.gov,City,Town of Little Compton,Little Compton,RI
middletownri.gov,City,"Town of Middletown, Rhode Island",Middletown,RI
narragansettri.gov,City,Town of Narragansett,Narragansett,RI
newshorehamri.gov,City,Town of New Shoreham,New Shoreham,RI
newportri.gov,City,City of Newport,Newport,RI
northkingstownri.gov,City,Town Of North Kingstown,North Kingstown,RI
northprovidenceri.gov,City,Town of North Providence,North Providence,RI
nsmithfieldri.gov,City,Town of North Smithfield,North Smithfield,RI
pawtucketri.gov,City,City of Pawtucket,Pawtucket,RI
portsmouthri.gov,City,"Town of Portsmouth, RI",Portsmouth,RI
providenceri.gov,City,City of Providence,Providence,RI
richmondri.gov,City,"Town of Richmond, Rhode Island",Richmond,RI
scituateri.gov,City,Town of Scituate RI,Scituate,RI
smithfieldpoliceri.gov,City,Smithfield Police Department,Smithfield,RI
smithfieldri.gov,City,Town of Smithfeld,Smithfield,RI
unionfiredistrictri.gov,Special district,The Union Fire District of South Kingstown,South Kingstown,RI
southkingstownri.gov,City,Town of South Kingstown,Wakefield,RI
townofwarren-ri.gov,City,Town of Warren,Warren,RI
warrenri.gov,City,Warren Police Department,Warren,RI
warwickri.gov,City,City of Warwick,Warwick,RI
ewgri.gov,Special district,Exeter-West Greenwich Regional School District,West Greenwich,RI
westwarwickri.gov,City,Town of West Warwick,West Warwick,RI
westerlyri.gov,City,Town of Westerly,Westerly,RI
woonsocketri.gov,City,City of Woonsocket,Woonsocket,RI
abbevillecountysc.gov,County,Abbeville County,Abbeville,SC
aikencountysc.gov,County,Aiken County Government,Aiken,SC
cityofaikensc.gov,City,City of Aiken,Aiken,SC
allendalecounty.gov,County,Allendale County,Allendale,SC
andersoncountysc.gov,County,Anderson County South Carolina,Anderson,SC
townofaynor.gov,City,Town of Aynor,Aynor,SC
bambergcountysc.gov,County,Bamberg County Government,Bamberg,SC
cityofbambergsc.gov,City,City of Bamberg,Bamberg,SC
barnwellcountysc.gov,County,Barnwell County,Barnwell,SC
beaufortcountysc.gov,County,County Council of Beaufort County,Beaufort,SC
townofblythewoodsc.gov,City,Town of Blythewood,Blythewood,SC
brunson.gov,City,Town of Brunson,Brunson,SC
calhounfalls.gov,City,Town of Calhoun Falls,Calhoun Falls,SC
townofcameronsc.gov,City,"Town of Cameron, SC",Cameron,SC
caycesc.gov,City,City of Cayce   ATT:Jamie Beckham,Cayce,SC
cityofcayce-sc.gov,City,City of Cayce,Cayce,SC
chapinsc.gov,City,Town of Chapin,Chapin,SC
charleston-sc.gov,City,City of Charleston,Charleston,SC
charlestoncountyschools.gov,School district,Charleston County School District,Charleston,SC
chestercountysc.gov,County,County of Chester,Chester,SC
chesterfiredistrictsc.gov,Special district,Chester Fire District,Chester,SC
cityofclemson.gov,City,City of Clemson,Clemson,SC
columbiasc.gov,City,"City of Columbia, SC",Columbia,SC
richlandcountysc.gov,County,Richland County Gov,Columbia,SC
conwaysc.gov,City,City of Conway,Conway,SC
horrycountysc.gov,County,Horry County Government,Conway,SC
visitconwaysc.gov,City,City of Conway,Conway,SC
cowardpolicesc.gov,City,Coward Police Department,Coward,SC
cityofdillonsc.gov,City,City of Dillon,Dillon,SC
duewestsc.gov,City,Town Of Due West,Due West,SC
duncansc.gov,City,Town of Duncan,Duncan,SC
townofeutawville.gov,City,Town of Eutawville,Eutawville,SC
fairfaxsc.gov,City,Town of Fairfax South Carolina,Fairfax,SC
cityofflorencesc.gov,City,City of Florence SC,Florence,SC
florencecountysc.gov,County,Florence County,Florence,SC
follybeach.gov,City,City of Folly Beach,Folly Beach,SC
fortmillsc.gov,City,Town of Fort Mill,Fort Mill,SC
cherokeecountysc.gov,County,Cherokee County,Gaffney,SC
cityofgaffney-sc.gov,City,City of Gaffney,Gaffney,SC
georgetownsc.gov,City,City of Georgetown,Georgetown,SC
gtcountysc.gov,County,Georgetown County Gov,Georgetown,SC
giffordpdsc.gov,City,Gifford Police Department,Gifford,SC
goosecreeksc.gov,City,City of Goose Creek,Goose Creek,SC
greatfallssc.gov,City,"Town of Great Falls, SC",Great Falls,SC
ggsc.gov,County,County of Greenville,Greenville,SC
greenvillecountysc.gov,County,County of Greenville,Greenville,SC
greenvillesc.gov,City,City of Greenville,Greenville,SC
gmdsc.gov,Special district,Greenwood Metropolitan District,Greenwood,SC
greenwoodcounty-sc.gov,County,Greenwood County,Greenwood,SC
greenwoodsc.gov,County,Greenwood County,Greenwood,SC
cityofgreersc.gov,City,City of Greer,Greer,SC
hamptonsc.gov,City,Town of Hampton,Hampton,SC
hardeevillepolicesc.gov,City,Hardeeville Police Department,Hardeeville,SC
hardeevillesc.gov,City,City of Hardeeville,Hardeeville,SC
harleyvillesc.gov,City,Town of Harleyville,Harleyville,SC
hartsvillesc.gov,City,City of Hartsville,Hartsville,SC
heathsprings.gov,City,Town of Heath Springs,Heath Springs,SC
hiltonheadislandsc.gov,City,Town of Hilton Head Island,Hilton Head Island,SC
isleofpalms.gov,City,City of Isle of Palms,Isle of Palms,SC
jackson-sc.gov,City,Town of Jackson,Jackson,SC
jamestownsc.gov,City,Town of Jamestown,Jamestown,SC
kiawahisland.gov,City,The Town of Kiawah Island,Johns Island,SC
townofjohnstonsc.gov,City,Town of Johnston,Johnston,SC
townofkershawsc.gov,City,Town of Kershaw,KERSHAW,SC
lakecitysc.gov,City,City of Lake City,Lake City,SC
lancastercountysc.gov,County,Lancaster County Government,Lancaster,SC
laurenscountysc.gov,County,Laurens County Government,Laurens,SC
laurenscountysheriffsc.gov,County,Laurens County Sheriff's Office,Laurens,SC
lexsc.gov,City,Town of Lexington,Lexington,SC
lincolnvillesc.gov,City,Town of Lincolnville,Lincolnville,SC
lymansc.gov,City,Town of Lyman,Lyman,SC
clarendoncountysc.gov,County,Clarendon County Government,Manning,SC
clarendoncountysheriff.gov,County,Clarendon County Sheriff's Office,Manning,SC
marionsc.gov,City,City of Marion,Marion,SC
berkeleycountysc.gov,County,Berkeley County Government,Moncks Corner,SC
monckscornersc.gov,City,Town of Moncks Corner,Moncks Corner,SC
myrtlebeach.gov,City,City of Myrtle Beach,Myrtle Beach,SC
newberrycounty.gov,County,Newberry County,Newberry,SC
ninetysixsc.gov,City,Town of Ninety Six,Ninety SIX,SC
townofnorth-sc.gov,City,Town of North,North,SC
northaugustasc.gov,City,City of North Augusta,North Augusta,SC
charlestoncounty.gov,County,Charleston County Government,North Charleston,SC
northcharlestonsc.gov,City,City of North Charleston,North Charleston,SC
pamplicosc.gov,City,Town of Pamplico,PAMPLICO,SC
pelzersc.gov,City,"Town of Pelzer, SC",Pelzer,SC
townofperrysc.gov,City,Town of Perry,Perry,SC
cityofpickens.gov,City,City Of Pickens SC,Pickens,SC
pickenscountysc.gov,County,Pickens County Government,Pickens,SC
townofravenel.gov,City,Town of Ravenel,Ravenel,SC
reidvillesc.gov,City,Town of Reidville,Reidville,SC
ridgespringsc.gov,City,Town of Ridge Spring,Ridge Spring,SC
jaspercountysc.gov,County,Jasper County,Ridgeland,SC
ridgelandsc.gov,City,Town of Ridgeland,Ridgeland,SC
ridgevillesc.gov,City,Town of Ridgeville,RIDGEVILLE,SC
cityofrockhillsc.gov,City,City of Rock Hill,Rock Hill,SC
townofsaluda.gov,City,Town Of Saluda South Carolina,Saluda,SC
corinth-shilohfd.gov,Special district,Corinth-Shiloh Fire Tax District,Seneca,SC
sharonsc.gov,City,Town of Sharon,Sharon,SC
silverstreetsc.gov,City,"Town of Silverstreet, SC",Silverstreet,SC
cityofspartanburg-sc.gov,City,City of Spartanburg,Spartanburg,SC
spartanburgcounty.gov,County,Spartanburg County,Spartanburg,SC
springfieldsc.gov,City,Town of Springfield,Springfield,SC
ststephenpdsc.gov,City,St Stephen Police Department,St Stephen,SC
dorchestercountysc.gov,County,Dorchester County Government,St. George,SC
ststephensc.gov,City,"Town of St. Stephen, South Carolina",St. Stephen,SC
summertonsc.gov,City,"Town of Summterton, SC",Summerton,SC
summervillesc.gov,City,Town of Summerville,Summerville,SC
sumtercountysc.gov,County,Sumter County Government,Sumter,SC
sumtersc.gov,City,City of Sumter,Sumter,SC
tatumsc.gov,City,"Town of Tatum, SC",Tatum,SC
tegacaysc.gov,City,City of Tega Cay,Tega Cay,SC
wagenersc.gov,City,Town of Wagener,Wagener,SC
wareshoalssc.gov,City,Town Of Ware Shoals,Ware Shoals,SC
springdalesc.gov,City,Town of Springdale,West Columbia,SC
westcolumbiasc.gov,City,"City of West Columbia, SC",West Columbia,SC
townofwhitmire.gov,City,Town of Whitmire,Whitmire,SC
whitmirepd.gov,City,Whitmire Police Department,Whitmire,SC
whitmiresc.gov,City,Town Of Whitmire S.C.,Whitmire,SC
yorkcountysc.gov,County,York County Government,York,SC
yorksc.gov,City,City of York,York,SC
aberdeensd.gov,City,City of Aberdeen,Aberdeen,SD
bellefourche.gov,City,City of Belle Fourche,Belle Fourche,SD
buttesd.gov,County,Butte County,Belle Fourche,SD
bigstonecitysd.gov,City,City of Big Stone City,Big Stone City,SD
boxeldersd.gov,City,City of Box Elder,Box Elder,SD
brookingscountysd.gov,County,Brookings County,Brookings,SD
cityofbrookings-sd.gov,City,"City of Brookings, SD",Brookings,SD
hardingcosd.gov,County,"Harding County, SD",BUFFALO,SD
lincolncountysd.gov,County,"Lincoln County, SD",Canton,SD
cityofcentervillesd.gov,City,City of Centerville,Centerville,SD
crookssd.gov,City,City of Crooks,Crooks,SD
lawrencecountysd.gov,County,Lawrence County,Deadwood,SD
stanleycountysd.gov,County,Stanley County,Fort Pierre,SD
grotonsd.gov,City,City of Groton,Groton,SD
harrisburgsd.gov,City,City of Harrisburg,Harrisburg,SD
hillcitysd.gov,City,"City of Hill City, SD",Hill City,SD
fallrivercountysd.gov,County,Fall River County,Hot Springs,SD
hotspringssd.gov,City,City of Hot Springs,Hot Springs,SD
oglalalakotacountysd.gov,County,Oglala Lakota County,Hot Springs,SD
huronsd.gov,City,City of Huron,Huron,SD
jacksoncountysd.gov,County,Jackson County Sheriff,Kadoka,SD
lennoxsd.gov,City,"City of Lennox, South Dakota",Lennox,SD
cityofmadisonsd.gov,City,"City of Madison, SD",Madison,SD
corsoncountysd.gov,County,Corson County,McIntosh,SD
missionsd.gov,City,City of Mission,Mission,SD
cityofmitchellsd.gov,City,City of Mitchell,Mitchell,SD
northsiouxcity-sd.gov,City,N. Sioux City City Hall,N. Sioux City,SD
hutchinsoncountysd.gov,County,Hutchinson County Courthouse,Olivet,SD
haakoncounty.gov,County,Haakon County,Philip,SD
pierresd.gov,City,City of Pierre,Pierre,SD
auroracountysd.gov,County,Aurora County,Plankinton,SD
penncosd.gov,County,Pennington County,Rapid City,SD
rapidcity.gov,City,City of Rapid City,Rapid City,SD
cityofsalemsd.gov,City,City of Salem,Salem,SD
mccookcountysd.gov,County,McCook County,Salem,SD
minnehahacounty.gov,County,Minnehaha County,Sioux Falls,SD
siouxfalls.gov,City,City of Sioux Falls,Sioux Falls,SD
spearfish.gov,City,City of Spearfish,Spearfish,SD
springfieldsd.gov,City,City of Springfield,Springfield,SD
sturgis-sd.gov,City,City of Sturgis,Sturgis,SD
cityofvalleyspringssd.gov,City,City of Valley Springs,Valley Springs,SD
cityofwall.gov,City,City of Wall,Wall,SD
watertownsd.gov,City,"City of Watertown, SD",Watertown,SD
cityofalcoa-tn.gov,City,City of Alcoa,Alcoa,TN
alexandriatn.gov,City,Town of Alexandria,Alexandria,TN
algoodtn.gov,City,City Of Algood,Algood,TN
ashlandcitytn.gov,City,Town of Ashland City,Ashland City,TN
cheathamcountyclerk.gov,County,Cheatham County Clerk,Ashland City,TN
cheathamcountytn.gov,County,Cheatham County Government,Ashland City,TN
cheathamcountytrustee.gov,County,Cheatham County Trustee,Ashland City,TN
athenstn.gov,City,City of Athens,Athens,TN
mcminncountytn.gov,County,McMinn County Government,Athens,TN
atokatn.gov,City,Town of Atoka,Atoka,TN
auburntown.gov,City,City of Auburntown,Auburntown,TN
blainetn.gov,City,City of Blaine,Blaine,TN
sullivancountytn.gov,County,Sullivan County Tennessee,Blountville,TN
sullivantntrustee.gov,County,Sullivan County Trustee,Blountville,TN
brentwoodtn.gov,City,City of Brentwood,Brentwood,TN
bristoltn.gov,City,City of Bristol Tennessee,Bristol,TN
brownsvilletn.gov,City,City of Brownsville,Brownsville,TN
haywoodtn.gov,County,Haywood County Tennessee,Brownsville,TN
townofbrucetontn.gov,City,Town of Bruceton,Bruceton,TN
byrdstowntn.gov,City,Town of Byrdstown,Byrdstown,TN
bentoncountytn.gov,County,"Benton County, Tennessee",Camden,TN
camdentn.gov,City,City Of Camden,Camden,TN
smithcountytn.gov,County,Smith County Government,Carthage,TN
townofcarthagetn.gov,City,Town of Carthage,Carthage,TN
caryvilletn.gov,City,Town of Caryville,Caryville,TN
claycountytn.gov,County,Clay County Government Executive Office,Celina,TN
hickmancountytn.gov,County,Hickman County Government,Centerville,TN
townofchapelhilltn.gov,City,Town of Chapel Hill,Chapel Hill,TN
charlestontn.gov,City,The City of Charleston,Charleston,TN
cityofcharlottetn.gov,City,"City of Charlotte, TN",Charlotte,TN
dicksoncosheriff.gov,County,Dickson County Sheriff's Office,Charlotte,TN
dicksoncountytn.gov,County,Dickson County Government,Charlotte,TN
chattairport.gov,Special district,Chattanooga  Metropolitan Airport Authority,chattanooga,TN
chattanooga.gov,City,City of Chattanooga,Chattanooga,TN
hamiltontn.gov,County,Hamilton County I.T.,Chattanooga,TN
hamiltontn911.gov,Special district,Hamilton County 911 Emergency Communications District,Chattanooga,TN
hcsheriff.gov,County,County of Hamilton Sheriff,Chattanooga,TN
churchhilltn.gov,City,City of Church Hill,Church Hill,TN
bluffcitytn.gov,City,City of Bluff City Tennessee,City of Bluff City,TN
clarksvilletn.gov,City,City of Clarksville,Clarksville,TN
montgomerytn.gov,County,Montgomery County Government,Clarksville,TN
bradleycountyconstablestn.gov,County,Bradley County Constables,Cleveland,TN
bradleycountytn.gov,County,"Bradley County, Tennessee",Cleveland,TN
clevelandbradleytnoem.gov,Special district,Cleveland/Bradley County Office of Emergency Management,Cleveland,TN
clevelandtn.gov,City,"City of Cleveland, Tennessee",Cleveland,TN
andersoncountytn.gov,County,Anderson County Government,Clinton,TN
andersontn911.gov,Special district,Anderson County Emergency Communications District,Clinton,TN
collegedaletn.gov,City,"City of Collegedale, Tennessee",Collegedale,TN
colliervilletn.gov,City,Town of Collierville,Collierville,TN
cityofcollinwood.gov,City,City of Collinwood,Collinwood,TN
columbiatn.gov,City,City of Columbia,Columbia,TN
cpws.gov,Special district,Columbia Power and Water Systems,Columbia,TN
maurycounty-tn.gov,County,Maury County Government,Columbia,TN
cookeville-tn.gov,City,City of Cookeville,Cookeville,TN
gainesborotn.gov,City,Upper Cumberland Development District,Cookeville,TN
putnamcountytn.gov,County,Putnam County Technology,Cookeville,TN
putnamcountytnsheriff.gov,County,Putnam County Sheriff's Office,Cookeville,TN
putnamtncourtclerk.gov,County,Putnam County Circuit Court Clerk,Cookeville,TN
copperhill.gov,City,CITY OF COPPERHILL,COPPERHILL,TN
covingtontn.gov,City,City of Covington,Covington,TN
tiptontn911.gov,County,Tipton County Emergency Communications District,Covington,TN
crossplainstn.gov,City,City of Cross Plains,Cross Plains,TN
crossvilletn.gov,City,City of Crossville,Crossville,TN
cumberlandcountytn.gov,County,Cumberland County,Crossville,TN
dandridgetn.gov,City,Dandridge,Dandridge,TN
jeffersoncountytn.gov,County,"Jefferson County, Tennessee",Dandridge,TN
rheacountytn.gov,County,Rhea County Sheriff's Department,Dayton,TN
decaturcountytn.gov,County,Decatur County,Decaturville,TN
decherdtn.gov,City,City of Decherd,Decherd,TN
cityofdicksontn.gov,City,City of Dickson,Dickson,TN
dickson911tn.gov,Special district,Dickson County TN Emergency Communications District,Dickson,TN
dicksonhousing.gov,Special district,Dickson Housing Authority,Dickson,TN
weakleycountytn.gov,County,Weakley County Government Department of Finance,Dresden,TN
dunlaptn.gov,City,City of Dunlap,Dunlap,TN
sequatchiecountytn.gov,County,Sequatchie County,Dunlap,TN
gibsoncounty-tn.gov,County,Gibson County 911,Dyer,TN
dyersburgtn.gov,City,City of Dyersburg,Dyersburg,TN
eaglevilletn.gov,City,City of Eagleville,Eagleville,TN
eastridgetn.gov,City,City of East Ridge,East Ridge,TN
cartercountytn.gov,County,County of Carter,Elizabethton,TN
cartertnsheriff.gov,County,Carter County TN Sheriff's Office,Elizabethton,TN
cityoferintn.gov,City,City of Erin,Erin,TN
houstoncountytn.gov,County,Houston County Government,Erin,TN
unicoicountytn.gov,County,Unicoi County Tennessee Government,Erwin,TN
estillspringstn.gov,City,Town of Estill Springs,ESTILL SPRINGS,TN
townoffarragut.gov,City,Town of Farragut,Farragut,TN
lincolncountytn.gov,County,"Lincoln County, TN",Fayetteville,TN
franklin-tn.gov,City,City of Franklin,Franklin,TN
franklintn.gov,City,CIty of Franklin,Franklin,TN
milcrofton.gov,Special district,Milcrofton Utility District,Franklin,TN
williamsoncounty-tn.gov,County,Williamson County Tennessee Government,Franklin,TN
friendsvilletn.gov,City,City of Friendsville,Friendsville,TN
gadsden-tn.gov,City,City of Gadsden,Gadsden,TN
jacksoncountytn.gov,County,Jackson County Government,Gainesboro,TN
gallatin-tn.gov,City,City of Gallatin,Gallatin,TN
gallatintn.gov,City,City of Gallatin,Gallatin,TN
sumnercountytn.gov,County,Sumner County Government,Gallatin,TN
sumnersherifftn.gov,County,Sumner County Sheriff's Office,Gallatin,TN
sumnertnecd.gov,Special district,Sumner County Emergency Communications District,Gallatin,TN
gallawaytn.gov,City,City Of Gallaway,Gallaway,TN
gatlinburgtn.gov,City,City of Gatlinburg,Gatlinburg,TN
germantown-tn.gov,City,City of Germantown,Germantown,TN
goodlettsville-tn.gov,City,"City of Goodlettsville, Tennessee",Goodlettsville,TN
goodlettsville.gov,City,"City of Goodlettsville, Tennessee",Goodlettsville,TN
graysvilletn.gov,City,City of Graysville,Graysville,TN
greenecountytn.gov,County,Greene County,Greeneville,TN
greenecountytnsheriffsdept.gov,County,Greene County Sheriff's Department,Greeneville,TN
greenevilletn.gov,City,Town of Greeneville,Greeneville,TN
hallspdtn.gov,City,Halls police department,Halls,TN
townofhallstn.gov,City,Town of Halls,Halls,TN
cityofharriman.gov,City,City of Harriman,Harriman,TN
trousdalecountytn.gov,County,Hartsville/Trousdale County Government,Hartsville,TN
hendersontn.gov,City,City of Henderson,Henderson,TN
hvilletn.gov,City,City of Hendersonville,Hendersonville,TN
lewiscountytn.gov,County,Lewis County Government,Hohenwald,TN
carrollcotne911.gov,Special district,Carroll County Emergency Communications District,Huntingdon,TN
carrollcountytn.gov,County,Carroll County Mayor's Office,Huntingdon,TN
huntlandtn.gov,City,City of Huntland,Huntland,TN
campbellcountytn.gov,County,Campbell County Government,Jacksboro,TN
jacksontn.gov,City,"City of Jackson, TN",Jackson,TN
madisoncountytn.gov,County,Madison County Government,Jackson,TN
fentresscountytn.gov,County,Fentress County Emergency Management Agency,Jamestown,TN
jamestowntn.gov,City,City of Jamestown,Jamestown,TN
jaspertn.gov,City,Town of Jasper,Jasper,TN
marioncountytn.gov,County,Marion County Mayor's Office,Jasper,TN
johnsoncitytn.gov,City,City of Johnson City,Johnson City,TN
kingsportcityschoolstn.gov,School district,Kingsport City Schools,Kingsport,TN
kingsporttn.gov,City,City of Kingsport,Kingsport,TN
kingstontn.gov,City,City of Kingston,Kingston,TN
roanecountytn.gov,County,Roane County Government,Kingston,TN
kingstonsprings-tn.gov,City,The Town of Kingston Springs,Kingston Springs,TN
knoxcountytn.gov,County,Knox County Tennessee Government,Knoxville,TN
knoxvilletn.gov,City,City of Knoxville,Knoxville,TN
knoxvilletnpolice.gov,City,"City of Knoxville, TN Police Department",Knoxville,TN
lavergnetn.gov,City,City of La Vergne,La Vergne,TN
lafayettetnfd.gov,City,Lafayette Fire Department,Lafayette,TN
maconcountytn.gov,County,Macon County Mayor's Office,Lafayette,TN
lafollettetn.gov,City,City of LaFollette,LaFollette,TN
lakelandtn.gov,City,City of Lakeland,Lakeland,TN
lakesitetn.gov,City,Lakesite,Lakesite,TN
lawrenceburgtn.gov,City,City of Lawrenceburg,Lawrenceburg,TN
lawrencecountytn.gov,County,Lawrence County Government,Lawrenceburg,TN
lawrencetnsheriff.gov,County,Lawrence County Sheriff's Office,Lawrenceburg,TN
lebanontn.gov,City,"City of Lebanon, TN",Lebanon,TN
wilsoncountytn.gov,County,Wilson County Government,Lebanon,TN
wilsontnvotes.gov,County,Wilson County Election Commission,Lebanon,TN
lenoircitytn.gov,City,City of Lenoir City,Lenoir City,TN
loudonsheriff.gov,County,Loudon County Sheriff's Office,Lenoir City,TN
lewisburgtn.gov,City,City of Lewisburg,Lewisburg,TN
marshallcotn911.gov,Special district,Marshall County Emergency Communication District,Lewisburg,TN
marshallcountytn.gov,County,Marshall County Tennessee,Lewisburg,TN
hendersoncountytn.gov,County,Henderson County Government,Lexington,TN
lexingtontn.gov,City,"City of Lexington, TN",Lexington,TN
perrycountytn.gov,County,Perry County Government,Linden,TN
townoflindentn.gov,City,Town of Linden,Linden,TN
cityoflivingstontn.gov,City,"City of Livingston, TN",Livingston,TN
overtoncountytn.gov,County,Overton County Government,Livingston,TN
cityoflorettotn.gov,City,City of Loretto,Loretto,TN
loudoncounty-tn.gov,County,"Loudon County, Tennessee Government",Loudon,TN
loudontn911.gov,Special district,Loudon County Emergency Communications District,Loudon,TN
louisvilletn.gov,City,Town of Louisville,Louisville,TN
monroetn.gov,County,Monroe County Goevernment,Madisonville,TN
cityofmanchestertn.gov,City,City Of Manchester,Manchester,TN
coffeecountytn.gov,County,Coffee County,Manchester,TN
blountroctn.gov,County,Blount County Sheriff's Office,Maryville,TN
blountsherifftn.gov,County,Blount County Sheriff's Office,Maryville,TN
blounttn.gov,County,Blount County Government,Maryville,TN
maryville-tn.gov,City,City of Maryville,Maryville,TN
maynardville.gov,City,City of Maynardville,Maynardville,TN
unioncountytn.gov,County,Union County TN,Maynardville,TN
bradleycountytnroaddept.gov,County,Bradley County Road Department,McDonald,TN
mcminnvilletn.gov,City,City of McMinnville,McMinnville,TN
warrencountytn.gov,County,Warren County,McMinnville,TN
memphistn.gov,City,"City of Memphis, TN",Memphis,TN
shelbycountytn.gov,County,Shelby County Government,Memphis,TN
millingtontn.gov,City,"City of Millington, Tennessee",Millington,TN
townofmonteagle-tn.gov,City,Town of Monteagle,Monteagle,TN
montereypolicetn.gov,City,Monterey Police Department,Monterey,TN
townofmontereytn.gov,City,Town of Monterey,Monterey,TN
hamblencountytn.gov,County,"Hamblen County, TN Government",Morristown,TN
hamblentn.gov,County,Hamblen County Government,Morristown,TN
cityofmoscowtn.gov,City,City of Moscow,Moscow,TN
mountcarmeltn.gov,City,Town of Mount Carmel,Mount Carmel,TN
mtpleasant-tn.gov,City,City of Mount Pleasant,Mount Pleasant,TN
dmra.gov,Special district,Doe Mountain Recreation Authority,Mountain City,TN
johnsoncountytn.gov,County,Johnson County Government,Mountain City,TN
johnsonsotn.gov,County,Johnson County Sheriffs Office,Mountain City,TN
mtjuliet-tn.gov,City,City of Mt Juliet,Mt Juliet,TN
munfordtn.gov,City,City of Munford,Munford,TN
murfreesborotn.gov,City,City of Murfreesboro,Murfreesboro,TN
rcsotn.gov,County,Rutherford County Sheriff's Office,Murfreesboro,TN
rutherfordcountytn.gov,County,Rutherford County Govt,Murfreesboro,TN
berryhilltn.gov,City,City of Berry Hill,Nashville,TN
jisnashville.gov,City,Justice Integration Services,Nashville,TN
metroartsnashville.gov,City,Metropolitan Government of Nashville and Davidson County,Nashville,TN
nashville.gov,City,"Metropolitan Government of Nashville & Davidson County, Tennessee",Nashville,TN
nashvillecoldcase.gov,City,Metropolitan Government of Nashville and Davidson County,Nashville,TN
nashvilleconnector.gov,City,Metropolitan Government of Nashville and Davidson County,Nashville,TN
nashvillesheriff.gov,City,Metropolitan Government of Nashville & Davidson County,Nashville,TN
thefairgroundsnashville.gov,City,Metropolitan Government of Nashville and Davidson County,Nashville,TN
newjohnsonvilletn.gov,City,City of New Johnsonville,New Johnsonville,TN
cockecountytn.gov,County,Cocke County,Newport,TN
newporttn.gov,City,City of Newport,Newport,TN
nolensvilletn.gov,City,Town of Nolensville,Nolensville,TN
norristn.gov,City,City of Norris,Norris,TN
oakridgetn.gov,City,City of Oak Ridge,Oak Ridge,TN
oaklandtn.gov,City,Town of Oakland,Oakland,TN
oliversprings-tn.gov,City,Town of Oliver Springs,Oliver Springs,TN
oneidatn.gov,City,Town of Oneida,Oneida,TN
scottcotnems.gov,County,Scott County Government EMS,Oneida,TN
visitoneidatn.gov,City,Town of Oneida,Oneida,TN
cityofparistn.gov,City,City of Paris,Paris,TN
henryco911tn.gov,Special district,Henry County Emergency Communications District,Paris,TN
henrycountytn.gov,County,Henry County Government,Paris,TN
paristn.gov,City,City of Paris,Paris,TN
cityofparsonstn.gov,City,City of Parsons,Parsons,TN
petersburgtn.gov,City,Town of Petersburg,Petersburg,TN
cityofpigeonforgetn.gov,City,City of Pigeon Forge,Pigeon Forge,TN
pipertontn.gov,City,City of Piperton,Piperton,TN
townofpleasanthilltn.gov,City,City of Pleasant Hill,Pleasant Hill,TN
cityofportlandtn.gov,City,City of Portland,Portland,TN
gilescountytn.gov,County,Giles County Government,Pulaski,TN
redbanktn.gov,City,City of Red Bank,Red Bank,TN
ridgesidetn.gov,City,City of Ridgeside,Ridgeside,TN
lauderdalesotn.gov,County,Lauderdale County Sheriff's Office,RIPLEY,TN
lauderdaletn.gov,County,Lauderdale County Government,Ripley,TN
rockfordtn.gov,City,City of Rockford TN,Rockford,TN
cityofrockwoodtn.gov,City,City of Rockwood,Rockwood,TN
hawkinscounty911.gov,Special district,Hawkins County Emergency Communications District,Rogersville,TN
hawkinscountytn.gov,County,Hawkins County TN,Rogersville,TN
rogersvilletn.gov,City,City of Rogersville Tennessee,Rogersville,TN
graingercountytn.gov,County,Grainger County Sherriff Office,Rutledge,TN
selmer-tn.gov,City,City of Selmer,Selmer,TN
selmer.gov,City,Town of Selmer,Selmer,TN
pittmancentertn.gov,City,Town of Pittman Center,Sevierville,TN
seviercountytn.gov,County,Sevier County,Sevierville,TN
bedfordcountytn.gov,County,Bedford County Government,Shelbyville,TN
signalmountaintn.gov,City,Town of Signal Mountain,Signal Mountain,TN
townofsmyrna-tn.gov,City,Town of Smyrna,Smyrna,TN
hancockctnso.gov,County,Hancock County Sheriff's Office,Sneedville,TN
fayettecountytn.gov,County,Fayette County Tennessee,Somerville,TN
southpittsburg-tn.gov,City,City of South Pittsburg,South Pittsburg,TN
spartatn.gov,City,City of Sparta,Sparta,TN
whitecountytn.gov,County,White County Tennessee,Sparta,TN
spencertnpd.gov,City,Spencer Police Department,Spencer,TN
vanburencountytn.gov,County,Van Buren County,Spencer,TN
robertsoncountytn.gov,County,Robertson County Government,Springfield,TN
springfieldtn.gov,City,City of Springfield,Springfield,TN
stantontn.gov,City,Town of Stanton,Stanton,TN
surgoinsvilletn.gov,City,Town of Surgoinsville,Surgoinsville,TN
sweetwatertn.gov,City,The City of Sweetwater TN,Sweetwater,TN
claibornecountytn.gov,County,Claiborne County Government,Tazewell,TN
thompsons-station.gov,City,Town of Thompsons Station,Thompsons Station,TN
lakecountytn.gov,County,Lake County Government,Tiptonville,TN
portofcateslandingtn.gov,Special district,Northwest Tennessee Regional Port Authority,Tiptonville,TN
somervilletn.gov,City,Town of Somerville,Town of Somerville,TN
townofwhitebluff.gov,City,Town of White Bluff,TOWN OF WHITE BLUFF,TN
trimbletn.gov,City,TOWN OF TRIMBLE,TRIMBLE,TN
troytn.gov,City,Town of Troy,TROY,TN
tullahomatn.gov,City,City of Tullahoma,Tullahoma,TN
obioncountytn.gov,County,Obion County Mayor,Union City,TN
obioncountytn911.gov,Special district,Obion County Emergency Communications District (E-911),Union City,TN
unioncitytn.gov,City,City of Union City,Union City,TN
waldentn.gov,City,Town of Walden,Walden,TN
morgancountytn.gov,County,Morgan County Government,Wartburg,TN
cityofwataugatn.gov,City,City of Watauga,Watauga,TN
watertowntnpd.gov,City,Watertown police department,Watertown,TN
humphreyscountytn.gov,County,Humphreys County Government,Waverly,TN
humphreystnsheriff.gov,County,Humphreys County Sheriffs Office,Waverly,TN
waverlytn.gov,City,City Of Waverly,Waverly,TN
cityofwaynesborotn.gov,City,City of Waynesboro,Waynesboro,TN
waynecountytn.gov,County,Wayne County Government,Waynesboro,TN
westmorelandtn.gov,City,City of Westmoreland,Westmoreland,TN
whitehousetn.gov,City,City of White House,White House,TN
whitepinetn.gov,City,Town of White Pine,White Pine,TN
franklincotn.gov,County,Franklin County Government,Winchester,TN
winchestertn.gov,City,City of Winchester,Winchester,TN
cannoncountytn.gov,County,Cannon County Government,Woodbury,TN
abilenetx.gov,City,City of Abilene,Abilene,TX
downtownabilenetx.gov,City,City of Abilene,ABILENE,TX
sandscisdtx.gov,School district,Sands Consolidated Independent School District,Ackerly,TX
eastcentralsudtx.gov,Special district,East Central Special Utility District,Adkins,TX
alamoheightstx.gov,City,City of Alamo Heights,Alamo Heights,TX
shackelfordcounty.gov,County,"Shackelford County, Texas",Albany,TX
aledotx.gov,City,City of Aledo,Aledo,TX
annettatx.gov,City,Town of Annetta,Aledo,TX
alicepdtx.gov,City,Alice Police Department,Alice,TX
jimwellscounty-tx.gov,County,Jim Wells County Sheriff's Department,Alice,TX
allentx.gov,City,City of Allen,Allen,TX
techsharetx.gov,Special district,TechShare Local Government Corporation,Allen,TX
cityofalmatx.gov,City,City of Alma,Alma,TX
brewstercounty.gov,County,Brewster County,Alpine,TX
alton-tx.gov,City,City of Alton,Alton,TX
alvin-tx.gov,City,"City of Alvin, Texas",Alvin,TX
alvin.gov,City,City of Alvin,Alvin,TX
hillcrestvillagetx.gov,City,City of Hillcrest Village,Alvin,TX
alvordtx.gov,City,City of Alvord,Alvord,TX
wisecountyesd4tx.gov,Special district,Wise County Emergency Services District Number 4,Alvord,TX
amarillo.gov,City,City of Amarillo,Amarillo,TX
laketanglewoodtx.gov,City,Village of Lake Tanglewood,Amarillo,TX
pottercountytexasvotes.gov,County,Potter County Elections,Amarillo,TX
prpctexas.gov,Special district,Panhandle Regional Planning Commission,Amarillo,TX
randallso.gov,County,Randall County Sheriff's Office,Amarillo,TX
timbercreekcanyontx.gov,City,Village of Timbercreek Canyon,Amarillo,TX
chamberscountytx.gov,County,Chambers County,Anahuac,TX
chamberstx.gov,County,Chambers County Government,Anahuac,TX
andersontx.gov,City,Town of Anderson,ANDERSON,TX
grimescountytexas.gov,County,Grimes County,Anderson,TX
brazoriacounty.gov,County,Brazoria County,Angleton,TX
brazoriacountytx.gov,County,Brazoria County,Angleton,TX
annatexas.gov,City,City of Anna,Anna,TX
aptx.gov,City,City of Aransas Pass,Aransas Pass,TX
aransaspasstx.gov,City,City of Aransas Pass,Aransas Pass,TX
archercounty.gov,County,"Archer County, Texas",Archer City,TX
arcolatexas.gov,City,City of Arcola,Arcola,TX
dentoncountyesd1.gov,Special district,Denton County Emergency Services District #1,Argyle,TX
dentoncountyesd2.gov,Special district,Denton County Emergency Services District No. 2,Argyle,TX
arlington-tx.gov,City,"City of Arlington, Texas",Arlington,TX
arlingtontx.gov,City,"City of Arlington, Texas",Arlington,TX
myarlingtontx.gov,City,"City of Arlington, Texas",Arlington,TX
stonewallcounty.gov,County,"Stonewall County, Texas",Aspermont,TX
athenstx.gov,City,City of Athens,Athens,TX
aubreytx.gov,City,City of Aubrey,Aubrey,TX
austin.gov,City,City of Austin,Austin,TX
austintexas.gov,City,City of Austin,Austin,TX
austintx.gov,City,City of Austin,Austin,TX
chandlercreekmudtx.gov,Special district,Meadows at Chandler Creek MUD,Austin,TX
northhays1emstx.gov,Special district,North Hays County ESD 1,Austin,TX
northhayscountyesd1.gov,Special district,North Hays County ESD 1,Austin,TX
traviscountyemergency.gov,County,Travis County,Austin,TX
traviscountytx.gov,County,Travis County Information Technology Services,Austin,TX
txhb.gov,Special district,Texas Multistate Intergovernmental Employee Benefits Pool,Austin,TX
averytx.gov,City,City of Avery,Avery,TX
pelicanbaytx.gov,City,City of Pelican Bay,Azle,TX
callahancounty.gov,County,"Callahan County, Texas",Baird,TX
balchspringstx.gov,City,City of Balch Springs,Balch Springs,TX
bhtx.gov,City,City of Balcones Heights,Balcones Heights,TX
runnelscounty.gov,County,"Runnels County, Texas",Ballinger,TX
banderacounty.gov,County,Bandera County,Bandera,TX
banderatx.gov,City,City of Bandera Texas,Bandera,TX
bastropcounty.gov,County,Bastrop County,Bastrop,TX
bastropcountyhistorical.gov,County,Bastrop County,Bastrop,TX
baycitytx.gov,City,City of Bay City,Bay City,TX
matagordatx.gov,County,Matagorda County,Bay City,TX
baysidetx.gov,County,Town of Bayside,Bayside,TX
beaumonttexas.gov,City,City of Beaumont,Beaumont,TX
bedfordtx.gov,City,City of Bedford,Bedford,TX
cityofbedias.gov,City,City of Bedias,Bedias,TX
beecavetexas.gov,City,City of Bee Cave,Bee Cave,TX
beecounty.gov,County,County of Bee,Beeville,TX
beevilletx.gov,City,City of Beeville,Beeville,TX
bellairetx.gov,City,City of Bellaire,Bellaire,TX
bellmeadtx.gov,City,City of Bellmead,Bellmead,TX
bellcountytexas911.gov,Special district,Bell County 9-1-1 Communications,Belton,TX
beltontexas.gov,City,"City of Belton, TX",Belton,TX
benbrook-tx.gov,City,City of Benbrook,Benbrook,TX
knoxcountytexas.gov,County,Knox County Texas,Benjamin,TX
beverlyhillstx.gov,City,City of Beverly Hills,Beverly Hills,TX
bigsandytx.gov,City,City of Big Sandy,Big Sandy,TX
bigspringtx.gov,City,City of Big Spring,Big Spring,TX
howardcountytx.gov,County,Howard County Texas,Big Spring,TX
cityofblancotx.gov,City,City of Blanco,Blanco,TX
bloominggrovetx.gov,City,City of Blooming Grove,Blooming Grove,TX
blossomtexas.gov,City,City of Blossom,Blossom,TX
bluemoundtexas.gov,City,City of Blue Mound,Blue Mound,TX
blueridgecitytx.gov,City,City of Blue Ridge,Blue Ridge,TX
boerne-tx.gov,City,City of Boerne,Boerne,TX
kendallcountytx.gov,County,Kendall County,Boerne,TX
bonneytexas.gov,City,Village of Bonney,Bonney,TX
borgertx.gov,City,City of Borger,"Borger, TX",TX
cityofboydtx.gov,City,City of Boyd,Boyd,TX
brackettvilletx.gov,City,City of Brackettville,Brackettville,TX
breckenridgetx.gov,City,City of Breckenridge,Breckenridge,TX
stephenscountytx.gov,County,Stephens County,Breckenridge,TX
washingtoncountytx.gov,County,Washington County Texas,Brenham,TX
bridgecitytx.gov,City,City of Bridge City,Bridge City,TX
brookshiretx.gov,City,City of Brookshire,Brookshire,TX
brownsborotx.gov,City,city of Brownsboro,Brownsboro,TX
brownsvilletx.gov,City,City of Brownsville,Brownsville,TX
cameroncountytx.gov,County,Cameron County,Brownsville,TX
browncountytx.gov,County,"Brown County, Texas",Brownwood,TX
brownwoodtexas.gov,City,City of Brownwood,Brownwood,TX
brazoscountytx.gov,County,"Brazos County, Texas",Bryan,TX
bryantx.gov,City,"City of Bryan, TX",Bryan,TX
buckholtstx.gov,City,City of Buckholts,Buckholts,TX
budatx.gov,City,City of Buda,Buda,TX
buffalogaptx.gov,City,City of Buffalo Gap,Buffalo Gap,TX
emeraldbay-tx.gov,City,Emerald Bay Municipal Utility District,Bullard,TX
bulverdetx.gov,City,"City of Bulverde, Texas",Bulverde,TX
burkburnetttx.gov,City,City Of Burkburnett,Burkburnett,TX
burlesontx.gov,City,City of Burleson,Burleson,TX
burnetcotxesd2.gov,Special district,Burnet County Emergency Services District No. 2,Burnet,TX
cityofburton-tx.gov,City,"City of Burton, Texas",Burton,TX
burlesoncohdtx.gov,Special district,Burleson County Hospital District,Caldwell,TX
burlesoncountytx.gov,County,"County of Burleson, Texas",Caldwell,TX
caldwelltx.gov,City,City of Caldwell,Caldwell,TX
calverttx.gov,City,City of Calvert,Calvert,TX
milamcounty.gov,County,Milam County,Cameron,TX
cantontx.gov,City,"City of Canton, Texas",Canton,TX
canyontx.gov,City,City  of Canyon,Canyon,TX
canyontxcourt.gov,City,City of Canyon,Canyon,TX
canyontxpd.gov,City,Canyon Police Department,Canyon,TX
randallcounty.gov,County,Randall County Texas,Canyon,TX
carrolltontx.gov,City,City of Carrollton,Carrollton,TX
castlehills-tx.gov,City,City of Castle Hills,Castle Hills,TX
castrovilletx.gov,City,City of Castroville,Castroville,TX
cedarparktexas.gov,City,City of Cedar Park,Cedar Park,TX
wilcotxesd11.gov,Special district,Williamson County Emergency Services District #11,Cedar Park,TX
celina-tx.gov,City,City of Celina,Celina,TX
centervilletx.gov,City,City of Centerville,Centerville,TX
hartleycountytx.gov,County,Hartley County,Channing,TX
childresstexas.gov,City,City Of Childress,Childress,TX
cityofchinagrovetx.gov,City,City of China Grove,China Grove,TX
cibolotx.gov,City,City of Cibolo,Cibolo,TX
ciscotexas.gov,City,City of Cisco,Cisco,TX
pftx.gov,City,City of pflugerville,City of Pflugerville,TX
redrivercountytx.gov,County,"Red River County, Texas",Clarksville,TX
clearlakeshores-tx.gov,City,City of Clear Lake Shores TX,Clear Lake Shores,TX
coyoteflatstx.gov,City,The City of Coyote Flats,Cleburne,TX
clutetexas.gov,City,"City of Clute, Texas",Clute,TX
velascodrainage.gov,Special district,Velasco Drainage District,Clute,TX
clyde-tx.gov,City,City Of Clyde,Clyde,TX
cityofcolemantx.gov,City,City of Coleman,Coleman,TX
colemancounty.gov,County,COLEMAN COUNTY,COLEMAN,TX
cstx.gov,City,City of College Station,College Station,TX
coloradocountytx.gov,County,Colorado County of Texas,Columbus,TX
comanchetexas.gov,City,City of Comanche,Comanche,TX
cityofconroe.gov,City,City of Conroe,Conroe,TX
sanjacintoriverauthority.gov,Special district,San Jacinto River Authority,Conroe,TX
conversepdtx.gov,City,Converse Police Dept,Converse,TX
conversetx.gov,City,City of Converse,Converse,TX
coppelltx.gov,City,City of Coppell,Coppell,TX
copperascovetx.gov,City,City of Copperas Cove,Copperas Cove,TX
corinthtx.gov,City,City of Corinth,Corinth,TX
corpuschristitx.gov,City,City of Corpus Christi,Corpus Christi,TX
nuecescountysheriff.gov,County,Nueces County Sheriff's Office,Corpus Christi,TX
nuecescountytx.gov,County,Nueces County Courthouse,Corpus Christi,TX
cityofangustx.gov,City,City of Angus,Corsicana,TX
corsicanatx.gov,City,City of Corsicana,Corsicana,TX
crawfordtx.gov,City,City of Crawford,CRAWFORD,TX
cityofcreedmoortx.gov,City,City of Creedmoor,Creedmoor,TX
crossroadstx.gov,City,Town of Cross Roads,Crossroads,TX
crowellpolicetx.gov,City,Crowell Police Department,Crowell,TX
crowelltxmunicipalcourt.gov,City,City of Crowell Municipal Court,Crowell,TX
zavalacounty.gov,County,Zavala county,Crystal city,TX
hcesd13tx.gov,Special district,Harris County Emergency Services District #13,Cypress,TX
dalharttx.gov,City,City of Dalhart,Dalhart,TX
addisontx.gov,City,Town Of Addison,Dallas,TX
dallas.gov,City,City of Dallas,Dallas,TX
dallascityhall-tx.gov,City,City of Dallas,Dallas,TX
dallasfire.gov,City,City of Dallas,Dallas,TX
dallaspolice.gov,City,City of Dallas,Dallas,TX
dallaswater.gov,City,City of Dallas,Dallas,TX
danburytx.gov,City,City of Danbury,danbury,TX
darrouzettisd.gov,Special district,Darrouzett ISD,Darrouzett,TX
cityofkenefick.gov,City,City of Kenefick,Dayton,TX
decaturtx.gov,City,City of Decatur,Decatur,TX
wisecountytx.gov,County,Wise County,Decatur,TX
deerparktx.gov,City,City of Deer Park,Deer Park,TX
delriotx.gov,City,City of Del Rio,Del Rio,TX
denisontx.gov,City,City of Denison,Denison,TX
cityofdenton.gov,City,City of Denton,Denton,TX
dentoncounty.gov,County,"Denton County, Texas",Denton,TX
dentoncountyconversations.gov,County,"Denton County, Texas",Denton,TX
dentoncountysheriffjobs.gov,County,Denton County,Denton,TX
deporttexas.gov,City,City of Deport,Deport,TX
desototexas.gov,City,City of DeSoto,DeSoto,TX
detroittx.gov,City,City of Detroit,Detroit,TX
dickinson-tx.gov,City,City of Dickinson,Dickinson,TX
dickinsontexas.gov,City,City of Dickinson,Dickinson,TX
dickinsonwcidtx.gov,Special district,Dickinson Water Control and Improvement District,Dickinson,TX
gcwcid1tx.gov,Special district,Galveston County WCID#1,Dickinson,TX
drippingspringstx.gov,City,"City of Dripping Springs, Texas",Dripping Springs,TX
dumastx.gov,City,City of Dumas,Dumas,TX
duncanvilletx.gov,City,City of Duncanville,Duncanville,TX
eaglepasstx.gov,City,City of Eagle Pass,Eagle Pass,TX
eastmountaintx.gov,City,City of East Mountain,East Mountain,TX
eastlandcounty.gov,County,"Eastland County, Texas",Eastland,TX
eastlandcountytexas.gov,County,Eastland County Texas,Eastland,TX
eastlandtexas.gov,City,City of Eastland,Eastland,TX
ellago-tx.gov,City,City of El Lago,El Lago,TX
lakeviewpdtx.gov,City,Lakeview Police Department,El Lago,TX
elpasotexas.gov,City,CITY OF EL PASO,El Paso,TX
epcountytx.gov,County,El Paso County,El Paso,TX
etaelpaso.gov,Special district,El Paso Transportation Authority,El Paso,TX
pdemud1.gov,Special district,Paseo Del Este Municipal Utility District 1,El Paso,TX
schleichercounty.gov,County,Schleicher County,Eldorado,TX
cityofelectra.gov,City,City of Electra,Electra,TX
elgintexas.gov,City,"City of Elgin, Texas",Elgin,TX
cityofelkharttx.gov,City,City of Elkhart,Elkhart,TX
elmendorftx.gov,City,City of Elmendorf,Elmendorf,TX
rainscounty.gov,County,Rains County,Emory,TX
ennistx.gov,City,City of Ennis Texas,Ennis,TX
eulesstx.gov,City,"City of Euless, TX",Euless,TX
fairoaksranch.gov,City,Fair Oaks Ranch,FAIR OAKS RANCH,TX
fairfieldtexas.gov,City,"City of Fairfield, TX",Fairfield,TX
farmersbranchtx.gov,City,City of Farmers Branch,Farmers Branch,TX
farmersvilletx.gov,City,City of Farmersville,Farmersville,TX
fatetx.gov,City,City of Fate,Fate,TX
ferristexas.gov,City,City of Ferris,Ferris,TX
flatoniatx.gov,City,City of Flatonia,Flatonia,TX
floresvilleedctx.gov,City,Floresville Economic Development Corporation,Floresville,TX
floresvilletx.gov,City,City of Floresville,Floresville,TX
wilsoncountytx.gov,County,County of Wilson,Floresville,TX
flowermound.gov,City,Town of Flower Mound,Flower Mound,TX
forneytx.gov,City,City of Forney,Forney,TX
fortstockton.gov,City,City of Fort Stockton,Fort Stockton,TX
fortworth-texas.gov,City,City of Fortworth,Fort Worth,TX
fortworth-tx.gov,City,City of Fortworth,Fort Worth,TX
fortworthtexas.gov,City,City of Fortworth,Fort Worth,TX
fortworthtexasalerts.gov,City,City of Fort Worth,Fort Worth,TX
tarrantcountytx.gov,County,Tarrant County,Fort Worth,TX
robertsoncountyesdtx.gov,Special district,Robertson County ESD,Franklin,TX
frankstontx.gov,City,City of Frankston,Frankston,TX
gillespiecounty.gov,County,"Gillespie County, Texas",Fredericksburg,TX
commodorecoveimprovementdistrict.gov,Special district,Commodore Cove Improvement District,Freeport,TX
freeporttx.gov,City,City of Freeport,Freeport,TX
friendswoodtx.gov,City,City of Friendswood,Friendswood,TX
friscotexas.gov,City,City of Frisco,Frisco,TX
friscotx.gov,City,City of Frisco,Frisco,TX
fulsheartexas.gov,City,City of Fulshear,Fulshear,TX
westonlakestexas.gov,City,City of Weston Lakes,FULSHEAR,TX
cityofgalenapark-tx.gov,City,City of Galena Park,Galena Park,TX
galvestoncountytx.gov,County,County of Galveston,Galveston,TX
galvestontx.gov,City,City of Galveston,Galveston,TX
ectoresd1.gov,Special district,Ector County Emergency Services District No. 1,Gardendale,TX
ectoresd2.gov,Special district,Ector County Emergency Services District No. 2,Gardendale,TX
garlandtx.gov,City,City of Garland,Garland,TX
garytx.gov,City,City of Gary,Gary,TX
coryellcountytx.gov,County,Coryell County,Gatesville,TX
georgetowntexas.gov,City,City of Georgetown Texas,Georgetown,TX
wilcotx.gov,County,Williamson County Texas,Georgetown,TX
williamsoncountytxesd7.gov,Special district,Williamson County Emergency Services District #7,Georgetown,TX
giddings.gov,City,CITY OF GIDDINGS,GIDDINGS,TX
leecountytx.gov,County,Lee County,Giddings,TX
upshurtxesd.gov,Special district,Upshur County ESD #1,Gilmer,TX
glennheightstx.gov,City,City of Glenn Heights,Glenn Heights,TX
godleytx.gov,City,"City of Godley, TX",Godley,TX
millscountytx.gov,County,"Mills County, TX",Goldthwaite,TX
goliadcountytx.gov,County,Goliad County,Goliad,TX
grafordtx.gov,City,City Of Graford,Graford,TX
grandsalinetx.gov,City,City of Grand Saline,Grand Saline,TX
grapevinetexas.gov,City,City of Grapevine,Grapevine,TX
grapevinetx.gov,City,City of Grapevine,Grapevine,TX
greenvilletx.gov,City,City of Greenville,Greenville,TX
cityofgregorytx.gov,City,City of Gregory,Gregory,TX
greyforest-tx.gov,City,City of Grey Forest,Grey Forest,TX
limestonetx.gov,County,Limestone County,Groesbeck,TX
grovestx.gov,City,City of Groves,Groves,TX
gunbarrelcity.gov,City,City of Gun Barrel City,Gun Barrel City,TX
guntertx.gov,City,City of Gunter,Gunter,TX
gustinetx.gov,City,City of Gustine,Gustine,TX
haltomcitytx.gov,City,city of Haltom City,Haltom City,TX
hctx.gov,City,city of Haltom City,Haltom City,TX
cityhamiltontx.gov,City,City of Hamilton,Hamilton,TX
hamiltoncountytx.gov,County,Hamilton County,Hamilton,TX
harkerheights.gov,City,City of Harker Heights,Harker Heights,TX
harlingentx.gov,City,City Of Harlingen,Harlingen,TX
palmvalleytx.gov,City,City of Palm Valley,Harlingen,TX
haskellcountytx.gov,County,"Haskell County, Texas",Haskell,TX
helotes-tx.gov,City,City Of Helotes,Helotes,TX
hempsteadcitytx.gov,City,City of Hempstead,Hempstead,TX
pineislandtx.gov,City,City of Pine Island,Hempstead,TX
ruskcosherifftx.gov,County,County of Rusk,Henderson,TX
ruskcountytx.gov,County,Rusk County,Henderson,TX
ruskcountytxfire.gov,Special district,Rusk County Emergency Services District #1,Henderson,TX
herefordtexas.gov,City,City of Hereford,Hereford,TX
hickorycreek-tx.gov,City,The Town of Hickory Creek,Hickory Creek,TX
hilloemtx.gov,County,Hill County Office of Emergency Management,Hillsboro,TX
holidaylakes-tx.gov,City,Town Of Holiday Lakes,holiday lakes,TX
hollandtx.gov,City,City of Holland,Holland,TX
hollidaytx.gov,City,City of Holliday Texas,Holliday,TX
hollywoodpark-tx.gov,City,Town of Hollywood Park,Hollywood Park,TX
cityofhondo-tx.gov,City,City of Hondo,Hondo,TX
hondo-tx.gov,City,City of Hondo,Hondo,TX
medinatx.gov,County,Medina County,Hondo,TX
horseshoe-bay-tx.gov,City,City of Horseshoe Bay,Horseshoe Bay,TX
bunkerhilltx.gov,City,City of Bunker Hill Village,Houston,TX
cimarronmudtx.gov,Special district,Cimarron MUD,Houston,TX
cityofhouston.gov,City,City of Houston,Houston,TX
greenhoustontx.gov,City,City of Houston,Houston,TX
h-gac.gov,Special district,Houston-Galveston Area Council,Houston,TX
harriscountytx.gov,County,Harris County Information Technology Center,Houston,TX
hcesd29tx.gov,Special district,Harris County Emergency Services District No. 29,Houston,TX
hcmud188tx.gov,Special district,HARRIS COUNTY MUD 188,Houston,TX
hedwigtx.gov,City,Hedwig Village,Houston,TX
hfsctx.gov,City,Houston Forensic Science Center,Houston,TX
houstontx.gov,City,City of Houston,Houston,TX
kingsbridgemudtx.gov,Special district,Kingsbridge MUD,Houston,TX
porthouston.gov,Special district,Port of Houston Authority,Houston,TX
readyhoustontx.gov,City,City of Houston,Houston,TX
southsideplacetx.gov,City,City of Southside Place,Houston,TX
whcmud10tx.gov,Special district,West Harris County MUD 10,Houston,TX
cityofhowetx.gov,City,City of Howe,Howe,TX
hubbardtx.gov,City,City of Hubbard,Hubbard,TX
cityofhumbletx.gov,City,City of Humble,Humble,TX
humbletx.gov,City,City of Humble,Humble,TX
cityofhuntsvilletx.gov,City,City of Huntsville,Huntsville,TX
huntsvilletx.gov,City,City of Huntsville,Huntsville,TX
walkercountytx.gov,County,Walker County Texas,Huntsville,TX
hursttx.gov,City,City of Hurst,Hurst,TX
cityofhutchinstx.gov,City,City of Hutchins,Hutchins,TX
huttofire.gov,Special district,Williamson County Emergency Services District 3,Hutto,TX
huttotx.gov,City,City of Hutto,Hutto,TX
huttotxedc.gov,City,Hutto Economic Development Corporation,Hutto,TX
indianlaketx.gov,City,Town of Indian Lake,Indian Lake,TX
inglesidetx.gov,City,City of Ingleside,Ingleside,TX
inglesideonthebaytx.gov,City,Ingleside on the Bay,Ingleside on the Bay,TX
ingramtx.gov,City,City of Ingram,Ingram,TX
iowacolonytx.gov,City,City of Iowa Colony,Iowa Colony,TX
irvingtx.gov,City,"City of Irving, TX",Irving,TX
jacintocity-tx.gov,City,City of Jacinto City,Jacinto City,TX
jackwcid1tx.gov,Special district,Jack County Water Control and Improvement District #1,Jacksboro,TX
jamaicabeachtx.gov,City,City of Jamaica Beach,Jamaica Beach,TX
cityofjarrell.gov,City,City Of Jarrell,Jarrell,TX
jarrellpolice.gov,City,Jarrell Police Department,Jarrell,TX
jaspertxpd.gov,City,Jasper Police Department,Jasper,TX
kentcountytx.gov,County,"Kent County, Texas",Jayton,TX
jerseyvillage.gov,City,City of Jersey Village,Jersey Village,TX
jewettpdtx.gov,City,Jewett Police Department,Jewett,TX
blancocountytexas.gov,County,Blanco County,Johnson City,TX
blancogroundwatertx.gov,Special district,Blanco-Pedernales Groundwater Conservation District,Johnson City,TX
jonescreektx.gov,City,Village of Jones Creek,Jones Creek,TX
jonestowntx.gov,City,City of Jonestown,Jonestown,TX
karnescounty.gov,County,Karnes County,Karnes City,TX
kemah-tx.gov,City,City of Kemah,Kemah,TX
kemahtx.gov,City,City of Kemah,Kemah,TX
kempnertx.gov,City,The City of Kempner,Kempner,TX
kenedytx.gov,City,City of Kenedy,Kenedy,TX
kenedytxedc.gov,City,Kenedy 4B Corporation,Kenedy,TX
kerenstx.gov,City,City of Kerens,Kerens,TX
kermittx.gov,City,City of Kermit,Kermit,TX
winklercotxtax.gov,County,Winkler County Tax Office,Kermit,TX
kerrcountytx.gov,County,Kerr County,Kerrville,TX
kerrvilletx.gov,City,City of Kerrville,Kerrville,TX
killeentexas.gov,City,"City of Killeen, Texas",Killeen,TX
knoxcitytexas.gov,City,City of Knox City,Knox City,TX
hardincountytx.gov,County,Hardin County,Kountze,TX
cityofkyle.gov,City,City of Kyle,Kyle,TX
lajoyatx.gov,City,City of La Joya,La Joya,TX
cityoflamarque.gov,City,City of La Marque,La Marque,TX
laportetx.gov,City,City of La Porte,La Porte,TX
lavernia-tx.gov,City,"City of La Vernia, Texas",La Vernia,TX
lagovistatexas.gov,City,City of Lago Vista,Lago Vista,TX
traviscoesd1tx.gov,Special district,Travis County Emergency Services District 1,Lago Vista,TX
lakejackson-tx.gov,City,City of Lake Jackson,Lake Jackson,TX
lakejacksonpd.gov,City,Lake Jackson Police Department,Lake Jackson,TX
lakejacksontx.gov,City,City of Lake Jackson,Lake Jackson,TX
lakeporttx.gov,City,City of Lakeport,Lakeport,TX
lakeway-tx.gov,City,City of Lakeway,Lakeway,TX
lakewoodvillagetx.gov,City,Town of Lakewood Village,Lakewood Village,TX
lampasascounty.gov,County,"Lampasas County, Texas",Lampasas,TX
laredo.gov,City,City of Laredo,Laredo,TX
laredotexas.gov,City,City of Laredo,Laredo,TX
webbcountytx.gov,County,Webb County,Laredo,TX
lavontx.gov,City,City of Lavon,Lavon,TX
leaguecitytexas.gov,City,City of League City,League City,TX
leaguecitytx.gov,City,City of League City,League City,TX
blockhousemudtx.gov,Special district,Block House Municipal Utility,Leander,TX
leandertx.gov,City,City of Leander,Leander,TX
leonvalleytexas.gov,City,City of Leon Valley,Leon Valley,TX
cityoflewisvilletx.gov,City,City of Lewisville,Lewisville,TX
denco911.gov,Special district,Denco Area 9-1-1 District,Lewisville,TX
libertyhilltx.gov,City,City of Liberty Hill,Liberty Hill,TX
cityoflindaletx.gov,City,City of Lindale,Lindale,TX
lindale-tx.gov,City,City of Lindale,Lindale,TX
lindaletx.gov,City,City of Lindale,Lindale,TX
casscountytx.gov,County,"Cass County, Texas",Linden,TX
lindentx.gov,City,City of Linden,Linden,TX
friscowestwcidtx.gov,Special district,Frisco West Water Control & Improvement District,Little Elm,TX
littleelm.gov,City,"Town of Little Elm, Texas",Little Elm,TX
liverpooltx.gov,City,City of Liverpool,Liverpool,TX
livingstontx.gov,City,City of Livingston,Livingston,TX
polktx.gov,County,"County of Polk, Texas",Livingston,TX
llanocounty.gov,County,Llano County,Llano,TX
cityoflockhart.gov,City,City of Lockhart Texas,Lockhart,TX
longviewtexas.gov,City,City of Longview,Longview,TX
longviewtx.gov,City,"City of Longview, TX",Longview,TX
lorenatx.gov,City,City of Lorena Texas,Lorena,TX
losfresnostx.gov,City,City of Los Fresnos,Los Fresnos,TX
lott-tx.gov,City,City of Lott,Lott,TX
lubbockcounty.gov,County,Lubbock County,Lubbock,TX
lubbocktx.gov,City,"City of Lubbock, Texas",Lubbock,TX
votelubbock.gov,County,Lubbock County,Lubbock,TX
detcog.gov,Special district,Deep East Texas Council of Governments (DETCOG),Lufkin,TX
madisonvilletexas.gov,City,City of Madisonville,Madisonville,TX
manortx.gov,City,City of Manor,Manor,TX
mansfield-tx.gov,City,City of Mansfield,Mansfield,TX
mansfieldtexas.gov,City,"City of Mansfield, Texas",Mansfield,TX
marblefallstx.gov,City,City of Marble Falls,Marble Falls,TX
harrisoncountytexas.gov,County,Harrison County,Marshall,TX
harrisontx.gov,County,Harrison County Texas,Marshall,TX
mccameycity.gov,City,City of McCamey,McCamey,TX
mcgregortx.gov,City,City of McGregor,Mcgregor,TX
collincountytexas.gov,County,Collin County Government,Mckinney,TX
collincountytx.gov,County,Collin County Government,McKinney,TX
mckinneyisdtx.gov,Special district,McKinney Independent School District,McKinney,TX
meadowsplacetx.gov,City,City of Meadows Place,Meadows Place,TX
cityofmelissa.gov,City,City of Melissa,Melissa,TX
memphistexas.gov,City,City of Memphis,Memphis,TX
bosquecounty.gov,County,Bosque County,Meridian,TX
meridiantexas.gov,City,City of Meridian,Meridian,TX
merkeltx.gov,City,City of Merkel Texas,Merkel,TX
mesquitetx.gov,City,City of Mesquite Texas,Mesquite,TX
midlandtexas.gov,City,City of Midland Texas,Midland,TX
midlothiantx.gov,City,City of Midlothian,Midlothian,TX
mineralwellstx.gov,City,City of Mineral Wells,Mineral Wells,TX
mctx.gov,City,City of Missouri City,Missouri City,TX
missouricitytexas.gov,City,"City of Missouri City, Texas",Missouri City,TX
missouricitytx.gov,City,City of Missouri City,Missouri City,TX
montgomerytexas.gov,City,City of Montgomery,Montgomery,TX
moodytx.gov,City,"City of Moody, Texas",Moody,TX
morgantx.gov,City,City of Morgan,Morgan,TX
moultonpdtx.gov,City,City of Moulton Police Department,Moulton,TX
cityofmte.gov,City,The City of Mount Enterprise,Mount Enterprise,TX
mountaincitytx.gov,City,City of Mountain City,Mountain City,TX
mtpleasanttx.gov,City,"City of Mt. Pleasant, Texas",Mt. Pleasant,TX
tituscountytx.gov,County,"Titus County, Texas",Mt. Pleasant,TX
mountvernontx.gov,City,"City of Mt. Vernon, Texas",Mt. Vernon,TX
murchison.gov,City,City of Murchison,Murchison,TX
mustangridgetx.gov,City,City of Mustang Ridge,Mustang Ridge,TX
nac-sheriff.gov,County,Nacogdoches County Sheriff's Office,Nacogdoches,TX
nacogdoches.gov,City,City of Nacogdoches,Nacogdoches,TX
nacogdochesco.gov,County,Nacogdoches County,Nacogdoches,TX
navasotatx.gov,City,City of Navasota,Navasota,TX
newberlintx.gov,City,City of New Berlin,New Berlin,TX
comalcounty.gov,County,Comal County,NEW BRAUNFELS,TX
newbraunfels.gov,City,City of New Braunfels,New Braunfels,TX
newhopetx.gov,City,Town of New Hope,New Hope,TX
cityofnewlondontx.gov,City,City of New London,New London,TX
newarktexas.gov,City,City of Newark,Newark,TX
nolanvilletx.gov,City,City of Nolanville,Nolanville,TX
ectorcountytx.gov,County,Ector County,Odessa,TX
odessa-tx.gov,City,City of Odessa,Odessa,TX
cityofpinehursttx.gov,City,City of Pinehurst,Orange,TX
orangetexas.gov,City,City of Orange Texas,Orange,TX
cityoforchardtx.gov,City,City of Orchard,Orchard,TX
conchocounty.gov,County,"Concho County, Texas",Paint Rock,TX
andersoncountytx.gov,County,Anderson County,Palestine,TX
palmertx.gov,City,CIty of Palmer,Palmer,TX
cityofpalmview.gov,City,City of Palmview,Palmview,TX
pampapd.gov,City,Pampa Police Dept.,Pampa,TX
pampatx.gov,City,"City of Pampa, TX",Pampa,TX
panoramavillagetx.gov,City,City of Panorama Village,Panorama Village,TX
pantegotx.gov,City,"Town of Pantego, Texas",Pantego,TX
paristexas.gov,City,City of Paris,Paris,TX
pasadenatx.gov,City,"City of Pasadena, Texas",Pasadena,TX
pearlandtx.gov,City,City of Pearland,Pearland,TX
pecanhill.gov,City,Pecan Hill,Pecan Hill,TX
pecostx.gov,City,Town of Pecos City,Pecos,TX
reevescountyesdtx.gov,Special district,Reeves County Emergency Services District Nos. 1&2,Pecos,TX
reevescountytx.gov,County,Reeves County,Pecos,TX
pflugervilletx.gov,City,City of Pflugerville,Pflugerville,TX
pharr-tx.gov,City,City of Pharr,Pharr,TX
pilotpointtx.gov,City,City of Pilot Point,Pilot Point,TX
pinelandtx.gov,City,City of Pineland,Pineland,TX
pittsburgtx.gov,City,City of Pittsburg,Pittsburg,TX
yoakumcounty.gov,County,Yoakum County,Plains,TX
halecojpdtx.gov,County,Hale County Juvenile Probation,Plainview,TX
plano.gov,City,City of Plano,Plano,TX
pleasantontx.gov,City,City of Pleasanton,Pleasanton,TX
portarthurtx.gov,City,City of Port Arthur,Port Arthur,TX
calhouncotx.gov,County,Calhoun County Texas,Port Lavaca,TX
portlavaca.gov,City,CITY OF PORT LAVACA,Port Lavaca,TX
portlandtx.gov,City,City of Portland,Portland,TX
garzacounty.gov,County,Garza County,Post,TX
poteettexas.gov,City,City of Poteet,Poteet,TX
prairieviewtexas.gov,City,City of Prairie View,Prairie View,TX
primeratx.gov,City,City of Primera,Primera,TX
princetontx.gov,City,City of Princeton,Princeton,TX
princetontxcdc.gov,City,City of Princeton,Princeton,TX
prospertx.gov,City,Town of Prosper,Prosper,TX
pvtx.gov,City,Town of Providence Village,Providence Village,TX
casscountyesd2tx.gov,Special district,Cass County Emergency Services District # 2,Queen City,TX
ranchoviejotx.gov,City,Town of Rancho Viejo,Rancho Viejo,TX
rangertx.gov,City,City of Ranger,Ranger,TX
townofransomcanyon.gov,City,City of Ransom Canyon,Ransom Canyon,TX
portmansfieldpd.gov,City,Port Mansfield Police Department,Raymondville,TX
willacynavigation.gov,Special district,Willacy County Navigation District,Raymondville,TX
renotx.gov,City,City of Reno,Reno,TX
auroratexas.gov,City,City of Aurora Texas,Rhome,TX
ricetx.gov,City,City of Rice,Rice,TX
cor.gov,City,City of Richardson Texas,Richardson,TX
richlandtexas.gov,City,City of Richland,Richland,TX
coronavirusfortbend.gov,County,Fort Bend County,Richmond,TX
fairchildstx.gov,City,Village of Fairchilds,Richmond,TX
fbcbondprojectstx.gov,County,Fort Bend County,Richmond,TX
fbctx.gov,County,Fort Bend County,Richmond,TX
fortbendcountytx.gov,County,Fort Bend County,Richmond,TX
fortbendlibraries.gov,County,Fort Bend County Libraries,Richmond,TX
richmondtx.gov,City,City of Richmond,Richmond,TX
richwoodtx.gov,City,City of Richwood,Richwood,TX
roanoketexas.gov,City,"City of Roanoke, Texas",Roanoke,TX
fishercounty.gov,County,Fisher County Texas,Roby,TX
rockdaletx.gov,City,City of Rockdale,Rockdale,TX
aransascountytx.gov,County,"Aransas County, State of Texas",Rockport,TX
rockporttx.gov,City,City of Rockport,Rockport,TX
cityofrogerstx.gov,City,City of Rogers,Rogers,TX
rollingwoodtx.gov,City,City of Rollingwood,Rollingwood,TX
lamarcisdtx.gov,School district,Lamar Consolidated Independent School District,Rosenberg,TX
rosenbergtx.gov,City,City of Rosenberg,Rosenberg,TX
arcolapdtx.gov,City,Arcola Police Department,Rosharon,TX
bcmudtx.gov,Special district,Brushy Creek Municipal Utility District,ROUND ROCK,TX
roundrocktexas.gov,City,"City of Round Rock, Texas",Round Rock,TX
rowletttx.gov,City,City of Rowlett,Rowlett,TX
roysecity.gov,City,Royse City,Royse City,TX
ruletexas.gov,City,City of Rule,Rule,TX
saladotx.gov,City,Village of Salado Texas,Salado,TX
sanangelo.gov,City,City of San Angelo,San Angelo,TX
tomgreencountytx.gov,County,Tom Green County,San Angelo,TX
aacog.gov,Special district,Alamo Area Council of Governments,San Antonio,TX
bexar.gov,County,Bexar County,San Antonio,TX
bexarmetro911.gov,Special district,Bexar Metro 9-1-1 District,San Antonio,TX
readysouthtexas.gov,City,City of San Antonio,San Antonio,TX
sa.gov,City,City of San Antonio,San Antonio,TX
sanantonio.gov,City,City of San Antonio,San Antonio,TX
cityofsanaugustinetx.gov,City,City of San Augustine,San Augustine,TX
hayscountyesd9.gov,Special district,Hays County Emergency Services District 9,San Marcos,TX
sanmarcostx.gov,City,CIty of San Marcos,San Marcos,TX
sansabacounty.gov,County,San Saba County Texas,San Saba,TX
sansabapdtx.gov,City,San Saba Police Department,San Saba,TX
santaclaratx.gov,City,City Of Santa Clara,Santa Clara,TX
santafetx.gov,City,City of Santa Fe,Santa Fe,TX
kenedycountytx.gov,County,Kenedy County,Sarita,TX
schertz-tx.gov,City,City of Schertz,Schertz,TX
schertztx.gov,City,City of Schertz,Schertz,TX
scurrytx.gov,City,City of Scurry,Scurry,TX
seabrooktx.gov,City,City of Seabrook,Seabrook,TX
sealypolice.gov,City,Sealy Police Department,Sealy,TX
guadalupetx.gov,County,"Guadalupe County, Texas",Seguin,TX
seguintexas.gov,City,City of Seguin,Seguin,TX
springshillsudtx.gov,Special district,Springs Hill Special Utility District,Seguin,TX
sslgctx.gov,Special district,Schertz Seguin Local Government Corporation,Seguin,TX
rollingplainsgcd.gov,Special district,ROLLING PLAINS GROUNDWATER CONSERVATION DISTRICT,Seymour,TX
shavanoparktx.gov,City,City of Shavano Park,Shavano Park,TX
shenandoahpdtx.gov,City,City of Shenandoah Police Department,Shenandoah,TX
shinertexas.gov,City,City of Shiner Texas,Shiner,TX
hardincoesd6tx.gov,Special district,Hardin County Emergency Service District #6,Silsbee,TX
simontontexas.gov,City,City of Simonton,simonton,TX
sanpatriciocountytx.gov,County,San Patricio County,Sinton,TX
sintontx.gov,City,CITY OF SINTON,SINTON,TX
snydertx.gov,City,City of Snyder,Snyder,TX
somersettx.gov,City,City of Somerset,Somerset,TX
somervilletx.gov,City,City of Somerville,Somerville,TX
sonoratexas.gov,City,City of Sonora,Sonora,TX
cityofsourlake.gov,City,CITY OF SOUR LAKE,SOUR LAKE,TX
sourlakepd.gov,City,Sour Lake Police Department,Sour Lake,TX
southhoustontx.gov,City,City of South Houston,South Houston,TX
southlaketx.gov,City,City of Southlake,Southlake,TX
spearmantx.gov,City,City of Spearman,Spearman,TX
harriscountyesd11.gov,Special district,Harris County ESD 11 Mobile Healthcare,Spring,TX
sainthedwigcity.gov,City,City of St. Hedwig,St Hedwig,TX
staffordtx.gov,City,"City of Stafford, TX",stafford,TX
stagecoachtx.gov,City,City of Stagecoach,Stagecoach,TX
stamfordtexas.gov,City,"City of Stamford, TX",Stamford,TX
staplestx.gov,City,City of Staples,Staples,TX
stephenvilletx.gov,City,City of Stephenville,Stephenville,TX
sterlingcotx.gov,County,Sterling County,Sterling City,TX
stockdaletx.gov,City,City of Stockdale,Stockdale,TX
stonewallwcidtx.gov,Special district,Stonewall WCID,Stonewall,TX
shermancountytx.gov,County,Sherman County,Stratford,TX
fortbendisd.gov,Special district,Fort Bend Independent School District,Sugar Land,TX
sugarlandtx.gov,City,City of Sugar Land,Sugar Land,TX
sunnyvaletx.gov,City,Town of Sunnyvale,Sunnyvale,TX
sunraypd.gov,City,Sunray Police Department,Sunray,TX
sunrisebeachtx.gov,City,Sunrise Beach Village,Sunrise Beach,TX
llanocoesd5tx.gov,Special district,Llano County Emergency Services District #5,Sunrise Beach Village,TX
sunsetvalley.gov,City,City of Sunset Valley,Sunset Valley,TX
sweenytx.gov,City,City of Sweeny,Sweeny,TX
sweetwatertx.gov,City,City of Sweetwater,Sweetwater,TX
tafttx.gov,City,City of Taft,Taft,TX
taylortx.gov,City,City of Taylor,Taylor,TX
teaguepdtx.gov,City,Teague Police Department,Teague,TX
templetx.gov,City,"City of Temple, Texas",Temple,TX
tenahapd.gov,City,Tenaha Police Department,Tenaha,TX
terrelltx.gov,City,City of Terrell,Terrell,TX
texarkanatexas.gov,City,"City of Texarkana, Texas",Texarkana,TX
gctdtx.gov,Special district,Gulf Coast Transit District,Texas City,TX
texascitytx.gov,City,City of Texas City,Texas City,TX
thecolonytx.gov,City,City of The Colony,The Colony,TX
thehillstx.gov,City,Village of The Hills,The Hills,TX
thewoodlands-tx.gov,City,The Woodlands Township,The Woodlands,TX
thewoodlandstownship-tx.gov,City,The Woodlands Township,The Woodlands,TX
thompsonstx.gov,City,Town of Thompsons,Thompsons,TX
throckmortoncountytx.gov,County,"Throckmorton County, Texas",Throckmorton,TX
tikiisland.gov,City,Village of Tiki Island,Tiki Island,TX
villageoftikiisland.gov,City,Village of Tiki Island,Tiki Island,TX
tiogatx.gov,City,City of Tioga,Tioga,TX
toddmissiontx.gov,City,City of Todd Mission,Todd Mission,TX
tolartx.gov,City,City Of Tolar,Tolar,TX
tombeantx.gov,City,City of Tom Bean,Tom Bean,TX
harriscountyesd8.gov,Special district,Harris County Emergency Services District No. 8,Tomball,TX
tomballtx.gov,City,City of Tomball,Tomball,TX
trinidadtexas.gov,City,City of Trinidad,Trinidad,TX
trophyclubtx.gov,City,Town of Trophy Club,Trophy Club,TX
troytx.gov,City,City of Troy,Troy,TX
swishercounty.gov,County,"Swisher County, Texas",Tulia,TX
swisherso.gov,County,Swisher County Sheriff's Office,Tulia,TX
tulia-tx.gov,City,Town of Tulla,Tulia,TX
tuliapolice.gov,City,Tulia Police Department,Tulia,TX
tylertexas.gov,City,City of Tyler,Tyler,TX
uctx.gov,City,City of Universal City,Universal City,TX
universalcitytexas.gov,City,City of Universal City,Universal City,TX
uvaldecounty.gov,County,Uvalde County,Uvalde,TX
uvaldetx.gov,City,City of Uvalde,Uvalde,TX
vantx.gov,City,City of Van,Van,TX
vernontx.gov,City,City of Vernon,VERNON,TX
victoriacountytx.gov,County,Victoria County,Victoria,TX
victoriatx.gov,City,City of victoria,Victoria,TX
cityofvidor.gov,City,City of Vidor,Vidor,TX
villageofvolente-tx.gov,City,Village of Volente,Volente,TX
volentetexas.gov,City,Village of Volente,Volente,TX
vonormytx.gov,City,"City of Von Ormy, Texas",Von Ormy,TX
cityofgholson.gov,City,City of Gholson,Waco,TX
hotcogtx.gov,Special district,Heart of Texas Council of Governments,Waco,TX
mclennan.gov,County,McLennan County,Waco,TX
wacotx.gov,City,City of Waco,Waco,TX
waeldertexas.gov,City,City of Waelder,Waelder,TX
wallertexas.gov,City,City of Waller,Waller,TX
wataugatx.gov,City,"City of Watauga, TX",Watauga,TX
elliscountytx.gov,County,Ellis County Texas,Waxahachie,TX
waxahachietx.gov,City,City of Waxahachie,Waxahachie,TX
parkercountytx.gov,County,Parker County,Weatherford,TX
pchdtx.gov,County,Parker County Hospital District,Weatherford,TX
weatherfordtx.gov,City,City of Weatherford,Weatherford,TX
webstertx.gov,City,City of Webster,Webster,TX
weimartx.gov,City,City of Weimar,Weimar,TX
mesquitegcd.gov,Special district,Mesquite Groundwater Conservation District,Wellington,TX
weslacotx.gov,City,City of Weslaco,Weslaco,TX
westlakehills.gov,City,City of West Lake Hills,West Lake Hills,TX
westorangetx.gov,City,"City of West Orange, Texas",West Orange,TX
westutx.gov,City,City of West University Place,West University Place,TX
westlaketx.gov,City,"Town of Westlake, TX",Westlake,TX
cityofwhitneytx.gov,City,City Of Whitney,Whitney,TX
wichitafallstx.gov,City,City of Wichita Falls,Wichita Falls,TX
willistx.gov,City,City of Willis,Willis,TX
willowparktx.gov,City,City of Willow Park,Willow Park,TX
willspointtx.gov,City,City of Wills Point,Wills Point,TX
windcrest-tx.gov,City,City of Windcrest,Windcrest,TX
winonatx.gov,City,"City of Winona, Texas",Winona,TX
woodcreektx.gov,City,City of Woodcreek,Woodcreek,TX
woodville-tx.gov,City,"City of Woodville, Texas",Woodville,TX
woodwaytexas.gov,City,City of Woodway,Woodway,TX
wylietexas.gov,City,City of Wylie,Wylie,TX
yoakumtx.gov,City,City of Yoakum,Yoakum,TX
yorktowntx.gov,City,City of Yorktown,Yorktown,TX
zapatacountytx.gov,County,Zapata County,Zapata,TX
midvaleut.gov,City,Midvale City,,UT
alpineut.gov,City,Alpine City Corporation,Alpine,UT
altamontutah.gov,City,Town of Altamont,Altamont,UT
amalgautah.gov,City,Amalga Town,AMALGA,UT
americanfork.gov,City,American Fork City,American Fork,UT
timpssd.gov,Special district,Timpanogos Special Service District,American Fork,UT
applevalleyut.gov,City,Town of Apple Valley,Apple Valley,UT
ballardcityut.gov,City,Ballard City,Ballard,UT
ballardwaterut.gov,Special district,Ballard Water & Sewer Improvement District,Ballard,UT
bearrivercityutah.gov,City,Bear River City,Bear River City,UT
beavercityut.gov,City,Beaver City,Beaver,UT
beaverutahsheriff.gov,County,Beaver County Sheriffs office,Beaver,UT
bicknellutah.gov,City,Bicknell Town,Bicknell,UT
bigwaterut.gov,City,Big Water Municipal,Big Water,UT
blanding-ut.gov,City,City of Blanding,Blanding,UT
townofbluffutah.gov,City,Town of Bluff,Bluff,UT
bluffdale.gov,City,City of Bluffdale,Bluffdale,UT
jbidut.gov,Special district,Jordan Basin Improvement District,Bluffdale,UT
bountifulirrigation.gov,Special district,Bountiful Irrigation District,Bountiful,UT
bountifulutah.gov,City,Bountiful City Corporation,Bountiful,UT
sdmetrofire.gov,Special district,South Davis Metro Fire Service Area,Bountiful,UT
southdavisrecreation.gov,Special district,South Davis Recreation District,Bountiful,UT
southdaviswater.gov,Special district,South Davis Water District,Bountiful,UT
bountiful.gov,City,Bountiful City,Bountiful City,UT
bcutah.gov,City,Brigham City,Brigham City,UT
boxeldercountyut.gov,County,Box Elder County,Brigham City,UT
boxeldermosquito.gov,Special district,Box Elder Mosquito Abatement District,Brigham City,UT
brwcdutah.gov,Special district,Bear River Water Conservancy District,Brigham City,UT
brycecanyoncityut.gov,City,Bryce Canyon City,Bryce Canyon City,UT
cannonville.gov,City,Cannonville Town,Cannonville,UT
emerywater.gov,Special district,Emery Water Conservancy District,Castle Dale,UT
cedarcityut.gov,City,Cedar City Corporation,Cedar City,UT
cedarvalleywaterutah.gov,Special district,Cedar Valley Water Conservancy,Cedar City,UT
cedarfort.gov,City,Town of Cedar Fort,Cedar Fort,UT
cedarhillsutah.gov,City,City of Cedar Hills,Cedar Hills,UT
centerfieldcityut.gov,City,Centerfield City Utah,Centerfield,UT
centervilleutah.gov,City,Centerville City Corp,Centerville,UT
clarkstonutah.gov,City,Clarkston Town,Clarkston,UT
clearfieldcityut.gov,City,Clearfield City,Clearfield,UT
coalvillecity.gov,City,Coalville City,Coalville,UT
northsummitfireut.gov,Special district,North Summit Fire Service District,Coalville,UT
northsummitrecut.gov,Special district,North Summit Recreation District,Coalville,UT
summitcountytreasurerutah.gov,County,Summit County,Coalville,UT
corinnecity.gov,City,Corinne City,Corinne,UT
cornishutah.gov,City,Cornish Town Corporation,Cornish,UT
chparksandrecut.gov,Special district,Cottonwood Heights Parks and Recreation Service Area,Cottonwood Heights,UT
mwdsls.gov,Special district,Metropolitan Water District of Salt Lake and Sandy,Cottonwood Heights,UT
wmillardmosquitout.gov,Special district,West Millard Mosquito Abatement District,Delta,UT
deweyvilleut.gov,City,Town of Deweyville,Deweyville,UT
centralboxelderfireutah.gov,Special district,Central Box Elder Fire District,"Deweyville, Utah",UT
draperutah.gov,City,Draper City,Draper,UT
duchesnecityut.gov,City,Duchesne City,Duchesne,UT
eastduchesnewater.gov,Special district,East Duchesne Culinary Water Improvement District,Duchesne,UT
pinonforestssd.gov,Special district,Pinon Forest Special Service District,Duchesne,UT
cedarmountainservicedistrict.gov,Special district,Cedar Mountain Service District,Duck Creek Village,UT
dutchjohn.gov,City,Town of Dutch John,DUTCH JOHN,UT
eaglemountain.gov,City,Eagle Mountain City,Eagle Mountain,UT
eastcarboncity.gov,City,East Carbon City,East Carbon,UT
eastcarboncity-pd.gov,City,East Carbon Police Department,East Carbon City,UT
elkridgeutah.gov,City,Elk Ridge City,Elk Ridge,UT
elwoodtown.gov,City,Elwood Town,Elwood,UT
emerytownutah.gov,City,Emery Town,Emery,UT
enochcityut.gov,City,Enoch City,Enoch,UT
enterpriseutah.gov,City,City of Enterprise,Enterprise,UT
ephraim.gov,City,Ephraim City,Ephraim,UT
erda.gov,City,The City of Erda,Erda,UT
escalanteutah.gov,City,Escalante,Escalante,UT
fairviewcityut.gov,City,Fairview City,Fairview,UT
smssdutah.gov,Special district,Skyline Mountain Resort Special Service District,Fairview,UT
dapss-ut.gov,County,Davis County Government,Farmington,UT
daviscountyelectionsutah.gov,County,Davis County,Farmington,UT
daviscountyutah.gov,County,Davis County Utah,Farmington,UT
golfdavisparkutah.gov,County,Davis County,Farmington,UT
golfvalleyviewutah.gov,County,Davis County,Farmington,UT
bonavistawater.gov,Special district,Bona Vista Water Improvement District,Farr West,UT
weberfiredistrict.gov,Special district,Weber Fire District,Farr West,UT
farrwestcity.gov,City,Farr West City,Farr West city,UT
fayetteutah.gov,City,Fayette Town of,Fayette,UT
ferroncityutah.gov,City,Ferron City,Ferron,UT
fillmoreutah.gov,City,Fillmore City Corporation,Fillmore,UT
fillmoreutlibrary.gov,City,Fillmore City Corporation,Fillmore,UT
millardcounty.gov,County,Millard County,Fillmore,UT
millardsheriff.gov,County,Millard County Sheriff's Office,Fillmore,UT
fountaingreencity.gov,City,Fountain Green City,Fountain Green,UT
francisutah.gov,City,Francis City,Francis,UT
fruitheights.gov,City,Fruit Heights City,Fruit Heights,UT
fssdutah.gov,Special district,Fruitland Special Service District,Fruitland,UT
bearlakessdut.gov,Special district,Bear Lake Special Service District,Garden City,UT
gardencityfireutah.gov,Special district,Garden City Fire District,Garden City,UT
gardencityutah.gov,City,Town of Garden City,Garden City,UT
gardencityutahcemetery.gov,Special district,Garden City Cemetery Maintenance District,Garden City,UT
gardencityutlibrary.gov,City,Garden City,Garden City,UT
garlandutah.gov,City,City of Garland,Garland,UT
genolaut.gov,City,Town of Genola,Genola,UT
glendaletownutah.gov,City,Glendale Town,Glendale,UT
glenwoodtownut.gov,City,GLENWOOD TOWN,Glenwood,UT
goshenutah.gov,City,Town of Goshen,Goshen,UT
grantsvilleut.gov,City,Grantsville City Corporation,Grantsville,UT
gunnisoncityut.gov,City,Gunnison City Utah,Gunnison,UT
hanksvilleutah.gov,City,Town of Hanksville,Hanksville,UT
harrisvillecity.gov,City,Harrisville City,Harrisville,UT
harrisvillepoliceut.gov,City,Harrisville Police Department,Harrisville City,UT
hatchutah.gov,City,HATCH TOWN,HATCH,UT
independenceut.gov,City,Town of Independence,Heber,UT
danielutah.gov,City,Town of Daniel,Heber City,UT
heberpower.gov,Special district,Heber Light and Power,Heber City,UT
heberut.gov,City,Heber City Corporation,Heber City,UT
nuesut.gov,Special district,Northeastern Utah Educational Services,Heber City,UT
timberlakeswaterssdut.gov,Special district,Timber Lakes Water Special Service District,Heber City,UT
wasatchcounty.gov,County,Wasatch County Information Systems,Heber City,UT
wasatchcountyhealth.gov,Special district,Wasatch County Health Department,Heber City,UT
wasatchfire.gov,Special district,Wasatch County Fire Protection Special Service District,Heber City,UT
helpercity.gov,City,"City of Helper, Utah",Helper,UT
henefer.gov,City,Henefer Town Inc,HENEFER,UT
herriman.gov,City,Herriman City,Herriman,UT
herrimanpd.gov,City,Herriman City,Herriman,UT
hideoututah.gov,City,Hideout,Hideout,UT
highlandut.gov,City,Highland City,Highland,UT
lonepeakfire.gov,Special district,Lone Peak Fire District,Highland,UT
hildale.gov,City,Hildale City,Hildale,UT
hildalecity.gov,City,Hildale City,Hildale,UT
hildaleutility.gov,Special district,Hildale City,Hildale,UT
holladayut.gov,City,City of Holladay,Holladay,UT
honeyvillecity.gov,City,HONEYVILLE CITY,HONEYVILLE,UT
hoopercity.gov,City,Hooper City,Hooper,UT
hooperwater.gov,Special district,HOOPER WATER IMPROVEMENT DISTRICT,HOOPER,UT
huntingtonut.gov,City,Huntington City,Huntington,UT
huntsvilleutah.gov,City,Town of Huntsville,Huntsville,UT
ogdenvalley.gov,City,Ogden Valley City,Huntsville,UT
cachemosquito.gov,Special district,Cache Mosquito Abatement District,Hyde Park,UT
hpcutah.gov,City,Hyde Park City,Hyde Park City,UT
hyrumcity.gov,City,Hyrum City Corporation,Hyrum,UT
ivinsutah.gov,City,Ivins City,Ivins,UT
josephtownutah.gov,City,"Town of Joseph, Utah",Joseph,UT
piute.gov,County,Piute County,Junction,UT
piutesd.gov,Special district,Piute County School District,Junction,UT
kamascityut.gov,City,Kamas City,Kamas,UT
southsummitfd.gov,Special district,South Summit Fire Protection District,Kamas,UT
kanecountyhospitalut.gov,County,Kane County Hospital,KANAB,UT
kanarraville.gov,City,Town of Kanarraville,Kanarraville,UT
cdsewerut.gov,Special district,Central Davis Sewer District,Kaysville,UT
davismosquitoutah.gov,Special district,Mosquito Abatement District - Davis,Kaysville,UT
kaysville.gov,City,Kaysville City,Kaysville,UT
kidwater4ut.gov,Special district,Kearns Improvement District,Kearns,UT
oquirrhrec.gov,Special district,Oquirrh Recreation and Parks District,Kearns,UT
laverkin.gov,City,La Verkin City,La Verkin,UT
laverkincity.gov,City,La Verkin City,La Verkin,UT
lakepoint.gov,City,Lake Point City Council,Lake Point,UT
laytoncityutah.gov,City,Layton City Corporation,Layton,UT
nueraut.gov,Special district,Northern Utah Environmental Resource Agency,Layton,UT
wasatchintegrated.gov,Special district,Wasatch Integrated Waste Management District,Layton,UT
weberbasin.gov,Special district,Weber Basin Water Conservancy District,Layton,UT
leamingtontown.gov,City,Leamington Town,Leamington,UT
fairfieldtown-ut.gov,City,Fairfield Town,Lehi,UT
lehi-ut.gov,City,Lehi City Corp,Lehi,UT
lehifibernetwork.gov,City,Lehi City,Lehi,UT
lewistonutah.gov,City,Lewiston City,Lewiston,UT
lindon.gov,City,Lindon City,Lindon,UT
npswssdut.gov,Special district,North Pointe Solid Waste Special Service District,Lindon,UT
loautah.gov,City,Loa,Loa,UT
waynecountyutah.gov,County,Wayne County,Loa,UT
brhdut.gov,Special district,Bear River Health Department,Logan,UT
cachecounty.gov,County,Cache County,Logan,UT
cachempo.gov,Special district,Cache Metropolitan Planning Organization,Logan,UT
cachesheriff.gov,County,Cache County,Logan,UT
cachewaterut.gov,Special district,Cache Water District,Logan,UT
loganutah.gov,City,City of Logan,Logan,UT
riverheights.gov,City,River Heights City,Logan,UT
magnamosquito.gov,Special district,Magna Mosquito Abatement District,Magna,UT
magnawaterut.gov,Special district,Magna Water District,Magna,UT
daggettcounty.gov,County,Daggett County,Manila,UT
flaminggorgefireandems.gov,Special district,Flaming Gorge Fire and EMS District,Manila,UT
manilautah.gov,City,Town of Manila,Manila,UT
manti.gov,City,City of Manti,Manti,UT
sanpetecountyutah.gov,County,Sanpete County Utah,Manti,UT
sanpetewaterconservancy.gov,Special district,Sanpete County Water Conservancy District,Manti,UT
mantuautah.gov,City,Town of Mantua,Mantua,UT
mapleton-ut.gov,City,Mapleton City,Mapleton,UT
centralweberut.gov,Special district,Central Weber Sewer Improvement District,Marriott-Slaterville,UT
marriott-slaterville.gov,City,Marriott-Slaterville City,Marriott-Slaterville,UT
marysvale.gov,City,MARYSVALE TOWN,Marysvale,UT
mayfieldtownut.gov,City,Mayfield Town,Mayfield,UT
mendoncityutah.gov,City,Mendon City,Mendon,UT
midvalleysewer.gov,Special district,Midvalley Sewer District,Midvale,UT
wfwrdutah.gov,Special district,Wasatch Front Waste and Recycling District,Midvale,UT
hebervalleyssd.gov,Special district,Heber Valley Special Service District,MIDWAY,UT
interlakenut.gov,City,Interlaken Town,Midway,UT
midwaycityut.gov,City,Midway City,Midway,UT
millcreekut.gov,City,Millcreek,Millcreek,UT
slvlesa-ut.gov,Special district,Salt Lake Valley Law Enforcement Service Area,Millcreek,UT
millvilleut.gov,City,Millville City,Millville,UT
minersvilleut.gov,City,Minersville Town,Minersville,UT
grandcountyutah.gov,County,Grand County,Moab,UT
grandwatersewerut.gov,Special district,Grand Water & Sewer Service Agency (GWSSA),Moab,UT
moabcity.gov,City,City of Moab,Moab,UT
moablibrary.gov,County,Moab Library,Moab,UT
swssd1ut.gov,Special district,Solid Waste Management Special Service District #1,Moab,UT
grandcountyemsutah.gov,Special district,Grand County EMS SSD,"Moab, UT",UT
monautah.gov,City,Mona City,Mona,UT
monroeut.gov,City,Monroe City,Monroe,UT
monticelloutah.gov,City,Monticello City,Monticello,UT
morgancountyutah.gov,County,Morgan County Utah,Morgan,UT
moronicity.gov,City,Moroni City,Moroni,UT
mpcityut.gov,City,Mount Pleasant City,Mount Pleasant,UT
mountaingreenfire.gov,Special district,Mountain Green Fire Protection District,Mountain Green,UT
mountaingreensid.gov,Special district,Mountain Green Sewer Improvement District,Mountain Green,UT
murraylibraryut.gov,City,Murray City Library,Murray,UT
mytoncityut.gov,City,Myton City,Myton,UT
naplescityut.gov,City,Naples City,Naples,UT
juabcounty.gov,County,Juab County,Nephi,UT
juabsheriff.gov,County,Juab County Sheriff's Office,Nephi,UT
newtonutah.gov,City,Newton Town Corporation,Newton,UT
nibleycity.gov,City,Nibley City Corporation,Nibley,UT
northlogancity.gov,City,NORTH LOGAN CITY CORP,North Logan,UT
northloganlibrary.gov,City,North Logan City Library,North Logan,UT
nppdut.gov,City,North Park Police Department,North Logan,UT
rideconnectutah.gov,Special district,Cache Valley Transit District,North Logan,UT
benlomondcemetery.gov,Special district,Ben Lomond Cemetery,North Ogden,UT
northogdencity.gov,City,North Ogden City,North Ogden,UT
northviewfire.gov,Special district,North View Fire District,North Ogden,UT
nslcity.gov,City,City of North Salt Lake,North Salt Lake,UT
utahtrust.gov,Special district,Utah Local Governments Trust,North Salt Lake,UT
oakcityut.gov,City,Town of Oak City,Oak City,UT
oakleyut.gov,City,Oakley City,Oakley,UT
ogdencity.gov,City,Ogden City,Ogden,UT
ogdensdut.gov,School district,Ogden School District,Ogden,UT
pmwsid.gov,Special district,Powder Mountain Water and Sewer Improvement District,Ogden,UT
weber911.gov,Special district,Weber Area 911 Dispatch,Ogden,UT
webercountyem.gov,County,Weber County,Ogden,UT
webercountyutah.gov,County,Weber County,Ogden,UT
weberhousingauthority.gov,County,Weber Housing Authority,Ogden,UT
webermorganhealth.gov,County,Weber Morgan Health Department,Ogden,UT
orangevillecity.gov,City,Orangeville City,Orangeville,UT
ordervilleut.gov,City,Town of Orderville,Orderville,UT
cuwcd.gov,Special district,Central Utah Water Conservancy District,Orem,UT
magutah.gov,Special district,Mountainland Association of Governments,Orem,UT
orem.gov,City,City of Orem,Orem,UT
urma.gov,Special district,Utah Risk Management Agency,Orem,UT
panguitchutah.gov,City,Panguitch City,Panguitch,UT
paragonahtown.gov,City,ParagonahTown,PARAGONAH,UT
basinrecreationutah.gov,Special district,Snyderville Basin Special Recreation District,Park City,UT
hvtutah.gov,Special district,High Valley Transit District,Park City,UT
mtnregionalwaterutah.gov,Special district,Mountain Regional Water Special Service District,Park City,UT
parkcity.gov,City,Park City Municipal Corporation,Park City,UT
pcfdut.gov,Special district,Park City Fire District,Park City,UT
sbwrd-ut.gov,Special district,Snyderville Basin Water Reclamation District,Park City,UT
snydervillecemeteryut.gov,Special district,Snyderville Basin Cemetery District Board of Trustees,Park City,UT
summitcosa3ut.gov,Special district,Summit County Service Area #3,park city,UT
summitcountysheriffutah.gov,County,Summit County Sheriff,Park City,UT
ironcountyut.gov,County,Iron County,Parowan,UT
ironsheriffut.gov,County,Iron County,Parowan,UT
parowan.gov,City,Parowan City,Parowan,UT
paysonutah.gov,City,Payson City,Payson,UT
paysonutahlibrary.gov,City,Payson Library,Payson,UT
sesdofutah.gov,Special district,South Utah Valley Electric Service District,Payson,UT
perrycityut.gov,City,Perry City,Perry,UT
plaincityutah.gov,City,Plain City Utah,Plain City,UT
pgcityutah.gov,City,Pleasant Grove City,Pleasant Grove,UT
pleasantviewut.gov,City,Pleasant View City,Pleasant View,UT
mysescutah.gov,Special district,Southeast Education Service Center,Price,UT
priceutah.gov,City,Price Municipal Corp,Price,UT
prwid.gov,Special district,Price River Water Improvement District,Price,UT
seuhealth.gov,Special district,Southeast Utah Health Department,Price,UT
providenceut.gov,City,Providence City Corporation,Providence,UT
northforkdistrictutah.gov,Special district,North Fork Special Service District,Provo,UT
provo.gov,City,Provo City,Provo,UT
provolibrary.gov,City,Provo City Library at Academy Square,Provo,UT
utahcounty.gov,County,Utah County Government,Provo,UT
utahlake.gov,Special district,Utah Lake Authority,Provo,UT
richcounty.gov,County,Rich County Utah,Randolph,UT
townofrandolphut.gov,City,Town of Randolph,Randolph,UT
centralutahhealth.gov,Special district,Central Utah Health Department,Richfield,UT
mycues.gov,Special district,Central Utah Educational Services,Richfield,UT
richfieldut.gov,City,Richfield City Corp,Richfield,UT
richfieldutlibrary.gov,City,Richfield Public Library,Richfield,UT
richmondutah.gov,City,RICHMOND CITY,RICHMOND,UT
riverdaleutah.gov,City,Riverdale City,Riverdale,UT
roywater.gov,Special district,Roy Water Conservancy District,Riverdale,UT
rivertonutah.gov,City,Riverton City,Riverton,UT
rivertonutahpd.gov,City,Riverton Police,Riverton,UT
rockvilleutah.gov,City,Town of Rockville,Rockville,UT
rockyridgeut.gov,City,Town of Rocky Ridge,Rocky Ridge,UT
dcwcdut.gov,Special district,Duchesne County Water Conservancy District,Roosevelt,UT
rooseveltcity.gov,City,Roosevelt City Corporation,Roosevlet,UT
royutah.gov,City,Roy City Corporation,Roy,UT
washk12utah.gov,School district,Washington County School District,Saint George,UT
salemutahlibrary.gov,City,Salem City,Salem,UT
suvpsutah.gov,Special district,Southern Utah Valley Power Systems,Salem,UT
salemutah.gov,City,Salem City,Salem City,UT
salinaut.gov,City,Salina City Corporation,Salina,UT
jordanrivercommission.gov,Special district,Jordan River Commission,Salt Lake City,UT
mtoidut.gov,Special district,Mt. Olympus Improvement District,Salt Lake City,UT
myslc.gov,City,Salt Lake City Corporation IMS,Salt Lake City,UT
saltlakecountyem.gov,Special district,Salt Lake County Emergency Management,Salt Lake City,UT
slc.gov,City,Salt Lake City Corporation,Salt Lake City,UT
slcmadutah.gov,Special district,Salt Lake City Mosquito Abatement District,Salt Lake City,UT
slcschools.gov,School district,Salt Lake City School District,Salt Lake City,UT
unifiedfireserviceareaut.gov,Special district,Unified Fire Service Area,Salt Lake City,UT
unifiedfireut.gov,Special district,Unified Fire Authority,Salt Lake City,UT
unifiedpoliceut.gov,Special district,Unified Police Department of Greater Salt Lake,Salt Lake City,UT
utleg.gov,Special district,Utah State Legislature,Salt Lake City,UT
wprpidutah.gov,Special district,Wasatch Peaks Ranch Public Infrastructure District,Salt Lake City,UT
wprroadandfiredistrictutah.gov,Special district,Wasatch Peaks Ranch Road & Fire District,Salt Lake City,UT
wprutilitydistrictutah.gov,Special district,Wasatch Peak Ranch Utility District,Salt Lake City,UT
cottonwoodimprovement.gov,Special district,Cottonwood Improvement District,Sandy,UT
ssidut.gov,Special district,Sandy Suburban Improvement District,Sandy,UT
wcwid.gov,Special district,White City Water Improvement District,Sandy,UT
santaclarautah.gov,City,Santa Clara City,Santa Clara,UT
santaquin.gov,City,Santaquin City,Santaquin,UT
saratogasprings-ut.gov,City,City of Saratoga Springs,Saratoga Springs,UT
sigurdtown.gov,City,Sigurd Town,SIGURD,UT
saltlakecounty.gov,County,Salt Lake County,SLC,UT
saltlakehealth.gov,County,Salt Lake County,SLC,UT
smithfieldutah.gov,City,SMITHFIELD CITY,SMITHFIELD,UT
lccwaterutah.gov,Special district,Salt Lake County Service area #3,Snowbird,UT
snowvilletown.gov,City,Snowville Town Inc.,Snowville,UT
binghamcreekregionalpark.gov,Special district,Bingham Creek Regional Park Authority,South Jordan,UT
southjordanutah.gov,City,South Jordan City,South Jordan,UT
timberlinessdut.gov,Special district,Timberline Special Service District,South Jordan,UT
transjordanutah.gov,Special district,Trans-Jordan Cities Agency,South Jordan,UT
southogdencity.gov,City,South Ogden City,South Ogden City,UT
southrimssdut.gov,Special district,South Rim Special Service District,South Rim,UT
sslc.gov,City,South Salt Lake City,South Salt Lake,UT
graniteschoolsut.gov,School district,Granite school district,South Salt Lake City,UT
southwebercity.gov,City,South Weber City,South Weber,UT
centralutah911.gov,Special district,Central Utah 911,Spanish Fork,UT
spanishfork.gov,City,Spanish Fork City,Spanish Fork,UT
spanishforklibrary.gov,City,Spanish Fork City,Spanish Fork,UT
springcityutah.gov,City,Spring City,Spring City,UT
springlakeutah.gov,City,Spring Lake,Spring Lake,UT
springvilleutah.gov,City,Springville City,Springville,UT
sbhcutah.gov,Special district,Southwest Behavioral Health Center,St. George,UT
sgcityutah.gov,City,City of St. George,St. George,UT
swuhealth.gov,Special district,Southwest Utah Public Health Department,St. George,UT
wcwcd.gov,Special district,Washington County Water Conservancy District,St. George,UT
ntfdutah.gov,Special district,North Tooele Fire District,Stansbury Park,UT
stansburypark.gov,Special district,Stansbury Service Agency of Tooele County,Stansbury Park,UT
stansburywater.gov,Special district,Stansbury Park Improvement District,Stansbury Park,UT
sunsetut.gov,City,Sunset City Corporation,Sunset,UT
northdavissewer.gov,Special district,North Davis Sewer District,Syracuse,UT
syracuseut.gov,City,Syracuse City,Syracuse,UT
tabionatownut.gov,City,Town of Tabiona,Tabiona,UT
taylorsvilleut.gov,City,City of Taylorsville,Taylorsville,UT
tbid.gov,Special district,Taylorsville-Bennion Improvement District,Taylorsville,UT
oquirrhdistrictutah.gov,Special district,Oquirrh Point Improvement District,Tooele,UT
tooelecity.gov,City,Tooele City Corporation,Tooele,UT
tooeleco.gov,County,Tooele County,Tooele,UT
tooeleschools.gov,School district,Tooele County School District,Tooele,UT
torreyutah.gov,City,Torrey Town,Torrey,UT
tremontoncity.gov,City,Tremonton City Corporation,Tremonton,UT
trenton-ut.gov,City,Trenton Town,Trenton,UT
tridelllapointwater.gov,Special district,Tridell-Lapoint Water Improvement District,Tridell,UT
townoftropicut.gov,City,Town of Tropic,Tropic,UT
uintahcity.gov,City,UIntah City,Uintah,UT
morganutah.gov,City,Morgan,Utah,UT
ashleyvalleysmb.gov,Special district,Ashley Valley Sewer Management Board,Vernal,UT
ashleywatersewerut.gov,Special district,Ashley Valley Water and Sewer ID,Vernal,UT
maeserwater.gov,Special district,Maeser Water Improvement District,Vernal,UT
tricountyhealthut.gov,Special district,TriCounty Health Department,Vernal,UT
uintahfiredistrict.gov,Special district,Uintah Fire Suppression Special Service District,Vernal,UT
uintahmadutah.gov,Special district,Uintah Mosquito Abatement District,Vernal,UT
uintahwater.gov,Special district,Uintah Water Conservancy District,Vernal,UT
vernal.gov,City,Vernal City,Vernal,UT
vineyardutah.gov,City,Vineyard City,Vineyard,UT
walesutah.gov,City,Wales City,Wales,UT
wallsburg.gov,City,Wallsburg Town,Wallsburg,UT
washcosolidwasteut.gov,Special district,Washington County Solid Waste District,Washington,UT
washingtonutah.gov,City,Washington City,Washington,UT
washingtonterrace.gov,City,Washington Terrace City,Washington Terrace,UT
wellingtonutah.gov,City,Wellington City,Wellington,UT
wellsvilleutah.gov,City,Wellsville City Corp,Wellsville,UT
sdsdut.gov,Special district,South Davis Sewer District,West Bountiful,UT
wbcityut.gov,City,City of West Bountiful,West Bountiful,UT
taylorwestweberwater.gov,Special district,Taylor West Weber Water Improvement District,West Haven,UT
westhavenut.gov,City,West Haven City,West Haven City,UT
jvwcd.gov,Special district,Jordan Valley Water Conservancy District,West Jordan,UT
svwaterut.gov,Special district,South Valley Water Reclamation Facility,West Jordan,UT
northdavisfireut.gov,Special district,North Davis Fire District,West Point,UT
westpointutah.gov,City,West Point City,West Point City,UT
wvc-ut.gov,City,City of West Valley,West Valley,UT
ghid.gov,Special district,Granger-Hunter Improvement District,West Valley City,UT
slvecc911.gov,Special district,Salt Lake Valley Emergency Communications Center,West Valley City,UT
willardcityut.gov,City,Willard City,Willard,UT
woodlandhills-ut.gov,City,Woodland Hills City,Woodland Hills,UT
woodscross.gov,City,Woods Cross City,Woods Cross,UT
abingdon-va.gov,City,Town of Abingdon,Abingdon,VA
washcova.gov,County,Washington County Virginia,Abingdon,VA
washcovaso.gov,County,Washington County Virginia Sheriff's Office,Abingdon,VA
accomack.gov,County,Accomack County,Accomac,VA
alexandriava.gov,City,City of Alexandria,Alexandria,VA
altavistava.gov,City,Town of Altavista,Altavista,VA
amherstcountyva.gov,County,Amherst County VA,Amherst,VA
amherstva.gov,City,Town of Amherst,Amherst,VA
appomattoxcountyva.gov,County,Appomattox County,Appomattox,VA
appomattoxva.gov,City,Town of Appomattox,Appomattox,VA
arlingtoncountyva.gov,County,Arlington County Government,Arlington,VA
arlingtonva.gov,County,Arlington County Government,Arlington,VA
ashlandva.gov,City,"Town of Ashland, VA",Ashland,VA
bedfordcountyva.gov,County,Bedford County Government,Bedford,VA
bedfordcountyvaes.gov,County,"Bedford County, Virginia",Bedford,VA
bedfordva.gov,City,Town of Bedford,Bedford,VA
berryvilleva.gov,City,Town of Berryville - Virginia,Berryville,VA
clarkecounty.gov,County,Clarke County Government,Berryville,VA
blacksburg.gov,City,Town of Blacksburg,Blacksburg,VA
blandcountyva.gov,County,"Bland County, Virginia",Bland,VA
boonesmillva.gov,City,"Town of Boones Mill, Virginia",Boones Mill,VA
carolinecountyva.gov,County,"Caroline County, Virginia",Bowling Green,VA
townofbowlinggreenva.gov,City,Town of Bowling Green,Bowling Green,VA
bridgewaterva.gov,City,Town of Bridgewater,Bridgewater,VA
bristolva.gov,City,City of Bristol Virginia,Bristol,VA
broadwayva.gov,City,"Town of Broadway, Virginia",Broadway,VA
buchanan-va.gov,City,Town of Buchanan,Buchanan,VA
buckinghamva.gov,County,County of Buckingham,Buckingham,VA
buenavistava.gov,City,City of Buena Vista,Buena Vista,VA
charlottecountyva.gov,County,Charlotte County Administrator,Charlotte Courthouse,VA
charlottesville.gov,City,City of Charlottesville,Charlottesville,VA
cua911.gov,Special district,Charlottesville-UVA-Albemarle County Emergency Communications Center,Charlottesville,VA
chatham-va.gov,City,Town of Chatham,Chatham,VA
pittsylvaniacountyva.gov,County,Pittsylvania County Virginia,Chatham,VA
chesapeakeva.gov,City,City of Chesapeake,Chesapeake,VA
hamptonroads.gov,Special district,Hampton Roads Planning District Commission,Chesapeake,VA
hrpdcva.gov,Special district,Hampton Roads Planning District Commission,Chesapeake,VA
hrtpova.gov,Special district,Hampton Roads Transportation Planning Organization,Chesapeake,VA
spsava.gov,Special district,Southeastern Public Service Authority of Virginia,Chesapeake,VA
chesterfield.gov,City,"Chesterfield County, VA",Chesterfield,VA
chesterfieldcounty.gov,County,"Chesterfield County, VA",Chesterfield,VA
chilhowieva.gov,City,Town Of Chilhowie Police Department,Chilhowie,VA
chincoteague-va.gov,City,Town of Chincoteague,Chincoteague,VA
christiansburgva.gov,City,Town of Christiansburg,Christiansburg,VA
montgomerycountyva.gov,County,"Montgomery County, Virginia",Christiansburg,VA
claremontva.gov,City,Town of Claremont,Claremont,VA
cliftonva.gov,City,Town of Clifton,Clifton,VA
cliftonforgeva.gov,City,Town of Clifton Forge,Clifton Forge,VA
townofclintwoodva.gov,City,Town of Clintwood,Clintwood,VA
coeburnva.gov,City,Town of Coeburn,Coeburn,VA
colonialbeachva.gov,City,Town of Colonial Beach,Colonial Beach,VA
colonialheightsva.gov,City,"City of Colonial Heights, VA",Colonial Heights,VA
culpepercounty.gov,County,County of Culpeper,Culpeper,VA
culpeperpolice.gov,City,Town of Culpeper,Culpeper,VA
culpeperva.gov,City,Town of Culpeper,Culpeper,VA
botetourtva.gov,County,Botetourt County,Daleville,VA
danville-va.gov,City,City of Danville,Danville,VA
danvilleva.gov,City,City of Danville,Danville,VA
daytonva.gov,City,Town of Dayton,Dayton,VA
dinwiddieva.gov,County,Dinwiddie County,Dinwiddie,VA
drakesbranch.gov,City,TOWN OF DRAKES BRANCH,Drakes Branch,VA
dumfriesva.gov,City,Town of Dumfries,Dumfries,VA
elktonva.gov,City,"Town of Elkton, VA",Elkton,VA
greensvillecountyva.gov,County,County of Greensville,Emporia,VA
southsideccjbva.gov,Special district,Southside Community Corrections,Emporia,VA
capitalalert.gov,County,Fairfax County Office of Public Affairs,Fairfax,VA
capitalert.gov,County,Fairfax County Office of Public Affairs,Fairfax,VA
fairfaxcounty.gov,County,Fairfax County Government,Fairfax,VA
fairfaxcountyva.gov,County,Fairfax County Government,Fairfax,VA
fairfaxcountyvirginia.gov,County,Fairfax County Government,Fairfax,VA
fairfaxva.gov,City,City of Fairfax,Fairfax,VA
fallschurchcityva.gov,City,City of Falls Church,Falls Church,VA
fallschurchva.gov,City,City of Falls Church,Falls Church,VA
farmvilleva.gov,City,"Town of Farmville,Virginia",Farmville,VA
auglibva.gov,County,Augusta County Library,Fishersville,VA
floydcova.gov,County,Floyd County Government,Floyd,VA
votefloydva.gov,County,County of Floyd Office of Elections,Floyd,VA
franklinva.gov,City,City of Franklin,Franklin,VA
fredericksburgva.gov,City,City of Fredericksburg,Fredericksburg,VA
frontroyalva.gov,City,"Town of Front Royal, Virginia",Front Royal,VA
warrencountyva.gov,County,Warren County VA,Front Royal,VA
galaxva.gov,City,City of Galax,Galax,VA
scottcountyva.gov,County,Scott County Board of Supervisors,Gate City,VA
gloucesterva.gov,County,"Gloucester County, VA",Gloucester,VA
gordonsvilleva.gov,City,Town of Gordonsville,Gordonsville,VA
townofgrottoes.gov,City,Town of Grottoes,Grottoes,VA
buchanancounty-va.gov,County,Buchanan County Board of Supervisors,Grundy,VA
buchanancountyvirginia.gov,County,Buchanan County Board of Supervisors,Grundy,VA
halifaxcountyva.gov,County,Halifax County,Halifax,VA
hamiltonva.gov,City,Town of Hamilton,HAMILTON,VA
hampton.gov,City,City of Hampton,Hampton,VA
hamptonva.gov,City,"City of Hampton, VA",Hampton,VA
hanover.gov,County,Hanover County,Hanover,VA
hanovercounty.gov,County,Hanover County,Hanover,VA
hanovercountyva.gov,County,Hanover County,Hanover,VA
hanoverva.gov,City,Hanover County,Hanover,VA
pamunkeyjail.gov,Special district,Pamunkey Regional Jail Authority,Hanover,VA
harrisonburgva.gov,City,City of Harrisonburg,Harrisonburg,VA
rockinghamcountyva.gov,County,County of Rockingham,Harrisonburg,VA
haysivirginia.gov,City,Town of Haysi,Haysi,VA
henrico.gov,County,Henrico County,Henrico,VA
herndon-va.gov,City,Town of Herndon,Herndon,VA
hillsborova.gov,City,Town of Hillsboro,Hillsboro,VA
carrollcountyva.gov,County,Carroll County,Hillsville,VA
hillsvilleva.gov,City,Hillsville Police Department,Hillsville,VA
hopewellva.gov,City,CITY OF HOPEWELL,HOPEWELL,VA
townofhurtva.gov,City,TOWN OF HURT,HURT,VA
graysoncountyva.gov,County,Grayson County,Independence,VA
irvingtonva.gov,City,Irvington Town Hall,Irvington,VA
isleofwight.gov,County,Isle of Wight County,Isle of Wight,VA
keysvilleva.gov,City,Town of Keysville,Keysville,VA
kinggeorgecountyva.gov,County,King George County,King George,VA
kwc.gov,County,King William County,King William,VA
russellcountyva.gov,County,Russell County Board of Supervisors,Lebanon,VA
leesburgva.gov,City,"Town of Leesburg, Virginia",Leesburg,VA
loudoun.gov,County,Loudoun County Government,Leesburg,VA
loudouncountyva.gov,County,Loudoun County Government,Leesburg,VA
lexingtonva.gov,City,"City of Lexington, Va",Lexington,VA
rbsova.gov,County,Rockbridge County,Lexington,VA
rockbridgecountyva.gov,County,Rockbridge County,Lexington,VA
louisacounty.gov,County,"County of Louisa, VA",Louisa,VA
louisasheriff.gov,County,"County of Louisa, VA",Louisa,VA
louisava.gov,City,Town of Louisa,Louisa,VA
lovettsvilleva.gov,City,Town of Lovettsville,Lovettsville,VA
nelsoncounty-va.gov,County,Nelson County,Lovingston,VA
lunenburgva.gov,County,Lunenburg County,Lunenburg,VA
lynchburgva.gov,City,"City of Lynchburg, VA - Department of Information Technology",Lynchburg,VA
lynchburgvapolice.gov,City,Lynchburg Police Department,Lynchburg,VA
manassasva.gov,City,City of Manassas,Manassas,VA
manassasparkva.gov,City,City of Manassas Park,Manassas Park,VA
henrycountyva.gov,County,County of Henry,Martinsville,VA
martinsville-va.gov,City,City of Martinsville,Martinsville,VA
martinsvilleva.gov,City,City of Martinsville,Martinsville,VA
mathewscountyva.gov,County,County of Mathews,Mathews,VA
pamunkeylibraryva.gov,Special district,Pamunkey Regional Library,Mechanicsville,VA
middleburgva.gov,City,Town of Middleburg,Middleburg,VA
middletownva.gov,City,"Town of Middletown, Va",Middletown,VA
westmorelandva.gov,County,Westmoreland County Government,MONTROSS,VA
craigcountyva.gov,County,The County of Craig,New Castle,VA
newportnewsva.gov,City,City of Newport News,Newport News,VA
nnva.gov,City,City of Newport News,Newport News,VA
norfolk.gov,City,"City of Norfolk, VA",Norfolk,VA
norfolkva.gov,City,"City of Norfolk, VA",Norfolk,VA
nortonva.gov,City,City of Norton,Norton,VA
occoquanva.gov,City,Town of Occoquan Virginia,Occoquan,VA
orangecounty-va.gov,County,Orange County,Orange,VA
orangecountyva.gov,County,Orange County Government,Orange,VA
townoforangeva.gov,City,Town of Orange Virginia,Orange,VA
fluvanna.gov,County,County of Fluvanna,Palmyra,VA
townofpenningtonva.gov,City,Town of Pennington Gap,Pennington Gap,VA
petersburgva.gov,City,City of Petersburg,Petersburg,VA
poquoson-va.gov,City,City of Poquoson,Poquioson,VA
portroyalva.gov,City,"Town of Port Royal, Virginia",Port Royal,VA
portsmouthsheriffsofficeva.gov,City,Portsmouth Sheriff's Office,Portsmouth,VA
portsmouthva.gov,City,"City of Portsmouth, VA",Portsmouth,VA
portsmouthvirginia.gov,City,"City of Portsmouth, VA",Portsmouth,VA
poundva.gov,City,Town of Pound,Pound,VA
powhatanva.gov,City,County of Powhatan,Powhatan,VA
pgcountyva.gov,County,"Prince George County, VA",Prince George,VA
princegeorgecountyva.gov,County,County of Prince George,Prince George,VA
princewilliamva.gov,County,Prince William County,Prince William,VA
pulaskicountyva.gov,County,County of Pulaski,Pulaski,VA
purcellvilleva.gov,City,Town of Purcellville,Purcellville,VA
radfordva.gov,City,City of Radford,Radford,VA
remington-va.gov,City,Town of Remington,Remington,VA
richlands-va.gov,City,Town of Richlands,Richlands,VA
rhhd.gov,County,Richmond and Henrico Health Districts,Richmond,VA
richmondvaems.gov,Special district,Richmond Ambulance Authority,Richmond,VA
rva.gov,City,City of Richmond,Richmond,VA
roanokecountyva.gov,County,Roanoke County IT,Roanoke,VA
roanokeva.gov,City,City of Roanoke,Roanoke,VA
franklincountyva.gov,County,Franklin County VA,Rocky Mount,VA
rockymountva.gov,City,Town of Rocky Mount,Rocky Mount,VA
roundhillva.gov,City,"Town of Round Hill, VA.",Round Hill,VA
campbellcountyva.gov,County,County of Campbell,Rustburg,VA
salemva.gov,City,City of Salem,Salem,VA
scottsvilleva.gov,City,Town of Scottsville,Scottsville,VA
smithfieldva.gov,City,Town of Smithfield,Smithfield,VA
spotsy.gov,County,Spotsylvania County,Spotsylvania,VA
spotsylvaniacounty-va.gov,County,County of Spotsylvania,Spotsylvania,VA
spotsylvaniacountyva.gov,County,County of Spotsylvania,Spotsylvania,VA
staffordcountyva.gov,County,"County of Stafford, Virginia",Stafford,VA
greenecountyva.gov,County,County of Greene,Stanardsville,VA
mrrjva.gov,County,Middle River Regional Jail,Staunton,VA
stephenscity.gov,City,Town of Stephens City,Stephens City,VA
surrycountyva.gov,County,Surry County administration,Surry,VA
sussexcountyva.gov,County,"Sussex County, Virginia",Sussex,VA
essexva.gov,County,County of Essex,Tappahannock,VA
tappahannock-pd.gov,City,Tappahannock Police Department,Tappahannock,VA
tappahannock-va.gov,City,Town of Tappahannock,Tappahannock,VA
townoftroutville-va.gov,City,Town of Troutville,Troutville,VA
urbannava.gov,City,Town of Urbanna,Urbanna,VA
augustacounty-va.gov,County,County of Augusta,Verona,VA
augustacountyva.gov,County,County of Augusta,Verona,VA
augustawaterva.gov,Special district,Augusta County Service Authority dba Augusta Water,Verona,VA
viennava.gov,City,TOWN OF VIENNA (va) GOVERNMENT,VIENNA,VA
vintonva.gov,City,Town of Vinton,Vinton,VA
virginiabeach.gov,City,City of Virginia Beach,Virginia Beach,VA
bathcountyva.gov,County,County of Bath,Warm Springs,VA
fauquiercounty.gov,County,Fauquier County Government,Warrenton,VA
warrentonva.gov,City,Town of Warrenton,Warrenton,VA
rappahannockcountyva.gov,County,"County of Rappahannock, Virginia",Washington,VA
washingtonva.gov,City,Town of Washington Virginia,Washington,VA
webercityva.gov,City,Town of Weber City,Weber City,VA
jamescitycountyva.gov,County,James City County,Williamsburg,VA
jccvahousing.gov,County,"James City County, Virginia",Williamsburg,VA
jcsava.gov,Special district,James City Service Authority,Williamsburg,VA
williamsburgva.gov,City,City of Williamsburg,Williamsburg,VA
wjcccomattyva.gov,County,James City County and City of Williamsburg Commonwealth Attorney Office,Williamsburg,VA
frederickcountyva.gov,County,County of Frederick,Winchester,VA
winchesterva.gov,City,City of Winchester,Winchester,VA
windsor-va.gov,City,"Town of Windsor, Virginia",Windsor,VA
wisecountyva.gov,County,Wise County Virginia Local Government,Wise,VA
pwcva.gov,County,Prince William County Government,Woodbridge,VA
shenandoahcountyva.gov,County,County of Shenandoah,Woodstock,VA
townofwoodstockva.gov,City,Town of Woodstock,Woodstock,VA
woodstockva.gov,City,Town of Woodstock,Woodstock,VA
yorkcounty.gov,County,"County of York, VA",Yorktown,VA
vipaairportsp3.gov,Special district,Virgin Islands Port Authority,St Thomas,VI
otpdvi.gov,Special district,Office of the Territorial Public Defender,St. Thomas,VI
addisonvt.gov,City,Town of Addison Vermont,Addison,VT
athensvt.gov,City,Town of Athens,Athens,VT
bensonvermont.gov,City,"Town of Benson, Vermont",Benson,VT
berlinvt.gov,City,Town of Berlin,Berlin,VT
bradfordvt.gov,City,Town of Bradford,Bradford,VT
braintreevt.gov,City,Town of Braintree,Braintree,VT
brandonvermont.gov,City,Town of Brandon,Brandon,VT
brattleboro.gov,City,Town of Brattleboro,Brattleboro,VT
windhamcountyvt.gov,County,Windham County Sheriff's Office,Brattleboro,VT
burlingtonvt.gov,City,City of Burlington,Burlington,VT
orangecountyvermont.gov,County,County of Orange,Chelsea,VT
chestervt.gov,City,Town of Chester,Chester,VT
colchestervt.gov,City,"Town of Colchester, Vermont",Colchester,VT
cornwallvt.gov,City,Town of Cornwall,Cornwall,VT
craftsbury.gov,City,Town of Craftsbury,Craftsbury,VT
danvillevt.gov,City,Town of Danville,Danville,VT
calaisvermont.gov,City,Town of Calais,East Calais,VT
easthardwick.gov,Special district,East Hardwick Fire District,East Hardwick,VT
essexvt.gov,City,Town of Essex,Essex Junction,VT
fairhavenvt.gov,City,Town of Fair Haven,Fair Haven,VT
fairfax-vt.gov,City,Town of Fairfax,Fairfax,VT
fairleevt.gov,City,Town of Fairlee,Fairlee,VT
granbyvt.gov,City,Town of Granby,Granby,VT
grandislevt.gov,City,Grand Isle Town,GRAND ISLE,VT
greensborovt.gov,City,Town Clerk's Office,Greensboro,VT
essexcountyvermont.gov,County,Essex County,Guildhall,VT
guilfordvt.gov,City,Town of Guilford,Guilford,VT
hardwickvt.gov,City,Town Office,Hardwick,VT
hollandvt.gov,City,Town of Holland,Holland,VT
brightonvt.gov,City,Town of Brighton Vermont,Island Pond,VT
islelamotte.gov,City,Isle La Motte Town Office,Isle La Motte,VT
jacksonvilleelectricvt.gov,City,Village of Jacksonville Electric Company,Jacksonville,VT
jerichovt.gov,City,Town of Jericho,Jericho,VT
leicestervt.gov,City,Town of Leicester,Leicester,VT
waterfordvt.gov,City,Town of Waterford,Lower Waterford,VT
lunenburg-gilmanvt.gov,City,Town Of Lunenburg,Lunenburg,VT
kirbyvt.gov,City,Town Of Kirby,Lyndonville,VT
manchester-vt.gov,City,Town of Manchester,Manchester Center,VT
marshfieldvillagevt.gov,City,"Village of Marshfield, Inc.",MARSHFIELD,VT
marshfieldvt.gov,City,Town of Marshfield,Marshfield,VT
mendonvt.gov,City,Town of Mendon,Mendon,VT
miltonvt.gov,City,"Town of Milton, Vermont",Milton,VT
washingtoncountysheriffvt.gov,County,Washington County Sheriffs Department,Montpelier,VT
morristownvt.gov,City,Town of Morristown,Morrisville,VT
mounthollyvt.gov,City,Town of Mount Holly,MOUNT HOLLY,VT
mounttaborvt.gov,City,Town of Mount Tabor,Mount Tabor,VT
clarendonvt.gov,City,Town of Clarendon,N. Clarendon,VT
troyvt.gov,City,Town of Troy,North Troy,VT
northfield-vt.gov,City,"Municipality of Northfield, Vermont",Northfield,VT
norwichvtpd.gov,City,Norwich Police Department,Norwich,VT
orwellvtfire.gov,City,Orwell Fire Department,Orwell,VT
plainfieldvt.gov,City,"Town of Plainfield, VT",Plainfield,VT
poultneyvt.gov,City,"Town of Poultney, Vermont",Poultney,VT
putneyvt.gov,City,Town of Putney,Putney,VT
richmondvt.gov,City,Town of Richmond,Richmond,VT
roxburyvt.gov,City,Town of Roxbury,Roxbury,VT
royaltonvt.gov,City,Town of Royalton,Royalton,VT
shaftsburyvt.gov,City,Town of Shaftsbury,Shaftsbury,VT
champlainwater.gov,Special district,Champlain Water District,South Burlington,VT
sbvt.gov,City,City of South Burlington VT,South Burlington,VT
southburlingtonpolice.gov,City,South Burlington Police Department,South Burlington,VT
southburlingtonvt.gov,City,City of South Burlington,South Burlington,VT
londonderryvt.gov,City,Town of Londonderry,South Londonderry,VT
springfieldvt.gov,City,"Town of Springfield, Vermont",Springfield,VT
stalbansvt.gov,City,Town of St. Albans,St. Albans,VT
stockbridgevt.gov,City,Town of Stockbridge,Stockbridge,VT
stowevt.gov,City,Town of Stowe,Stowe,VT
straffordvt.gov,City,Town of Strafford,Strafford,VT
swantonvt.gov,City,"Town of Swanton, Vermont",Swanton,VT
thetfordvt.gov,City,Town of Thetford,Thetford,VT
tinmouthvt.gov,City,Town of Tinmouth,Tinmouth,VT
townshendvt.gov,City,Town of Townshend,Townshend,VT
underhillvt.gov,City,Town of Underhill,Underhill,VT
vernonvt.gov,City,Town of Vernon,Vernon,VT
waitsfieldvt.gov,City,Town of Waitsfield,Waitsfield,VT
wardsborovt.gov,City,Town of Wardsboro,Wardsboro,VT
waldenvt.gov,City,Town of Walden,West Danville,VT
westfairleevt.gov,City,Town of West Fairlee,West Fairlee,VT
hartfordvt.gov,City,Town of Hartford Vermont,White River Junction,VT
willistonpdvt.gov,City,Williston Police Department,Williston,VT
winooskivt.gov,City,City of Winooski,Winooski,VT
woodburyvt.gov,City,"Town of Woodbury, Vermont",Woodbury,VT
aberdeenwa.gov,City,City of Aberdeen,Aberdeen,WA
ghcwd2.gov,Special district,Grays Harbor County Water District #2,Aberdeen,WA
graysharborpud.gov,Special district,Grays Harbor County Public Utility District No. 1,Aberdeen,WA
algonawa.gov,City,City Of Algona,Algona,WA
almirawa.gov,City,Town of Almira,Almira,WA
anacorteswa.gov,City,City of Anacortes,Anacortes,WA
arlingtonwa.gov,City,City of Arlington Washington,Arlington,WA
asotincountywa.gov,County,Asotin County,Asotin,WA
auburnwa.gov,City,City of Auburn,Auburn,WA
cityofauburnwa.gov,City,City of Auburn,Auburn,WA
bainbridgewa.gov,City,City of Bainbridge Island,Bainbridge Island,WA
beauxarts-wa.gov,City,Town of Beaux Arts Village,Beaux Arts,WA
bellevuewa.gov,City,City of Bellevue,Bellevue,WA
bellinghamwa.gov,City,City of Bellingham,Bellingham,WA
portofbellingham.gov,Special district,Port of Bellingham,Bellingham,WA
blackdiamondwa.gov,City,City of Black Diamond,Black Diamond,WA
blainewa.gov,City,City of Blaine,Blaine,WA
bonneylake.gov,City,City of Bonney Lake,Bonney Lake,WA
bothellwa.gov,City,City of Bothell,Bothell,WA
bremertonwa.gov,City,City of Bremerton,Bremerton,WA
kitsap911.gov,Special district,Kitsap 911,Bremerton,WA
burienwa.gov,City,City of Burien,BURIEN,WA
burlingtonwa.gov,City,City of Burlington,Burlington,WA
carnationwa.gov,City,City of Carnation,Carnation,WA
wahkiakumcounty.gov,County,Wahkiakum County,Cathlamet,WA
lewiscountywa.gov,County,Lewis County,Chehalis,WA
cityofchelan.gov,City,City of Chelan,Chelan,WA
cleelum.gov,City,City of Cle Elum,Cle Elum,WA
whitmancounty.gov,County,Whitman County,Colfax,WA
whitmancountyem.gov,County,Whitman County Emergency Communications,Colfax,WA
stevenscountywa.gov,County,Stevens County,Colville,WA
concretewa.gov,City,Town of Concrete,Concrete,WA
cosmopoliswa.gov,City,City of Cosmopolis,Cosmopolis,WA
islandcountywa.gov,County,Island County Government,Coupeville,WA
covingtonwa.gov,City,"City of Covington, Wash.",Covington,WA
covingtonwaterwa.gov,Special district,Covington Water District,Covington,WA
crestonwa.gov,City,TOWN OF CRESTON,CRESTON,WA
columbiacountywa.gov,County,Columbia County,Dayton,WA
desmoineswa.gov,City,City of Des Moines,Des Moines,WA
scorejailwa.gov,Special district,South Correctional Entity,Des Moines,WA
dupontwa.gov,City,City of DuPont,DuPont,WA
duvallwa.gov,City,City of Duvall,Duvall,WA
dcpudwa.gov,Special district,Public Utility District No. 1 of Douglas County,East Wenatchee,WA
eastwenatcheewa.gov,City,City of East Wenatchee,East Wenatchee,WA
eatonville-wa.gov,City,Town of Eatonville,Eatonville,WA
edgewoodwa.gov,City,City of Edgewood,Edgewood,WA
edmonds-wa.gov,City,City of Edmonds,Edmonds,WA
edmondswa.gov,City,City of Edmonds,Edmonds,WA
portofedmonds.gov,Special district,Port of Edmonds,Edmonds,WA
ellensburgwa.gov,City,City of Ellensburg,Ellensburg,WA
kittcom.gov,Special district,KITTCOM (Kittitas County 9-1-1),Ellensburg,WA
kittitascounty.gov,County,Kittitas County,Ellensburg,WA
grantcountywa.gov,County,Grant County,Ephrata,WA
portofephrata.gov,Special district,Port of Ephrata,Ephrata,WA
everettwa.gov,City,City of Everett,Everett,WA
snoco.gov,County,Snohomish County,Everett,WA
snohomishcountywa.gov,County,Snohomish County,Everett,WA
federalwaywa.gov,City,City of Federal Way,Federal Way,WA
lakehavenwsd.gov,Special district,Lakehaven Water & Sewer District,Federal Way,WA
fifewa.gov,City,City of Fife,Fife,WA
fridayharbor.gov,City,Friday Harbor,Friday Harbor,WA
sanjuancountywa.gov,County,San Juan County,Friday Harbor,WA
gigharborwa.gov,City,City of Gig Harbor,Gig Harbor,WA
penmetparks.gov,Special district,Peninsula Metropolitan Parks District,Gig Harbor,WA
cityofgigharborwa.gov,City,City of Gig Harbor,Gig Harbor city,WA
snofire26wa.gov,Special district,Sky Valley Fire / Snohomish County Fire Protection District 26,Gold Bar,WA
granitefallswa.gov,City,City of Granite Falls,Granite Falls,WA
harringtonwa.gov,City,City of Harrington,Harrington,WA
huntspoint-wa.gov,City,Town of Hunts Point,Hunts Point,WA
westklickitatfire.gov,Special district,WEST KLICKITAT REGIONAL FIRE AUTHORITY,HUSUM,WA
ilwaco-wa.gov,City,City of Ilwaco,Ilwaco,WA
ionewa.gov,City,"Town of Ione, Washington",Ione,WA
issaquahwa.gov,City,City of Issaquah,Issaquah,WA
cowlitzwa.gov,County,Cowlitz County,Kelso,WA
kelso.gov,City,City of Kelso,Kelso,WA
kenmorewa.gov,City,City of Kenmore,Kenmore,WA
kentwa.gov,City,City of Kent,Kent,WA
kingwoodwv.gov,City,City of Kingwood,Kingwood,WA
kirklandwa.gov,City,City of Kirkland,Kirkland,WA
cityofkittitas.gov,City,City of Kittitas,Kittitas,WA
laceywa.gov,City,City of Lacey,Lacey,WA
cityoflfp.gov,City,City of Lake Forest Park,Lake Forest Park,WA
lakestevens.gov,City,City of Lake Stevens,Lake Stevens,WA
lakestevenswa.gov,City,City of Lake Stevens,Lake Stevens,WA
lakewoodwa.gov,City,City of Lakewood,Lakewood,WA
langleywa.gov,City,City of Langley,Langley,WA
libertylakewa.gov,City,City of Liberty Lake,Liberty Lake,WA
libertylakewapd.gov,City,City of Liberty Lake,Liberty Lake,WA
longbeachwa.gov,City,"City of Long Beach, Washington",Long Beach,WA
cowlitzpfd.gov,Special district,Cowlitz County Public Facilities District,Longview,WA
klickitatfiredistrict4.gov,County,KLICKITAT COUNTY FIRE PROTECTION DISTRICT #4,Lyle,WA
lynnwoodwa.gov,City,"City of Lynnwood, Washington",Lynnwood,WA
maplevalleywa.gov,City,"City of Maple Valley, Washington",Maple Valley,WA
marysvillewa.gov,City,City of Marysville,Marysville,WA
cityofmattawa-wa.gov,City,City of Mattawa,Mattawa,WA
medina-wa.gov,City,City of Medina,Medina,WA
mercerisland.gov,City,City of Mercer Island,Mercer Island,WA
mercerislandwa.gov,City,City of Mercer Island,Mercer Island,WA
metalinefalls.gov,City,Town of Metaline Falls,Metaline Falls,WA
millcreekwa.gov,City,City of Mill Creek,Mill Creek,WA
millwoodwa.gov,City,City of Millwood,Millwood,WA
miltonwa.gov,City,City of Milton,Milton,WA
monroewa.gov,City,City of Monroe,Monroe,WA
graysharbor.gov,County,Grays Harbor County,Montesano,WA
cascadevalleywdwa.gov,Special district,Cascade Valley Water District,Moses Lake,WA
moseslakewa.gov,City,City of Moses Lake,Moses Lake,WA
wsd6lewiscountywa.gov,Special district,Lewis County Water Sewer District 6,Mossyrock,WA
mountvernonwa.gov,City,City of Mount Vernon,Mount Vernon,WA
nwcleanairwa.gov,County,Northwest Clean Air Agency,Mount Vernon,WA
scideuwa.gov,County,Skagit Co Interlocal Drug Enforcement Unit (SCIDEU),Mount Vernon,WA
skagitcountywa.gov,County,Skagit County Government,Mount Vernon,WA
mltwa.gov,City,City of Mountlake Terrace,Mountlake Terrace,WA
mukilteowa.gov,City,City of Mukilteo,Mukilteo,WA
newcastlewa.gov,City,City of Newcastle,Newcastle,WA
normandyparkwa.gov,City,City of Normandy Park,Normandy Park,WA
northbendwa.gov,City,City of North Bend,North Bend,WA
oakharbor.gov,City,City of Oak Harbor,Oak Harbor,WA
okanogancounty.gov,County,Okanogan County,Okanogan,WA
olympiawa.gov,City,City of Olympia,Olympia,WA
thurstonauditor.gov,County,"Thurston County, WA",Olympia,WA
thurstoncountywa.gov,County,"Thurston County, WA",Olympia,WA
omakwa.gov,City,City of Omak,Omak,WA
orovillewa.gov,City,City of Oroville,Oroville,WA
othellowa.gov,City,City of Othello,Othello,WA
cityofpacificwa.gov,City,City of Pacific,Pacific,WA
pacificwa.gov,City,City of Pacific,Pacific,WA
palousewa.gov,City,City of Palouse,Palouse,WA
franklincountywa.gov,County,Franklin County Washington,Pasco,WA
pasco-wa.gov,City,City of Pasco,Pasco,WA
garfieldcopublichealthwa.gov,County,Garfield County Public Health,Pomeroy,WA
garfieldcountywa.gov,County,Garfield County,Pomeroy,WA
clallamcountywa.gov,County,Clallam County,Port Angeles,WA
jeffcom911wa.gov,Special district,Jeffcom 911 Communications,PORT HADLOCK,WA
kitsap.gov,County,Kitsap County,Port Orchard,WA
kitsapvotes.gov,County,Kitsap County,Port Orchard,WA
portorchardwa.gov,City,City of Port Orchard,Port Orchard,WA
jeffcowa.gov,County,Jefferson County,Port Townsend,WA
poulsbo.gov,City,City of Poulsbo,Poulsbo,WA
prescottwa.gov,City,City of Prescott,Prescott,WA
bentoncountywa.gov,County,"Benton County, WA",Prosser,WA
prosserwa.gov,City,City of Prosser,Prosser,WA
pullman-wa.gov,City,City of Pullman,Pullman,WA
puyallupwa.gov,City,City of Puyallup,Puyallup,WA
reardanwa.gov,City,Town of Reardan,Reardan,WA
cityofredmond.gov,City,City of Redmond,Redmond,WA
redmond.gov,City,City of Redmond,Redmond,WA
rentonwa.gov,City,City of Renton,Renton,WA
richlandwa.gov,City,City of Richland,Richland,WA
rockislandwa.gov,City,City of Rock Island,Rock Island,WA
rustonwa.gov,City,City of Ruston,Ruston,WA
sammamishwa.gov,City,City of Sammamish,Sammamish,WA
seatacwa.gov,City,City of SeaTac,SeaTac,WA
kingcountyhazwastewa.gov,County,King County,seattle,WA
pscleanair.gov,Special district,Puget Sound Clean Air Agency,Seattle,WA
seattle.gov,City,City of Seattle,Seattle,WA
sedro-woolley.gov,City,City of Sedro-Woolley,Sedro-Woolley,WA
selahwa.gov,City,City of Selah,Selah,WA
sequimwa.gov,City,City of Sequim,SEQUIM,WA
masoncountywa.gov,County,Mason County,Shelton,WA
sheltonwa.gov,City,"City of Shelton, Washington",Shelton,WA
shoreline-wa.gov,City,City of Shoreline,Shoreline,WA
shorelinewa.gov,City,City of Shoreline,Shoreline,WA
skykomishwa.gov,City,Town of Skykomish,Skykomish,WA
snohomishwa.gov,City,City of Snohomish,Snohomish,WA
cityofsnoqualmiewa.gov,City,City of Snoqualmie,Snoqualmie,WA
snoqualmiewa.gov,City,City of Snoqualmie,Snoqualmie,WA
soaplakewa.gov,City,City of Soap Lake,Soap Lake,WA
pacificcountysheriff.gov,County,Pacific County Sheriff's Office,South Bend,WA
southbend-wa.gov,City,City of South Bend WA,South Bend,WA
spokane.gov,City,City of Spokane,Spokane,WA
spokanecounty.gov,County,Spokane County,Spokane,WA
spokanesheriff.gov,County,Spokane County Sheriff's Office,Spokane,WA
spokanevalleywa.gov,City,City of Spokane Valley,Spokane Valley,WA
skamaniacounty.gov,County,Skamania County,Stevenson,WA
stevensonwa.gov,City,City of Stevenson,Stevenson,WA
sultanwa.gov,City,City of Sultan,Sultan,WA
whatcomfire14.gov,Special district,Whatcom County Fire District 14,Sumas,WA
sumnerwa.gov,City,City of Sumner,Sumner,WA
sunnyside-wa.gov,City,City Of Sunnyside,Sunnyside,WA
parkstacoma.gov,Special district,Metropolitan Park District of Tacoma,Tacoma,WA
piercecountywa.gov,County,Pierce County,Tacoma,WA
tacoma.gov,City,City of Tacoma,Tacoma,WA
tacomahousing.gov,Special district,Tacoma Housing Authority,Tacoma,WA
cityoftieton.gov,City,City of Tieton,Tieton,WA
tonasketwa.gov,City,City of Tonasket,Tonasket,WA
toppenish.gov,City,City of Toppenish,Toppenish,WA
klickitatfiredistrict1.gov,Special district,Klickitat County Fire District #1,Trout Lake,WA
tukwilawa.gov,City,City of Tukwila,Tukwila,WA
tumwaterwa.gov,City,City of Tumwater,Tumwater,WA
uniongapwa.gov,City,City of Union Gap,Union Gap,WA
yakimahealth.gov,County,Yakima Health District,Union Gap,WA
swcleanair.gov,Special district,Southwest Clean Air Agency,Vancouver,WA
vancouver.gov,City,City of Vancouver,Vancouver,WA
wallawallawa.gov,City,City of Walla Walla,Walla Walla,WA
wwcowa.gov,County,Walla Walla County,Walla Walla,WA
wapatopdwa.gov,City,Wapato Police Department,Wapato,WA
douglascountywa.gov,County,Douglas County,Waterville,WA
chelancountywa.gov,County,Chelan County Courthouse,Wenatchee,WA
wenatcheewa.gov,City,City of Wenatchee,Wenatchee,WA
wsd246.gov,School district,Wenatchee School District,Wenatchee,WA
westportwa.gov,City,City of Westport,Westport,WA
whitesalmonwa.gov,City,City of White Salmon,White Salmon,WA
wilburwa.gov,City,Town of Wilbur,Wilbur,WA
townofwilkeson.gov,City,Town of Wilkeson,Wilkeson,WA
woodinville.gov,City,City of Woodinville,"WOODINVILLE, WA",WA
yakimacounty.gov,County,Yakima County,Yakima,WA
yakimawa.gov,City,City of Yakima,Yakima,WA
yarrowpointwa.gov,City,Town of Yarrow Point,Yarrow Point,WA
yelmwa.gov,City,City of Yelm,Yelm,WA
cityofabbotsfordwi.gov,City,City of Abbotsford,Abbotsford,WI
dairylandrailwi.gov,Special district,Dairyland Rail Commission,Abbotsford,WI
cityofadams-wi.gov,City,City of Adams,Adams,WI
townofeastonwi.gov,City,Town of Easton,Adams,WI
shermanshebcowi.gov,City,Town of Sherman,Adell,WI
townofscottsheboyganwi.gov,City,TOWN OF SCOTT,Adell,WI
townofrockwi.gov,City,Town of Rock,Afton,WI
villageofalbanywi.gov,City,Village of Albany,Albany,WI
addisonwi.gov,City,Town of Addison,Allenton,WI
buffalocountywi.gov,County,Buffalo County,Alma,WI
almacenterwi.gov,City,Village of Alma Center,Alma Center,WI
townofgardenvalleywi.gov,City,Town of Garden Valley,Alma Center,WI
villageofalmondwi.gov,City,Village of Almond,Almond,WI
altoona-wi.gov,City,City Of Altoona Emergency Services,Altoona,WI
altoonawi.gov,City,"City of Altoona, Wisconsin",Altoona,WI
amerywi.gov,City,City of Amery,Amery,WI
townofharrisonmcwi.gov,City,Town of Harrison,ANIWA,WI
appletonwi.gov,City,City of Appleton,Appleton,WI
centerwi.gov,City,Town of Center,Appleton,WI
outagamie.gov,County,Outagamie County Wisconsin,Appleton,WI
cityofarcadiawi.gov,City,City of Arcadia,Arcadia,WI
villageofarenawi.gov,City,Village of Arena,Arena,WI
argonnewi.gov,City,Town Of Argonne,argonne,WI
argylewi.gov,City,Village of Argyle WI,Argyle,WI
townofadamsgreencountywi.gov,City,Town of Adams,Argyle,WI
arpinvillagewi.gov,City,Village of Arpin,Arpin,WI
townarpin.gov,City,Town of Arpin,Arpin,WI
ashlandcountywi.gov,County,Ashland County,Ashland,WI
townofkeystonewi.gov,City,Town of Keystone,Ashland,WI
townofpilsenwi.gov,City,Town of Pilsen,Ashland,WI
ashwaubenon.gov,City,Village of Ashwaubenon,Ashwaubenon,WI
athelstanewiclerk.gov,City,Town of Athelstane,Athelstane,WI
townberlinmcwi.gov,City,Town of Berlin - Marathon County,ATHENS,WI
townofhalseywi.gov,City,Town of Halsey,Athens,WI
townofhamburgmcwi.gov,City,Town of Hamburg,Athens,WI
townofjohnsonwi.gov,City,Town of Johnson,Athens,WI
johnstownrockcowi.gov,City,Town Of Johnstown,Avalon,WI
clydewi.gov,City,Town of Clyde,Avoca,WI
townofpulaskiwi.gov,City,Town of Pulaski,Avoca,WI
villageofavocawi.gov,City,Village of Avoca,Avoca,WI
baileysharborwi.gov,City,Town of Baileys Harbor,BAILEYS HARBOR,WI
rushriverwi.gov,City,Town of Rush River,Baldwin,WI
townofeaugallewi.gov,City,"Town of Eau Galle St. Croix County, WI",Baldwin,WI
balsamlakecenturiapd.gov,City,Balsam Lake/Centuria Police Department,Balsam Lake,WI
polkcountywi.gov,County,Polk County,Balsam Lake,WI
townofbalsamlakewi.gov,City,Town of Balsam Lake,Balsam Lake,WI
villageofbalsamlake.gov,City,Village of Balsam Lake,Balsam Lake,WI
baraboowi.gov,City,City of Baraboo,Baraboo,WI
saukcountywi.gov,County,Sauk County MIS,Baraboo,WI
townoffairfieldwi.gov,City,TOWN OF FAIRFIELD,BARABOO,WI
townofbarneswi.gov,City,Town of Barnes,Barnes,WI
barneveldwi.gov,City,Village of Barneveld,Barneveld,WI
barroncountywi.gov,County,Barron County,Barron,WI
baycitywi.gov,City,"Village of Bay City, Wisconsin",Bay City,WI
townofbayfieldwi.gov,City,Town of Bayfield,Bayfield,WI
townofrussellwi.gov,City,Town of Russell,Bayfield,WI
baysidewi.gov,City,Village of Bayside,Bayside,WI
townofbeaverdam.gov,City,"Town of Beaver Dam, WI",Beaver Dam,WI
townofwestfordwi.gov,City,Town of Westford,Beaver Dam,WI
belgiumwi.gov,City,Village of Belgium,Belgium,WI
townofbelgiumwi.gov,City,Town of Belgium,Belgium,WI
bellevillewi.gov,City,Village of Belleville,Belleville,WI
townofexeter-wi.gov,City,Town of Exeter,Belleville,WI
villageofbellevuewi.gov,City,Village of Bellevue,Bellevue,WI
beloitwi.gov,City,City of Beloit,Beloit,WI
newarkwi.gov,City,Town of Newark,Beloit,WI
townofbeloitwi.gov,City,Town of Beloit,Beloit,WI
townofturtlewi.gov,City,Town of Turtle,Beloit,WI
bentonwi.gov,City,Village of Benton,Benton,WI
townofblackcreekwi.gov,City,Town of Black Creek,Black Creek,WI
townofvermontwi.gov,City,Town of Vermont,Black Earth,WI
blackriverfallswi.gov,City,City of Black River Falls,Black RIver Falls,WI
jacksoncountywi.gov,County,Jackson County,Black River Falls,WI
manchesterwi.gov,City,Town of Manchester,Black River Falls,WI
millstonwi.gov,City,Town of Millston,Black River Falls,WI
townofadamsjacksoncowi.gov,City,Town of Adams,Black River Falls,WI
cityofblairwi.gov,City,City of Blair,Blair,WI
blanchardvillewi.gov,City,Village of Blanchardville,Blanchardville,WI
townofakan.gov,City,Town of Akan,Blue River,WI
boyceville.gov,City,Village of Boyceville,Boyceville,WI
boycevillepolice.gov,City,Boyceville Police Department,Boyceville,WI
hayrivertownship.gov,City,TOWN OF HAY RIVER,BOYCEVILLE,WI
townofnewhavendunnwi.gov,City,Town of New Haven,BOYCEVILLE,WI
boydwi.gov,City,Village of Boyd,BOYD,WI
brillionwi.gov,City,City of Brillion,Brillion,WI
brodheadfdwi.gov,Special district,Brodhead Fire District,Brodhead,WI
cityofbrodheadwi.gov,City,City of Brodhead,Brodhead,WI
magnoliawi.gov,City,Town of Magnolia,Brodhead,WI
townofavonwi.gov,City,Town of Avon,Brodhead,WI
townofdecaturwi.gov,City,Town of Decatur,Brodhead,WI
townofspringvalleywi.gov,City,Town of Spring Valley,Brodhead,WI
brookfield-wi.gov,City,City of Brookfield,Brookfield,WI
townofbrookfieldwi.gov,City,Town of Brookfield,Brookfield,WI
brooklynwi.gov,City,Village of Brooklyn,Brooklyn,WI
townofbrooklynwi.gov,City,Town of Brooklyn,Brooklyn,WI
townofrutlandwi.gov,City,Town of Rutland,Brooklyn,WI
browndeerwi.gov,City,Village of Brown Deer,Brown Deer,WI
brownsvillewi.gov,City,Village of Brownsville,Brownsville,WI
townofcadizwi.gov,City,Town of Cadiz,Browntown,WI
brulewi.gov,City,Town of Brule,Brule,WI
townofuniondoorwi.gov,City,Town of Union,Brussels,WI
burlington-wi.gov,City,City of Burlington,Burlington,WI
townofburlingtonwi.gov,City,Town of Burlington,Burlington,WI
townofrandall.gov,City,Town of Randall,Burlington,WI
townofspringprairiewi.gov,City,Town of Spring Prairie,Burlington,WI
butlerwi.gov,City,Village of Butler,Butler,WI
buttedesmortssd1wi.gov,Special district,BUTTEDESMORTSSD1WI.GOV,Butte des Morts,WI
townofnamakagon.gov,City,Town of Namakagon,Cable,WI
villageofcadott.gov,City,Village of Cadott,Cadott,WI
cambridgewi.gov,City,Village of Cambridge,Cambridge,WI
rockdalewi.gov,City,Village of Rockdale,Cambridge,WI
cameronwi.gov,City,Village of Cameron,Cameron,WI
townofstanley-wi.gov,City,Town of Stanley,Cameron,WI
waynewashcowi.gov,City,Town of Wayne,Campbellsport,WI
townofgrantshawanowi.gov,City,Town of Grant,Caroline,WI
villageofcascadewi.gov,City,Village of Cascade,Cascade,WI
villageofcascowi.gov,City,Village of Casco,Casco,WI
townofcassianwi.gov,City,Town Of Cassian,Cassian,WI
cassvilletwpwi.gov,City,Township of Cassville,Cassville,WI
cassvillevlgwi.gov,City,Village of Cassville,Cassville,WI
westfordwi.gov,City,Town of Westford-Richland County,Cazenovia,WI
hollandwi.gov,City,Town of Holland,Cedar Grove,WI
clwuc.gov,Special district,City of Cedarburg Light Water Commission,Cedarburg,WI
townofcedarburgwi.gov,City,Town of Cedarburg,Cedarburg,WI
villageofcenturia.gov,City,Village of Centuria,Centuria,WI
cityofchetek-wi.gov,City,city of chetek,Chetek,WI
calumetcounty.gov,County,Calumet County,Chilton,WI
chiltonwi.gov,City,City of Chilton,Chilton,WI
townofbrothertownwi.gov,City,Town of Brothertown,Chilton,WI
townofchiltonwi.gov,City,Town of Chilton,Chilton,WI
townofstockbridge.gov,City,Town of Stockbridge,Chilton,WI
chippewacountywi.gov,County,Chippewa County,Chippewa Falls,WI
chippewafalls-wi.gov,City,City of Chippewa Falls,Chippewa Falls,WI
lafayettechippewawi.gov,City,Town of Lafayette,Chippewa Falls,WI
townoftilden.gov,City,Town of Tilden,Chippewa Falls,WI
fortatkinsonwi.gov,City,City of Fort Atkinson,City of Fort Atkinson,WI
townofclearlakewi.gov,City,Town of Clear Lake,Clayton,WI
villageofclaytonwi.gov,City,Village of Clayton,Clayton,WI
blackbrookwi.gov,City,Town of Black Brook,Clear Lake,WI
clearlake-wi.gov,City,Village of Clear Lake,Clear Lake,WI
clevelandwi.gov,City,Village of Cleveland WI,Cleveland,WI
clintonvillewi.gov,City,City of Clintonville,Clintonville,WI
townofclymanwi.gov,City,Town Of Clyman,Clyman,WI
villageofclymanwi.gov,City,Village of Clyman,Clyman,WI
villageofcobb.gov,City,Village of Cobb,Cobb,WI
townofpoundwi.gov,City,Town of Pound,Coleman,WI
villageofcolemanwi.gov,City,Village of Coleman,Coleman,WI
howardchippewawi.gov,City,Town of Howard,Colfax,WI
townofgrantdunnwi.gov,City,Town of Grant,"Colfax,  WI",WI
townofrocklandmanitowoccountywi.gov,City,Town of Rockland Manitowoc County,Collins,WI
richfieldadamscowi.gov,City,Town of Richfield,Coloma,WI
townofrichfordwi.gov,City,Town of Richford,Coloma,WI
columbuswi.gov,City,City of Columbus,Columbus,WI
townofconoverwi.gov,City,Town of Conover,Conover,WI
willardwi.gov,City,Town of Willard,Conrath,WI
bellwi.gov,City,Town of Bell,Cornucopia,WI
villageofcottagegrove.gov,City,Village of Cottage Grove,Cottage Grove,WI
cityofcrandonwi.gov,City,City of Crandon,Crandon,WI
forestcountywi.gov,County,Forest County Courthouse,Crandon,WI
townofcrandonwi.gov,City,Town Of Crandon,Crandon,WI
townoflincolnforestwi.gov,City,Town of Lincoln,Crandon,WI
crivitz.gov,City,Village of Crivitz,Crivitz,WI
townofbeavermarinettewi.gov,City,Town of Beaver,Crivitz,WI
cudahy-wi.gov,City,City of Cudahy,Cudahy,WI
townofkingstongreenlakecountywi.gov,City,Town of Kingston,Dalton,WI
townofdane.gov,City,Town of Dane,Dane,WI
villageofdane.gov,City,Village of Dane,Dane,WI
darientownwi.gov,City,Town of Darien,Darien,WI
darienvillagewi.gov,City,Village of Darien,Darien,WI
darlingtonwi.gov,City,City fo Darlington,Darlington,WI
deperewi.gov,City,City of De Pere,De Pere,WI
glenmorewisconsin.gov,City,Town of Glenmore,De Pere,WI
lawrencewi.gov,City,Town of Lawrence,De Pere,WI
rocklandbrownwi.gov,City,Town of Rockland,De Pere,WI
townofnevawi.gov,City,Town of Neva,Deerbrook,WI
deforestwi.gov,City,Village of DeForest,DeForest,WI
viennawi.gov,City,Town of Vienna,DeForest,WI
windsorwi.gov,City,Village of Windsor,DeForest,WI
cityofdelafieldwi.gov,City,City of Delafield,Delafield,WI
delafieldpolice.gov,City,City of Delafield Police,Delafield,WI
eatonbrowncountywi.gov,City,Town of Eaton,Denmark,WI
townofnewdenmarkwi.gov,City,Town of New Denmark,Denmark,WI
dodgevillewi.gov,City,City of Dodgeville,Dodgeville,WI
villageofdousman.gov,City,Village of Dousman,Dousman,WI
townofdunbarwi.gov,City,Town of Dunbar,Dunbar,WI
durandwi.gov,City,City of Durand,Durand,WI
alicebakerlibrarywi.gov,City,Alice Baker Memorial Public Library,Eagle,WI
eagle-wi.gov,City,Village of Eagle,Eagle,WI
townofeaglewi.gov,City,Town of Eagle,Eagle,WI
eagleriverwi.gov,City,"EAGLE RIVER, CITY OF",Eagle River,WI
vilascountywi.gov,County,Vilas County Wisconsin,Eagle River,WI
easttroywi.gov,City,Village of East Troy,East Troy,WI
townofeasttroywi.gov,City,Town of East Troy,East Troy,WI
troywalworthwi.gov,City,Town of Troy,East Troy,WI
eauclairecounty.gov,County,Eau Claire County,Eau Claire,WI
eauclairewi.gov,City,City of Eau Claire,Eau Claire,WI
townofbrunswickwi.gov,City,Town of Brunswick,EAu Claire,WI
townofedenwi.gov,City,Town of Eden,Eden,WI
edgarwi.gov,City,Village of Edgar,Edgar,WI
lakesidefirerescuewi.gov,Special district,Edgerton Fire Protection District,Edgerton,WI
sumner-jc-wi.gov,City,Town of Sumner,Edgerton,WI
villageofeggharbor.gov,City,Village of Egg Harbor,Egg Harbor,WI
postlakeswi.gov,Special district,Post Lakes Protection and Rehabilitation District,Elcho,WI
pleasantvalleywi.gov,City,Town of Pleasant Valley,Eleva,WI
townofdrammen-wi.gov,City,Town of Drammen,Eleva,WI
elkhartlakewi.gov,City,Village of Elkhart Lake,Elkhart Lake,WI
lafayettewcwi.gov,City,Town of Lafayette,Elkhorn,WI
walcowi.gov,County,Walworth County,Elkhorn,WI
walworthcountywi.gov,County,Walworth County,Elkhorn,WI
elmwoodparkwi.gov,City,Village of Elmwood Park,Elmwood Park,WI
evergreenlangladewi.gov,City,"Town of Evergreen, Langlade County, WI  USA",Elton,WI
moundvillewi.gov,City,Town of Moundville,Endeavor,WI
evansvillewi.gov,City,City of Evansville,Evansville,WI
townofcenterclerkrcwi.gov,City,Town of Center,Evansville,WI
villageofexeland.gov,City,Village of Exeland,Exeland,WI
fallcreekwi.gov,City,Village of Fall Creek,Fall Creek,WI
gibraltarwi.gov,City,Town of Gibraltar,Fish Creek,WI
fitchburgwi.gov,City,City of Fitchburg,Fitchburg,WI
florencecountywi.gov,County,Florence County,Florence,WI
florencesheriffwi.gov,County,Florence County Sheriff's Office,Florence,WI
florenceutilitieswi.gov,City,Florence Utilities,Florence,WI
florencewi.gov,City,Town of Florence,Florence,WI
townofbyronwi.gov,City,Town of Byron,Fond du Lac,WI
townoffonddulacwi.gov,City,Town of Fond du Lac,Fond du Lac,WI
townoftaycheedahwi.gov,City,TOWN OF TAYCHEEDAH,FOND DU LAC,WI
footvillewi.gov,City,Village of Footville,Footville,WI
townofbrillionwi.gov,City,Town of Brillion,Forest Junction,WI
villageofforestvillewi.gov,City,Village of Forestville,Forestville,WI
hebronwi.gov,City,Town of Hebron,Fort Atkinson,WI
koshkonongwi.gov,City,Town of Koshkonong,Fort Atkinson,WI
fountaincitywi.gov,City,CITY OF FOUNTAIN CITY,FOUNTAIN CITY,WI
townofmiltonwi.gov,City,Town of Milton,Fountain City,WI
foxpointwi.gov,City,Village of Fox Point,Fox Point,WI
franklinwi.gov,City,City of Franklin,Franklin,WI
fredericwi.gov,City,Village of Frederic,Frederic,WI
townofbonelakewi.gov,City,Town of Bone Lake,Frederic,WI
fredoniawi.gov,City,Village of Fredonia,Fredonia,WI
townfremontwi.gov,City,Town of Fremont,Fremont,WI
villageoffremontwi.gov,City,Village of Fremont,Fremont,WI
friendshipwi.gov,City,Village of Friendship,Friendship,WI
prestonadamscountywi.gov,City,"Town of Preston, Adams County, Wisconsin",Friendship,WI
quincywi.gov,City,Town of Quincy,Friendship,WI
townofadamswi.gov,City,Town of Adams,Friendship,WI
cityofgalesvillewi.gov,City,City of Galesville,Galesville,WI
townofgalewi.gov,City,Town of Gale,Galesville,WI
gaysmills.gov,City,Village of Gays Mills,Gays Mills,WI
townofscottcrawfordwi.gov,City,Town of Scott,"Gays Mills, WI",WI
germantownpolicewi.gov,City,Village of Germantown,Germantown,WI
germantownwi.gov,City,Village of Germantown,Germantown,WI
gilmanwi.gov,City,Village of Gilman WI,Gilman,WI
glenbeulahwi.gov,City,Village of Glenbeulah,Glenbeulah,WI
glendale-wi.gov,City,"City of Glendale, Wisconsin",Glendale,WI
glendalewi.gov,City,"City of Glendale, Wisconsin",Glendale,WI
northshorehdwi.gov,Special district,North Shore Health Department,Glendale,WI
goodmanwi.gov,City,Town of Goodman,Goodman,WI
gordonwi-douglas.gov,City,Town of Gordon,Gordon,WI
buenavistarcwi.gov,City,Town of Buena Vista,Gotham,WI
ozcentralfirewi.gov,Special district,Central Ozaukee Fire Department,Grafton,WI
townofgraftonwi.gov,City,Town of Grafton,Grafton,WI
grandchutewi.gov,City,Town of Grand Chute,Grand Chute,WI
newchester.gov,City,TOWN OF NEW CHESTER,GRAND MARSH,WI
villageofgrantsburg.gov,City,Village of Grantsburg,Grantsburg,WI
browncountywi.gov,County,Brown County Information Services,Green Bay,WI
greenbaywi.gov,City,City of Green Bay,Green Bay,WI
villageofallouezwi.gov,City,Village of Allouez,Green Bay,WI
greenlakecountywi.gov,County,Green Lake County,Green Lake,WI
greenfieldwi.gov,City,City of Greenfield,Greenfield,WI
diamondbluffwi.gov,City,Town of Diamond Bluff,Hager City,WI
halescornerswi.gov,City,Village of Hales Corners,Hales Corners,WI
hammondwi.gov,City,Village of Hammond,Hammond,WI
colburnadamswi.gov,City,Town of Colburn,Hancock,WI
hartfordtownpolicewi.gov,City,Town of Hartford Police Department,Hartford,WI
townofhartfordwi.gov,City,Town of Hartford,Hartford,WI
chenequawi.gov,City,Village of Chenequa,Hartland,WI
townofmertonwi.gov,City,Town of Merton,Hartland,WI
basslakewi.gov,City,Town of Bass Lake,Hayward,WI
cityofhaywardwi.gov,City,City of Hayward,Hayward,WI
sawyercounty.gov,County,Sawyer County,HAYWARD,WI
townofhaywardwi.gov,City,Town of Hayward,Hayward,WI
townoflenrootwi.gov,City,Town of Lenroot,Hayward,WI
townofspiderlakewi.gov,City,"Town of Spider Lake, Wisconsin",Hayward,WI
townofhazelhurst.gov,City,Town of Hazelhurst,Hazelhurst,WI
cloverwi.gov,City,Town of Clover,Herbster,WI
hilbertwi.gov,City,Village of Hilbert,Hilbert,WI
townofwoodvillewi.gov,City,Town of Woodville,Hilbert,WI
townofbloomwi.gov,City,Town of Bloom,Hillsboro,WI
townofforestvernonwi.gov,City,TOWN OF FOREST,HILLSBORO,WI
villageofhixton.gov,City,Village of Hixton,Hixton,WI
hlpdwi.gov,City,Hobart-Lawrence Police Department,Hobart,WI
hobartwi.gov,City,Village of Hobart,Hobart,WI
holmenwi.gov,City,Village of Holmen,Holmen,WI
townofhollandwi.gov,City,Town of Holland,Holmen,WI
horiconwi.gov,City,City of Horicon,Horicon,WI
howardsgrovewi.gov,City,Village of Howards Grove,Howards Grove,WI
richfieldwi.gov,City,Village of Richfield,Hubertus,WI
hudsonwi.gov,City,City of Hudson,Hudson,WI
northhudsonwi.gov,City,Village of North Hudson,Hudson,WI
sccwi.gov,County,St. Croix County Wisconsin,Hudson,WI
townofmentorwi.gov,City,Town of Mentor,Humbird,WI
kimballwi.gov,City,Town of Kimball,Hurley,WI
montanawi.gov,City,Town of Montana,Independence,WI
townofbirch-lincoln-wi.gov,City,Town of Birch Lincoln County,Irma,WI
ironridgewi.gov,City,Village of Iron Ridge,Iron Ridge,WI
townofherman-wi.gov,City,"Town of Herman, Dodge County",Iron Ridge,WI
jacksonfdwi.gov,City,Jackson Fire Department,Jackson,WI
jacksonpdwi.gov,City,Village of Jackson Police Department,Jackson,WI
townofjacksonwi.gov,City,Town of Jackson,Jackson,WI
villageofjacksonwi.gov,City,Village of Jackson,Jackson,WI
janesvillewi.gov,City,City of Janesville,Janesville,WI
laprairiewi.gov,City,Town of LaPrairie,Janesville,WI
rockcountywi.gov,County,County of Rock,Janesville,WI
townofjanesvillewi.gov,City,Town of Janesville,Janesville,WI
jeffersoncountywi.gov,County,Jefferson County,Jefferson,WI
junctioncitywisconsin.gov,City,Village of Junction City,Junction City,WI
cityofjuneauwi.gov,City,City Of Juneau,Juneau,WI
hollandbrowncountywi.gov,City,"Town of Holland, Brown County",Kaukauna,WI
kaukauna.gov,City,City of Kaukauna,Kaukauna,WI
vandenbroekwi.gov,City,Town of Vandenbroek,Kaukauna,WI
kellnersvillewi.gov,City,Village of Kellnersville,Kellnersville,WI
townofwellingtonwi.gov,City,Township of Wellington,Kendall,WI
kenoshacountywi.gov,County,Kenosha County,Kenosha,WI
kenoshapolice.gov,City,Kenosha Police Department,Kenosha,WI
somerswi.gov,City,Village of Somers,Kenosha,WI
townofbartonwi.gov,City,Town of Barton,Kewaskum,WI
townofkewaskumwi.gov,City,Town of Kewaskum,Kewaskum,WI
cityofkewauneewi.gov,City,City of Kewaunee,Kewaunee,WI
franklinkewauneecowi.gov,City,Town of Franklin,KEWAUNEE,WI
kewauneeco.gov,County,Kewaunee County,Kewaunee,WI
kielwi.gov,City,City of Kiel,Kiel,WI
vokimberlywi.gov,City,Village of Kimberly,Kimberly,WI
kohlervillagewi.gov,City,Village of Kohler,Kohler,WI
kronenwetter.gov,City,Village of Kronenwetter,Kronenwetter,WI
greenfieldlaxwi.gov,City,Town of Greenfield,La Crosse,WI
lacrossewi.gov,City,City of La Crosse,La Crosse,WI
townofcampbellwi.gov,City,Town of Campbell,La Crosse,WI
townoflapointewi.gov,City,Town of La Pointe,La Pointe,WI
villageoflavallewi.gov,City,Village of LaValle,La Valle,WI
flambeaurcwi.gov,City,Town of Flambeau,Ladysmith,WI
ruskcountywi.gov,County,Rusk County,Ladysmith,WI
lakedeltonwi.gov,City,VILLAGE OF LAKE DELTON,LAKE DELTON,WI
cityoflakegeneva.gov,City,City of Lake Geneva,Lake Geneva,WI
cityoflakemillswi.gov,City,City of Lake Mills,Lake Mills,WI
landolakeswi.gov,City,Town of Land O' Lakes,Land O' Lakes,WI
laonawatersewerwi.gov,City,Town of Laona,Laona,WI
laonawi.gov,City,Town Of Laona,Laona,WI
townofwinchesterwi.gov,City,Town of Winchester,Larsen,WI
claytonwinnebagowi.gov,City,Town of Clayton,Larson,WI
lebanondodgewi.gov,City,Town of Lebanon,Lebanon,WI
townoflindenwi.gov,City,Town of Linden Wisconsin,Linden,WI
villageoflindenwi.gov,City,Village of Linden,Linden,WI
lisbonwi.gov,City,Village of Lisbon,Lisbon,WI
cityoflodiwi.gov,City,City of Lodi,Lodi,WI
lodiemswi.gov,Special district,Lodi Area EMS,Lodi,WI
townofwestfieldsaukwi.gov,City,Town of Westfield,Loganville,WI
townofleroywi.gov,City,Town of Leroy,Lomira,WI
townoflomira.gov,City,Town of Lomira,Lomira,WI
villageoflomira.gov,City,Village of Lomira,Lomira,WI
villageoflonerock-wi.gov,City,Village of Lone Rock,Lone Rock,WI
poppleriverwi.gov,City,Town Of Popple River,Long Lake,WI
townofdraperwi.gov,City,Town of Draper,Loretta,WI
loyaltown-wi.gov,City,Town of Loyal,Loyal,WI
townofbeaver-clark-wi.gov,City,Town of Beaver,Loyal,WI
luckwi.gov,City,Village of Luck,Luck,WI
townofluckwi.gov,City,Town of Luck,Luck,WI
dyckesvillesanitarydistrictwi.gov,Special district,Dyckesville Sanitary District,LUXEMBURG,WI
townofredriverwis.gov,City,Town of Red River,Luxemburg,WI
villageofluxemburgwi.gov,City,Village of Luxemburg,Luxemburg,WI
dellonawi.gov,City,Town of Dellona,Lyndon Station,WI
townoflyndonwi.gov,City,TOWN OF LYNDON,LYNDON STATION,WI
villageoflyndonstation.gov,City,Village of Lyndon Station,Lyndon Station,WI
lyonswisd2.gov,Special district,Town Sanitary District No.2 of the Town of Lyons,Lyons,WI
danecounty.gov,County,Dane County Local Government,Madison,WI
foresttownrcwi.gov,City,Town of Forest,MADISON,WI
henryvilaszoo.gov,County,Dane County,Madison,WI
madison.gov,City,City of Madison,Madison,WI
shorewoodhillswi.gov,City,Village of Shorewood Hills,Madison,WI
townofstarprairiewi.gov,City,Town of Star Prairie,Madison,WI
manawawi.gov,City,City of Manawa,Manawa,WI
townoflittlewolfwi.gov,City,Town of Little Wolf,Manawa,WI
mwtown.gov,City,Town of Manitowish Waters,Manitowish Waters,WI
manitowoccountywi.gov,County,Manitowoc County,Manitowoc,WI
manitowocwi.gov,City,City of Manitowoc,Manitowoc,WI
marathoncitywi.gov,City,Village of Marathon City,Marathon,WI
townofcasselwi.gov,City,Town of Cassel,Marathon,WI
townofmarathonwi.gov,City,Township of Marathon,Marathon,WI
townofcooperstownwi.gov,City,Town of Cooperstown,Maribel,WI
marinettecountywi.gov,County,County of Marinette,Marinette,WI
marinettewi.gov,City,City of Marinette,Marinette,WI
cityofmarionwi.gov,City,CITY OF MARION,MARION,WI
markesanwi.gov,City,City of Markesan,Markesan,WI
townofmackfordwi.gov,City,Town of Mackford,Markesan,WI
villageofmarquette.gov,City,Village of Marquette,Marquette,WI
villageofmarshallwi.gov,City,Village of Marshall,Marshall,WI
mu-wi.gov,City,City of Marshfield - Marshfield Utilities,Marshfield,WI
townofmcmillan.gov,City,Town of McMillan,Marshfield,WI
townofspencerwi.gov,City,Town of Spencer,Marshfield,WI
juneaucountywi.gov,County,Juneau County,Mauston,WI
townoflemonweirwi.gov,City,Town of Lemonweir,Mauston,WI
kekoskee.gov,City,Village of Kekoskee,Mayville,WI
townofmazomaniewi.gov,City,Town of Mazomanie,Mazomanie,WI
villageofmazomaniewi.gov,City,Village of Mazomanie,Mazomanie,WI
townofdunnwi.gov,City,Town of Dunn,McFarland,WI
medfordwi.gov,City,City of Medford,Medford,WI
melrosewi.gov,City,Village of Melrose,Melrose,WI
menashawi.gov,City,City of Menasha,Menasha,WI
menomoneefalls.gov,City,Village of Menomonee Falls,Menomonee Falls,WI
dunncountywi.gov,County,Dunn County,Menomonie,WI
menomonie-wi.gov,City,City of Menomonie,Menomonie,WI
redcedar.gov,City,Town of Red Cedar,Menomonie,WI
townoflucas-wi.gov,City,Town of Lucas,Menomonie,WI
sofdwi.gov,Special district,Southern Ozaukee Fire Department,Mequon,WI
townofmercerwi.gov,City,Town of Mercer,Mercer,WI
townofscottlincolnwi.gov,City,Town of Scott,MERRILL,WI
komenskywi.gov,City,Town of Komensky,Merrillan,WI
merrillanwi.gov,City,Village of Merrillan,Merrillan,WI
townofdewhurstwi.gov,City,DEWHURST TN OF WBS,Merrillan,WI
merrimacwi.gov,City,Village of Merrimac,Merrimac,WI
villageofmerton.gov,City,Village of Merton,Merton,WI
townofmiddleinletwi.gov,City,TOWN OF MIDDLE INLET,Middle Inlet,WI
townofmilltownwi.gov,City,Town of Milltown,Milltown,WI
villageofmilltown.gov,City,Village of Milltown,Milltown,WI
milton-wi.gov,City,"City of Milton, Wisconsin",Milton,WI
townofmiltonrcwi.gov,City,Town of Milton,Milton,WI
milwaukee.gov,City,City of Milwaukee,Milwaukee,WI
milwaukeecountywi.gov,County,County of Milwaukee,Milwaukee,WI
farmingtonlaxwi.gov,City,Town of Farmington,Mindoro,WI
cityofmineralpointwi.gov,City,City of Mineral Point,Mineral Point,WI
minocquapd.gov,City,Minocqua Police Department,Minocqua,WI
townofminocqua.gov,City,Town of Minocqua,MINOCQUA,WI
villageofminongwi.gov,City,VILLAGE OF MINONG,MINONG,WI
townofgibsonwi.gov,City,Town of Gibson,Mishicot,WI
mondoviwi.gov,City,City of Mondovi,Mondovi,WI
cityofmonroewi.gov,City,City of Monroe,Monroe,WI
pdmonroewi.gov,City,Monroe Police Department,Monroe,WI
townofclarnowi.gov,City,Town of Clarno,Monroe,WI
townofjordanwi.gov,City,Town of Jordan,Monroe,WI
townofmonroewi.gov,City,Town of Monroe,Monroe,WI
townofsylvesterwi.gov,City,Town of Sylvester,Monroe,WI
marquettecountywi.gov,County,Marquette County,Montello,WI
townofmecanwi.gov,City,Township of Mecan,Montello,WI
townofshields-wi.gov,City,Town of Shields,Montello,WI
monticellowi.gov,City,Village of Monticello,Monticello,WI
townofmtpleasantwi.gov,City,Town of Mount Pleasant,Monticello,WI
montrealwi.gov,City,The City of Montreal,Montreal,WI
townofbergenwi.gov,City,Town of Bergen,Mosinee,WI
townofemmetwi.gov,City,Town of Emmet,Mosinee,WI
townofmosineewi.gov,City,Town of Mosinee,Mosinee,WI
perry-wi.gov,City,Town of Perry,Mount Horeb,WI
mtpleasantwi.gov,City,Village of Mount Pleasant,Mount Pleasant,WI
springdalewi.gov,City,Town of Springdale,Mt Horeb,WI
townofmarshfieldwi.gov,City,Town of Marshfield,Mt. Calvary,WI
villageofmukwonago.gov,City,Village of Mukwonago,Mukwonago,WI
orionwi.gov,City,"Town of Orion, WI",Muscoda,WI
muskegowi.gov,City,City of Muskego,Muskego,WI
nashotah-wi.gov,City,Village of Nashotah,Nashotah,WI
townofnecedahwi.gov,City,Town of Necedah,Necedah,WI
villageofnecedahwi.gov,City,Village of Necedah,Necedah,WI
foxcrossingwi.gov,City,Village of Fox Crossing,Neenah,WI
neenahwi.gov,City,CITY OF NEENAH,NEENAH,WI
clarkcountywi.gov,County,Clark County Wisconsin,Neillsville,WI
romewi.gov,City,Town of Rome,Nekoosa,WI
townofhustisford.gov,City,Town of Hustisford,Neosho,WI
neshkorowi.gov,City,Village of Neshkoro,Neshkoro,WI
newberlinwi.gov,City,City of New Berlin,New Berlin,WI
humboldt-wi.gov,City,Town of Humboldt,New Franken,WI
townofscottbrownwi.gov,City,Town of Scott,New Franken,WI
newglarusvillagewi.gov,City,Village of New Glarus,New Glarus,WI
townofnewglaruswi.gov,City,Town of New Glarus,New Glarus,WI
cityofnewholsteinwi.gov,City,City of New Holstein,New Holstein,WI
townofclearfieldwi.gov,City,Town of Clearfield,New Lisbon,WI
townofgermantownwi.gov,City,TOWN OF GERMANTOWN,NEW LISBON,WI
townoflisbonwi.gov,City,Town of Lisbon,New Lisbon,WI
mukwa.gov,City,Town of Mukwa,New London,WI
newlondonwi.gov,City,City of New London WI,New London,WI
townoflibertyocwi.gov,City,Town of Liberty,New London,WI
wheatlandkenoshaco.gov,City,Town of Wheatland,New Munster,WI
newrichmondwi.gov,City,City of New Richmond,New Richmond,WI
townofrichmondwi.gov,City,"Town of Richmond, St. Croix County WI",NEW RICHMOND,WI
newburgwi.gov,City,Village of Newburg,Newburg,WI
northprairiepdwi.gov,City,North Prairie Police Department,North Prairie,WI
northprairiewi.gov,City,Village Of North Prairie,North Prairie,WI
ridgevillewi.gov,City,Town of Ridgeville,Norwalk,WI
oakcreekwi.gov,City,City of Oak Creek,Oak Creek,WI
villageofoakdalewi.gov,City,Village of Oakdale,Oakdale,WI
townoflamartinewi.gov,City,Town of Lamartine,Oakfield,WI
villageofoakfieldwi.gov,City,Village of Oakfield,Oakfield,WI
oconlakewi.gov,City,Village of Oconomowoc Lake,Oconomowoc,WI
oconomowoc-wi.gov,City,City of Oconomowoc,Oconomowoc,WI
townoconomowoc-wi.gov,City,Town of Oconomowoc,Oconomowoc,WI
westernlakesfd.gov,Special district,Western Lakes Fire District,OCONOMOWOC,WI
cityofocontowi.gov,City,City of Oconto,Oconto,WI
ocontocountywi.gov,County,Oconto County,Oconto,WI
omro-wi.gov,City,City of Omro,Omro,WI
townofomro.gov,City,Town of Omro,Omro,WI
onalaskawi.gov,City,City of Onalaska,Onalaska,WI
townofonalaskawi.gov,City,TOWN OF ONALASKA,Onalaska,WI
oostburgwi.gov,City,Village of Oostburg,Oostburg,WI
oregonwi.gov,City,VILLAGE OF OREGON,OREGON,WI
townoforegonwi.gov,City,Town of Oregon,Oregon,WI
orfordvillewi.gov,City,Village of Orfordville,Orfordville,WI
oshkoshwi.gov,City,City of Oshkosh,Oshkosh,WI
townofalgomawi.gov,City,Town of Algoma,Oshkosh,WI
townofuticawi.gov,City,Town of Utica,Oshkosh,WI
townofvinlandwi.gov,City,Town of Vinland,Oshkosh,WI
winnebagocountywi.gov,County,Winnebago County,Oshkosh,WI
cityofowenwi.gov,City,"City of Owen, WI",Owen,WI
owenwitheepdwi.gov,City,Owen-Withee Police Department,Owen,WI
townofgreengrovewi.gov,City,Town of Green Grove,Owen,WI
townofjacksonadamswi.gov,City,"Town of Jackson, Adams County, WI",Oxford,WI
cityofparkfallswi.gov,City,City of Park Falls,Park Falls,WI
shermanironcowi.gov,City,Town of Sherman - Iron County,Park Falls,WI
ainsworthwi.gov,City,Town of Ainsworth,Pearson,WI
pembinewi.gov,City,Town of Pembine,Pembine,WI
townofbeecherwi.gov,City,Town Of Beecher,Pembine,WI
villageofpewaukeewi.gov,City,Village of Pewaukee,Pewaukee,WI
phelpswi.gov,City,Town of Phelps,Phelps,WI
cityofphillips.gov,City,City of Phillips,Phillips,WI
pittsvillewi.gov,City,City of Pittsville,PITTSVILLE,WI
townofdexterwi.gov,City,Town of Dexter,Pittsville,WI
leolawi.gov,City,Town of Leola,Plainfield,WI
townofoasiswi.gov,City,Town of Oasis,Plainfield,WI
villageofplainfieldwi.gov,City,Village of Plainfield,Plainfield,WI
townoflimagrantcountywi.gov,City,Town of Lima,Platteville,WI
pleasantprairiewi.gov,City,Village of Pleasant Prairie,Pleasant Prairie,WI
ploverwi.gov,City,Village of Plover,Plover,WI
lyndonshebcowi.gov,City,Town of Lyndon,Plymouth,WI
plymouthwi.gov,City,City of Plymouth,Plymouth,WI
townoflakesidewi.gov,City,Town of Lakeside,Poplar,WI
portedwardswi.gov,City,Village of Port Edwards,Port Edwards,WI
ozaukeecounty.gov,County,Ozaukee County,Port Washington,WI
portwashingtonwi.gov,City,City of Port Washington,Port Washington,WI
portwing.gov,City,Town of Port Wing,Port Wing,WI
columbiacountywi.gov,County,Columbia County Government,Portage,WI
fortwinn.gov,City,Town of Fort Winnebago,Portage,WI
portagewi.gov,City,City of Portage,Portage,WI
townofcaledoniacolumbiawi.gov,City,"Town of Caledonia, Columbia County, WI",Portage,WI
townoflakemarinettewi.gov,City,Town of Lake,Porterfield,WI
potosivlgwi.gov,City,"Potosi, Village of",Potosi,WI
townofpotosiwi.gov,City,Town of Potosi,Potosi,WI
townofbrazeauwi.gov,Special district,Town of Brazeau,Pound,WI
dekorra-wi.gov,City,Town of Dekorra Wisconsin,Poynette,WI
poynette-wi.gov,City,Village of Poynette,Poynette,WI
crawfordcountywi.gov,County,Crawford County Government,Prairie Du Chien,WI
prairieduchien-wi.gov,City,City of Prairie du Chien,Prairie du Chien,WI
villageofprairiefarm.gov,City,Village of Prairie Farm,Prairie Farm,WI
prescottwi.gov,City,City of Prescott,Prescott,WI
caledonia-wi.gov,City,Village of Caledonia,Racine,WI
racinecounty.gov,County,Racine County,Racine,WI
vnbwi.gov,County,Village of North Bay,Racine,WI
redgranitefdwi.gov,Special district,REDGRANITE AREA FIRE DISTRICT,REDGRANITE,WI
reedsburgwi.gov,City,City of Reedsburg,Reedsburg,WI
townofwinfieldwi.gov,City,Town of Winfield,Reedsburg,WI
maplegrovewi.gov,City,Town of Maple Grove,Reedsville,WI
reedsvillewi.gov,City,Village of Reedsville,Reedsville,WI
newboldwi.gov,City,Town of Newbold,Rhinelander,WI
oneidacountywi.gov,County,Oneida County,Rhinelander,WI
rhinelanderpd.gov,City,Rhinelander Polcie Department,Rhinelander,WI
towngermantownwashco.gov,City,Town of Germantown,Richfield,WI
boazwi.gov,City,Village of Boaz,Richland Center,WI
daytonrcwi.gov,City,Town of Dayton,Richland Center,WI
richlandcenterwi.gov,City,City of Richland Center,Richland Center,WI
richlandcountywi.gov,County,Richland County,Richland Center,WI
townofithacawi.gov,City,Town of Ithaca,Richland Center,WI
townofrichlandwi.gov,City,"RICHLAND,TOWN OF",RICHLAND CENTER,WI
ridgewaywi.gov,City,Village of Ridgeway,Ridgeway,WI
eastonmcwi.gov,City,Town of Easton,Ringle,WI
riowi.gov,City,Village of Rio,Rio,WI
ripon-wi.gov,City,City of Ripon,Ripon,WI
riponfirewi.gov,City,City of Ripon - Fire Department,Ripon,WI
townofgreenlake.gov,City,Township Of Green Lake,Ripon,WI
townofnepeuskun.gov,City,Town of Nepeuskun,Ripon,WI
riverhillswi.gov,City,Village of River Hills,River Hills,WI
townofwarrensccwi.gov,City,Town of Warren,ROBERTS,WI
rochesterwi.gov,City,Village of Rochester,Rochester,WI
freedomsaukwi.gov,City,Town of Freedom,Rock Springs,WI
rockspringswi.gov,City,Village of Rock Springs,ROCK SPRINGS,WI
townofexcelsiorwi.gov,City,Town of Excelsior,Rock Springs,WI
mountainbaypd.gov,Special district,Mountain Bay Metropolitan Police Department,Rothschild,WI
rubiconwi.gov,City,Town of Rubicon,Rubicon,WI
townofrudolphwi.gov,City,Town of Rudolph,rudolph,WI
townofsigelwoodwi.gov,City,TOWN OF SIGEL,RUDOLPH,WI
stcloudwi.gov,City,Village of Saint Cloud,Saint Cloud,WI
voslwi.gov,City,Village of Salem Lakes,Salem,WI
townofsandcreekwi.gov,City,Town of Sand Creek,Sand Creek,WI
villageofsaukvillewi.gov,City,Village of Saukville,Saukville,WI
plumlakewi.gov,City,Town of Plum Lake,Sayner,WI
moselwi.gov,City,Town of Mosel,Sehboygan,WI
townofsenecawoodcowi.gov,City,Town Of Seneca,Seneca Town,WI
tnsharonwcwi.gov,City,Town of Sharon,Sharon,WI
shawanocountywi.gov,County,Shawano County,Shawano,WI
townofwescott-wi.gov,County,Town Of Wescott,Shawano,WI
sheboygancountywi.gov,County,Sheboygan County,Sheboygan,WI
sheboyganwi.gov,City,City of Sheboygan,Sheboygan,WI
townofsheboyganwi.gov,City,Town of Sheboygan,Sheboygan,WI
sheboyganfallswi.gov,City,City of Sheboygan Falls,Sheboygan Falls,WI
townofsheboyganfallswi.gov,City,Town of Sheboygan Falls,Sheboygan Falls,WI
marshallruskwi.gov,City,Town of Marshall,Sheldon,WI
villageofsheldonwi.gov,City,Village of Sheldon,Sheldon,WI
sherwoodwi.gov,City,Village of Sherwood,SHERWOOD,WI
shorewoodwi.gov,City,Village of Shorewood,Shorewood,WI
burnettcountywi.gov,County,County of Burnett,Siren,WI
villageofsirenwi.gov,City,Village of Siren,Siren,WI
libertygrovewi.gov,City,Town of Liberty Grove,Sister Bay,WI
sisterbaywi.gov,City,Village of Sister Bay,Sister Bay,WI
townofpolk-wi.gov,City,Town of Polk,Slinger,WI
southmilwaukee.gov,City,City of South Milwaukee,South Milwaukee,WI
angelowi.gov,City,Town of Angelo,Sparta,WI
townofleonmocowi.gov,City,"Town of Leon,, Monroe County, WI",Sparta,WI
villageofspencerwi.gov,City,Village of Spencer,Spencer,WI
cityofspoonerwi.gov,City,City of Spooner,Spooner,WI
townofwyomingwi.gov,City,Town of Wyoming,Spring Green,WI
stgermainwi.gov,City,Town of St Germain,St Germain,WI
townofstcroixfallswi.gov,City,Town of St. Croix Falls,St. Croix Falls,WI
villageofstetsonvillewi.gov,City,"Stetsonville, Village of",Stetsonville,WI
stevenspoint.gov,City,City of Stevens Point,Stevens Point,WI
villageofstockbridgewi.gov,City,Village of Stockbridge,Stockbridge,WI
stoddardwi.gov,City,Village of Stoddard,Stoddard,WI
stratfordwi.gov,City,Village of Stratford,Stratford,WI
townofdaywi.gov,City,Town of Day,Stratford,WI
townofclearcreek.gov,City,Town of Clear Creek,Strum,WI
jacksonportwi.gov,City,Town of Jacksonport,Sturgeon Bay,WI
sturgeonbaywi.gov,City,City of Sturgeon Bay,Sturgeon Bay,WI
townofgardnerwi.gov,City,Town of Gardner,Sturgeon Bay,WI
townofnasewaupeewi.gov,City,Town of Nasewaupee,Sturgeon Bay,WI
townofsevastopolwi.gov,City,Town of Sevastopol,Sturgeon Bay,WI
townofsturgeonbay-wi.gov,City,Town of Sturgeon Bay,Sturgeon Bay,WI
sturtevant-wi.gov,City,Village of Sturtevant,Sturtevant,WI
suamicowi.gov,City,Village of Suamico,Suamico,WI
villageofsullivanwi.gov,City,VILLAGE OF SULLIVAN,SULLIVAN,WI
summitpdwi.gov,City,Village of Summit Police Department,Summit,WI
villageofsummitwi.gov,City,Village of Summit,Summit,WI
douglascountywi.gov,County,"Douglas County, Wisconsin",Superior,WI
superiorwi.gov,City,City of Superior,Superior,WI
townofsuperiorwi.gov,City,Town of Superior,SUPERIOR,WI
sussexwi.gov,City,The Village of Sussex,Sussex,WI
theresapolicewi.gov,City,Theresa Police Department,Theresa,WI
townoftheresawi.gov,City,Town of Theresa,Theresa,WI
villageoftheresawi.gov,City,Village of Theresa,Theresa,WI
thiensville.gov,City,Village of Thiensville,THIENSVILLE,WI
cityofthorp.gov,City,City of Thorp Wisconsin,Thorp,WI
townofbutlerwi.gov,City,Town of Butler,Thorp,WI
townofreseburgwi.gov,City,Town of Reseburg,Thorp,WI
townofthorpwi.gov,City,Town of Thorp,Thorp,WI
townofwordenwi.gov,City,Town of Worden,Thorp,WI
townofthreelakeswi.gov,City,Town of Three Lakes,Three Lakes,WI
tigertonwi.gov,City,Village of Tigerton,Tigerton,WI
adriantownshipwi.gov,City,Town of Adrian,Tomah,WI
tomahwi.gov,City,City of Tomah,Tomah,WI
townoflagrangemcwi.gov,City,Town of LaGrange,Tomah,WI
nokomiswi.gov,City,TOWNSHIP OF NOKOMIS,TOMAHAWK,WI
tomahawkwi.gov,City,City of Tomahawk,Tomahawk,WI
wilson-lincoln-wi.gov,City,Town of Wilson,Tomahawk,WI
townofmerrillwi.gov,City,Town of Merrill,Town of Merrill,WI
townofportwashingtonwi.gov,City,Town of Port Washington,Town of Port Washington,WI
townofwautomawi.gov,County,Town Of Wautoma,Town of Wautoma,WI
brooklyntownwashburnwi.gov,City,Town of Brooklyn,Trego,WI
trempealeauwi.gov,City,Village of Trempealeau,Trempealeau,WI
townoflynneoneidactywi.gov,City,Town of Lynne,Tripoli,WI
twinlakeswi.gov,City,Village of Twin Lakes,Twin Lakes,WI
uniongrovewi.gov,City,Village of Union Grove,Union Grove,WI
villageofunitywi.gov,City,Village of Unity,Unity,WI
townofprimrose.gov,City,Town of Primrose,Verona,WI
veronawi.gov,City,City of Verona,Verona,WI
townofhansen.gov,City,Town of Hansen,Vesper,WI
villageofgraftonwi.gov,City,Village of Grafton,Village of Grafton,WI
greenvillewi.gov,City,Town of Greenville,Village of Greenville,WI
villageofwales.gov,City,Village of Wales,Wales,WI
townofwalworthwi.gov,City,"Walworth, Town of",Walworth,WI
ashlandbayfield911wi.gov,Special district,Ashland-Bayfield Consolidated PSAP,WASHBURN,WI
cityofwashburnwi.gov,City,City of Washburn,Washburn,WI
washingtonisland-wi.gov,City,Town of Washington,Washington Island,WI
waterfordwi.gov,City,Village of Waterford,Waterford,WI
townofwaterloowi.gov,City,Town of Waterloo,Waterloo,WI
townofshieldsdcwi.gov,City,Town of Shields Dodge County,Watertown,WI
townofwatertownwi.gov,City,Town of Watertown,Watertown,WI
watertownwi.gov,City,City of Watertown,Watertown,WI
discoverwaukesha-wi.gov,City,City of Waukesha,Waukesha,WI
villageofwaukesha.gov,City,Village of Waukesha,Waukesha,WI
waukesha-wi.gov,City,City of Waukesha,Waukesha,WI
waukeshacounty-wi.gov,County,Waukesha County Government,Waukesha,WI
waukeshacounty.gov,County,Waukesha County Government,Waukesha,WI
waunakee.gov,City,Village of Waunakee,Waunakee,WI
farmingtonwaup.gov,City,Town of Farmington,Waupaca,WI
townofdaytonwcwi.gov,City,Town of Dayton,Waupaca,WI
waupacacounty-wi.gov,County,Waupaca County,Waupaca,WI
waupacawi.gov,City,City of Waupaca,Waupaca,WI
cityofwaupunwi.gov,City,City of Waupun,Waupun,WI
townofchesterwi.gov,City,Town of Chester,Waupun,WI
ccitcwi.gov,Special district,City-County IT Commission,Wausau,WI
marathoncounty.gov,County,Marathon County,Wausau,WI
ribmountainwi.gov,City,Village of Rib Mountain,Wausau,WI
texaswi.gov,City,Town of Texas,Wausau,WI
wausauwi.gov,City,City of Wausau,Wausau,WI
townofwausaukeewi.gov,City,Town of Wausaukee,Wausaukee,WI
townofmarionwausharawi.gov,City,Town of Marion,Wautoma,WI
wausharacountywi.gov,County,Waushara County,Wautoma,WI
wauwatosa.gov,City,City of Wauwatosa,Wauwatosa,WI
wauwatosawi.gov,City,City of Wauwatosa,Wauwatosa,WI
swshdwi.gov,Special district,Southwest Suburban Health Department,West Allis,WI
westalliswi.gov,City,City of West Allis,West Allis,WI
midmorainewi.gov,Special district,Mid-Moraine Municipal Court,West Bend,WI
washcowi.gov,County,Washington County,West Bend,WI
washcowisco.gov,County,Washington County,West Bend,WI
washingtoncountywi.gov,County,Washington County,West Bend,WI
washozwi.gov,County,Washington County,West Bend,WI
westbendwi.gov,City,City of West Bend,West Bend,WI
westmilwaukeewi.gov,City,Village of West Milwaukee,West Milwaukee,WI
westsalemwi.gov,City,Village of West Salem,West Salem,WI
lincolnadamscountywi.gov,City,Town of Lincoln,Westfield,WI
westonwi.gov,City,Village of Weston,Weston,WI
cityofweyauwega-wi.gov,City,City of Weyauwega,Weyauwega,WI
townofweyauwega-wi.gov,City,Town of Weyauwega,Weyauwega,WI
wfbvillage.gov,City,Village of Whitefish Bay,Whitefish Bay,WI
whitefishbaywi.gov,City,Village of Whitefish Bay,Whitefish Bay,WI
trempcountywi.gov,County,Trempealeau County,Whitehall,WI
villageofwhitelaw-wi.gov,City,Village of Whitelaw,Whitelaw,WI
townofrichmond-walworthwi.gov,City,Town of Richmond,Whitewater,WI
townofwhitewaterwi.gov,City,Town of Whitewater,Whitewater,WI
whitewater-wi.gov,City,City of Whitewater,Whitewater,WI
townofnorwaywi.gov,City,Town of Norway,Wind Lake,WI
townofpoygan.gov,City,Town of Poygan,Winneconne,WI
townofwinneconne.gov,City,Town of Winneconne,Winneconne,WI
winneconnepoyganfire.gov,Special district,WINNECONNE/POYGAN FIRE DISTRICT,Winneconne,WI
winneconnesd3wi.gov,Special district,Town Sanitary District #3 of the Town of Winneconne,Winneconne,WI
winneconnewi.gov,City,Village of Winneconne,Winneconne,WI
grandrapidswi.gov,City,Town of Grand Rapids,Wisconsin Rapids,WI
saratogawi.gov,City,Town Of Saratoga,Wisconsin Rapids,WI
townofcranmoor.gov,City,TOWN OF CRANMOOR,WISCONSIN RAPIDS,WI
wirapids.gov,City,City of Wisconsin Rapids,Wisconsin Rapids,WI
woodcountywi.gov,County,County of Wood,Wisconsin Rapids,WI
villageofwitheewi.gov,City,Village of Wither,Withee,WI
townoffranzenwi.gov,City,Town of Franzen,Wittenberg,WI
townofwittenbergwi.gov,City,Town of Wittenberg,Wittenberg,WI
vofwittenbergwi.gov,City,Village of Wittenberg,Wittenberg,WI
wonewocwi.gov,City,Village of Wonewoc,Wonewoc,WI
townofwoodruffwi.gov,City,Town of Woodruff,Woodruff,WI
brownjmcourtwi.gov,County,Brown County Joint Municipal Court,Wrightstown,WI
beckley.gov,City,City of Beckley,Beckley,WV
raleighcounty.gov,County,RALEIGH COUNTY COMMISSION,Beckley,WV
raleighcountyparks.gov,County,Raleigh County Parks and Recreation Authority,BECKLEY,WV
raleighsheriff.gov,County,Raleigh County Sheriff's Office,Beckley,WV
benwoodwv.gov,City,City of Benwood,Benwood,WV
morgancountywv.gov,County,Morgan County Commission,Berkeley Springs,WV
townofbathwv.gov,City,Town of Bath,Berkeley Springs,WV
bluefieldwv.gov,City,City of Bluefield,Bluefield,WV
bluefieldwvpd.gov,City,City of Bluefield,Bluefield,WV
bridgeportwv.gov,City,City of Bridgeport,Bridgeport,WV
buckhannonwv.gov,City,City of Buckhannon,Buckhannon,WV
cameronwv.gov,City,City of Cameron,Cameron,WV
townofcaponbridgewv.gov,City,"Town of Capon Bridge, Inc",Capon Bridge,WV
ceredowv.gov,City,Town of Ceredo,Ceredo,WV
jeffcowv.gov,County,Jefferson County Commission,Charles Town,WV
jeffersoncountywvassessor.gov,County,Jefferson County West Virginia Assessor's Office,Charles Town,WV
charlestonwv.gov,City,City of Charleston,Charleston,WV
csbwv.gov,Special district,Charleston Sanitary Board,Charleston,WV
wvpebd.gov,Special district,West Virginia State Board of Registration for Professional Engineers,Charleston,WV
chesapeakewv.gov,City,"Town of Chesapeake, WV",Chesapeake,WV
clarksburgwv.gov,City,City of Clarksburg WV,Clarksburg,WV
harrisoncountywv.gov,County,Harrison County Commission,Clarksburg,WV
clendeninwv.gov,City,Town of Clendenin,Clendenin,WV
boonewvema.gov,County,Boone County Emergency Management Agency,Danville,WV
cityofdunbarwv.gov,City,City of Dunbar,Dunbar,WV
wirtcountywvsheriff.gov,County,Wirt County Sheriff Department,Elizabeth,WV
cityofelkinswv.gov,City,City Of Elkins,Elkins,WV
randolphctywv.gov,County,Randolph County Commission,Elkins,WV
randolphsheriffwv.gov,County,Randolph County Sheriffs Office,elkins,WV
fairmontwv.gov,City,City of Fairmont,Fairmont,WV
marioncountywv.gov,County,MARION COUNTY COMMISSION,FAIRMONT,WV
townoffarmingtonwv.gov,City,Town of Farmington,Farmington,WV
fayettecountywv.gov,County,Fayette County Commission,Fayetteville,WV
fayettevillewv.gov,City,TOWN OF FAYETTEVILLE,FAYETTEVILLE,WV
follansbeewv.gov,City,City of Follansbee,Follansbee,WV
pendletoncountywv.gov,County,Pendleton County Office of Emergency Management,Franklin,WV
townofgarywv.gov,City,Town of Gary,Gary,WV
glendalewv.gov,City,City of Glen Dale,Glen Dale,WV
gilmercountywv.gov,County,Gilmer County Commission,Glenville,WV
glenvillewv.gov,City,City of Glenville,Glenville,WV
taylorcountyhdwv.gov,County,Grafton-Taylor County Health Department,Grafton,WV
taylorcountywv.gov,County,Taylor County Commission,Grafton,WV
townofgranvillewv.gov,City,Town of Granville,Granville,WV
summerscountywv.gov,County,Summers County Commissio,Hinton,WV
huntingtonwv.gov,City,City of Huntington,Huntington,WV
hurricanewv.gov,City,City of Hurricane,Hurricane,WV
janelew.gov,City,Town of Jane Lew,Jane Lew,WV
mineralwv.gov,County,Mineral County Commission,Keyser,WV
kimballwv.gov,City,Town of Kimball,Kimball,WV
prestoncountywv.gov,County,Preston County Commission,Kingwood,WV
greenbrierwv.gov,County,Greenbrier County Commission,Lewisburg,WV
boonecountywv.gov,County,Boone County Commission,Madison,WV
manwv.gov,City,Town of Man,Man,WV
pocahontascountywv.gov,County,Pocahontas County Commission,Marlinton,WV
marmetwv.gov,City,Town of Marmet,Marmet,WV
matewanwv.gov,City,Town of Matewan,Matewan,WV
montgomerywv.gov,City,City of Montgomery,Montgomery,WV
moorefieldwv.gov,City,Town of Moorefield,Moorefield,WV
monongaliacounty.gov,County,Monongalia County Commission,Morgantown,WV
monongaliaprosecutor.gov,County,Monongalia County Prosecutor's Office,Morgantown,WV
monongaliasheriff.gov,County,Monongalia County Sheriff's Office,Morgantown,WV
morgantownwv.gov,City,City of Morgantown,Morgantown,WV
marshallcountywv.gov,County,Marshall County West Virginia Commission,Moundsville,WV
hancockcountywv.gov,County,Hancock County Commission,New Cumberland,WV
wetzelcountywv.gov,County,Wetzel County Commission,New Martinsville,WV
townofnutterfort.gov,City,Town of Nutter Fort,Nutter Fort,WV
oakhillwv.gov,City,City of Oak Hill,Oak Hill,WV
townofoceanawv.gov,City,Town Of Oceana,Oceana,WV
parkersburgwv.gov,City,City of Parkersburg,Parkersburg,WV
parsonswv.gov,City,City of Parsons,Parsons,WV
cityofpetersburgwv.gov,City,CITY OF PETERSBURG,Petersburg,WV
grantcountywv.gov,County,Grant County Commission,Petersburg,WV
barbourcountyhdwv.gov,County,Barbour County Health Department,Philippi,WV
barbourcountywv.gov,County,Barbour County Commission,Philippi,WV
wycowv.gov,County,Wyoming County Commission,Pineville,WV
masoncosowv.gov,County,Mason County Sheriffs Department,Point Pleasant,WV
masoncountyoeswv.gov,County,Mason County Emergency Services,Point Pleasant,WV
masoncountywv.gov,County,Mason County Commission,Point Pleasant,WV
mercerprosecutorwv.gov,County,Mercer County Prosecuting Attorney,Princeton,WV
princetonwv.gov,City,Princeton Police Department,Princeton,WV
townofrainellewv.gov,City,Town of Rainelle,Rainelle,WV
ransonwv.gov,City,City of Ranson,Ranson,WV
reedsvillewv.gov,City,Town of Reedsville,Reedsville,WV
cityofroncevertewv.gov,City,City of Ronceverte,Ronceverte,WV
pleasantscountywv.gov,County,Pleasants County Commission,Saint Marys,WV
shepherdstown.gov,City,CORPORATION OF SHEPHERDSTOWN,SHEPHERDSTOWN,WV
smitherswv.gov,City,City of Smithers,Smithers,WV
stalbanswv.gov,City,City of St. Albans,St. Albans,WV
stmaryswv.gov,City,"City of St, Marys",St. Marys,WV
starcitywv.gov,City,Town of Star City,STAR CITY,WV
cityofstonewoodwv.gov,City,Stonewood Police Department,Stonewood,WV
nicholascountywv.gov,County,Nicholas County Commission,Summersville,WV
braxtoncountywv.gov,County,Braxton County Commission,Sutton,WV
suttonwv.gov,City,Town of Sutton,Sutton,WV
monroecountywv.gov,County,Monroe County Commission,Union,WV
lubeckpsd.gov,Special district,Lubeck Public Service District,Washington,WV
mcdowellcountywv.gov,County,McDowell County Commission,Welch,WV
brookecountywv.gov,County,Brooke County Commission,Wellsburg,WV
wellsburgwvpd.gov,City,Wellsburg Police Department,Wellsburg,WV
westlibertywv.gov,City,Town of West Liberty,West Liberty,WV
doddridgecoprosecutor.gov,County,"Prosecuting Attorney of Doddridge County, West Virginia",West Union,WV
doddridgecountywv.gov,County,Doddridge County Commission,West Union,WV
cityofwestonwv.gov,City,"City of Weston, WV",Weston,WV
westoverwv.gov,City,Westover Police Department,WESTOVER,WV
bethlehemwv.gov,City,Village of Bethlehem WV,Wheeling,WV
ohiocountywv.gov,County,Ohio County Commission,Wheeling,WV
wheelingwv.gov,City,City of Wheeling,Wheeling,WV
cityofwilliamsonwv.gov,City,City of Williamson,Williamson,WV
putnamcountywv.gov,County,Putnam County,Winfield,WV
aftonwyoming.gov,City,TOWN OF AFTON,AFTON,WY
alpinewy.gov,City,Town of Alpine,Alpine,WY
barnunnwy.gov,City,Town of Bar Nunn,Bar Nunn,WY
bighorncountywy.gov,County,Big Horn County,Basin,WY
bearriverwy.gov,City,Town of Bear River,Bear River,WY
buffalowypd.gov,City,City of Buffalo Police Department,Buffalo,WY
jcrhcdwy.gov,County,Johnson County Rural Health Care District,Buffalo,WY
johnsoncowy.gov,County,Johnson County Wyoming,Buffalo,WY
burlingtonwy.gov,City,Town of Burlington,Burlington,WY
casperwy.gov,City,City of Casper,Casper,WY
natronacounty-wy.gov,County,Natrona County,Casper,WY
natronaincident.gov,County,Natrona County Emergency Management,Casper,WY
natronasheriff.gov,County,Natrona County Sheriff's Office,Casper,WY
laramiecountywy.gov,County,Laramie County Government,Cheyenne,WY
codypolicewy.gov,City,Cody Police Department,Cody,WY
codywy.gov,City,City of Cody,Cody,WY
parkcounty-wy.gov,County,Park County Government,Cody,WY
parkcountysheriff-wy.gov,County,Park County Government,Cody,WY
cokevillewy.gov,City,Town of Cokeville,Cokeville,WY
conversecountywy.gov,County,Converse County,Douglas,WY
evanston-wy.gov,City,CITY OF EVANSTON,EVANSTON,WY
evansville-wy.gov,City,Town of Evansville,Evansville,WY
ftlaramie.gov,City,Town of Fort Laramie,Fort Laramie,WY
campbellcofirewy.gov,Special district,Campbell County Fire Department,Gillette,WY
campbellcountywy.gov,County,Campbell County,Gillette,WY
gillettewy.gov,City,City of Gillette,Gillette,WY
sweetwatercountywy.gov,County,Sweetwater County,Green River,WY
greybullwy.gov,City,Town of Greybull,Greybull,WY
jacksonwy.gov,City,"Town of Jackson, Wyoming",Jackson,WY
squawcreekwd.gov,Special district,Squaw Creek Water and Sewer District,Jackson,WY
tetoncountywy.gov,County,Teton County Wyoming Government,Jackson,WY
lincolncountywy.gov,County,Lincoln County,Kemmerer,WY
lagrangewyo.gov,City,Town of LaGrange,LaGrange,WY
fremontcountywy.gov,County,Fremont County Government,Lander,WY
landerwy.gov,City,City of Lander,Lander,WY
albanycountywy.gov,County,Albany County Government,Laramie,WY
cityoflaramie.gov,City,City of Laramie,Laramie,WY
townofluskwy.gov,City,Town of Lusk,Lusk,WY
millswy.gov,City,City of Mills,Mills,WY
pinebluffswy.gov,City,Town of Pine Bluffs,Pine Bluffs,WY
sublettecountywy.gov,County,Sublette County,Pinedale,WY
subletteso.gov,County,Sublette County Sheriff's Office,Pinedale,WY
powellwy.gov,City,City Of Powell,Powell,WY
ranchesterwy.gov,City,Town of Ranchester,Ranchester,WY
carboncountywy.gov,County,"Carbon County, WY",Rawlins,WY
rawlinswy.gov,City,City of Rawlins,Rawlins,WY
fcagwy.gov,Special district,Fremont County Association of Governments,Riverton,WY
rivertonwy.gov,City,City of Riverton Wyoming,Riverton,WY
sheridancountywy.gov,County,Sheridan County,Sheridan,WY
sheridanwy.gov,City,City of Sheridan,Sheridan,WY
tetonvillagewy.gov,Special district,Teton Village Association,Teton Village,WY
hotspringscountywy.gov,County,Hot Springs County,Thermopolis,WY
thermopoliswy.gov,City,Town of Thermopolis,Thermopolis,WY
goshencountywy.gov,County,County of Goshen,Torrington,WY
goshensheriff.gov,County,Goshen County Sheriff,Torrington,WY
torringtonwy.gov,City,City of Torrington,Torrington,WY
cityofworlandwy.gov,City,City of Worland,Worland,WY
washakiecountywy.gov,County,Washakie County,Worland,WY
