domain,org,city,state,type,qid,website
islamorada.fl.us,Islamorada,Islamorada,FL,City,Q938815,http://www.islamorada.fl.us
carson.org,Carson City,Carson City,NV,City,Q40881,https://www.carson.org
cityofchesapeake.net,Chesapeake,Chesapeake,VA,City,Q49222,https://www.cityofchesapeake.net/
ci.emporia.va.us,Emporia,Emporia,VA,City,Q177678,http://www.ci.emporia.va.us/
suffolkva.us,Suffolk,Suffolk,VA,City,Q342428,http://www.suffolkva.us/
franklinva.com,Franklin,Franklin,VA,City,Q350001,http://www.franklinva.com/
waynesboro.va.us,Waynesboro,Waynesboro,VA,City,Q501779,http://www.waynesboro.va.us/
staunton.va.us,Staunton,Staunton,VA,City,Q502250,http://www.staunton.va.us/
cityofmanassaspark.us,Manassas Park,Manassas Park,VA,City,Q502269,http://www.cityofmanassaspark.us/
nortonva.org,Norton,Norton,VA,City,Q502984,http://www.nortonva.org/
galaxva.com,Galax,Galax,VA,City,Q503000,http://www.galaxva.com/
buenavistavirginia.org,Buena Vista,Buena Vista,VA,City,Q503014,http://www.buenavistavirginia.org/
bristolva.org,Bristol,Bristol,VA,City,Q503366,http://www.bristolva.org/
petersburg-va.org,Petersburg,Petersburg,VA,City,Q511964,http://www.petersburg-va.org
radford.va.us,Radford,Radford,VA,City,Q586070,http://www.radford.va.us/
ci.fremont.ca.us,Fremont,Fremont,CA,City,Q49220,http://www.ci.fremont.ca.us
santa-ana.org,Santa Ana,Santa Ana,CA,City,Q49244,https://www.santa-ana.org/
visitbakersfield.com,Bakersfield,Bakersfield,CA,City,Q49256,https://www.visitbakersfield.com/
cityofnapa.org,Napa,Napa,CA,City,Q60537,http://www.cityofnapa.org
ci.st-helena.ca.us,St. Helena,St. Helena,CA,City,Q125733,http://www.ci.st-helena.ca.us
cityoflivermore.net,Livermore,Livermore,CA,City,Q138901,http://www.cityoflivermore.net
cityofsanmateo.org,San Mateo,San Mateo,CA,City,Q169943,https://www.cityofsanmateo.org/
suisun.com,Suisun City,Suisun City,CA,City,Q204087,http://www.suisun.com
cityoforinda.org,Orinda,Orinda,CA,City,Q206464,https://www.cityoforinda.org/
cityofvallejo.net,Vallejo,Vallejo,CA,City,Q208445,https://www.cityofvallejo.net/
ci.lafayette.ca.us,Lafayette,Lafayette,CA,City,Q284803,http://www.ci.lafayette.ca.us
ci.clovis.ca.us,Clovis,Clovis,CA,City,Q303794,http://www.ci.clovis.ca.us
dalycity.org,Daly City,Daly City,CA,City,Q370925,http://www.dalycity.org
cityofsancarlos.org,San Carlos,San Carlos,CA,City,Q383234,https://www.cityofsancarlos.org/
cityofamericancanyon.org,American Canyon,American Canyon,CA,City,Q463679,http://www.cityofamericancanyon.org
downeyca.org,Downey,Downey,CA,City,Q488946,http://www.downeyca.org/
cityofconcord.org,Concord,Concord,CA,City,Q490441,https://www.cityofconcord.org/
cityoforange.org,Orange,Orange,CA,City,Q491350,https://www.cityoforange.org
walnut-creek.org,Walnut Creek,Walnut Creek,CA,City,Q493261,https://www.walnut-creek.org/
culvercity.org,Culver City,Culver City,CA,City,Q493378,https://www.culvercity.org
ci.carson.ca.us,Carson,Carson,CA,City,Q494690,https://ci.carson.ca.us/
moval.org,Moreno Valley,Moreno Valley,CA,City,Q494720,http://www.moval.org
ci.emeryville.ca.us,Emeryville,Emeryville,CA,City,Q499178,http://www.ci.emeryville.ca.us
cityofmissionviejo.org,Mission Viejo,Mission Viejo,CA,City,Q506428,https://cityofmissionviejo.org
visitarcadiacalifornia.com,Arcadia,Arcadia,CA,City,Q534536,https://www.visitarcadiacalifornia.com/
ci.piedmont.ca.us,Piedmont,Piedmont,CA,City,Q570301,https://www.ci.piedmont.ca.us/
scottsvalley.org,Scotts Valley,Scotts Valley,CA,City,Q598266,http://www.scottsvalley.org
sanramon.ca.gov,San Ramon,San Ramon,CA,City,Q605472,https://www.sanramon.ca.gov/
morganhill.ca.gov,Morgan Hill,Morgan Hill,CA,City,Q609084,https://www.morganhill.ca.gov/
ci.pinole.ca.us,Pinole,Pinole,CA,City,Q629763,https://www.ci.pinole.ca.us
citrusheights.net,Citrus Heights,Citrus Heights,CA,City,Q658402,http://www.citrusheights.net
sanbruno.ca.gov,San Bruno,San Bruno,CA,City,Q667738,http://sanbruno.ca.gov
ci.san-clemente.ca.us,San Clemente,San Clemente,CA,City,Q675070,http://ci.san-clemente.ca.us
ci.cypress.ca.us,Cypress,Cypress,CA,City,Q685224,http://www.ci.cypress.ca.us
cityofpetaluma.org,Petaluma,Petaluma,CA,City,Q720087,https://cityofpetaluma.org/
ci.pleasanton.ca.us,Pleasanton,Pleasanton,CA,City,Q747444,http://www.ci.pleasanton.ca.us
cityofwillows.org,Willows,Willows,CA,City,Q774750,http://www.cityofwillows.org
ci.benicia.ca.us,Benicia,Benicia,CA,City,Q817301,http://www.ci.benicia.ca.us
ci.sausalito.ca.us,Sausalito,Sausalito,CA,City,Q828729,http://www.ci.sausalito.ca.us
ci.gilroy.ca.us,Gilroy,Gilroy,CA,City,Q837097,http://www.ci.gilroy.ca.us
dublin.ca.gov,Dublin,Dublin,CA,City,Q837109,https://www.dublin.ca.gov/
ojaicity.org,Ojai,Ojai,CA,City,Q837420,https://ojaicity.org
buenapark.com,Buena Park,Buena Park,CA,City,Q838762,http://www.buenapark.com
fountainvalley.org,Fountain Valley,Fountain Valley,CA,City,Q838769,https://www.fountainvalley.org/
cityofsouthgate.org,South Gate,South Gate,CA,City,Q838772,http://www.cityofsouthgate.org
indio.org,Indio,Indio,CA,City,Q838789,http://www.indio.org
unioncity.org,Union City,Union City,CA,City,Q846402,https://www.unioncity.org/
cityofgardena.org,Gardena,Gardena,CA,City,Q846409,https://cityofgardena.org
cityofmillvalley.org,Mill Valley,Mill Valley,CA,City,Q846413,https://www.cityofmillvalley.org/
ci.twentynine-palms.ca.us,Twentynine Palms,Twentynine Palms,CA,City,Q846582,https://www.ci.twentynine-palms.ca.us/
ci.newark.ca.us,Newark,Newark,CA,City,Q850812,http://www.ci.newark.ca.us
cityofvacaville.com,Vacaville,Vacaville,CA,City,Q850823,http://www.cityofvacaville.com
ci.novato.ca.us,Novato,Novato,CA,City,Q851004,http://www.ci.novato.ca.us
sanleandro.org,San Leandro,San Leandro,CA,City,Q851034,http://www.sanleandro.org/
danapoint.org,Dana Point,Dana Point,CA,City,Q852638,http://www.danapoint.org
chinohills.org,Chino Hills,Chino Hills,CA,City,Q852721,http://www.chinohills.org
ci.laguna-hills.ca.us,Laguna Hills,Laguna Hills,CA,City,Q862679,http://www.ci.laguna-hills.ca.us/
kingcity.com,King City,King City,CA,City,Q862700,http://www.kingcity.com
sonomacity.org,Sonoma,Sonoma,CA,City,Q11592,http://www.sonomacity.org
ci.guadalupe.ca.us,Guadalupe,Guadalupe,CA,City,Q24335,http://ci.guadalupe.ca.us
gilchrist.fl.us,Gilchrist County,Gilchrist County,FL,City,Q111720,http://gilchrist.fl.us
bakercountyfl.org,Baker County,Baker County,FL,City,Q156568,http://www.bakercountyfl.org
bradford-co-fla.org,Bradford County,Bradford County,FL,City,Q156577,http://www.bradford-co-fla.org
columbiacountyfla.com,Columbia County,Columbia County,FL,City,Q173867,http://www.columbiacountyfla.com
calhouncountyfl.org,Calhoun County,Calhoun County,FL,City,Q174913,http://www.calhouncountyfl.org
libertyclerk.com,Liberty County,Liberty County,FL,City,Q255943,http://www.libertyclerk.com
hamiltoncountyflorida.com,Hamilton County,Hamilton County,FL,City,Q257311,http://www.hamiltoncountyflorida.com
mymanatee.org,Manatee County,Manatee County,FL,City,Q262708,http://www.mymanatee.org
washingtonfl.com,Washington County,Washington County,FL,City,Q263418,http://www.washingtonfl.com
flaglercounty.org,Flagler County,Flagler County,FL,City,Q386885,http://www.flaglercounty.org
miamidade.gov,Miami-Dade County,Miami-Dade County,FL,City,Q468557,https://www.miamidade.gov/
gulfcountygovernment.com,Gulf County,Gulf County,FL,City,Q488461,http://www.gulfcountygovernment.com
myglades.com,Glades County,Glades County,FL,City,Q488468,http://www.myglades.com
hendryfla.net,Hendry County,Hendry County,FL,City,Q488488,http://www.hendryfla.net
brevardcounty.us,Brevard County,Brevard County,FL,City,Q488517,http://www.brevardcounty.us
ircgov.com,Indian River County,Indian River County,FL,City,Q488528,http://www.ircgov.com
jacksoncountyfl.com,Jackson County,Jackson County,FL,City,Q488537,http://www.jacksoncountyfl.com
espanol.orangecountyfl.net,Orange County,Orange County,FL,City,Q488543,https://espanol.orangecountyfl.net/
orangecountyfl.net,Orange County,Orange County,FL,City,Q488543,https://www.orangecountyfl.net/
hernandocounty.us,Hernando County,Hernando County,FL,City,Q488572,https://www.hernandocounty.us/
cms.leoncountyfl.gov,Leon County,Leon County,FL,City,Q488576,https://cms.leoncountyfl.gov/
hardeecounty.net,Hardee County,Hardee County,FL,City,Q488792,http://www.hardeecounty.net
desotobocc.com,DeSoto County,DeSoto County,FL,City,Q488796,http://www.desotobocc.com
dixie.fl.gov,Dixie County,Dixie County,FL,City,Q488805,http://dixie.fl.gov
mylafayettecounty.com,Lafayette County,Lafayette County,FL,City,Q488810,http://www.mylafayettecounty.com
franklincountyflorida.com,Franklin County,Franklin County,FL,City,Q488813,http://www.franklincountyflorida.com
nassaucountyfl.com,Nassau County,Nassau County,FL,City,Q488818,http://www.nassaucountyfl.com
citrusbocc.com,Citrus County,Citrus County,FL,City,Q488821,https://www.citrusbocc.com/
alachuacounty.us,Alachua County,Alachua County,FL,City,Q488826,http://www.alachuacounty.us
claycountygov.com,Clay County,Clay County,FL,City,Q488853,https://www.claycountygov.com/
holmescountyonline.com,Holmes County,Holmes County,FL,City,Q488879,http://www.holmescountyonline.com
hcbcc.net,Highlands County,Highlands County,FL,City,Q488885,http://www.hcbcc.net
coj.net,Duval County,Duval County,FL,City,Q493605,https://www.coj.net/
madisoncountyfl.com,Madison County,Madison County,FL,City,Q494463,http://www.madisoncountyfl.com
sjcfl.us,St. Johns County,St. Johns County,FL,City,Q494471,http://www.sjcfl.us
co.okaloosa.fl.us,Okaloosa County,Okaloosa County,FL,City,Q494476,http://www.co.okaloosa.fl.us
santarosa.fl.gov,Santa Rosa County,Santa Rosa County,FL,City,Q494500,http://www.santarosa.fl.gov
volusia.org,Volusia County,Volusia County,FL,City,Q494541,http://www.volusia.org
ci.temple-city.ca.us,Temple City,Temple City,CA,City,Q864144,http://www.ci.temple-city.ca.us
ci.watsonville.ca.us,Watsonville,Watsonville,CA,City,Q913543,http://www.ci.watsonville.ca.us/
tustinca.org,Tustin,Tustin,CA,City,Q917513,http://www.tustinca.org
ci.commerce.ca.us,Commerce,Commerce,CA,City,Q917540,http://www.ci.commerce.ca.us
brisbaneca.org,Brisbane,Brisbane,CA,City,Q917671,https://www.brisbaneca.org/
sanjuancapistrano.org,San Juan Capistrano,San Juan Capistrano,CA,City,Q923780,http://www.sanjuancapistrano.org
cityofpacifica.org,Pacifica,Pacifica,CA,City,Q925925,http://www.cityofpacifica.org
ssf.net,South San Francisco,South San Francisco,CA,City,Q927122,http://www.ssf.net
saratoga.ca.us,Saratoga,Saratoga,CA,City,Q927163,http://www.saratoga.ca.us
cloverdale.net,Cloverdale,Cloverdale,CA,City,Q928609,http://www.cloverdale.net
hollister.ca.gov,Hollister,Hollister,CA,City,Q936919,https://hollister.ca.gov
ci.laguna-niguel.ca.us,Laguna Niguel,Laguna Niguel,CA,City,Q948086,http://ci.laguna-niguel.ca.us
ci.hercules.ca.us,Hercules,Hercules,CA,City,Q948140,http://www.ci.hercules.ca.us
avcity.org,Aliso Viejo,Aliso Viejo,CA,City,Q948231,https://avcity.org/
ci.oakley.ca.us,Oakley,Oakley,CA,City,Q950912,https://www.ci.oakley.ca.us/
ci.pleasant-hill.ca.us,Pleasant Hill,Pleasant Hill,CA,City,Q950926,http://www.ci.pleasant-hill.ca.us
ci.calistoga.ca.us,Calistoga,Calistoga,CA,City,Q983598,https://www.ci.calistoga.ca.us/
cityofslt.us,South Lake Tahoe,South Lake Tahoe,CA,City,Q983602,https://www.cityofslt.us/
half-moon-bay.ca.us,Half Moon Bay,Half Moon Bay,CA,City,Q983652,http://www.half-moon-bay.ca.us
folsom.ca.us,Folsom,Folsom,CA,City,Q984155,http://www.folsom.ca.us
ci.larkspur.ca.us,Larkspur,Larkspur,CA,City,Q984595,http://www.ci.larkspur.ca.us
ci.marina.ca.us,Marina,Marina,CA,City,Q985077,http://www.ci.marina.ca.us
riovistacity.com,Rio Vista,Rio Vista,CA,City,Q985257,http://www.riovistacity.com
ci.sebastopol.ca.us,Sebastopol,Sebastopol,CA,City,Q985264,https://www.ci.sebastopol.ca.us/
montesereno.org,Monte Sereno,Monte Sereno,CA,City,Q985343,http://www.montesereno.org
cityofsignalhill.org,Signal Hill,Signal Hill,CA,City,Q985349,http://www.cityofsignalhill.org
rpcity.org,Rohnert Park,Rohnert Park,CA,City,Q986835,http://www.rpcity.org
burlingame.org,Burlingame,Burlingame,CA,City,Q986867,http://www.burlingame.org
livingstoncity.com,Livingston,Livingston,CA,City,Q986871,http://www.livingstoncity.com
cityofcapitola.org,Capitola,Capitola,CA,City,Q986894,http://www.cityofcapitola.org
ci.dixon.ca.us,Dixon,Dixon,CA,City,Q986903,http://www.ci.dixon.ca.us
fostercity.org,Foster City,Foster City,CA,City,Q988691,http://www.fostercity.org
cityofepa.org,East Palo Alto,East Palo Alto,CA,City,Q988697,https://www.cityofepa.org/
san-juan-bautista.ca.us,San Juan Bautista,San Juan Bautista,CA,City,Q991036,http://www.san-juan-bautista.ca.us
el-cerrito.org,El Cerrito,El Cerrito,CA,City,Q996569,http://www.el-cerrito.org
ci.millbrae.ca.us,Millbrae,Millbrae,CA,City,Q1011108,https://www.ci.millbrae.ca.us
ci.cotati.ca.us,Cotati,Cotati,CA,City,Q1650450,http://www.ci.cotati.ca.us
lagunabeachcity.net,Laguna Beach,Laguna Beach,CA,City,Q1908566,https://www.lagunabeachcity.net
ci.jackson.ca.us,Jackson,Jackson,CA,City,Q1966879,http://www.ci.jackson.ca.us
cityofbelvedere.org,Belvedere,Belvedere,CA,City,Q2054234,http://www.cityofbelvedere.org
sandcity.org,Sand City,Sand City,CA,City,Q2262091,http://www.sandcity.org
thecityofwillits.com,Willits,Willits,CA,City,Q2334435,http://thecityofwillits.com
cityofcolusa.com,Colusa,Colusa,CA,City,Q2444930,http://www.cityofcolusa.com
jurupavalley.org,Jurupa Valley,Jurupa Valley,CA,City,Q3736036,https://www.jurupavalley.org/
boonecountyky.org,Boone County,Boone County,KY,City,Q113185,https://www.boonecountyky.org/
lyoncounty.com,Lyon County,Lyon County,KY,City,Q117917,http://www.lyoncounty.com
cumberlandcounty.com,Cumberland County,Cumberland County,KY,City,Q175756,http://www.cumberlandcounty.com
columbia-adaircounty.com,Adair County,Adair County,KY,City,Q181967,http://www.columbia-adaircounty.com
mtsterlingchamber.com,Montgomery County,Montgomery County,KY,City,Q269164,http://www.mtsterlingchamber.com
russellcountyky.com,Russell County,Russell County,KY,City,Q373348,http://www.russellcountyky.com
rushcounty.org,Rush County,Rush County,KS,City,Q376776,http://www.RushCounty.org
mcphersoncountyks.us,McPherson County,McPherson County,KS,City,Q376803,http://McPhersonCountyKS.us
mcks.org,Mitchell County,Mitchell County,KS,City,Q376838,http://www.mcks.org
lanecountyks.org,Lane County,Lane County,KS,City,Q376849,http://www.lanecountyks.org/
lincolncoks.com,Lincoln County,Lincoln County,KS,City,Q376876,http://www.LincolnCoKS.com
wabaunsee.kansasgov.com,Wabaunsee County,Wabaunsee County,KS,City,Q376899,http://Wabaunsee.KansasGov.com
pottcounty.org,Pottawatomie County,Pottawatomie County,KS,City,Q376947,http://www.PottCounty.org
marshall.kansasgov.com,Marshall County,Marshall County,KS,City,Q377011,http://www.marshall.kansasgov.com
stantoncountyks.com,Stanton County,Stanton County,KS,City,Q377035,http://StantonCountyKS.com
ks-jackson.manatron.com,Jackson County,Jackson County,KS,City,Q377046,http://ks-jackson.manatron.com
sewardcountyks.org,Seward County,Seward County,KS,City,Q377122,http://SewardCountyKS.org
greeleycounty.org,Greeley County,Greeley County,KS,City,Q377131,http://greeleycounty.org
gearycounty.org,Geary County,Geary County,KS,City,Q377148,https://www.gearycounty.org/
hamiltoncountyks.com,Hamilton County,Hamilton County,KS,City,Q377157,http://HamiltonCountyKS.com
mtcoks.com,Morton County,Morton County,KS,City,Q377181,http://www.mtcoks.com
andersoncountyks.org,Anderson County,Anderson County,KS,City,Q377234,http://AndersonCountyKS.org
woodsoncounty.net,Woodson County,Woodson County,KS,City,Q379540,http://WoodsonCounty.net
nemaha.kansasgov.com,Nemaha County,Nemaha County,KS,City,Q379585,http://www.Nemaha.KansasGov.com
grayco.org,Gray County,Gray County,KS,City,Q379654,http://www.GrayCo.org
renogov.org,Reno County,Reno County,KS,City,Q379657,http://www.RenoGov.org
kiowacountyks.org,Kiowa County,Kiowa County,KS,City,Q379663,http://KiowaCountyKS.org
rookscounty.net,Rooks County,Rooks County,KS,City,Q379665,http://RooksCounty.net
elliottcounty.ky.gov,Elliott County,Elliott County,KY,City,Q400753,http://elliottcounty.ky.gov
daviessky.org,Daviess County,Daviess County,KY,City,Q400757,http://www.daviessky.org
stevenscoks.org,Stevens County,Stevens County,KS,City,Q402259,https://stevenscoks.org
clarkcoky.com,Clark County,Clark County,KY,City,Q486048,https://www.clarkcoky.com/
owingsville.com,Bath County,Bath County,KY,City,Q486060,http://owingsville.com
allencountykentucky.com,Allen County,Allen County,KY,City,Q486067,http://www.allencountykentucky.com
estillcountyky.net,Estill County,Estill County,KY,City,Q486071,http://www.estillcountyky.net
butlercounty.ky.gov,Butler County,Butler County,KY,City,Q486075,http://www.butlercounty.ky.gov
barrencounty.com,Barren County,Barren County,KY,City,Q486081,http://www.barrencounty.com
parisky.com,Bourbon County,Bourbon County,KY,City,Q486105,http://www.parisky.com
boyleky.com,Boyle County,Boyle County,KY,City,Q486920,http://www.boyleky.com
jessamineco.com,Jessamine County,Jessamine County,KY,City,Q491108,http://www.jessamineco.com
masoncountykentucky.com,Mason County,Mason County,KY,City,Q491112,http://www.masoncountykentucky.com
powellcounty.ky.gov,Powell County,Powell County,KY,City,Q491116,http://www.powellcounty.ky.gov
leecounty.ky.gov,Lee County,Lee County,KY,City,Q491136,http://www.leecounty.ky.gov
logancounty.ky.gov,Logan County,Logan County,KY,City,Q491479,https://logancounty.ky.gov/Pages/default.aspx
fultoncounty.ky.gov,Fulton County,Fulton County,KY,City,Q491831,http://www.fultoncounty.ky.gov/
carlislecounty.ky.gov,Carlisle County,Carlisle County,KY,City,Q491837,https://carlislecounty.ky.gov/Pages/default.aspx
breathittcounty.ky.gov,Breathitt County,Breathitt County,KY,City,Q491843,http://breathittcounty.ky.gov
albanyclintonco.com,Clinton County,Clinton County,KY,City,Q491850,http://www.albanyclintonco.com
breckinridgecounty.net,Breckinridge County,Breckinridge County,KY,City,Q491862,http://www.breckinridgecounty.net
ballardcounty.ky.gov,Ballard County,Ballard County,KY,City,Q491872,https://ballardcounty.ky.gov/Pages/default.aspx
hcky.org,Hardin County,Hardin County,KY,City,Q491878,http://www.hcky.org
hendersonky.us,Henderson County,Henderson County,KY,City,Q491894,https://hendersonky.us/
carrollcountyky.com,Carroll County,Carroll County,KY,City,Q491899,http://www.carrollcountyky.com
libertykentucky.org,Casey County,Casey County,KY,City,Q491903,http://www.libertykentucky.org
hartcountyky.org,Hart County,Hart County,KY,City,Q491911,http://www.hartcountyky.org
franklincounty.ky.gov,Franklin County,Franklin County,KY,City,Q491919,https://franklincounty.ky.gov/
callowaycounty-ky.gov,Calloway County,Calloway County,KY,City,Q491927,http://www.callowaycounty-ky.gov
campbellcountyky.org,Campbell County,Campbell County,KY,City,Q491936,http://www.campbellcountyky.org
bellcountychamber.com,Bell County,Bell County,KY,City,Q491941,http://www.bellcountychamber.com
brackencounty.ky.gov,Bracken County,Bracken County,KY,City,Q491945,http://www.brackencounty.ky.gov
grantcounty.ky.gov,Grant County,Grant County,KY,City,Q491959,http://grantcounty.ky.gov
claycounty.ky.gov,Clay County,Clay County,KY,City,Q491966,https://claycounty.ky.gov/
harrisoncountyfiscalcourt.com,Harrison County,Harrison County,KY,City,Q491970,http://www.harrisoncountyfiscalcourt.com
bullittcounty.ky.gov,Bullitt County,Bullitt County,KY,City,Q491976,http://bullittcounty.ky.gov
caldwellcounty.ky.gov,Caldwell County,Caldwell County,KY,City,Q491982,http://www.caldwellcounty.ky.gov
garrardcounty.us,Garrard County,Garrard County,KY,City,Q491988,https://garrardcounty.us/
hancockky.us,Hancock County,Hancock County,KY,City,Q491991,http://www.hancockky.us
boydcountyky.com,Boyd County,Boyd County,KY,City,Q491996,http://www.boydcountyky.com
pikecountyky.gov,Pike County,Pike County,KY,City,Q496729,http://www.pikecountyky.gov/
owencounty.ky.gov,Owen County,Owen County,KY,City,Q496771,http://www.owencounty.ky.gov
pendletoncounty.ky.gov,Pendleton County,Pendleton County,KY,City,Q497707,http://pendletoncounty.ky.gov
scottky.com,Scott County,Scott County,KY,City,Q498028,http://www.scottky.com
knottky.com,Knott County,Knott County,KY,City,Q498058,http://www.knottky.com
lincolnky.com,Lincoln County,Lincoln County,KY,City,Q498066,http://www.lincolnky.com
lewischamber.com,Lewis County,Lewis County,KY,City,Q498072,http://www.lewischamber.com
muhlenbergcounty.ky.gov,Muhlenberg County,Muhlenberg County,KY,City,Q498077,https://muhlenbergcounty.ky.gov/Pages/index.aspx
johnsoncountyky.com,Johnson County,Johnson County,KY,City,Q498104,http://www.johnsoncountyky.com
kentoncounty.org,Kenton County,Kenton County,KY,City,Q498116,https://kentoncounty.org
menifeecounty.ky.gov,Menifee County,Menifee County,KY,City,Q498123,http://www.menifeecounty.ky.gov
laruecounty.org,LaRue County,LaRue County,KY,City,Q498128,http://www.laruecounty.org
marioncounty.ky.gov,Marion County,Marion County,KY,City,Q498148,http://www.marioncounty.ky.gov
gallatincounty.ky.gov,Gallatin County,Gallatin County,KY,City,Q500654,http://gallatincounty.ky.gov
ohiocounty.ky.gov,Ohio County,Ohio County,KY,City,Q500663,http://www.ohiocounty.ky.gov
tourgreenupcounty.com,Greenup County,Greenup County,KY,City,Q500670,http://www.tourgreenupcounty.com
graysoncountychamber.com,Grayson County,Grayson County,KY,City,Q500674,http://www.graysoncountychamber.com
jacksoncountyky.us,Jackson County,Jackson County,KY,City,Q500686,http://www.jacksoncountyky.us
gravescountyky.com,Graves County,Graves County,KY,City,Q500698,http://www.gravescountyky.com
norfolkcounty.org,Norfolk County,Norfolk County,MA,City,Q54079,https://www.norfolkcounty.org/
countyofbristol.net,Bristol County,Bristol County,MA,City,Q54082,https://countyofbristol.net
plymouthcounty-ma.gov,Plymouth County,Plymouth County,MA,City,Q54086,http://www.plymouthcounty-ma.gov
barnstablecounty.org,Barnstable County,Barnstable County,MA,City,Q54089,http://www.barnstablecounty.org
dukescounty.org,Dukes County,Dukes County,MA,City,Q54091,http://www.dukescounty.org
pvpc.org,Hampden County,Hampden County,MA,City,Q54160,http://www.pvpc.org
hampshirecog.org,Hampshire County,Hampshire County,MA,City,Q54161,http://www.hampshirecog.org
frcog.org,Franklin County,Franklin County,MA,City,Q54163,https://frcog.org/
alleganygov.org,Allegany County,Allegany County,MD,City,Q156257,https://www.alleganygov.org/
ccgov.org,Cecil County,Cecil County,MD,City,Q385365,https://www.ccgov.org/
aacounty.org,Anne Arundel County,Anne Arundel County,MD,City,Q488701,https://www.aacounty.org/
aroostook.me.us,Aroostook County,Aroostook County,ME,City,Q491046,https://aroostook.me.us/
androscoggincounty.com,Androscoggin County,Androscoggin County,ME,City,Q491954,http://www.androscoggincounty.com/
co.worcester.md.us,Worcester County,Worcester County,MD,City,Q494072,http://www.co.worcester.md.us
kentcounty.com,Kent County,Kent County,MD,City,Q494228,https://kentcounty.com
kennebeccounty.org,Kennebec County,Kennebec County,ME,City,Q497172,https://kennebeccounty.org/
cumberlandcounty.org,Cumberland County,Cumberland County,ME,City,Q497788,http://www.cumberlandcounty.org
floydcountykentucky.com,Floyd County,Floyd County,KY,City,Q500702,http://www.floydcountykentucky.com
mercercounty.ky.gov,Mercer County,Mercer County,KY,City,Q500711,http://www.mercercounty.ky.gov
henrycountygov.com,Henry County,Henry County,KY,City,Q500734,http://www.henrycountygov.com
edmonsoncounty.ky.gov,Edmonson County,Edmonson County,KY,City,Q500742,http://www.edmonsoncounty.ky.gov
harlancountyclerk.com,Harlan County,Harlan County,KY,City,Q500751,https://www.harlancountyclerk.com/
knoxfiscalcourt.com,Knox County,Knox County,KY,City,Q500767,https://knoxfiscalcourt.com/
hopkinscounty.ky.gov,Hopkins County,Hopkins County,KY,City,Q501092,http://hopkinscounty.ky.gov/
madisoncountyky.us,Madison County,Madison County,KY,City,Q501172,http://www.madisoncountyky.us
garrettcounty.org,Garrett County,Garrett County,MD,City,Q501236,https://www.garrettcounty.org/
carolinemd.org,Caroline County,Caroline County,MD,City,Q501242,https://www.carolinemd.org/
dorchestercountymd.com,Dorchester County,Dorchester County,MD,City,Q501263,https://dorchestercountymd.com/
co.cal.md.us,Calvert County,Calvert County,MD,City,Q501277,http://www.co.cal.md.us/
oxfordcounty.org,Oxford County,Oxford County,ME,City,Q502592,http://www.oxfordcounty.org
ucky.org,Union County,Union County,KY,City,Q502707,http://www.ucky.org
lawrencecoky.com,Lawrence County,Lawrence County,KY,City,Q502715,http://www.lawrencecoky.com
toddcounty.ky.gov,Todd County,Todd County,KY,City,Q502920,http://www.toddcounty.ky.gov
washingtoncountyky.com,Washington County,Washington County,KY,City,Q502929,http://www.washingtoncountyky.com
monticellokychamber.com,Wayne County,Wayne County,KY,City,Q502952,http://www.monticellokychamber.com
woodfordcounty.ky.gov,Woodford County,Woodford County,KY,City,Q503442,https://woodfordcounty.ky.gov
robertsoncounty.ky.gov,Robertson County,Robertson County,KY,City,Q503468,http://www.robertsoncounty.ky.gov
mcleancounty.ky.gov,McLean County,McLean County,KY,City,Q503495,http://www.mcleancounty.ky.gov
lesliecounty.ky.gov,Leslie County,Leslie County,KY,City,Q503501,http://www.lesliecounty.ky.gov
morgancounty.ky.gov,Morgan County,Morgan County,KY,City,Q503505,http://www.morgancounty.ky.gov
martincountykentucky.com,Martin County,Martin County,KY,City,Q503521,http://www.martincountykentucky.com
magoffincounty.ky.gov,Magoffin County,Magoffin County,KY,City,Q503554,http://magoffincounty.ky.gov/
nicholascounty.ky.gov,Nicholas County,Nicholas County,KY,City,Q503583,http://nicholascounty.ky.gov
metcalfecounty.com,Metcalfe County,Metcalfe County,KY,City,Q505287,http://www.metcalfecounty.com
perrycounty.ky.gov,Perry County,Perry County,KY,City,Q505387,https://perrycounty.ky.gov
trimblecounty.ky.gov,Trimble County,Trimble County,KY,City,Q505398,http://www.trimblecounty.ky.gov
livingstonco.ky.gov,Livingston County,Livingston County,KY,City,Q505411,http://www.livingstonco.ky.gov
mccrearycounty.com,McCreary County,McCreary County,KY,City,Q505428,http://www.mccrearycounty.com
visitmeadecounty.org,Meade County,Meade County,KY,City,Q505438,http://www.visitmeadecounty.org
monroecounty.ky.gov,Monroe County,Monroe County,KY,City,Q505453,http://www.monroecounty.ky.gov
letchercounty.ky.gov,Letcher County,Letcher County,KY,City,Q505499,http://www.letchercounty.ky.gov
moreheadrowan.org,Rowan County,Rowan County,KY,City,Q505510,http://www.moreheadrowan.org/rowancounty/
somersetpulaskichamber.com,Pulaski County,Pulaski County,KY,City,Q506309,http://www.somersetpulaskichamber.com
shelbycounty.ky.gov,Shelby County,Shelby County,KY,City,Q506315,https://shelbycounty.ky.gov
webstercountyky.com,Webster County,Webster County,KY,City,Q506321,http://www.webstercountyky.com
franklincounty.maine.gov,Franklin County,Franklin County,ME,City,Q506326,http://www.franklincounty.maine.gov/
triggcounty.ky.gov,Trigg County,Trigg County,KY,City,Q506332,http://www.triggcounty.ky.gov
whitleycountyfiscalcourt.com,Whitley County,Whitley County,KY,City,Q506342,http://www.whitleycountyfiscalcourt.com
somersetcounty-me.org,Somerset County,Somerset County,ME,City,Q506363,http://somersetcounty-me.org/
mccrackencounty.org,McCracken County,McCracken County,KY,City,Q506370,http://mccrackencounty.org
rockcastlecountyky.com,Rockcastle County,Rockcastle County,KY,City,Q506385,https://rockcastlecountyky.com/
rockcastletourism.com,Rockcastle County,Rockcastle County,KY,City,Q506385,https://www.rockcastletourism.com
sagcounty.com,Sagadahoc County,Sagadahoc County,ME,City,Q507216,http://www.sagcounty.com
co.lincoln.me.us,Lincoln County,Lincoln County,ME,City,Q507230,http://co.lincoln.me.us
piscataquis.us,Piscataquis County,Piscataquis County,ME,City,Q507244,https://www.piscataquis.us/
wicomicocounty.org,Wicomico County,Wicomico County,MD,City,Q511106,http://www.wicomicocounty.org
co.somerset.md.us,Somerset County,Somerset County,MD,City,Q511135,http://www.co.somerset.md.us
qac.org,Queen Anne's County,Queen Anne's County,MD,City,Q511150,http://www.qac.org
washco-md.net,Washington County,Washington County,MD,City,Q511164,https://www.washco-md.net/
nelsoncountyky.com,Nelson County,Nelson County,KY,City,Q594313,http://www.nelsoncountyky.com
flemingkychamber.com,Fleming County,Fleming County,KY,City,Q888563,http://www.flemingkychamber.com
penobscot-county.net,Penobscot County,Penobscot County,ME,City,Q1124743,http://www.penobscot-county.net/
co.camden.ga.us,Camden County,Camden County,GA,City,Q110504,http://www.co.camden.ga.us
benhillcounty.com,Ben Hill County,Ben Hill County,GA,City,Q111867,http://www.benhillcounty.com
coweta.ga.us,Coweta County,Coweta County,GA,City,Q111928,http://www.coweta.ga.us
athensclarkecounty.com,Clarke County,Clarke County,GA,City,Q112061,http://www.athensclarkecounty.com
ccboc.com,Colquitt County,Colquitt County,GA,City,Q113005,http://www.ccboc.com/
dodgecountyga.com,Dodge County,Dodge County,GA,City,Q115272,http://www.dodgecountyga.com
taliaferrocountyga.org,Taliaferro County,Taliaferro County,GA,City,Q134080,http://taliaferrocountyga.org/
madisoncountyga.us,Madison County,Madison County,GA,City,Q156387,http://www.madisoncountyga.us
cookcountyga.us,Cook County,Cook County,GA,City,Q156431,http://www.cookcountyga.us
crispcounty.com,Crisp County,Crisp County,GA,City,Q156486,http://www.crispcounty.com
coffeecountygov.com,Coffee County,Coffee County,GA,City,Q156503,http://www.coffeecountygov.com/
claycountyga.org,Clay County,Clay County,GA,City,Q156580,http://www.claycountyga.org/
calhouncountyga.com,Calhoun County,Calhoun County,GA,City,Q156632,http://calhouncountyga.com
effga.com,Effingham County,Effingham County,GA,City,Q156637,http://www.effga.com
johnsonco.org,Johnson County,Johnson County,GA,City,Q163529,http://www.johnsonco.org
dougherty.ga.us,Dougherty County,Dougherty County,GA,City,Q176480,https://www.dougherty.ga.us/
gordoncounty.org,Gordon County,Gordon County,GA,City,Q200696,http://www.gordoncounty.org
jaspercountyga.org,Jasper County,Jasper County,GA,City,Q224910,https://jaspercountyga.org/
catoosa.com,Catoosa County,Catoosa County,GA,City,Q260871,http://www.catoosa.com
bakercountyga.com,Baker County,Baker County,GA,City,Q376990,https://www.bakercountyga.com/
chathamcounty.org,Chatham County,Chatham County,GA,City,Q384890,http://www.chathamcounty.org
franklin-county.com,Franklin County,Franklin County,GA,City,Q385931,https://www.franklin-county.com/
schleycountyga.us,Schley County,Schley County,GA,City,Q387216,https://schleycountyga.us/
jenkinscountyga.com,Jenkins County,Jenkins County,GA,City,Q389551,http://www.jenkinscountyga.com
glascockcountyga.com,Glascock County,Glascock County,GA,City,Q477951,http://www.glascockcountyga.com
cobbcounty.org,Cobb County,Cobb County,GA,City,Q484247,http://www.cobbcounty.org
jacksoncountygov.com,Jackson County,Jackson County,GA,City,Q486137,http://www.jacksoncountygov.com
worthcountyboc.com,Worth County,Worth County,GA,City,Q486154,https://worthcountyboc.com
clinchcountyga.com,Clinch County,Clinch County,GA,City,Q486167,https://www.clinchcountyga.com/
chattoogacounty.org,Chattooga County,Chattooga County,GA,City,Q486179,https://chattoogacounty.org/
wilkinsoncounty.net,Wilkinson County,Wilkinson County,GA,City,Q486317,http://www.wilkinsoncounty.net
douglascountygeorgia.com,Douglas County,Douglas County,GA,City,Q486325,http://www.douglascountygeorgia.com
marioncountyga.org,Marion County,Marion County,GA,City,Q486344,https://www.marioncountyga.org/
heardcountyga.com,Heard County,Heard County,GA,City,Q486348,http://HeardCountyGA.com
houstoncountyga.com,Houston County,Houston County,GA,City,Q486362,http://www.houstoncountyga.com
jeffersoncounty.org,Jefferson County,Jefferson County,GA,City,Q486386,http://www.jeffersoncounty.org
ugoccc.us,Chattahoochee County,Chattahoochee County,GA,City,Q486394,http://www.ugoccc.us
crawfordcountyga.org,Crawford County,Crawford County,GA,City,Q486401,https://www.crawfordcountyga.org/
charltoncountyga.us,Charlton County,Charlton County,GA,City,Q486659,https://www.charltoncountyga.us/
cherokeega.com,Cherokee County,Cherokee County,GA,City,Q486664,http://www.cherokeega.com
earlycounty.georgia.gov,Early County,Early County,GA,City,Q486757,http://earlycounty.georgia.gov/
wilcoxcounty.live-website.com,Wilcox County,Wilcox County,GA,City,Q486791,https://wilcoxcounty.live-website.com/
barrowga.org,Barrow County,Barrow County,GA,City,Q486838,http://www.barrowga.org
bleckley.org,Bleckley County,Bleckley County,GA,City,Q486843,https://bleckley.org/
bryancountyga.org,Bryan County,Bryan County,GA,City,Q486848,http://www.bryancountyga.org/
glynncounty.org,Glynn County,Glynn County,GA,City,Q487016,http://www.glynncounty.org
libertycountyga.com,Liberty County,Liberty County,GA,City,Q487692,http://www.libertycountyga.com/
bullochcounty.net,Bulloch County,Bulloch County,GA,City,Q488166,http://www.bullochcounty.net
brookscountyga.us,Brooks County,Brooks County,GA,City,Q488175,http://www.brookscountyga.us
bartowga.org,Bartow County,Bartow County,GA,City,Q488181,http://www.bartowga.org
atkinson-ga.org,Atkinson County,Atkinson County,GA,City,Q488194,http://www.atkinson-ga.org
bankscountyga.org,Banks County,Banks County,GA,City,Q488201,http://www.bankscountyga.org
baldwincountyga.com,Baldwin County,Baldwin County,GA,City,Q488206,http://www.baldwincountyga.com
buttscountyga.com,Butts County,Butts County,GA,City,Q488210,https://buttscountyga.com/
baconcounty.org,Bacon County,Bacon County,GA,City,Q488219,https://baconcounty.org/
berriencountygeorgia.com,Berrien County,Berrien County,GA,City,Q488868,http://www.berriencountygeorgia.com
gwinnettcounty.com,Gwinnett County,Gwinnett County,GA,City,Q490065,http://www.gwinnettcounty.com
lee.ga.us,Lee County,Lee County,GA,City,Q491508,http://www.lee.ga.us/
webstercountyga.org,Webster County,Webster County,GA,City,Q491514,http://www.webstercountyga.org
lincolncountyga.com,Lincoln County,Lincoln County,GA,City,Q491519,http://www.lincolncountyga.com
onlineoglethorpe.com,Oglethorpe County,Oglethorpe County,GA,City,Q491525,http://onlineoglethorpe.com/
warrencountyga.com,Warren County,Warren County,GA,City,Q491529,https://www.warrencountyga.com/
pikecounty.us,Pike County,Pike County,GA,City,Q491533,http://www.pikecounty.us
broward.org,Broward County,Broward County,FL,City,Q494624,https://www.broward.org/
pascocountyfl.net,Pasco County,Pasco County,FL,City,Q500992,http://www.pascocountyfl.net
marioncountyfl.org,Marion County,Marion County,FL,City,Q501014,http://www.marioncountyfl.org
levycounty.org,Levy County,Levy County,FL,City,Q501022,http://www.levycounty.org
suwclerk.org,Suwannee County,Suwannee County,FL,City,Q501036,http://www.suwclerk.org/bcc.html
polk-county.net,Polk County,Polk County,FL,City,Q501043,http://www.polk-county.net
myunioncounty.com,Union County,Union County,FL,City,Q501078,http://myunioncounty.com
co.adams.id.us,Adams County,Adams County,ID,City,Q109815,http://www.co.adams.id.us
adaweb.net,Ada County,Ada County,ID,City,Q109820,http://www.adaweb.net
buttecountyid.us,Butte County,Butte County,ID,City,Q111298,https://buttecountyid.us/
bannockcounty.us,Bannock County,Bannock County,ID,City,Q113017,http://www.bannockcounty.us
clark-co.id.gov,Clark County,Clark County,ID,City,Q156448,http://www.clark-co.id.gov/
clearwatercounty.org,Clearwater County,Clearwater County,ID,City,Q175799,http://www.clearwatercounty.org/
latah.id.us,Latah County,Latah County,ID,City,Q284840,http://www.latah.id.us
co.bonner.id.us,Bonner County,Bonner County,ID,City,Q483932,http://www.co.bonner.id.us
cassiacounty.org,Cassia County,Cassia County,ID,City,Q483947,http://www.cassiacounty.org
co.washington.id.us,Washington County,Washington County,ID,City,Q486040,http://www.co.washington.id.us
camascounty.id.gov,Camas County,Camas County,ID,City,Q486054,http://camascounty.id.gov/
canyonco.org,Canyon County,Canyon County,ID,City,Q486078,http://www.canyonco.org
elmorecounty.org,Elmore County,Elmore County,ID,City,Q486336,http://elmorecounty.org
boisecounty.us,Boise County,Boise County,ID,City,Q486357,http://www.boisecounty.us/Department/243/visit_boise_county_page.aspx
boundarycountyid.org,Boundary County,Boundary County,ID,City,Q486366,http://www.boundarycountyid.org
bearlakecounty.info,Bear Lake County,Bear Lake County,ID,City,Q486372,http://www.bearlakecounty.info
whitfieldcountyga.com,Whitfield County,Whitfield County,GA,City,Q491537,http://www.whitfieldcountyga.com
peachcounty.net,Peach County,Peach County,GA,City,Q491553,http://www.peachcounty.net
laurenscoga.org,Laurens County,Laurens County,GA,City,Q491556,http://www.laurenscoga.org
washingtonwilkes.org,Wilkes County,Wilkes County,GA,City,Q491759,http://www.washingtonwilkes.org
co.wayne.ga.us,Wayne County,Wayne County,GA,City,Q491762,http://www.co.wayne.ga.us/home/
hallcounty.org,Hall County,Hall County,GA,City,Q492012,http://www.hallcounty.org
elbertco.net,Elbert County,Elbert County,GA,City,Q492016,http://www.elbertco.net
maconcountyga.org,Macon County,Macon County,GA,City,Q492021,http://www.maconcountyga.org/
oconeecounty.com,Oconee County,Oconee County,GA,City,Q492026,http://www.oconeecounty.com
dawsoncounty.org,Dawson County,Dawson County,GA,City,Q492032,http://www.dawsoncounty.org/
doolycountyga.com,Dooly County,Dooly County,GA,City,Q492036,https://doolycountyga.com/
muscogeecounty.net,Muscogee County,Muscogee County,GA,City,Q492048,http://www.muscogeecounty.net
ocillachamber.net,Irwin County,Irwin County,GA,City,Q492057,http://www.ocillachamber.net
laniercountyboc.com,Lanier County,Lanier County,GA,City,Q492070,http://laniercountyboc.com/
mcintoshcounty.com,McIntosh County,McIntosh County,GA,City,Q492652,http://www.mcintoshcounty.com/
monroecountygeorgia.com,Monroe County,Monroe County,GA,City,Q493024,http://www.monroecountygeorgia.com/
echolscountygeorgia.com,Echols County,Echols County,GA,City,Q493029,http://www.echolscountygeorgia.com
longcountyboc.com,Long County,Long County,GA,City,Q493033,http://www.longcountyboc.com/
jonescountyga.org,Jones County,Jones County,GA,City,Q493040,http://www.jonescountyga.org/
evanscounty.org,Evans County,Evans County,GA,City,Q493044,http://www.evanscounty.org
lamarcountyga.com,Lamar County,Lamar County,GA,City,Q493049,https://lamarcountyga.com
hazlehurst-jeffdavis.com,Jeff Davis County,Jeff Davis County,GA,City,Q493071,http://www.hazlehurst-jeffdavis.com
murraycountyga.org,Murray County,Murray County,GA,City,Q493074,http://www.murraycountyga.org/
fannincountyga.org,Fannin County,Fannin County,GA,City,Q493079,http://fannincountyga.org/
morganga.org,Morgan County,Morgan County,GA,City,Q493083,https://www.morganga.org
carrollcountyga.com,Carroll County,Carroll County,GA,City,Q493088,http://www.carrollcountyga.com
forsythco.com,Forsyth County,Forsyth County,GA,City,Q493092,http://www.forsythco.com
mitchellcountyga.net,Mitchell County,Mitchell County,GA,City,Q493102,http://www.mitchellcountyga.net
colquitt-georgia.com,Miller County,Miller County,GA,City,Q493107,http://www.colquitt-georgia.com/
montgomerycountyga.gov,Montgomery County,Montgomery County,GA,City,Q493125,http://montgomerycountyga.gov
lowndescounty.com,Lowndes County,Lowndes County,GA,City,Q493134,http://www.lowndescounty.com
washingtoncountyga.com,Washington County,Washington County,GA,City,Q498286,https://www.washingtoncountyga.com
troupcountyga.org,Troup County,Troup County,GA,City,Q498295,http://www.troupcountyga.org
hawkinsville.org,Pulaski County,Pulaski County,GA,City,Q498301,http://www.hawkinsville.org
randolph.southwest-ga.com,Randolph County,Randolph County,GA,City,Q498307,http://randolph.southwest-ga.com
waltoncountyga.org,Walton County,Walton County,GA,City,Q498312,http://www.waltoncountyga.org
walkercountytax.com,Walker County,Walker County,GA,City,Q498321,http://www.walkercountytax.com
thomascountyboc.org,Thomas County,Thomas County,GA,City,Q498327,http://www.thomascountyboc.org
wheelercounty.georgia.gov,Wheeler County,Wheeler County,GA,City,Q498332,http://wheelercounty.georgia.gov/
turnercountygeorgia.com,Turner County,Turner County,GA,City,Q498336,http://www.turnercountygeorgia.com
putnamcountyga.us,Putnam County,Putnam County,GA,City,Q498341,http://www.putnamcountyga.us
tiftcounty.org,Tift County,Tift County,GA,City,Q498346,http://www.tiftcounty.org
warecounty.com,Ware County,Ware County,GA,City,Q498353,http://www.warecounty.com
talbotcountyga.org,Talbot County,Talbot County,GA,City,Q498356,https://talbotcountyga.org/
seminolecountyga.com,Seminole County,Seminole County,GA,City,Q498372,http://www.seminolecountyga.com
upsoncountyga.org,Upson County,Upson County,GA,City,Q498377,http://www.upsoncountyga.org
polkcountygeorgia.us,Polk County,Polk County,GA,City,Q498395,http://www.polkcountygeorgia.us/
rockdalecounty.org,Rockdale County,Rockdale County,GA,City,Q498621,http://www.rockdalecounty.org
gqc-ga.org,Quitman County,Quitman County,GA,City,Q498684,https://www.gqc-ga.org/
co.habersham.ga.us,Habersham County,Habersham County,GA,City,Q501096,http://www.co.habersham.ga.us
co.newton.ga.us,Newton County,Newton County,GA,City,Q501101,http://www.co.newton.ga.us
co.okeechobee.fl.us,Okeechobee County,Okeechobee County,FL,City,Q501123,http://www.co.okeechobee.fl.us
meriwethercountyga.us,Meriwether County,Meriwether County,GA,City,Q501151,http://meriwethercountyga.us
scgov.net,Sarasota County,Sarasota County,FL,City,Q501163,https://www.scgov.net/
gadsdengov.net,Gadsden County,Gadsden County,FL,City,Q501848,http://www.gadsdengov.net
putnam-fl.com,Putnam County,Putnam County,FL,City,Q503059,https://www.putnam-fl.com/
taylorcountygov.com,Taylor County,Taylor County,FL,City,Q503064,https://www.taylorcountygov.com/
treutlencountygov.com,Treutlen County,Treutlen County,GA,City,Q503071,https://treutlencountygov.com/
sumtercountyga.us,Sumter County,Sumter County,GA,City,Q503076,http://www.sumtercountyga.us
co.walton.fl.us,Walton County,Walton County,FL,City,Q503455,http://www.co.walton.fl.us
spaldingcounty.com,Spalding County,Spalding County,GA,City,Q503486,http://www.spaldingcounty.com
terrellcounty-ga.com,Terrell County,Terrell County,GA,City,Q503492,http://www.terrellcounty-ga.com
mywakulla.com,Wakulla County,Wakulla County,FL,City,Q505417,http://www.mywakulla.com
martin.fl.us,Martin County,Martin County,FL,City,Q648752,https://www.martin.fl.us
screvencountyboc.com,Screven County,Screven County,GA,City,Q503511,https://www.screvencountyboc.com/
townscountyga.com,Towns County,Towns County,GA,City,Q503538,http://www.townscountyga.com
rabuncounty.ga.gov,Rabun County,Rabun County,GA,City,Q503546,http://www.rabuncounty.ga.gov
twiggscounty.us,Twiggs County,Twiggs County,GA,City,Q503551,http://www.twiggscounty.us
taylorcountyga.com,Taylor County,Taylor County,GA,City,Q505299,https://taylorcountyga.com/
tattnallcountyga.com,Tattnall County,Tattnall County,GA,City,Q505310,https://www.tattnallcountyga.com/
telfairco.org,Telfair County,Telfair County,GA,City,Q691614,http://www.telfairco.org/
lagrangecounty.org,LaGrange County,LaGrange County,IN,City,Q24464,http://www.lagrangecounty.org
elkhartcountyindiana.com,Elkhart County,Elkhart County,IN,City,Q24645,http://www.elkhartcountyindiana.com
co.steuben.in.us,Steuben County,Steuben County,IN,City,Q24646,https://www.co.steuben.in.us/
laportecounty.org,LaPorte County,LaPorte County,IN,City,Q24648,http://www.laportecounty.org
floydcounty.in.gov,Floyd County,Floyd County,IN,City,Q164603,http://www.floydcounty.in.gov
daviess.org,Daviess County,Daviess County,IN,City,Q220005,http://www.daviess.org/
washingtoncounty.in.gov,Washington County,Washington County,IN,City,Q304671,https://www.washingtoncounty.in.gov/
co.adams.in.us,Adams County,Adams County,IN,City,Q351808,http://www.co.adams.in.us
scottcounty.in.gov,Scott County,Scott County,IN,City,Q366871,https://www.scottcounty.in.gov/
newtoncounty.in.gov,Newton County,Newton County,IN,City,Q367632,http://www.newtoncounty.in.gov/
sullivancountyindiana.us,Sullivan County,Sullivan County,IN,City,Q426746,http://www.sullivancountyindiana.us/
co.shelby.in.us,Shelby County,Shelby County,IN,City,Q431826,https://www.co.shelby.in.us/
idaho.gov,Benewah County,Benewah County,ID,City,Q486376,https://www.idaho.gov/counties/benewah/
lincolncountyid.us,Lincoln County,Lincoln County,ID,City,Q486994,http://www.lincolncountyid.us/
lemhicountyidaho.org,Lemhi County,Lemhi County,ID,City,Q487415,http://www.lemhicountyidaho.org
cariboucounty.us,Caribou County,Caribou County,ID,City,Q488481,https://www.cariboucounty.us/
co.custer.id.us,Custer County,Custer County,ID,City,Q488512,http://www.co.custer.id.us/
co.bingham.id.us,Bingham County,Bingham County,ID,City,Q488548,http://www.co.bingham.id.us
co.blaine.id.us,Blaine County,Blaine County,ID,City,Q488582,http://www.co.blaine.id.us
minidoka.id.us,Minidoka County,Minidoka County,ID,City,Q491052,http://www.minidoka.id.us
lewiscountyid.us,Lewis County,Lewis County,ID,City,Q491073,http://lewiscountyid.us/
co.power.id.us,Power County,Power County,ID,City,Q491311,http://www.co.power.id.us
owyheecounty.net,Owyhee County,Owyhee County,ID,City,Q491316,http://owyheecounty.net
co.valley.id.us,Valley County,Valley County,ID,City,Q491327,http://www.co.valley.id.us/
oneidacountyid.com,Oneida County,Oneida County,ID,City,Q491331,http://oneidacountyid.com/
twinfallscounty.org,Twin Falls County,Twin Falls County,ID,City,Q491339,http://www.twinfallscounty.org
payettecounty.org,Payette County,Payette County,ID,City,Q491432,http://www.payettecounty.org
co.madison.id.us,Madison County,Madison County,ID,City,Q491456,https://www.co.madison.id.us/
co.allen.in.us,Allen County,Allen County,IN,City,Q493443,http://www.co.allen.in.us
kcgov.us,Kootenai County,Kootenai County,ID,City,Q494460,http://kcgov.us
idahocounty.org,Idaho County,Idaho County,ID,City,Q494480,http://www.idahocounty.org/
franklincountyidaho.org,Franklin County,Franklin County,ID,City,Q494494,http://franklincountyidaho.org
co.fremont.id.us,Fremont County,Fremont County,ID,City,Q494508,http://www.co.fremont.id.us
co.gem.id.us,Gem County,Gem County,ID,City,Q494514,http://www.co.gem.id.us
shoshonecounty.id.gov,Shoshone County,Shoshone County,ID,City,Q494518,https://shoshonecounty.id.gov/
co.jefferson.id.us,Jefferson County,Jefferson County,ID,City,Q494526,http://www.co.jefferson.id.us
jeromecountyid.us,Jerome County,Jerome County,ID,City,Q494536,http://www.jeromecountyid.us
co.nezperce.id.us,Nez Perce County,Nez Perce County,ID,City,Q494569,http://www.co.nezperce.id.us
goodingcounty.org,Gooding County,Gooding County,ID,City,Q494575,http://www.goodingcounty.org
co.dekalb.in.us,DeKalb County,DeKalb County,IN,City,Q498613,https://www.co.dekalb.in.us/
boonecounty.in.gov,Boone County,Boone County,IN,City,Q499547,http://boonecounty.in.gov
pulaskionline.org,Pulaski County,Pulaski County,IN,City,Q502640,http://www.pulaskionline.org
vermilliongov.us,Vermillion County,Vermillion County,IN,City,Q502933,http://www.vermilliongov.us
co.wayne.in.us,Wayne County,Wayne County,IN,City,Q502959,http://co.wayne.in.us
wellscounty.org,Wells County,Wells County,IN,City,Q503478,http://www.wellscounty.org
bartholomew.in.gov,Bartholomew County,Bartholomew County,IN,City,Q504385,https://www.bartholomew.in.gov/
carrollcountyindiana.com,Carroll County,Carroll County,IN,City,Q504422,https://www.carrollcountyindiana.com/
co.clark.in.us,Clark County,Clark County,IN,City,Q504441,http://www.co.clark.in.us
bentoncounty.in.gov,Benton County,Benton County,IN,City,Q504445,http://www.bentoncounty.in.gov/
blackfordcounty.com,Blackford County,Blackford County,IN,City,Q505272,http://www.blackfordcounty.com
co.cass.in.us,Cass County,Cass County,IN,City,Q505276,http://www.co.cass.in.us
gov.wabash.in.datapitstop.us,Wabash County,Wabash County,IN,City,Q505305,http://gov.wabash.in.datapitstop.us/
vanderburghgov.org,Vanderburgh County,Vanderburgh County,IN,City,Q505333,http://www.vanderburghgov.org
fountaincounty.net,Fountain County,Fountain County,IN,City,Q505354,https://www.fountaincounty.net/
henryco.net,Henry County,Henry County,IN,City,Q506145,http://www.henryco.net/
hamiltoncounty.in.gov,Hamilton County,Hamilton County,IN,City,Q506151,http://www.hamiltoncounty.in.gov
co.fulton.in.us,Fulton County,Fulton County,IN,City,Q506157,https://www.co.fulton.in.us/
gibsoncountyin.org,Gibson County,Gibson County,IN,City,Q506168,http://www.gibsoncountyin.org
hancockcoingov.org,Hancock County,Hancock County,IN,City,Q506172,http://www.hancockcoingov.org
co.greene.in.us,Greene County,Greene County,IN,City,Q506181,https://www.co.greene.in.us/
kcgov.com,Kosciusko County,Kosciusko County,IN,City,Q506376,http://www.kcgov.com
loogootee.com,Martin County,Martin County,IN,City,Q506479,http://www.loogootee.com/government/martincountygovernment.html
co.hendricks.in.us,Hendricks County,Hendricks County,IN,City,Q506489,http://www.co.hendricks.in.us
harrisoncounty.in.gov,Harrison County,Harrison County,IN,City,Q506498,http://harrisoncounty.in.gov
connersvillecommunity.com,Fayette County,Fayette County,IN,City,Q506506,https://www.connersvillecommunity.com/fayette-county/
rushcounty.in.gov,Rush County,Rush County,IN,City,Q506512,http://rushcounty.in.gov
nobleco.squarespace.com,Noble County,Noble County,IN,City,Q506525,http://nobleco.squarespace.com/
co.putnam.in.us,Putnam County,Putnam County,IN,City,Q506531,http://co.putnam.in.us
parkecounty.org,Parke County,Parke County,IN,City,Q506538,http://www.parkecounty.org
ripleycounty.com,Ripley County,Ripley County,IN,City,Q506547,http://www.ripleycounty.com
in.gov,Randolph County,Randolph County,IN,City,Q506552,https://www.in.gov/counties/randolph/
madisoncty.com,Madison County,Madison County,IN,City,Q506557,http://www.madisoncty.com
co.johnson.in.us,Johnson County,Johnson County,IN,City,Q506563,http://www.co.johnson.in.us
co.jay.in.us,Jay County,Jay County,IN,City,Q506574,http://www.co.jay.in.us
grantcounty.net,Grant County,Grant County,IN,City,Q506722,http://www.grantcounty.net/
porterco.org,Porter County,Porter County,IN,City,Q506752,http://www.porterco.org
jacksoncounty.in.gov,Jackson County,Jackson County,IN,City,Q506772,https://jacksoncounty.in.gov
franklincountyin.com,Franklin County,Franklin County,IN,City,Q506779,http://www.franklincountyin.com
spencercounty.in.gov,Spencer County,Spencer County,IN,City,Q507281,http://spencercounty.in.gov/
unioncountyin.gov,Union County,Union County,IN,City,Q507308,http://www.unioncountyin.gov
warrencounty.in.gov,Warren County,Warren County,IN,City,Q507321,http://www.warrencounty.in.gov/
tiptongov.com,Tipton County,Tipton County,IN,City,Q507336,https://www.tiptongov.com/
co.howard.in.us,Howard County,Howard County,IN,City,Q507353,http://www.co.howard.in.us
county.tippecanoe.in.us,Tippecanoe County,Tippecanoe County,IN,City,Q507365,http://www.county.tippecanoe.in.us
co.starke.in.us,Starke County,Starke County,IN,City,Q507382,http://www.co.starke.in.us
whitleygov.com,Whitley County,Whitley County,IN,City,Q507399,https://whitleygov.com/
vigocounty.in.gov,Vigo County,Vigo County,IN,City,Q507414,http://www.vigocounty.in.gov
sjcindiana.gov,St. Joseph County,St. Joseph County,IN,City,Q507427,https://www.sjcindiana.gov/
switzerland-county.com,Switzerland County,Switzerland County,IN,City,Q507459,http://www.switzerland-county.com/
gogebic.org,Gogebic County,Gogebic County,MI,City,Q32348,http://www.gogebic.org
ontonagoncounty.org,Ontonagon County,Ontonagon County,MI,City,Q45438,http://ontonagoncounty.org/
houghtoncounty.net,Houghton County,Houghton County,MI,City,Q45441,http://www.houghtoncounty.net
masoncounty.net,Mason County,Mason County,MI,City,Q63718,https://masoncounty.net
co.muskegon.mi.us,Muskegon County,Muskegon County,MI,City,Q63719,http://www.co.muskegon.mi.us
lakecounty-michigan.com,Lake County,Lake County,MI,City,Q63771,http://www.lakecounty-michigan.com/
oceana.mi.us,Oceana County,Oceana County,MI,City,Q63951,https://oceana.mi.us/
clareco.net,Clare County,Clare County,MI,City,Q63953,http://www.clareco.net
osceola-county.org,Osceola County,Osceola County,MI,City,Q63958,http://www.osceola-county.org
isabellacounty.org,Isabella County,Isabella County,MI,City,Q74628,http://www.isabellacounty.org
co.huron.mi.us,Huron County,Huron County,MI,City,Q74633,http://www.co.huron.mi.us
mecostacounty.org,Mecosta County,Mecosta County,MI,City,Q74686,https://www.mecostacounty.org/
baycounty-mi.gov,Bay County,Bay County,MI,City,Q74704,http://www.baycounty-mi.gov
tuscolacounty.org,Tuscola County,Tuscola County,MI,City,Q82367,http://www.tuscolacounty.org
accesskent.com,Kent County,Kent County,MI,City,Q82499,https://www.accesskent.com/
saginawcounty.com,Saginaw County,Saginaw County,MI,City,Q82505,http://www.saginawcounty.com/
sanilaccounty.net,Sanilac County,Sanilac County,MI,City,Q82510,https://www.sanilaccounty.net/
montcalm.org,Montcalm County,Montcalm County,MI,City,Q82603,http://www.montcalm.org
co.gratiot.mi.us,Gratiot County,Gratiot County,MI,City,Q82605,http://www.co.gratiot.mi.us
ioniacounty.org,Ionia County,Ionia County,MI,City,Q94663,http://www.ioniacounty.org
clinton-county.org,Clinton County,Clinton County,MI,City,Q94669,http://www.clinton-county.org
miottawa.org,Ottawa County,Ottawa County,MI,City,Q94673,http://www.miottawa.org
adamscountyms.net,Adams County,Adams County,MS,City,Q108788,https://www.adamscountyms.net/
calhouncoms.com,Calhoun County,Calhoun County,MS,City,Q109512,http://calhouncoms.com/
alcorncounty.org,Alcorn County,Alcorn County,MS,City,Q111286,http://www.alcorncounty.org
claycountyms.com,Clay County,Clay County,MS,City,Q111291,http://www.claycountyms.com
amitecounty.ms,Amite County,Amite County,MS,City,Q112456,http://www.amitecounty.ms
carrollcountyms.org,Carroll County,Carroll County,MS,City,Q112499,https://carrollcountyms.org/
co.tishomingo.ms.us,Tishomingo County,Tishomingo County,MS,City,Q112834,https://www.co.tishomingo.ms.us/
alconacountymi.com,Alcona County,Alcona County,MI,City,Q112993,http://www.alconacountymi.com
stclaircounty.org,St. Clair County,St. Clair County,MI,City,Q115273,http://www.stclaircounty.org
unioncoms.com,Union County,Union County,MS,City,Q115344,http://unioncoms.com/
visitclarkecounty.com,Clarke County,Clarke County,MS,City,Q115349,http://www.visitclarkecounty.com/
co.bolivar.ms.us,Bolivar County,Bolivar County,MS,City,Q115356,http://www.co.bolivar.ms.us
walthallchamber.com,Walthall County,Walthall County,MS,City,Q115419,https://walthallchamber.com
lapeercountyweb.org,Lapeer County,Lapeer County,MI,City,Q115463,http://lapeercountyweb.org
shiawassee.net,Shiawassee County,Shiawassee County,MI,City,Q115480,https://shiawassee.net
franklincountyms.com,Franklin County,Franklin County,MS,City,Q130006,http://www.franklincountyms.com
jonescounty.com,Jones County,Jones County,MS,City,Q130008,https://jonescounty.com/
humphreyscounty.ms,Humphreys County,Humphreys County,MS,City,Q130009,https://humphreyscounty.ms/
ingham.org,Ingham County,Ingham County,MI,City,Q133853,http://www.ingham.org
barrycounty.org,Barry County,Barry County,MI,City,Q133854,http://www.barrycounty.org
allegancounty.org,Allegan County,Allegan County,MI,City,Q133860,http://www.allegancounty.org
kalcounty.com,Kalamazoo County,Kalamazoo County,MI,City,Q137509,http://www.kalcounty.com
calhouncountymi.org,Calhoun County,Calhoun County,MI,City,Q137516,http://www.calhouncountymi.org
vbco.org,Van Buren County,Van Buren County,MI,City,Q137562,http://www.vbco.org
washtenaw.org,Washtenaw County,Washtenaw County,MI,City,Q137916,https://washtenaw.org
lenawee.mi.us,Lenawee County,Lenawee County,MI,City,Q167565,https://www.lenawee.mi.us/
co.branch.mi.us,Branch County,Branch County,MI,City,Q167580,http://co.branch.mi.us
casscountymi.org,Cass County,Cass County,MI,City,Q167583,http://www.casscountymi.org
stjosephcountymi.org,St. Joseph County,St. Joseph County,MI,City,Q167589,http://www.stjosephcountymi.org
berriencounty.org,Berrien County,Berrien County,MI,City,Q167656,https://www.berriencounty.org
co.monroe.mi.us,Monroe County,Monroe County,MI,City,Q195658,http://www.co.monroe.mi.us
waynecounty.com,Wayne County,Wayne County,MI,City,Q195664,http://www.waynecounty.com
crawfordco.org,Crawford County,Crawford County,MI,City,Q382993,http://www.crawfordco.org
benzieco.net,Benzie County,Benzie County,MI,City,Q486043,http://www.benzieco.net
algercounty.com,Alger County,Alger County,MI,City,Q486210,http://www.algercounty.com
alpenacounty.org,Alpena County,Alpena County,MI,City,Q486293,https://alpenacounty.org
gladwinco.com,Gladwin County,Gladwin County,MI,City,Q490642,http://www.gladwinco.com
co.grand-traverse.mi.us,Grand Traverse County,Grand Traverse County,MI,City,Q490647,http://www.co.grand-traverse.mi.us
lucecountymi.com,Luce County,Luce County,MI,City,Q490649,https://www.lucecountymi.com/
co.hillsdale.mi.us,Hillsdale County,Hillsdale County,MI,City,Q490656,https://www.co.hillsdale.mi.us
antrimcounty.org,Antrim County,Antrim County,MI,City,Q490807,http://www.antrimcounty.org
eatoncounty.org,Eaton County,Eaton County,MI,City,Q490813,http://www.eatoncounty.org
mackinaccounty.net,Mackinac County,Mackinac County,MI,City,Q491121,http://www.mackinaccounty.net
emmetcounty.org,Emmet County,Emmet County,MI,City,Q491129,https://www.emmetcounty.org/
baragacounty.org,Baraga County,Baraga County,MI,City,Q491140,http://www.baragacounty.org
deltacountymi.org,Delta County,Delta County,MI,City,Q491857,http://www.deltacountymi.org
arenaccountygov.com,Arenac County,Arenac County,MI,City,Q491868,http://www.arenaccountygov.com
cheboygancounty.net,Cheboygan County,Cheboygan County,MI,City,Q491889,http://www.cheboygancounty.net
gc4me.com,Genesee County,Genesee County,MI,City,Q497695,http://www.gc4me.com
co.jackson.mi.us,Jackson County,Jackson County,MI,City,Q497702,http://www.co.jackson.mi.us
menomineecounty.com,Menominee County,Menominee County,MI,City,Q497728,http://www.menomineecounty.com
keweenawcountyonline.org,Keweenaw County,Keweenaw County,MI,City,Q497737,http://www.keweenawcountyonline.org
iron.org,Iron County,Iron County,MI,City,Q497999,https://www.iron.org/
charlevoixcounty.org,Charlevoix County,Charlevoix County,MI,City,Q498020,https://www.charlevoixcounty.org/
oakgov.com,Oakland County,Oakland County,MI,City,Q498024,http://www.oakgov.com
co.marquette.mi.us,Marquette County,Marquette County,MI,City,Q498155,http://www.co.marquette.mi.us
montmorencycountymichigan.us,Montmorency County,Montmorency County,MI,City,Q502543,http://www.montmorencycountymichigan.us
schoolcraftcounty.net,Schoolcraft County,Schoolcraft County,MI,City,Q502549,http://www.schoolcraftcounty.net
presqueislecounty.org,Presque Isle County,Presque Isle County,MI,City,Q502560,http://www.presqueislecounty.org
oscodacountymi.com,Oscoda County,Oscoda County,MI,City,Q502576,http://www.OscodaCountyMi.Com
kalkaskacounty.net,Kalkaska County,Kalkaska County,MI,City,Q502719,http://www.kalkaskacounty.net
manisteecounty.net,Manistee County,Manistee County,MI,City,Q502727,http://www.manisteecounty.net
missaukee.org,Missaukee County,Missaukee County,MI,City,Q502729,http://www.missaukee.org
co.livingston.mi.us,Livingston County,Livingston County,MI,City,Q502732,http://www.co.livingston.mi.us
wexfordcounty.org,Wexford County,Wexford County,MI,City,Q506975,http://www.wexfordcounty.org
roscommoncounty.net,Roscommon County,Roscommon County,MI,City,Q506987,http://www.roscommoncounty.net
ogemawcountymi.gov,Ogemaw County,Ogemaw County,MI,City,Q507169,http://www.OgemawCountyMi.Gov
iosco.m33access.com,Iosco County,Iosco County,MI,City,Q926619,http://iosco.m33access.com
labettecounty.com,Labette County,Labette County,KS,City,Q181325,https://www.labettecounty.com/
meadeco.org,Meade County,Meade County,KS,City,Q247715,http://www.MeadeCo.org
sherman.kansasgov.com,Sherman County,Sherman County,KS,City,Q248521,http://www.Sherman.KansasGov.com
jfcountyks.com,Jefferson County,Jefferson County,KS,City,Q257334,http://www.jfcountyks.com
washingtoncountyks.net,Washington County,Washington County,KS,City,Q373886,http://WashingtonCountyKS.net
wichitacounty.org,Wichita County,Wichita County,KS,City,Q374200,http://www.WichitaCounty.org
wilson.kansasgov.com,Wilson County,Wilson County,KS,City,Q374256,http://www.Wilson.KansasGov.com
osbornecounty.org,Osborne County,Osborne County,KS,City,Q374334,http://OsborneCounty.org
morriscountyks.org,Morris County,Morris County,KS,City,Q374342,http://www.MorrisCountyKS.org
miamicountyks.org,Miami County,Miami County,KS,City,Q374358,http://MiamiCountyKS.org
accesskansas.org,Sheridan County,Sheridan County,KS,City,Q374382,http://www.accesskansas.org/sheridan
phillipscounty.org,Phillips County,Phillips County,KS,City,Q374404,http://www.PhillipsCounty.org
snco.us,Shawnee County,Shawnee County,KS,City,Q374410,http://www.snco.us
fordcounty.net,Ford County,Ford County,KS,City,Q374422,http://www.FordCounty.net
lyoncounty.org,Lyon County,Lyon County,KS,City,Q374442,https://LyonCounty.org
thomascountyks.com,Thomas County,Thomas County,KS,City,Q374452,http://ThomasCountyKS.com
nesscountyks.com,Ness County,Ness County,KS,City,Q374460,http://www.NessCountyKS.com
kingmancoks.com,Kingman County,Kingman County,KS,City,Q374484,http://KingmanCoKS.com
grahamcountyks.com,Graham County,Graham County,KS,City,Q374495,http://GrahamCountyKS.com
nckcn.com,Jewell County,Jewell County,KS,City,Q374527,http://www.nckcn.com/homepage/jewell_co/jewell.htm
mgcountyks.org,Montgomery County,Montgomery County,KS,City,Q374547,http://www.MgCountyKS.org
pawneecountykansas.com,Pawnee County,Pawnee County,KS,City,Q374589,http://www.PawneeCountyKansas.com
prattcounty.org,Pratt County,Pratt County,KS,City,Q374604,http://www.PrattCounty.org
tregocountyks.com,Trego County,Trego County,KS,City,Q374626,http://TregoCountyKS.com
rawlinscounty.info,Rawlins County,Rawlins County,KS,City,Q374649,http://www.RawlinsCounty.info
haskellcounty.org,Haskell County,Haskell County,KS,City,Q374663,http://HaskellCounty.org
marioncoks.net,Marion County,Marion County,KS,City,Q374765,http://www.MarionCoKS.net
staffordcounty.org,Stafford County,Stafford County,KS,City,Q374908,http://StaffordCounty.org
ottawacounty.org,Ottawa County,Ottawa County,KS,City,Q374950,http://OttawaCounty.org
hodgemancountyks.com,Hodgeman County,Hodgeman County,KS,City,Q374973,http://HodgemanCountyKS.com
osageco.org,Osage County,Osage County,KS,City,Q375002,http://www.OsageCo.org
greenwoodcounty.org,Greenwood County,Greenwood County,KS,City,Q375008,http://GreenwoodCounty.org
harveycounty.com,Harvey County,Harvey County,KS,City,Q375019,http://www.HarveyCounty.com
sedgwickcounty.org,Sedgwick County,Sedgwick County,KS,City,Q375108,http://www.sedgwickcounty.org
co.sumner.ks.us,Sumner County,Sumner County,KS,City,Q375125,http://www.co.Sumner.KS.us
ks-russellco.manatron.com,Russell County,Russell County,KS,City,Q375143,http://ks-russellco.manatron.com
finneycounty.org,Finney County,Finney County,KS,City,Q375608,http://FinneyCounty.org
grantcoks.org,Grant County,Grant County,KS,City,Q375803,http://www.GrantCoKS.org
saline.org,Saline County,Saline County,KS,City,Q375991,http://www.Saline.org
neoshocountyks.org,Neosho County,Neosho County,KS,City,Q375996,http://www.NeoshoCountyKS.org
govecountyks.com,Gove County,Gove County,KS,City,Q376004,http://www.govecountyks.com
ks1495.cichosting.com,Smith County,Smith County,KS,City,Q376024,https://ks1495.cichosting.com/main/
kearnycountykansas.com,Kearny County,Kearny County,KS,City,Q376034,http://KearnyCountyKansas.com
ks-scott.manatron.com,Scott County,Scott County,KS,City,Q376042,http://ks-scott.manatron.com
linncountyks.com,Linn County,Linn County,KS,City,Q376053,http://LinnCountyKS.com
ellsworthcounty.org,Ellsworth County,Ellsworth County,KS,City,Q376059,https://ellsworthcounty.org
ellisco.net,Ellis County,Ellis County,KS,City,Q376069,http://www.EllisCo.net
atchisoncountyks.org,Atchison County,Atchison County,KS,City,Q376086,http://AtchisonCountyKS.org
bartoncounty.org,Barton County,Barton County,KS,City,Q376096,http://BartonCounty.org
ricecounty.us,Rice County,Rice County,KS,City,Q376106,http://RiceCounty.us
barbercounty.net,Barber County,Barber County,KS,City,Q376113,http://BarberCounty.net
claycountykansas.org,Clay County,Clay County,KS,City,Q376120,http://ClayCountyKansas.org
chasecountychamber.org,Chase County,Chase County,KS,City,Q376129,http://chasecountychamber.org
brcoks.org,Brown County,Brown County,KS,City,Q376175,http://www.brcoks.org/
coffeycountyks.org,Coffey County,Coffey County,KS,City,Q376330,http://CoffeyCountyKS.org
cloudcountyks.org,Cloud County,Cloud County,KS,City,Q376353,http://www.cloudcountyks.org/
chautauquacountyks.com,Chautauqua County,Chautauqua County,KS,City,Q376446,http://www.chautauquacountyks.com
cowleycounty.org,Cowley County,Cowley County,KS,City,Q376464,http://www.cowleycounty.org
cncoks.us,Cheyenne County,Cheyenne County,KS,City,Q376483,https://cncoks.us
bucoks.com,Butler County,Butler County,KS,City,Q376505,https://www.bucoks.com/
republiccounty.org,Republic County,Republic County,KS,City,Q376527,http://www.RepublicCounty.org
elkcountyks.org,Elk County,Elk County,KS,City,Q376546,http://elkcountyks.org
allencounty.org,Allen County,Allen County,KS,City,Q376562,http://www.AllenCounty.org/
dkcoks.org,Dickinson County,Dickinson County,KS,City,Q376576,http://www.DkCoKS.org
bourboncountyks.org,Bourbon County,Bourbon County,KS,City,Q376592,http://BourbonCountyKS.org
crawfordcountykansas.org,Crawford County,Crawford County,KS,City,Q376616,http://CrawfordCountyKansas.org
cherokeecountyks.com,Cherokee County,Cherokee County,KS,City,Q376640,http://CherokeeCountyKS.com
comanchecoks.org,Comanche County,Comanche County,KS,City,Q376703,https://comanchecoks.org
dpcountyks.com,Doniphan County,Doniphan County,KS,City,Q376729,http://www.DpCountyKS.com
clarkcountyks.com,Clark County,Clark County,KS,City,Q376755,http://ClarkCountyKS.com
edwardscounty.org,Edwards County,Edwards County,KS,City,Q376764,http://EdwardsCounty.org
crawfordcountyindiana.com,Crawford County,Crawford County,IN,City,Q509092,http://www.crawfordcountyindiana.com
dearborncounty.org,Dearborn County,Dearborn County,IN,City,Q509757,http://www.dearborncounty.org
co.delaware.in.us,Delaware County,Delaware County,IN,City,Q509798,https://www.co.delaware.in.us/
duboiscountyin.org,Dubois County,Dubois County,IN,City,Q509848,https://www.duboiscountyin.org/
clintonco.com,Clinton County,Clinton County,IN,City,Q509861,http://www.clintonco.com/
morgancounty.in.gov,Morgan County,Morgan County,IN,City,Q512259,https://morgancounty.in.gov/
montgomeryco.net,Montgomery County,Montgomery County,IN,City,Q512686,http://www.montgomeryco.net
co.monroe.in.us,Monroe County,Monroe County,IN,City,Q512699,http://www.co.monroe.in.us
lawrencecounty.in.gov,Lawrence County,Lawrence County,IN,City,Q512732,https://lawrencecounty.in.gov/
knoxcounty.in.gov,Knox County,Knox County,IN,City,Q512746,http://www.knoxcounty.in.gov
owencounty.in.gov,Owen County,Owen County,IN,City,Q512767,https://www.owencounty.in.gov/
perrycounty.in.gov,Perry County,Perry County,IN,City,Q512799,http://www.perrycounty.in.gov/
pikecounty.in.gov,Pike County,Pike County,IN,City,Q512885,https://www.pikecounty.in.gov/
poseycountygov.org,Posey County,Posey County,IN,City,Q512937,http://poseycountygov.org/
lakecountyin.org,Lake County,Lake County,IN,City,Q512951,http://www.lakecountyin.org
co.orange.in.us,Orange County,Orange County,IN,City,Q513092,http://www.co.orange.in.us
co.marshall.in.us,Marshall County,Marshall County,IN,City,Q540907,http://www.co.marshall.in.us
decaturcounty.in.gov,Decatur County,Decatur County,IN,City,Q1124916,http://www.decaturcounty.in.gov
jeffersoncounty.in.gov,Jefferson County,Jefferson County,IN,City,Q1139839,https://jeffersoncounty.in.gov/
glaciercountymt.org,Glacier County,Glacier County,MT,City,Q31091,http://www.glaciercountymt.org
allenparish.com,Allen Parish,Allen Parish,LA,City,Q65433,https://www.allenparish.com/
bighorn.mt.gov,Big Horn County,Big Horn County,MT,City,Q109503,http://bighorn.mt.gov
beaverheadcounty.org,Beaverhead County,Beaverhead County,MT,City,Q110212,http://www.beaverheadcounty.org
lincolnparish.org,Lincoln Parish,Lincoln Parish,LA,City,Q120080,http://www.lincolnparish.org/
wbrcouncil.org,West Baton Rouge Parish,West Baton Rouge Parish,LA,City,Q145006,http://www.wbrcouncil.org/
caddo.org,Caddo Parish,Caddo Parish,LA,City,Q177562,http://www.caddo.org
co.blaine.mt.gov,Blaine County,Blaine County,MT,City,Q192650,http://www.co.blaine.mt.gov
co.broadwater.mt.us,Broadwater County,Broadwater County,MT,City,Q192753,http://www.co.broadwater.mt.us
co.carbon.mt.us,Carbon County,Carbon County,MT,City,Q192992,http://www.co.carbon.mt.us
cartercountymt.info,Carter County,Carter County,MT,City,Q193072,http://www.cartercountymt.info
co.cascade.mt.us,Cascade County,Cascade County,MT,City,Q193167,http://www.co.cascade.mt.us
co.chouteau.mt.us,Chouteau County,Chouteau County,MT,City,Q193230,http://www.co.chouteau.mt.us
caldwellparish.org,Caldwell Parish,Caldwell Parish,LA,City,Q205715,http://www.caldwellparish.org
acadiaparishclerk.com,Acadia Parish,Acadia Parish,LA,City,Q337402,http://www.acadiaparishclerk.com/
bienvilleparish.org,Bienville Parish,Bienville Parish,LA,City,Q369211,http://www.bienvilleparish.org/
falloncounty.net,Fallon County,Fallon County,MT,City,Q373575,http://www.falloncounty.net
desotoppj.com,DeSoto Parish,DeSoto Parish,LA,City,Q383739,http://www.desotoppj.com
tpcg.org,Terrebonne Parish,Terrebonne Parish,LA,City,Q387555,http://www.tpcg.org
gallatin.mt.gov,Gallatin County,Gallatin County,MT,City,Q387978,http://www.gallatin.mt.gov
scobey.org,Daniels County,Daniels County,MT,City,Q427315,http://www.scobey.org/index.html
bsb.mt.gov,Silver Bow County,Silver Bow County,MT,City,Q484513,http://www.bsb.mt.gov
garfieldcounty.com,Garfield County,Garfield County,MT,City,Q486961,http://www.garfieldcounty.com
co.yellowstone.mt.gov,Yellowstone County,Yellowstone County,MT,City,Q490283,http://www.co.yellowstone.mt.gov
lincolncountymt.us,Lincoln County,Lincoln County,MT,City,Q490344,http://www.lincolncountymt.us
jbcounty.org,Judith Basin County,Judith Basin County,MT,City,Q490471,http://www.jbcounty.org
co.sanders.mt.us,Sanders County,Sanders County,MT,City,Q490734,http://www.co.sanders.mt.us
stillwater.mt.gov,Stillwater County,Stillwater County,MT,City,Q490750,http://www.stillwater.mt.gov
dawsoncountymontana.org,Dawson County,Dawson County,MT,City,Q490762,http://www.dawsoncountymontana.org
anacondadeerlodge.mt.gov,Deer Lodge County,Deer Lodge County,MT,City,Q490774,http://www.anacondadeerlodge.mt.gov
meaghercounty.org,Meagher County,Meagher County,MT,City,Q491569,http://www.meaghercounty.org
brgov.com,East Baton Rouge Parish,East Baton Rouge Parish,LA,City,Q491949,http://www.brgov.com
wibauxcounty.com,Wibaux County,Wibaux County,MT,City,Q496109,http://www.wibauxcounty.com/
prco.mt.gov,Powder River County,Powder River County,MT,City,Q496242,http://www.prco.mt.gov
plaqueminesparish.com,Plaquemines Parish,Plaquemines Parish,LA,City,Q503864,http://www.plaqueminesparish.com
rppj.com,Rapides Parish,Rapides Parish,LA,City,Q503870,http://www.rppj.com
sbpg.net,St. Bernard Parish,St. Bernard Parish,LA,City,Q503883,http://www.sbpg.net
beauparish.org,Beauregard Parish,Beauregard Parish,LA,City,Q504284,http://www.beauparish.org/
tangipahoa.org,Tangipahoa Parish,Tangipahoa Parish,LA,City,Q504312,https://www.tangipahoa.org/
claiborneone.org,Claiborne Parish,Claiborne Parish,LA,City,Q504318,http://www.claiborneone.org/
cppj.net,Calcasieu Parish,Calcasieu Parish,LA,City,Q504345,http://www.cppj.net/
ibervilleparish.com,Iberville Parish,Iberville Parish,LA,City,Q504350,http://www.ibervilleparish.com
jeffdavis.org,Jefferson Davis Parish,Jefferson Davis Parish,LA,City,Q504355,https://jeffdavis.org/
eastfelicianaparish.org,East Feliciana Parish,East Feliciana Parish,LA,City,Q504375,https://www.eastfelicianaparish.org/home.html
evangelineparishpolicejury.com,Evangeline Parish,Evangeline Parish,LA,City,Q504379,https://evangelineparishpolicejury.com/
iberiaparishgovernment.com,Iberia Parish,Iberia Parish,LA,City,Q504415,http://iberiaparishgovernment.com/index.asp
avoypj.org,Avoyelles Parish,Avoyelles Parish,LA,City,Q504435,http://www.avoypj.org/
gppj.org,Grant Parish,Grant Parish,LA,City,Q504450,https://gppj.org/
discovercatahoula.com,Catahoula Parish,Catahoula Parish,LA,City,Q505282,http://www.discovercatahoula.com/
jacksonparishpolicejury.org,Jackson Parish,Jackson Parish,LA,City,Q505392,http://www.jacksonparishpolicejury.org/Default.aspx
wpgov.org,Washington Parish,Washington Parish,LA,City,Q506907,http://www.wpgov.org/
stpgov.org,St. Tammany Parish,St. Tammany Parish,LA,City,Q506921,http://www.stpgov.org
pcparish.org,Pointe Coupee Parish,Pointe Coupee Parish,LA,City,Q506951,http://pcparish.org/
sabineparishpolicejury.com,Sabine Parish,Sabine Parish,LA,City,Q507000,https://sabineparishpolicejury.com/
stjamesla.com,St. James Parish,St. James Parish,LA,City,Q507016,http://www.stjamesla.com
rppjinfo.com,Richland Parish,Richland Parish,LA,City,Q507028,https://www.rppjinfo.com/
historicnatchitoches.com,Natchitoches Parish,Natchitoches Parish,LA,City,Q507047,https://www.historicnatchitoches.com/
npgov.org,Natchitoches Parish,Natchitoches Parish,LA,City,Q507047,https://www.npgov.org/
vppjla.com,Vernon Parish,Vernon Parish,LA,City,Q507063,http://www.vppjla.com/
oppj.org,Ouachita Parish,Ouachita Parish,LA,City,Q507078,https://www.oppj.org/
stlandryparishgovernment.org,St. Landry Parish,St. Landry Parish,LA,City,Q507099,http://www.stlandryparishgovernment.org/
sthelenaparish.la.gov,St. Helena Parish,St. Helena Parish,LA,City,Q507112,http://sthelenaparish.la.gov/
rrppj.org,Red River Parish,Red River Parish,LA,City,Q507126,http://rrppj.org/
lafourchegov.org,Lafourche Parish,Lafourche Parish,LA,City,Q507139,http://www.lafourchegov.org
stcharlesgov.net,St. Charles Parish,St. Charles Parish,LA,City,Q507153,http://www.stcharlesgov.net
madisonparish.org,Madison Parish,Madison Parish,LA,City,Q507180,http://madisonparish.org
vermilionparishpolicejury.com,Vermilion Parish,Vermilion Parish,LA,City,Q507609,http://vermilionparishpolicejury.com/
sjbparish.com,St. John the Baptist Parish,St. John the Baptist Parish,LA,City,Q507629,http://www.sjbparish.com
conppj.org,Concordia Parish,Concordia Parish,LA,City,Q509745,http://www.conppj.org/
assumptionla.com,Assumption Parish,Assumption Parish,LA,City,Q509895,https://assumptionla.com/
uppj.org,Union Parish,Union Parish,LA,City,Q512832,https://uppj.org/
stmartinparish.net,St. Martin Parish,St. Martin Parish,LA,City,Q512868,https://www.stmartinparish.net/
louisiana.gov,Tensas Parish,Tensas Parish,LA,City,Q512911,https://www.louisiana.gov/local-louisiana/tensas-parish
stfrancisville.com,West Feliciana Parish,West Feliciana Parish,LA,City,Q512993,http://www.stfrancisville.com/
websterparishla.org,Webster Parish,Webster Parish,LA,City,Q513078,http://www.websterparishla.org/index.html
westcarrollclerk.org,West Carroll Parish,West Carroll Parish,LA,City,Q1139827,https://www.westcarrollclerk.org/
sites.rootsweb.com,Winn Parish,Winn Parish,LA,City,Q1139833,https://sites.rootsweb.com/~lawinn/
adamscounty.org,Adams County,Adams County,NE,City,Q112823,http://www.adamscounty.org
burtcounty.ne.gov,Burt County,Burt County,NE,City,Q113041,http://www.burtcounty.ne.gov
co.boone.ne.us,Boone County,Boone County,NE,City,Q113151,http://www.co.boone.ne.us
connectseward.org,Seward County,Seward County,NE,City,Q124637,http://www.connectseward.org/cgov
co.butler.ne.us,Butler County,Butler County,NE,City,Q156500,https://www.co.butler.ne.us
co.loup.ne.us,Loup County,Loup County,NE,City,Q162560,http://www.co.loup.ne.us/
gagecountynebraska.us,Gage County,Gage County,NE,City,Q203049,http://www.gagecountynebraska.us/
co.deuel.ne.us,Deuel County,Deuel County,NE,City,Q428902,http://www.co.deuel.ne.us
cassne.org,Cass County,Cass County,NE,City,Q484239,http://www.cassne.org
boydcounty.ne.gov,Boyd County,Boyd County,NE,City,Q484279,http://www.boydcounty.ne.gov
co.box-butte.ne.us,Box Butte County,Box Butte County,NE,City,Q484282,http://www.co.box-butte.ne.us
co.dundy.ne.us,Dundy County,Dundy County,NE,City,Q484325,http://www.co.dundy.ne.us/
co.chase.ne.us,Chase County,Chase County,NE,City,Q484440,http://www.co.chase.ne.us
cumingcounty.ne.gov,Cuming County,Cuming County,NE,City,Q484470,http://www.cumingcounty.ne.gov
buffalogov.org,Buffalo County,Buffalo County,NE,City,Q484488,http://www.buffalogov.org
bannercounty-gov.us,Banner County,Banner County,NE,City,Q484509,http://www.bannercounty-gov.us
colfaxne.com,Colfax County,Colfax County,NE,City,Q484745,http://www.colfaxne.com
co.cheyenne.ne.us,Cheyenne County,Cheyenne County,NE,City,Q484771,http://www.co.cheyenne.ne.us
arthurcounty.nebraska.gov,Arthur County,Arthur County,NE,City,Q485058,https://arthurcounty.nebraska.gov/
dawes-county.com,Dawes County,Dawes County,NE,City,Q485221,http://www.dawes-county.com
browncounty.ne.gov,Brown County,Brown County,NE,City,Q485239,https://browncounty.ne.gov/
waynecountyne.org,Wayne County,Wayne County,NE,City,Q485291,http://www.waynecountyne.org
mcphersoncounty.ne.gov,McPherson County,McPherson County,NE,City,Q485620,http://www.mcphersoncounty.ne.gov/
co.franklin.ne.us,Franklin County,Franklin County,NE,City,Q485623,http://www.co.franklin.ne.us/
wheelercounty.ne.gov,Wheeler County,Wheeler County,NE,City,Q489610,http://www.wheelercounty.ne.gov
yorkcounty.ne.gov,York County,York County,NE,City,Q489648,http://www.yorkcounty.ne.gov
hitchcockcounty.ne.gov,Hitchcock County,Hitchcock County,NE,City,Q489663,http://www.hitchcockcounty.ne.gov/
co.hamilton.ne.us,Hamilton County,Hamilton County,NE,City,Q489668,http://www.co.hamilton.ne.us
nemahacounty.ne.gov,Nemaha County,Nemaha County,NE,City,Q489673,http://nemahacounty.ne.gov
johnsoncounty.ne.gov,Johnson County,Johnson County,NE,City,Q489677,https://johnsoncounty.ne.gov/
logancounty.ne.gov,Logan County,Logan County,NE,City,Q489682,http://logancounty.ne.gov/
co.pawnee.ne.us,Pawnee County,Pawnee County,NE,City,Q489684,http://www.co.pawnee.ne.us/
co.webster.ne.us,Webster County,Webster County,NE,City,Q489687,http://www.co.webster.ne.us/
hayescounty.ne.gov,Hayes County,Hayes County,NE,City,Q489690,http://www.hayescounty.ne.gov
co.hooker.ne.us,Hooker County,Hooker County,NE,City,Q489702,http://www.co.hooker.ne.us
co.nance.ne.us,Nance County,Nance County,NE,City,Q489716,http://www.co.nance.ne.us
co.kimball.ne.us,Kimball County,Kimball County,NE,City,Q489729,http://www.co.kimball.ne.us
co.keya-paha.ne.us,Keya Paha County,Keya Paha County,NE,City,Q489735,http://www.co.keya-paha.ne.us
greeleycounty.ne.gov,Greeley County,Greeley County,NE,City,Q489743,http://www.greeleycounty.ne.gov
co.richardson.ne.us,Richardson County,Richardson County,NE,City,Q489762,http://www.co.richardson.ne.us/
garfieldcounty.ne.gov,Garfield County,Garfield County,NE,City,Q489767,http://www.garfieldcounty.ne.gov
co.gosper.ne.us,Gosper County,Gosper County,NE,City,Q489787,http://www.co.gosper.ne.us
co.jefferson.ne.us,Jefferson County,Jefferson County,NE,City,Q489939,http://www.co.jefferson.ne.us/
co.custer.ne.us,Custer County,Custer County,NE,City,Q490671,http://www.co.custer.ne.us
co.red-willow.ne.us,Red Willow County,Red Willow County,NE,City,Q490678,http://www.co.red-willow.ne.us/
dakotacountyne.org,Dakota County,Dakota County,NE,City,Q490683,http://www.dakotacountyne.org
dodgecounty.ne.gov,Dodge County,Dodge County,NE,City,Q490703,http://www.dodgecounty.ne.gov
co.dixon.ne.us,Dixon County,Dixon County,NE,City,Q490710,http://www.co.dixon.ne.us
claycounty.ne.gov,Clay County,Clay County,NE,City,Q490740,http://www.claycounty.ne.gov
co.cherry.ne.us,Cherry County,Cherry County,NE,City,Q490769,http://www.co.cherry.ne.us
co.cedar.ne.us,Cedar County,Cedar County,NE,City,Q490779,http://www.co.cedar.ne.us
dawsoncountyne.net,Dawson County,Dawson County,NE,City,Q490784,http://www.dawsoncountyne.net
co.antelope.ne.us,Antelope County,Antelope County,NE,City,Q492310,http://www.co.antelope.ne.us
thayercounty.ne.gov,Thayer County,Thayer County,NE,City,Q495719,http://www.thayercounty.ne.gov/
shermancounty.nebraska.gov,Sherman County,Sherman County,NE,City,Q495799,https://shermancounty.nebraska.gov/
saunderscounty.ne.gov,Saunders County,Saunders County,NE,City,Q495834,http://www.saunderscounty.ne.gov
sheridancounty.ne.gov,Sheridan County,Sheridan County,NE,City,Q495969,https://sheridancounty.ne.gov/
co.washington.ne.us,Washington County,Washington County,NE,City,Q495979,http://www.co.washington.ne.us
stantoncounty.nebraska.gov,Stanton County,Stanton County,NE,City,Q495985,https://stantoncounty.nebraska.gov/
scottsbluffcounty.org,Scotts Bluff County,Scotts Bluff County,NE,City,Q495990,http://www.scottsbluffcounty.org
missoulacounty.us,Missoula County,Missoula County,MT,City,Q496558,https://www.missoulacounty.us
co.liberty.mt.us,Liberty County,Liberty County,MT,City,Q496568,http://www.co.liberty.mt.us
phillipscounty.mt.gov,Phillips County,Phillips County,MT,City,Q496577,http://www.phillipscounty.mt.gov
mt.gov,Musselshell County,Musselshell County,MT,City,Q496583,http://mt.gov/maco/Counties/Musselshell.htm
hillcounty.us,Hill County,Hill County,MT,City,Q496589,http://hillcounty.us
madison.mt.gov,Madison County,Madison County,MT,City,Q496596,http://www.madison.mt.gov
powellcountymontana.com,Powell County,Powell County,MT,City,Q496602,http://www.powellcountymontana.com
flathead.mt.gov,Flathead County,Flathead County,MT,City,Q496607,http://flathead.mt.gov
co.sweetgrass.mt.us,Sweet Grass County,Sweet Grass County,MT,City,Q496616,http://www.co.sweetgrass.mt.us
granitecountymt.us,Granite County,Granite County,MT,City,Q496622,https://www.granitecountymt.us/
co.sheridan.mt.us,Sheridan County,Sheridan County,MT,City,Q496629,http://www.co.sheridan.mt.us
petroleumcountymt.com,Petroleum County,Petroleum County,MT,City,Q496636,http://www.petroleumcountymt.com
parkcounty.org,Park County,Park County,MT,City,Q496644,http://www.parkcounty.org
prairie.mt.gov,Prairie County,Prairie County,MT,City,Q496678,http://www.prairie.mt.gov
tetoncomt.org,Teton County,Teton County,MT,City,Q496685,http://www.tetoncomt.org
lakecounty-mt.org,Lake County,Lake County,MT,City,Q496700,http://www.lakecounty-mt.org
ponderacountymontana.org,Pondera County,Pondera County,MT,City,Q496708,http://www.ponderacountymontana.org
richland.org,Richland County,Richland County,MT,City,Q496716,http://www.richland.org
jeffco.mt.gov,Jefferson County,Jefferson County,MT,City,Q496737,http://www.jeffco.mt.gov
rooseveltcounty.org,Roosevelt County,Roosevelt County,MT,City,Q496751,http://www.rooseveltcounty.org
rc.mt.gov,Ravalli County,Ravalli County,MT,City,Q496758,http://www.rc.mt.gov
valleycountymt.net,Valley County,Valley County,MT,City,Q496764,http://valleycountymt.net
mcconecountymt.com,McCone County,McCone County,MT,City,Q497652,https://mcconecountymt.com/
co.golden-valley.mt.us,Golden Valley County,Golden Valley County,MT,City,Q502554,http://www.co.golden-valley.mt.us
jacksongov.org,Jackson County,Jackson County,MO,City,Q127238,http://www.jacksongov.org
choctawcountyms.com,Choctaw County,Choctaw County,MS,City,Q130083,http://choctawcountyms.com/
co.warren.ms.us,Warren County,Warren County,MS,City,Q156411,http://www.co.warren.ms.us
chickasawcoms.com,Chickasaw County,Chickasaw County,MS,City,Q156445,http://www.chickasawcoms.com
coahomacounty.net,Coahoma County,Coahoma County,MS,City,Q156575,http://www.coahomacounty.net/
clarkcountymo.org,Clark County,Clark County,MO,City,Q182845,http://clarkcountymo.org/
newtoncountyms.net,Newton County,Newton County,MS,City,Q204761,http://www.newtoncountyms.net/
rallscounty.org,Ralls County,Ralls County,MO,City,Q259095,http://www.rallscounty.org
waynecounty.ms,Wayne County,Wayne County,MS,City,Q266493,http://www.waynecounty.ms
wrightcountymo.com,Wright County,Wright County,MO,City,Q284806,http://www.wrightcountymo.com
adaircountymissouri.com,Adair County,Adair County,MO,City,Q346925,http://adaircountymissouri.com
neshobacounty.net,Neshoba County,Neshoba County,MS,City,Q426398,http://www.neshobacounty.net
dunklincounty.org,Dunklin County,Dunklin County,MO,City,Q430938,https://dunklincounty.org
texascountymissouri.org,Texas County,Texas County,MO,City,Q477870,http://www.texascountymissouri.org
attalacounty.net,Attala County,Attala County,MS,City,Q483862,http://www.attalacounty.net
batescounty.net,Bates County,Bates County,MO,City,Q484300,http://www.batescounty.net
atchisoncounty.org,Atchison County,Atchison County,MO,City,Q484304,http://www.atchisoncounty.org
coopercountymo.org,Cooper County,Cooper County,MO,City,Q484452,http://www.coopercountymo.org
butlercountymo.com,Butler County,Butler County,MO,City,Q484457,http://www.butlercountymo.com/
crawfordcountymo.net,Crawford County,Crawford County,MO,City,Q484461,http://crawfordcountymo.net
clintoncomo.org,Clinton County,Clinton County,MO,City,Q484478,http://www.clintoncomo.org
colecounty.org,Cole County,Cole County,MO,City,Q484493,http://www.colecounty.org
bartoncounty.com,Barton County,Barton County,MO,City,Q484501,http://www.bartoncounty.com
caldwellco.missouri.org,Caldwell County,Caldwell County,MO,City,Q484505,https://www.caldwellco.missouri.org/
lcmo.us,Lincoln County,Lincoln County,MO,City,Q484582,http://www.lcmo.us
howellcounty.net,Howell County,Howell County,MO,City,Q484607,http://www.howellcounty.net
showmeboone.com,Boone County,Boone County,MO,City,Q484620,http://www.showmeboone.com
mocounties.com,Bollinger County,Bollinger County,MO,City,Q484624,https://www.mocounties.com/bollinger-county
co.buchanan.mo.us,Buchanan County,Buchanan County,MO,City,Q484629,http://www.co.buchanan.mo.us
washingtoncountyms.us,Washington County,Washington County,MS,City,Q484643,http://www.washingtoncountyms.us
co.tippah.ms.us,Tippah County,Tippah County,MS,City,Q484648,http://www.co.tippah.ms.us
sunflowercounty.ms.gov,Sunflower County,Sunflower County,MS,City,Q484659,http://www.sunflowercounty.ms.gov/Pages/Default.aspx
tunicacounty.com,Tunica County,Tunica County,MS,City,Q484668,http://www.tunicacounty.com
morgan-county.org,Morgan County,Morgan County,MO,City,Q484672,http://www.morgan-county.org
smithcounty.ms.gov,Smith County,Smith County,MS,City,Q484681,http://www.smithcounty.ms.gov
buffalococ.com,Dallas County,Dallas County,MO,City,Q484734,https://www.buffalococ.com/dallasgov.htm
capecounty.us,Cape Girardeau County,Cape Girardeau County,MO,City,Q484740,http://www.capecounty.us
andrewcounty.org,Andrew County,Andrew County,MO,City,Q484748,http://www.andrewcounty.org
dekalbcountymo.org,DeKalb County,DeKalb County,MO,City,Q484755,http://www.dekalbcountymo.org
dadecountymo.com,Dade County,Dade County,MO,City,Q484760,https://www.dadecountymo.com/
camdenmo.org,Camden County,Camden County,MO,City,Q484767,http://www.camdenmo.org
co.pike.ms.us,Pike County,Pike County,MS,City,Q485035,http://www.co.pike.ms.us
co.jackson.ms.us,Jackson County,Jackson County,MS,City,Q485378,http://www.co.jackson.ms.us
lafayettems.com,Lafayette County,Lafayette County,MS,City,Q485383,https://lafayettems.com/
lauderdalecounty.org,Lauderdale County,Lauderdale County,MS,City,Q485388,http://www.lauderdalecounty.org
pearlrivercounty.net,Pearl River County,Pearl River County,MS,City,Q485392,http://www.pearlrivercounty.net
copiahcounty.org,Copiah County,Copiah County,MS,City,Q485420,http://www.copiahcounty.org
holmescountyms.org,Holmes County,Holmes County,MS,City,Q485426,http://holmescountyms.org/
hancockcounty.ms.gov,Hancock County,Hancock County,MS,City,Q485441,https://hancockcounty.ms.gov/
georgecountyms.com,George County,George County,MS,City,Q485445,https://georgecountyms.com
golincolnms.com,Lincoln County,Lincoln County,MS,City,Q485896,http://www.golincolnms.com
webstercountyms.org,Webster County,Webster County,MS,City,Q486435,http://www.webstercountyms.org/
yazoocounty.net,Yazoo County,Yazoo County,MS,City,Q486466,http://www.yazoocounty.net/
yalobushaonline.org,Yalobusha County,Yalobusha County,MS,City,Q486480,http://www.yalobushaonline.org/
wilkinson.co.ms.gov,Wilkinson County,Wilkinson County,MS,City,Q486513,http://www.wilkinson.co.ms.gov
winstoncounty.com,Winston County,Winston County,MS,City,Q486522,http://www.winstoncounty.com
tatecountygov.com,Tate County,Tate County,MS,City,Q486526,https://www.tatecountygov.com/
hindscountyms.com,Hinds County,Hinds County,MS,City,Q486538,http://www.hindscountyms.com/
rankincounty.org,Rankin County,Rankin County,MS,City,Q490210,http://www.rankincounty.org
noxubeecounty.org,Noxubee County,Noxubee County,MS,City,Q490215,https://www.noxubeecounty.org/
co.quitman.ms.us,Perry County,Perry County,MS,City,Q490219,http://www.co.quitman.ms.us
stonecountygov.com,Stone County,Stone County,MS,City,Q490255,http://www.stonecountygov.com
pontotoccoms.com,Pontotoc County,Pontotoc County,MS,City,Q490259,http://pontotoccoms.com/
quitmancountyms.org,Quitman County,Quitman County,MS,City,Q490266,http://quitmancountyms.org/
panolacoms.com,Panola County,Panola County,MS,City,Q490272,http://www.panolacoms.com
simpsoncountyms.com,Simpson County,Simpson County,MS,City,Q490488,http://simpsoncountyms.com/
leakecountyms.org,Leake County,Leake County,MS,City,Q490835,http://www.leakecountyms.org/
co.jasper.ms.us,Jasper County,Jasper County,MS,City,Q490843,http://www.co.jasper.ms.us/
marioncounty-ms.us,Marion County,Marion County,MS,City,Q490848,http://www.marioncounty-ms.us
itawambacoms.com,Itawamba County,Itawamba County,MS,City,Q490852,http://itawambacoms.com/
montgomerycountyms.org,Montgomery County,Montgomery County,MS,City,Q490859,http://www.montgomerycountyms.org
lowndescountygov.com,Lowndes County,Lowndes County,MS,City,Q490879,http://www.lowndescountygov.com
jeffersoncountyms.com,Jefferson County,Jefferson County,MS,City,Q490884,http://www.jeffersoncountyms.com/
madison-co.com,Madison County,Madison County,MS,City,Q491190,http://www.madison-co.com
co.forrest.ms.us,Forrest County,Forrest County,MS,City,Q491221,http://www.co.forrest.ms.us
lawrencecountyms.com,Lawrence County,Lawrence County,MS,City,Q491236,http://lawrencecountyms.com/
leecoms.com,Lee County,Lee County,MS,City,Q491267,http://leecoms.com/
monroecountyms.org,Monroe County,Monroe County,MS,City,Q491276,http://www.monroecountyms.org
jeffersondaviscountyms.com,Jefferson Davis County,Jefferson Davis County,MS,City,Q491285,https://www.jeffersondaviscountyms.com/
ccmsgov.us,Claiborne County,Claiborne County,MS,City,Q492488,https://www.ccmsgov.us/
prentisscounty.org,Prentiss County,Prentiss County,MS,City,Q497489,http://www.prentisscounty.org
leflorecounty.org,Leflore County,Leflore County,MS,City,Q497607,http://www.leflorecounty.org/
oktibbehacountyms.org,Oktibbeha County,Oktibbeha County,MS,City,Q497615,http://www.oktibbehacountyms.org
sharkeycounty.net,Sharkey County,Sharkey County,MS,City,Q497992,http://www.sharkeycounty.net/
marshall-county.com,Marshall County,Marshall County,MS,City,Q842902,http://www.marshall-county.com
co.rockingham.nh.us,Rockingham County,Rockingham County,NH,City,Q54438,http://co.rockingham.nh.us
hillsboroughcountynh.org,Hillsborough County,Hillsborough County,NH,City,Q54439,http://www.hillsboroughcountynh.org
merrimackcounty.net,Merrimack County,Merrimack County,NH,City,Q54440,http://www.merrimackcounty.net
co.strafford.nh.us,Strafford County,Strafford County,NH,City,Q54441,http://www.co.strafford.nh.us
co.cheshire.nh.us,Cheshire County,Cheshire County,NH,City,Q54443,http://co.cheshire.nh.us
graftoncountynh.us,Grafton County,Grafton County,NH,City,Q54445,http://www.graftoncountynh.us
carrollcountynh.net,Carroll County,Carroll County,NH,City,Q54446,http://www.carrollcountynh.net
cooscountynh.us,Coös County,Coös County,NH,City,Q54447,http://www.cooscountynh.us/
co.colfax.nm.us,Colfax County,Colfax County,NM,City,Q111979,http://www.co.colfax.nm.us
bergencountynj.gov,Bergen County,Bergen County,NJ,City,Q112915,https://bergencountynj.gov/
socorrocounty.net,Socorro County,Socorro County,NM,City,Q112934,http://www.socorrocounty.net
essex-countynj.org,Essex County,Essex County,NJ,City,Q128077,http://www.essex-countynj.org/
sjcounty.net,San Juan County,San Juan County,NM,City,Q156265,http://www.sjcounty.net
rio-arriba.org,Rio Arriba County,Rio Arriba County,NM,City,Q156481,http://www.rio-arriba.org
debaca.nmgenweb.us,De Baca County,De Baca County,NM,City,Q182176,http://debaca.nmgenweb.us/
mineralcountynv.us,Mineral County,Mineral County,NV,City,Q203022,http://mineralcountynv.us
grantcountynm.com,Grant County,Grant County,NM,City,Q426262,http://www.grantcountynm.com
guadalupecountynm.org,Guadalupe County,Guadalupe County,NM,City,Q484290,https://www.guadalupecountynm.org/
lincolncountynv.org,Lincoln County,Lincoln County,NV,City,Q484335,https://lincolncountynv.org
pershingcounty.net,Pershing County,Pershing County,NV,City,Q484342,https://www.pershingcounty.net
accessesmeralda.com,Esmeralda County,Esmeralda County,NV,City,Q484349,https://www.accessesmeralda.com
storeycounty.org,Storey County,Storey County,NV,City,Q484431,https://www.storeycounty.org
hardingcounty.org,Harding County,Harding County,NM,City,Q484465,http://www.hardingcounty.org
catroncounty.us,Catron County,Catron County,NM,City,Q484482,http://www.catroncounty.us
currycounty.org,Curry County,Curry County,NM,City,Q484496,http://www.currycounty.org
taoscounty.org,Taos County,Taos County,NM,City,Q484991,http://www.taoscounty.org/
unionnm.us,Union County,Union County,NM,City,Q485020,http://www.unionnm.us/home.html
co.eddy.nm.us,Eddy County,Eddy County,NM,City,Q485245,http://www.co.eddy.nm.us
countyofmora.com,Mora County,Mora County,NM,City,Q487236,http://countyofmora.com
lincolncountynm.net,Lincoln County,Lincoln County,NM,City,Q487243,http://www.lincolncountynm.net
smcounty.net,San Miguel County,San Miguel County,NM,City,Q487254,http://www.smcounty.net
co.valencia.nm.us,Valencia County,Valencia County,NM,City,Q487283,http://www.co.valencia.nm.us
torrancecountynm.org,Torrance County,Torrance County,NM,City,Q487288,http://www.torrancecountynm.org
rooseveltcounty.com,Roosevelt County,Roosevelt County,NM,City,Q487534,https://www.rooseveltcounty.com/
hidalgocounty.org,Hidalgo County,Hidalgo County,NM,City,Q489613,http://www.hidalgocounty.org
leacounty.net,Lea County,Lea County,NM,City,Q489616,http://www.leacounty.net
lunacountynm.us,Luna County,Luna County,NM,City,Q489652,http://lunacountynm.us
co.otero.nm.us,Otero County,Otero County,NM,City,Q489756,http://co.otero.nm.us
hudsoncountynj.org,Hudson County,Hudson County,NJ,City,Q490505,https://www.hudsoncountynj.org/
landercountynv.org,Lander County,Lander County,NV,City,Q495349,https://www.landercountynv.org
whitepinecounty.net,White Pine County,White Pine County,NV,City,Q495398,https://www.whitepinecounty.net
passaiccountynj.org,Passaic County,Passaic County,NJ,City,Q495974,https://www.passaiccountynj.org/
sussex.nj.us,Sussex County,Sussex County,NJ,City,Q495998,https://www.sussex.nj.us/
co.pierce.ne.us,Pierce County,Pierce County,NE,City,Q496003,http://www.co.pierce.ne.us
sarpy.com,Sarpy County,Sarpy County,NE,City,Q496009,https://www.sarpy.com
co.perkins.ne.us,Perkins County,Perkins County,NE,City,Q496025,http://www.co.perkins.ne.us
co.saline.ne.us,Saline County,Saline County,NE,City,Q496045,http://www.co.saline.ne.us
plattecounty.net,Platte County,Platte County,NE,City,Q496070,https://plattecounty.net/
polkcounty.ne.gov,Polk County,Polk County,NE,City,Q496077,http://www.polkcounty.ne.gov
harlancounty.ne.gov,Harlan County,Harlan County,NE,City,Q496086,http://www.harlancounty.ne.gov/
fillmorecounty.org,Fillmore County,Fillmore County,NE,City,Q496091,http://www.fillmorecounty.org
co.lincoln.ne.us,Lincoln County,Lincoln County,NE,City,Q496096,http://www.co.lincoln.ne.us/
howardcounty.ne.gov,Howard County,Howard County,NE,City,Q496104,http://www.howardcounty.ne.gov
lava345.co,Phelps County,Phelps County,NE,City,Q496115,https://www.lava345.co/
co.frontier.ne.us,Frontier County,Frontier County,NE,City,Q496125,http://www.co.frontier.ne.us
co.holt.ne.us,Holt County,Holt County,NE,City,Q496139,http://www.co.holt.ne.us
nuckollscounty.ne.gov,Nuckolls County,Nuckolls County,NE,City,Q496146,http://www.NuckollsCounty.NE.gov/
furnascounty.ne.gov,Furnas County,Furnas County,NE,City,Q496169,http://www.furnascounty.ne.gov/
merrickcounty.ne.gov,Merrick County,Merrick County,NE,City,Q496176,http://www.merrickcounty.ne.gov
mercercounty.org,Mercer County,Mercer County,NJ,City,Q496886,http://www.mercercounty.org/
co.cape-may.nj.us,Cape May County,Cape May County,NJ,City,Q497795,http://www.co.cape-may.nj.us/
camdencounty.com,Camden County,Camden County,NJ,City,Q497810,https://www.camdencounty.com/
co.cumberland.nj.us,Cumberland County,Cumberland County,NJ,City,Q497845,http://www.co.cumberland.nj.us/content/159/3747.aspx
aclink.org,Atlantic County,Atlantic County,NJ,City,Q497928,http://www.aclink.org/
co.morris.nj.us,Morris County,Morris County,NJ,City,Q498163,http://www.co.morris.nj.us/
co.somerset.nj.us,Somerset County,Somerset County,NJ,City,Q502414,https://www.co.somerset.nj.us/
co.monmouth.nj.us,Monmouth County,Monmouth County,NJ,City,Q502424,https://www.co.monmouth.nj.us/
co.hunterdon.nj.us,Hunterdon County,Hunterdon County,NJ,City,Q502451,https://www.co.hunterdon.nj.us/
ucnj.org,Union County,Union County,NJ,City,Q502459,https://ucnj.org/
co.gloucester.nj.us,Gloucester County,Gloucester County,NJ,City,Q502463,http://www.co.gloucester.nj.us/
co.warren.nj.us,Warren County,Warren County,NJ,City,Q502468,http://www.co.warren.nj.us/
co.ocean.nj.us,Ocean County,Ocean County,NJ,City,Q502564,https://www.co.ocean.nj.us/
co.knox.ne.us,Knox County,Knox County,NE,City,Q502569,http://www.co.knox.ne.us
kearneycounty.ne.gov,Kearney County,Kearney County,NE,City,Q507266,http://www.kearneycounty.ne.gov
lyon-county.org,Lyon County,Lyon County,NV,City,Q835104,https://www.lyon-county.org
blainecounty.ne.gov,Blaine County,Blaine County,NE,City,Q2613391,http://www.blainecounty.ne.gov
wyomingco.net,Wyoming County,Wyoming County,NY,City,Q56145,http://www.wyomingco.net
co.washington.ny.us,Washington County,Washington County,NY,City,Q56149,http://www.co.washington.ny.us
co.ulster.ny.us,Ulster County,Ulster County,NY,City,Q56152,http://www.co.ulster.ny.us
tiogacountyny.com,Tioga County,Tioga County,NY,City,Q56154,https://tiogacountyny.com
sullivanny.us,Sullivan County,Sullivan County,NY,City,Q70979,https://sullivanny.us/
schuylercounty.us,Schuyler County,Schuyler County,NY,City,Q71190,https://schuylercounty.us
orangecountygov.com,Orange County,Orange County,NY,City,Q108618,http://www.orangecountygov.com
co.rockland.ny.us,Rockland County,Rockland County,NY,City,Q111098,http://www.co.rockland.ny.us
otsegocounty.com,Otsego County,Otsego County,NY,City,Q114862,https://www.otsegocounty.com/
clintoncountygov.com,Clinton County,Clinton County,NY,City,Q114884,http://www.clintoncountygov.com
ongov.net,Onondaga County,Onondaga County,NY,City,Q114904,http://www.ongov.net
niagaracounty.com,Niagara County,Niagara County,NY,City,Q114969,http://www.niagaracounty.com
co.essex.ny.us,Essex County,Essex County,NY,City,Q114992,https://www.co.essex.ny.us
co.ontario.ny.us,Ontario County,Ontario County,NY,City,Q115025,http://www.co.ontario.ny.us
ocgov.net,Oneida County,Oneida County,NY,City,Q115043,https://ocgov.net/
chqgov.com,Chautauqua County,Chautauqua County,NY,City,Q115061,https://chqgov.com
lewiscountyny.org,Lewis County,Lewis County,NY,City,Q115081,http://www.lewiscountyny.org
orleansny.com,Orleans County,Orleans County,NY,City,Q115125,http://www.orleansny.com
co.dutchess.ny.us,Dutchess County,Dutchess County,NY,City,Q115148,http://www.co.dutchess.ny.us
madisoncounty.ny.gov,Madison County,Madison County,NY,City,Q115166,http://www.madisoncounty.ny.gov
cayugacounty.us,Cayuga County,Cayuga County,NY,City,Q115182,https://www.cayugacounty.us/
columbiacountyny.org,Columbia County,Columbia County,NY,City,Q115200,http://www.columbiacountyny.org
greenegovernment.com,Greene County,Greene County,NY,City,Q115216,http://www.greenegovernment.com/
co.jefferson.ny.us,Jefferson County,Jefferson County,NY,City,Q115227,http://www.co.jefferson.ny.us
franklincony.org,Franklin County,Franklin County,NY,City,Q115247,http://www.franklincony.org
fultoncountyny.org,Fulton County,Fulton County,NY,City,Q115258,https://www.fultoncountyny.org/
putnamcountyny.com,Putnam County,Putnam County,NY,City,Q115266,http://www.putnamcountyny.com
co.delaware.ny.us,Delaware County,Delaware County,NY,City,Q115289,http://www.co.delaware.ny.us
rensco.com,Rensselaer County,Rensselaer County,NY,City,Q156566,http://www.rensco.com
cabarruscounty.us,Cabarrus County,Cabarrus County,NC,City,Q176307,https://www.cabarruscounty.us
grahamcounty.org,Graham County,Graham County,NC,City,Q374968,https://www.grahamcounty.org/
wilkescounty.net,Wilkes County,Wilkes County,NC,City,Q430328,http://www.wilkescounty.net
co.beaufort.nc.us,Beaufort County,Beaufort County,NC,City,Q484639,https://www.co.beaufort.nc.us/
herkimercounty.org,Herkimer County,Herkimer County,NY,City,Q487564,http://www.herkimercounty.org
co.montgomery.ny.us,Montgomery County,Montgomery County,NY,City,Q487572,http://www.co.montgomery.ny.us
livingstoncounty.us,Livingston County,Livingston County,NY,City,Q487578,https://www.livingstoncounty.us/
oswegocounty.com,Oswego County,Oswego County,NY,City,Q487581,https://www.oswegocounty.com/
co.chenango.ny.us,Chenango County,Chenango County,NY,City,Q487616,http://www.co.chenango.ny.us
ashecountygov.com,Ashe County,Ashe County,NC,City,Q491626,http://www.ashecountygov.com/
co.mckinley.nm.us,McKinley County,McKinley County,NM,City,Q493250,http://www.co.mckinley.nm.us
sandovalcounty.com,Sandoval County,Sandoval County,NM,City,Q493255,http://www.sandovalcounty.com
co.cibola.nm.us,Cibola County,Cibola County,NM,City,Q493260,http://www.co.cibola.nm.us
sierracountynm.gov,Sierra County,Sierra County,NM,City,Q496406,http://www.sierracountynm.gov/
co.anson.nc.us,Anson County,Anson County,NC,City,Q497830,https://www.co.anson.nc.us/
harnett.org,Harnett County,Harnett County,NC,City,Q497861,http://www.harnett.org
caldwellcountync.org,Caldwell County,Caldwell County,NC,City,Q497908,https://www.caldwellcountync.org/
johnstonnc.com,Johnston County,Johnston County,NC,City,Q497938,https://www.johnstonnc.com/
granvillecounty.org,Granville County,Granville County,NC,City,Q502503,https://www.granvillecounty.org
clayconc.com,Clay County,Clay County,NC,City,Q502516,https://www.clayconc.com/
jacksonnc.org,Jackson County,Jackson County,NC,City,Q502521,http://www.jacksonnc.org
franklincountync.us,Franklin County,Franklin County,NC,City,Q502526,http://www.franklincountync.us
co.iredell.nc.us,Iredell County,Iredell County,NC,City,Q502875,http://www.co.iredell.nc.us
chemungcounty.com,Chemung County,Chemung County,NY,City,Q854630,http://www.chemungcounty.com
ascensionparish.net,Ascension Parish,Ascension Parish,LA,City,Q51733,http://www.ascensionparish.net
denaliborough.com,Denali Borough,Denali Borough,AK,City,Q179950,http://www.denaliborough.com
audraincounty.org,Audrain County,Audrain County,MO,City,Q484776,http://www.audraincounty.org
cartercountymosheriff.org,Carter County,Carter County,MO,City,Q484786,https://www.cartercountymosheriff.org/page.php?id=6
charitonco.com,Chariton County,Chariton County,MO,City,Q485062,https://www.charitonco.com/
casscounty.com,Cass County,Cass County,MO,City,Q485204,http://www.casscounty.com
callawaycounty.org,Callaway County,Callaway County,MO,City,Q485213,http://callawaycounty.org
barrycountycollector.com,Barry County,Barry County,MO,City,Q485235,https://barrycountycollector.com/
phelpscounty.org,Phelps County,Phelps County,MO,City,Q485631,https://phelpscounty.org
bentoncomo.com,Benton County,Benton County,MO,City,Q486091,http://www.bentoncomo.com
salinecountymo.org,Saline County,Saline County,MO,City,Q489793,http://www.salinecountymo.org/
ripleycountymissouri.org,Ripley County,Ripley County,MO,City,Q489796,https://www.ripleycountymissouri.org/
stclaircomo.com,St. Clair County,St. Clair County,MO,City,Q489853,http://www.stclaircomo.com
nodawaycountymo.com,Nodaway County,Nodaway County,MO,City,Q489855,http://www.nodawaycountymo.com
mogenweb.org,Ozark County,Ozark County,MO,City,Q489869,http://www.mogenweb.org/ozark/
sccmo.org,St. Charles County,St. Charles County,MO,City,Q489873,http://www.sccmo.org
pikecountymo.net,Pike County,Pike County,MO,City,Q489877,https://pikecountymo.net/
raycountymo.com,Ray County,Ray County,MO,City,Q489880,http://www.raycountymo.com/
nemr.net,Putnam County,Putnam County,MO,City,Q489886,http://nemr.net/~putco/
newtoncountymo.com,Newton County,Newton County,MO,City,Q489891,http://www.newtoncountymo.com
osagecountygov.com,Osage County,Osage County,MO,City,Q489894,http://osagecountygov.com
co.platte.mo.us,Platte County,Platte County,MO,City,Q489897,http://www.co.platte.mo.us
perrycountymo.us,Perry County,Perry County,MO,City,Q489901,http://perrycountymo.us
pulaskicountymo.org,Pulaski County,Pulaski County,MO,City,Q489980,http://www.pulaskicountymo.org/home.html
moniteau.net,Moniteau County,Moniteau County,MO,City,Q489986,https://www.moniteau.net/
jeffcomo.org,Jefferson County,Jefferson County,MO,City,Q489993,http://www.jeffcomo.org
livingstoncountymo.com,Livingston County,Livingston County,MO,City,Q489999,http://www.livingstoncountymo.com
maconcountymo.com,Macon County,Macon County,MO,City,Q490002,http://www.maconcountymo.com
lafayettecountymo.com,Lafayette County,Lafayette County,MO,City,Q490009,http://www.lafayettecountymo.com
misscomo.net,Mississippi County,Mississippi County,MO,City,Q490014,https://misscomo.net
jococourthouse.com,Johnson County,Johnson County,MO,City,Q490019,http://www.jococourthouse.com
monroecountymo.org,Monroe County,Monroe County,MO,City,Q490023,http://www.monroecountymo.org
marioncountymo.com,Marion County,Marion County,MO,City,Q490029,https://marioncountymo.com/
mcdonaldcountygov.com,McDonald County,McDonald County,MO,City,Q490033,http://mcdonaldcountygov.com
linncomo.com,Linn County,Linn County,MO,City,Q490088,https://linncomo.com/
lewiscountymo.org,Lewis County,Lewis County,MO,City,Q490095,http://lewiscountymo.org
knoxcountymo.org,Knox County,Knox County,MO,City,Q490104,http://www.knoxcountymo.org
millercountymissouri.org,Miller County,Miller County,MO,City,Q490108,http://www.millercountymissouri.org
lacledecountymissouri.org,Laclede County,Laclede County,MO,City,Q490112,http://lacledecountymissouri.org
lawrencecountymo.org,Lawrence County,Lawrence County,MO,City,Q490116,https://www.lawrencecountymo.org/
madisoncountymo.us,Madison County,Madison County,MO,City,Q490124,http://madisoncountymo.us
mcmo.us,Montgomery County,Montgomery County,MO,City,Q490129,http://mcmo.us/
jaspercounty.org,Jasper County,Jasper County,MO,City,Q490134,http://www.jaspercounty.org
greenecountymo.org,Greene County,Greene County,MO,City,Q490357,http://www.greenecountymo.org
hickorycountymo.com,Hickory County,Hickory County,MO,City,Q490360,http://www.hickorycountymo.com
gentrycounty.net,Gentry County,Gentry County,MO,City,Q490369,http://gentrycounty.net
henrycomo.com,Henry County,Henry County,MO,City,Q490378,http://www.henrycomo.com
franklinmo.org,Franklin County,Franklin County,MO,City,Q490383,https://www.franklinmo.org/
gasconadecounty.org,Gasconade County,Gasconade County,MO,City,Q490386,https://gasconadecounty.org/
grundycountymo.com,Grundy County,Grundy County,MO,City,Q490395,http://www.grundycountymo.com
holtcounty.org,Holt County,Holt County,MO,City,Q490405,http://holtcounty.org/
vernoncountymo.org,Vernon County,Vernon County,MO,City,Q496440,http://www.vernoncountymo.org/
shelbycountymo.com,Shelby County,Shelby County,MO,City,Q496447,https://shelbycountymo.com/
stoneco-mo.us,Stone County,Stone County,MO,City,Q496453,http://www.stoneco-mo.us/
washingtoncountymo.us,Washington County,Washington County,MO,City,Q496486,http://www.washingtoncountymo.us/
co.taney.mo.us,Taney County,Taney County,MO,City,Q496962,http://www.co.taney.mo.us
scotlandcountymo.org,Scotland County,Scotland County,MO,City,Q496971,https://www.scotlandcountymo.org/
scottcountymo.com,Scott County,Scott County,MO,City,Q496980,https://www.scottcountymo.com/
pemiscotcounty.org,Pemiscot County,Pemiscot County,MO,City,Q497602,http://www.pemiscotcounty.org/
shannon-county.com,Shannon County,Shannon County,MO,City,Q497628,https://www.shannon-county.com/
warrencountymo.org,Warren County,Warren County,MO,City,Q497634,http://www.warrencountymo.org
pettiscomo.com,Pettis County,Pettis County,MO,City,Q497642,http://www.pettiscomo.com
idasc.com,Stoddard County,Stoddard County,MO,City,Q497646,http://www.idasc.com
schuylercountymo.org,Schuyler County,Schuyler County,MO,City,Q497953,https://www.schuylercountymo.org/
worthcounty.us,Worth County,Worth County,MO,City,Q497971,http://www.worthcounty.us
sfcgov.org,St. Francois County,St. Francois County,MO,City,Q498014,http://www.sfcgov.org
theborough.com,Bristol Bay Borough,Bristol Bay Borough,AK,City,Q501130,http://www.theborough.com
aleutianseast.org,Aleutians East Borough,Aleutians East Borough,AK,City,Q504371,http://www.aleutianseast.org
borough.ketchikan.ak.us,Ketchikan Gateway Borough,Ketchikan Gateway Borough,AK,City,Q506064,http://www.borough.ketchikan.ak.us
lakeandpen.com,Lake and Peninsula Borough,Lake and Peninsula Borough,AK,City,Q511679,http://www.lakeandpen.com
nwabor.org,Northwest Arctic Borough,Northwest Arctic Borough,AK,City,Q511723,http://www.nwabor.org
north-slope.org,North Slope Borough,North Slope Borough,AK,City,Q511806,http://www.north-slope.org
borough.kenai.ak.us,Kenai Peninsula Borough,Kenai Peninsula Borough,AK,City,Q512713,http://www.borough.kenai.ak.us
co.fairbanks.ak.us,Fairbanks North Star Borough,Fairbanks North Star Borough,AK,City,Q512901,http://www.co.fairbanks.ak.us
matsugov.us,Matanuska-Susitna Borough,Matanuska-Susitna Borough,AK,City,Q512925,http://www.matsugov.us
hainesborough.us,Haines Borough,Haines Borough,AK,City,Q512981,http://www.hainesborough.us
kodiakak.us,Kodiak Island Borough,Kodiak Island Borough,AK,City,Q514093,http://www.kodiakak.us
eriecounty.oh.gov,Erie County,Erie County,OH,City,Q111310,http://www.eriecounty.oh.gov
co.lucas.oh.us,Lucas County,Lucas County,OH,City,Q112107,https://www.co.lucas.oh.us/
henrycountyohio.com,Henry County,Henry County,OH,City,Q113220,http://www.henrycountyohio.com
co.clinton.oh.us,Clinton County,Clinton County,OH,City,Q113875,https://co.clinton.oh.us/
jeffersoncountyoh.com,Jefferson County,Jefferson County,OH,City,Q114140,http://www.jeffersoncountyoh.com
loraincounty.us,Lorain County,Lorain County,OH,City,Q251277,http://www.loraincounty.us
co.geauga.oh.us,Geauga County,Geauga County,OH,City,Q288592,http://www.co.geauga.oh.us
hccommissioners.com,Huron County,Huron County,OH,City,Q336167,http://www.hccommissioners.com
co.medina.oh.us,Medina County,Medina County,OH,City,Q336183,http://www.co.medina.oh.us
defiance-county.com,Defiance County,Defiance County,OH,City,Q336190,http://www.defiance-county.com
co.trumbull.oh.us,Trumbull County,Trumbull County,OH,City,Q336229,http://www.co.trumbull.oh.us
co.ashtabula.oh.us,Ashtabula County,Ashtabula County,OH,City,Q336322,http://www.co.ashtabula.oh.us
auglaizecounty.org,Auglaize County,Auglaize County,OH,City,Q372364,http://www.auglaizecounty.org
pickaway.org,Pickaway County,Pickaway County,OH,City,Q386271,http://www.pickaway.org
co.champaign.oh.us,Champaign County,Champaign County,OH,City,Q389573,http://www.co.champaign.oh.us
co.hancock.oh.us,Hancock County,Hancock County,OH,City,Q402938,http://www.co.hancock.oh.us
pauldingcountyoh.com,Paulding County,Paulding County,OH,City,Q402945,http://www.pauldingcountyoh.com
wayneohio.org,Wayne County,Wayne County,OH,City,Q403184,https://www.wayneohio.org/
richlandcountyoh.us,Richland County,Richland County,OH,City,Q403310,http://www.richlandcountyoh.us
co.wyandot.oh.us,Wyandot County,Wyandot County,OH,City,Q403319,http://www.co.wyandot.oh.us
wataugacounty.org,Watauga County,Watauga County,NC,City,Q502880,http://www.wataugacounty.org
brunsco.net,Brunswick County,Brunswick County,NC,City,Q504329,http://www.brunsco.net
co.bertie.nc.us,Bertie County,Bertie County,NC,City,Q504335,http://www.co.bertie.nc.us
buncombecounty.org,Buncombe County,Buncombe County,NC,City,Q504360,http://www.buncombecounty.org
burkenc.org,Burke County,Burke County,NC,City,Q504366,https://www.burkenc.org/
bladeninfo.org,Bladen County,Bladen County,NC,City,Q504403,http://www.bladeninfo.org
martincountyncgov.com,Martin County,Martin County,NC,City,Q505359,http://www.martincountyncgov.com
co.nash.nc.us,Nash County,Nash County,NC,City,Q506235,http://www.co.nash.nc.us
madisoncountync.org,Madison County,Madison County,NC,City,Q506300,http://www.madisoncountync.org
mitchellcounty.org,Mitchell County,Mitchell County,NC,City,Q506337,http://www.mitchellcounty.org
waynegov.com,Wayne County,Wayne County,NC,City,Q506569,https://www.waynegov.com/
northamptonnc.com,Northampton County,Northampton County,NC,City,Q506676,http://www.northamptonnc.com
co.stokes.nc.us,Stokes County,Stokes County,NC,City,Q506682,https://www.co.stokes.nc.us
scotlandcounty.org,Scotland County,Scotland County,NC,City,Q506690,http://www.scotlandcounty.org
montgomery-county.com,Montgomery County,Montgomery County,NC,City,Q506697,http://www.montgomery-county.com
co.pasquotank.nc.us,Pasquotank County,Pasquotank County,NC,City,Q507438,http://www.co.pasquotank.nc.us
maconnc.org,Macon County,Macon County,NC,City,Q507575,http://www.maconnc.org
washconc.org,Washington County,Washington County,NC,City,Q507587,http://www.washconc.org
co.pamlico.nc.us,Pamlico County,Pamlico County,NC,City,Q507616,http://www.co.pamlico.nc.us
sampsonnc.com,Sampson County,Sampson County,NC,City,Q507722,http://www.sampsonnc.com
co.robeson.nc.us,Robeson County,Robeson County,NC,City,Q507733,http://www.co.robeson.nc.us
transylvaniacounty.org,Transylvania County,Transylvania County,NC,City,Q507743,http://www.transylvaniacounty.org
charmeck.nc.us,Mecklenburg County,Mecklenburg County,NC,City,Q507770,http://www.charmeck.nc.us
co.stanly.nc.us,Stanly County,Stanly County,NC,City,Q507798,http://www.co.stanly.nc.us
mcdowellgov.com,McDowell County,McDowell County,NC,City,Q507811,https://www.mcdowellgov.com/
warrencountync.com,Warren County,Warren County,NC,City,Q507853,http://www.warrencountync.com
richmondnc.com,Richmond County,Richmond County,NC,City,Q507870,https://www.richmondnc.com
co.surry.nc.us,Surry County,Surry County,NC,City,Q507881,http://www.co.surry.nc.us
polknc.org,Polk County,Polk County,NC,City,Q507892,http://www.polknc.org
tyrrellcounty.org,Tyrrell County,Tyrrell County,NC,City,Q507918,http://tyrrellcounty.org/index.php/en/
co.randolph.nc.us,Randolph County,Randolph County,NC,City,Q507943,http://www.co.randolph.nc.us
vancecounty.org,Vance County,Vance County,NC,City,Q507981,http://www.vancecounty.org
nhcgov.com,New Hanover County,New Hanover County,NC,City,Q508209,https://www.nhcgov.com/
co.union.nc.us,Union County,Union County,NC,City,Q508247,http://www.co.union.nc.us
personcounty.net,Person County,Person County,NC,City,Q508271,http://www.personcounty.net
columbusco.org,Columbus County,Columbus County,NC,City,Q509813,https://www.columbusco.org/
gatescounty.govoffice2.com,Gates County,Gates County,NC,City,Q509838,http://www.gatescounty.govoffice2.com
halifaxnc.com,Halifax County,Halifax County,NC,City,Q509910,http://www.halifaxnc.com
co.forsyth.nc.us,Forsyth County,Forsyth County,NC,City,Q509926,http://www.co.forsyth.nc.us
wilson-co.com,Wilson County,Wilson County,NC,City,Q510900,http://www.wilson-co.com
clevelandcounty.com,Cleveland County,Cleveland County,NC,City,Q511691,http://www.clevelandcounty.com
co.davidson.nc.us,Davidson County,Davidson County,NC,City,Q511713,http://www.co.davidson.nc.us
hendersoncountync.org,Henderson County,Henderson County,NC,City,Q511747,http://www.hendersoncountync.org
co.currituck.nc.us,Currituck County,Currituck County,NC,City,Q511761,http://www.co.currituck.nc.us
duplincountync.com,Duplin County,Duplin County,NC,City,Q511788,http://www.DuplinCountyNC.com
co.cumberland.nc.us,Cumberland County,Cumberland County,NC,City,Q511834,http://www.co.cumberland.nc.us
gastongov.com,Gaston County,Gaston County,NC,City,Q511849,https://www.gastongov.com/
greer.okcounties.org,Greer County,Greer County,OK,City,Q111968,http://greer.okcounties.org
kingfisher.okcounties.org,Kingfisher County,Kingfisher County,OK,City,Q267164,https://kingfisher.okcounties.org/
ashlandcounty.org,Ashland County,Ashland County,OH,City,Q403544,http://www.ashlandcounty.org
crawford-co.org,Crawford County,Crawford County,OH,City,Q403777,http://www.crawford-co.org
harrisoncountyohio.org,Harrison County,Harrison County,OH,City,Q421956,http://www.harrisoncountyohio.org
columbianacounty.org,Columbiana County,Columbiana County,OH,City,Q421960,http://www.columbianacounty.org
co.tuscarawas.oh.us,Tuscarawas County,Tuscarawas County,OH,City,Q421963,http://www.co.tuscarawas.oh.us
carrollcountyohio.us,Carroll County,Carroll County,OH,City,Q421970,http://www.carrollcountyohio.us
co.stark.oh.us,Stark County,Stark County,OH,City,Q421974,http://www.co.stark.oh.us
co.williams.oh.us,Williams County,Williams County,OH,City,Q483923,http://www.co.williams.oh.us
comanchecounty.us,Comanche County,Comanche County,OK,City,Q484590,http://www.comanchecounty.us
creekcountyonline.com,Creek County,Creek County,OK,City,Q484596,http://www.creekcountyonline.com
gradycountyok.com,Grady County,Grady County,OK,City,Q484600,http://www.gradycountyok.com
ccok.us,Cleveland County,Cleveland County,OK,City,Q484603,http://www.ccok.us
garfieldok.com,Garfield County,Garfield County,OK,City,Q484729,http://www.garfieldok.com
delaware.okcounties.org,Delaware County,Delaware County,OK,City,Q484752,https://delaware.okcounties.org/
kiowacountyok.us,Kiowa County,Kiowa County,OK,City,Q485006,https://kiowacountyok.us/
txcountyok.com,Texas County,Texas County,OK,City,Q485017,http://www.txcountyok.com
jeffcoinfo.org,Jefferson County,Jefferson County,OK,City,Q485024,http://www.jeffcoinfo.org
oklahomacounty.org,Oklahoma County,Oklahoma County,OK,City,Q485038,https://www.oklahomacounty.org
atokaok.org,Atoka County,Atoka County,OK,City,Q485042,https://www.atokaok.org/
beaver.okcounties.org,Beaver County,Beaver County,OK,City,Q485047,https://beaver.okcounties.org/
belmontcountyohio.org,Belmont County,Belmont County,OH,City,Q485513,http://www.belmontcountyohio.org
co.delaware.oh.us,Delaware County,Delaware County,OH,City,Q485524,http://www.co.delaware.oh.us
co.madison.oh.us,Madison County,Madison County,OH,City,Q485526,http://www.co.madison.oh.us
pickawayross.com,Ross County,Ross County,OH,City,Q485528,http://www.pickawayross.com/Default.aspx
coshoctoncounty.net,Coshocton County,Coshocton County,OH,City,Q485532,http://www.coshoctoncounty.net
co.summitoh.net,Summit County,Summit County,OH,City,Q485536,https://co.summitoh.net
fultoncountyoh.com,Fulton County,Fulton County,OH,City,Q485539,http://www.FultonCountyOH.com
sanduskycounty.org,Sandusky County,Sandusky County,OH,City,Q485543,http://www.sanduskycounty.org
mercercountyohio.org,Mercer County,Mercer County,OH,City,Q485549,http://www.mercercountyohio.org
senecacounty.com,Seneca County,Seneca County,OH,City,Q485553,http://www.senecacounty.com
co.wood.oh.us,Wood County,Wood County,OH,City,Q485571,http://www.co.wood.oh.us
co.allen.oh.us,Allen County,Allen County,OH,City,Q485577,http://www.co.allen.oh.us
co.athensoh.org,Athens County,Athens County,OH,City,Q485588,http://www.co.athensoh.org
mydarkecountyohio.com,Darke County,Darke County,OH,City,Q485592,http://www.mydarkecountyohio.com
co.ottawa.oh.us,Ottawa County,Ottawa County,OH,City,Q485596,https://www.co.ottawa.oh.us/
mcohio.org,Montgomery County,Montgomery County,OH,City,Q485600,https://www.mcohio.org/
lawrencecountyohio.org,Lawrence County,Lawrence County,OH,City,Q485615,http://www.lawrencecountyohio.org
vanwertcounty.org,Van Wert County,Van Wert County,OH,City,Q485628,http://www.vanwertcounty.org
sciotocountyohio.com,Scioto County,Scioto County,OH,City,Q485646,http://www.sciotocountyohio.com
holmescounty.com,Holmes County,Holmes County,OH,City,Q485650,http://www.holmescounty.com
canadiancounty.org,Canadian County,Canadian County,OK,City,Q486614,http://www.canadiancounty.org
grantcountyok.com,Grant County,Grant County,OK,City,Q486621,http://www.grantcountyok.com
oklahoma.gov,Harmon County,Harmon County,OK,City,Q486626,https://oklahoma.gov/okdhs/library/resources/harmonrd211.html
johnstoncountyok.org,Johnston County,Johnston County,OK,City,Q486651,http://www.johnstoncountyok.org
marshall.okcounties.org,Marshall County,Marshall County,OK,City,Q489306,https://marshall.okcounties.org/
love.okcounties.org,Love County,Love County,OK,City,Q489312,http://love.okcounties.org
courthouse.kay.ok.us,Kay County,Kay County,OK,City,Q489318,https://www.courthouse.kay.ok.us/
tillmancounty.org,Tillman County,Tillman County,OK,City,Q489324,http://www.tillmancounty.org
rogermills.org,Roger Mills County,Roger Mills County,OK,City,Q489332,http://www.rogermills.org
woodwardcounty.org,Woodward County,Woodward County,OK,City,Q489447,http://woodwardcounty.org
ok.gov,Wagoner County,Wagoner County,OK,City,Q489457,http://www.ok.gov/wagonercounty
woodscountyok.com,Woods County,Woods County,OK,City,Q489468,https://woodscountyok.com/
visitmurraycountyok.com,Murray County,Murray County,OK,City,Q489477,http://www.visitmurraycountyok.com
tulsacounty.org,Tulsa County,Tulsa County,OK,City,Q489481,http://www.tulsacounty.org
countycourthouse.org,Washington County,Washington County,OK,City,Q489486,http://www.countycourthouse.org
co.union.oh.us,Union County,Union County,OH,City,Q489536,http://www.co.union.oh.us
co.shelby.oh.us,Shelby County,Shelby County,OH,City,Q489546,http://co.shelby.oh.us
co.marion.oh.us,Marion County,Marion County,OH,City,Q489553,http://www.co.marion.oh.us
washingtongov.org,Washington County,Washington County,OH,City,Q489571,https://www.washingtongov.org/
co.warren.oh.us,Warren County,Warren County,OH,City,Q489576,https://co.warren.oh.us
perrycountyohio.net,Perry County,Perry County,OH,City,Q489586,http://www.perrycountyohio.net/
monroecountyohio.net,Monroe County,Monroe County,OH,City,Q489591,http://www.monroecountyohio.net/
co.miami.oh.us,Miami County,Miami County,OH,City,Q489595,http://www.co.miami.oh.us
meigscountyohio.com,Meigs County,Meigs County,OH,City,Q489915,https://www.meigscountyohio.com/
prebco.org,Preble County,Preble County,OH,City,Q489935,http://www.prebco.org
co.vinton.oh.us,Vinton County,Vinton County,OH,City,Q489942,http://co.vinton.oh.us
co.highland.oh.us,Highland County,Highland County,OH,City,Q490144,http://co.highland.oh.us/
lcounty.com,Licking County,Licking County,OH,City,Q490150,http://www.lcounty.com
co.fairfield.oh.us,Fairfield County,Fairfield County,OH,City,Q490157,http://www.co.fairfield.oh.us
fayette-co-oh.com,Fayette County,Fayette County,OH,City,Q490161,http://www.fayette-co-oh.com
guernseycounty.org,Guernsey County,Guernsey County,OH,City,Q490168,http://www.guernseycounty.org
knoxcountyohio.org,Knox County,Knox County,OH,City,Q490181,http://www.knoxcountyohio.org
co.hardin.oh.us,Hardin County,Hardin County,OH,City,Q490184,http://www.co.hardin.oh.us/
co.logan.oh.us,Logan County,Logan County,OH,City,Q490190,http://www.co.logan.oh.us
muskingumcounty.org,Muskingum County,Muskingum County,OH,City,Q497208,http://www.muskingumcounty.org
co.hocking.oh.us,Hocking County,Hocking County,OH,City,Q499295,http://www.co.hocking.oh.us
gallianet.net,Gallia County,Gallia County,OH,City,Q499302,http://www.gallianet.net
jacksoncountygovernment.org,Jackson County,Jackson County,OH,City,Q738043,http://jacksoncountygovernment.org
co.greene.oh.us,Greene County,Greene County,OH,City,Q825807,http://www.co.greene.oh.us
waldwicknj.org,Waldwick,Waldwick,NJ,City,Q1082480,https://www.waldwicknj.org/
oldtappan.net,Old Tappan,Old Tappan,NJ,City,Q1082492,https://oldtappan.net/
hasbrouck-heights.nj.us,Hasbrouck Heights,Hasbrouck Heights,NJ,City,Q1082527,http://www.hasbrouck-heights.nj.us/
interlakenboro.com,Interlaken,Interlaken,NJ,City,Q1082542,http://www.interlakenboro.com/
matawanborough.com,Matawan,Matawan,NJ,City,Q1082606,http://www.matawanborough.com
demarestnj.org,Demarest,Demarest,NJ,City,Q1082637,https://demarestnj.org/
emersonnj.org,Emerson,Emerson,NJ,City,Q1082713,https://www.emersonnj.org/
norwoodboro.org,Norwood,Norwood,NJ,City,Q1082741,https://www.norwoodboro.org/
hillsdalenj.org,Hillsdale,Hillsdale,NJ,City,Q1082777,https://www.hillsdalenj.org/
roselandnj.org,Roseland,Roseland,NJ,City,Q1082801,https://www.roselandnj.org/
wclnj.com,Woodcliff Lake,Woodcliff Lake,NJ,City,Q1082846,https://www.wclnj.com/
totowanj.org,Totowa,Totowa,NJ,City,Q1082888,http://www.totowanj.org/
hamburgnj.org,Hamburg,Hamburg,NJ,City,Q1082931,http://www.hamburgnj.org/
clementonborough.com,Clementon,Clementon,NJ,City,Q1082950,http://www.clementonborough.com/
stoneharborbeach.com,Stone Harbor,Stone Harbor,NJ,City,Q1083016,https://stoneharborbeach.com/
folsomborough.com,Folsom,Folsom,NJ,City,Q1083022,http://www.folsomborough.com/
wrightstownborough.com,Wrightstown,Wrightstown,NJ,City,Q1083035,http://www.wrightstownborough.com/
branchville.us,Branchville,Branchville,NJ,City,Q1083041,https://www.branchville.us/
somerdale-nj.com,Somerdale,Somerdale,NJ,City,Q1083061,https://www.somerdale-nj.com/
hopatcong.org,Hopatcong,Hopatcong,NJ,City,Q1083091,https://hopatcong.org/
nationalparkboro.com,National Park,National Park,NJ,City,Q1083114,https://www.nationalparkboro.com/
milford-nj.us,Milford,Milford,NJ,City,Q1083131,https://milford-nj.us/
collingswood.com,Collingswood,Collingswood,NJ,City,Q1083141,http://www.collingswood.com/
wildwoodcrest.org,Wildwood Crest,Wildwood Crest,NJ,City,Q1083165,https://wildwoodcrest.org/
elmerboroughnj.com,Elmer,Elmer,NJ,City,Q1083176,http://elmerboroughnj.com/
westwildwood.org,West Wildwood,West Wildwood,NJ,City,Q1083192,https://westwildwood.org/
mantoloking.org,Mantoloking,Mantoloking,NJ,City,Q1083237,http://www.mantoloking.org/
harveycedars.org,Harvey Cedars,Harvey Cedars,NJ,City,Q1083266,https://www.harveycedars.org/
penningtonboro.org,Pennington,Pennington,NJ,City,Q1083335,https://www.penningtonboro.org/
oceangatenjgov.com,Ocean Gate,Ocean Gate,NJ,City,Q1083342,http://oceangatenjgov.com/
haledonboronj.com,Haledon,Haledon,NJ,City,Q1083356,https://www.haledonboronj.com/
haddonhts.com,Haddon Heights,Haddon Heights,NJ,City,Q1083363,https://haddonhts.com/
raritanboro.org,Raritan,Raritan,NJ,City,Q1083371,https://www.raritanboro.org/
oaklyn-nj.net,Oaklyn,Oaklyn,NJ,City,Q1083384,https://oaklyn-nj.net/
boroughofsouthtomsriver.com,South Toms River,South Toms River,NJ,City,Q1083396,https://boroughofsouthtomsriver.com/
pinehillboronj.com,Pine Hill,Pine Hill,NJ,City,Q1083402,https://www.pinehillboronj.com/
pembertonborough.us,Pemberton,Pemberton,NJ,City,Q1083423,https://pembertonborough.us/
chesterborough.org,Chester Borough,Chester Borough,NJ,City,Q1083433,https://chesterborough.org/
tuckertonborough.com,Tuckerton,Tuckerton,NJ,City,Q1083460,https://tuckertonborough.com/
westville-nj.com,Westville,Westville,NJ,City,Q1083524,https://westville-nj.com/
islandheightsboro.com,Island Heights,Island Heights,NJ,City,Q1083556,https://islandheightsboro.com/
magnolia-nj.org,Magnolia,Magnolia,NJ,City,Q1083573,https://magnolia-nj.org/
ogdensburgnj.org,Ogdensburg,Ogdensburg,NJ,City,Q1083592,https://www.ogdensburgnj.org
hinellaboro.org,Hi-Nella,Hi-Nella,NJ,City,Q1083685,https://www.hinellaboro.org/
audubonnj.com,Audubon,Audubon,NJ,City,Q1083703,https://www.audubonnj.com/
lawnside.net,Lawnside,Lawnside,NJ,City,Q1083712,https://www.lawnside.net/
lebanonboro.com,Lebanon,Lebanon,NJ,City,Q1083772,https://www.lebanonboro.com/
mountarlingtonnj.org,Mount Arlington,Mount Arlington,NJ,City,Q1083835,https://mountarlingtonnj.org/
stratfordnj.org,Stratford,Stratford,NJ,City,Q1083856,https://stratfordnj.org/
glassboro.org,Glassboro,Glassboro,NJ,City,Q1083910,https://www.glassboro.org/
barnegatlight.org,Barnegat Light,Barnegat Light,NJ,City,Q1083946,https://www.barnegatlight.org/
sbbnj.com,South Bound Brook,South Bound Brook,NJ,City,Q1083965,https://sbbnj.com/
capemaypoint.org,Cape May Point,Cape May Point,NJ,City,Q1083977,https://www.capemaypoint.org/
kinnelonboro.org,Kinnelon,Kinnelon,NJ,City,Q1084058,https://www.kinnelonboro.org/
shilohborough.com,Shiloh,Shiloh,NJ,City,Q1084082,https://shilohborough.com/
farhillsnj.org,Far Hills,Far Hills,NJ,City,Q1084288,https://farhillsnj.org/
prospectpark.net,Prospect Park,Prospect Park,NJ,City,Q1084381,https://www.prospectpark.net/
eatontownnj.com,Eatontown,Eatontown,NJ,City,Q1084454,https://eatontownnj.com/
littleferrynj.org,Little Ferry,Little Ferry,NJ,City,Q1084461,http://www.littleferrynj.org/
peapackgladstone.org,Peapack-Gladstone,Peapack-Gladstone,NJ,City,Q1084597,http://peapackgladstone.org/
midlandparknj.org,Midland Park,Midland Park,NJ,City,Q1084630,https://www.midlandparknj.org/
englishtownnj.com,Englishtown,Englishtown,NJ,City,Q1084657,http://www.englishtownnj.com/
shrewsburyboro.com,Shrewsbury,Shrewsbury,NJ,City,Q1084814,https://www.shrewsburyboro.com
avonbytheseanj.com,Avon-by-the-Sea,Avon-by-the-Sea,NJ,City,Q1085002,https://www.avonbytheseanj.com/
audubonparknj.org,Audubon Park,Audubon Park,NJ,City,Q1085019,http://www.audubonparknj.org/
westlongbranch.org,West Long Branch,West Long Branch,NJ,City,Q1085195,https://www.westlongbranch.org/
tintonfalls.com,Tinton Falls,Tinton Falls,NJ,City,Q1085364,https://www.tintonfalls.com/
oceanportboro.com,Oceanport,Oceanport,NJ,City,Q1085428,https://oceanportboro.com/
springlakehts.com,Spring Lake Heights,Spring Lake Heights,NJ,City,Q1085632,https://springlakehts.com/
allentownboronj.com,Allentown,Allentown,NJ,City,Q1085875,https://allentownboronj.com/
monmouthbeach.org,Monmouth Beach,Monmouth Beach,NJ,City,Q1085928,https://monmouthbeach.org/
pennsgrove-nj.org,Penns Grove,Penns Grove,NJ,City,Q1085939,https://pennsgrove-nj.org/
franklinborough.org,Franklin,Franklin,NJ,City,Q1085963,http://www.franklinborough.org/
lodi-nj.org,Lodi,Lodi,NJ,City,Q1085972,http://www.lodi-nj.org/
milltownnj.org,Milltown,Milltown,NJ,City,Q1086109,https://www.milltownnj.org/
beachwoodusa.com,Beachwood,Beachwood,NJ,City,Q1086210,https://www.beachwoodusa.com/
ringwoodnj.net,Ringwood,Ringwood,NJ,City,Q1086229,http://www.ringwoodnj.net/
millstoneboro.org,Millstone,Millstone,NJ,City,Q1086245,https://millstoneboro.org/
highlandsnj.com,Highlands,Highlands,NJ,City,Q1086265,https://www.highlandsnj.com/
wallingtonnj.org,Wallington,Wallington,NJ,City,Q1086296,https://www.wallingtonnj.org/
paulsboronj.org,Paulsboro,Paulsboro,NJ,City,Q1086337,https://paulsboronj.org/
bayheadnj.org,Bay Head,Bay Head,NJ,City,Q1086404,http://bayheadnj.org/
barringtonboro.com,Barrington,Barrington,NJ,City,Q1086411,https://barringtonboro.com/
oradell.org,Oradell,Oradell,NJ,City,Q1086416,https://www.oradell.org/
brooklawn.us,Brooklawn,Brooklawn,NJ,City,Q1086499,http://www.brooklawn.us/
hamptonboro.org,Hampton,Hampton,NJ,City,Q1086532,http://www.hamptonboro.org/
boroughofwoodbine.net,Woodbine,Woodbine,NJ,City,Q1086543,http://www.boroughofwoodbine.net/
historicwoodstown.org,Woodstown,Woodstown,NJ,City,Q1086554,https://historicwoodstown.org/
stocktonboronj.us,Stockton,Stockton,NJ,City,Q46216,http://stocktonboronj.us/
fairviewborough.com,Fairview,Fairview,NJ,City,Q120503,http://fairviewborough.com/
edgewaternj.org,Edgewater,Edgewater,NJ,City,Q178035,https://www.edgewaternj.org/
montvale.org,Montvale,Montvale,NJ,City,Q178277,https://www.montvale.org/
northarlington.org,North Arlington,North Arlington,NJ,City,Q182289,https://www.northarlington.org/
franklinlakes.org,Franklin Lakes,Franklin Lakes,NJ,City,Q183312,https://www.franklinlakes.org/
haworthnj.org,Haworth,Haworth,NJ,City,Q200658,https://www.haworthnj.org/
essexfellsboro.com,Essex Fells,Essex Fells,NJ,City,Q205833,https://www.essexfellsboro.com/
lakecomonj.org,Lake Como,Lake Como,NJ,City,Q209220,https://lakecomonj.org/
closterboro.com,Closter,Closter,NJ,City,Q236644,http://www.closterboro.com/
parkridgeboro.com,Park Ridge,Park Ridge,NJ,City,Q253067,https://parkridgeboro.com/
englewoodcliffsnj.net,Englewood Cliffs,Englewood Cliffs,NJ,City,Q281839,https://www.englewoodcliffsnj.net/
tavistocknj.org,Tavistock,Tavistock,NJ,City,Q304333,https://www.tavistocknj.org/
northplainfield.org,North Plainfield,North Plainfield,NJ,City,Q368099,https://northplainfield.org/
hightstownborough.com,Hightstown,Hightstown,NJ,City,Q385746,https://www.hightstownborough.com/
wanaqueborough.com,Wanaque,Wanaque,NJ,City,Q473265,https://www.wanaqueborough.com/
andoverboroughnj.org,Andover Borough,Andover Borough,NJ,City,Q492843,http://www.andoverboroughnj.org/
palisadesparknj.us,Palisades Park,Palisades Park,NJ,City,Q509764,http://palisadesparknj.us/
califonboro.org,Califon,Califon,NJ,City,Q515694,https://www.califonboro.org/
fieldsboronj.com,Fieldsboro,Fieldsboro,NJ,City,Q528662,http://www.fieldsboronj.com/
hpboro.com,Highland Park,Highland Park,NJ,City,Q570889,https://www.hpboro.com/
elmwoodparknj.us,Elmwood Park,Elmwood Park,NJ,City,Q576499,https://elmwoodparknj.us/
northhaledon.com,North Haledon,North Haledon,NJ,City,Q585232,https://www.northhaledon.com/
rutherfordboronj.com,Rutherford,Rutherford,NJ,City,Q589182,https://www.rutherfordboronj.com/
fairlawn.org,Fair Lawn,Fair Lawn,NJ,City,Q607666,https://www.fairlawn.org/
ramseynj.com,Ramsey,Ramsey,NJ,City,Q636122,https://www.ramseynj.com/
pinebeachborough.us,Pine Beach,Pine Beach,NJ,City,Q653651,http://www.pinebeachborough.us/
ci.carteret.nj.us,Carteret,Carteret,NJ,City,Q661096,http://www.ci.carteret.nj.us/
pointpleasantbeach.org,Point Pleasant Beach,Point Pleasant Beach,NJ,City,Q674008,https://pointpleasantbeach.org/
freeholdboro.org,Freehold,Freehold,NJ,City,Q691237,http://www.freeholdboro.org/
caldwell-nj.com,Caldwell,Caldwell,NJ,City,Q717516,https://caldwell-nj.com/
eastrutherfordnj.net,East Rutherford,East Rutherford,NJ,City,Q746830,https://www.eastrutherfordnj.net/
mountephraim-nj.com,Mount Ephraim,Mount Ephraim,NJ,City,Q747648,https://mountephraim-nj.com/
rosellepark.net,Roselle Park,Roselle Park,NJ,City,Q770167,https://rosellepark.net/
southplainfieldnj.com,South Plainfield,South Plainfield,NJ,City,Q770262,http://www.southplainfieldnj.com/
jamesburgborough.org,Jamesburg,Jamesburg,NJ,City,Q773400,http://www.jamesburgborough.org/
manvillenj.org,Manville,Manville,NJ,City,Q781572,https://www.manvillenj.org/
oakland-nj.org,Oakland,Oakland,NJ,City,Q795396,http://oakland-nj.org/
bergenfieldboro.com,Bergenfield,Bergenfield,NJ,City,Q819548,https://bergenfieldboro.com/
bernardsvilleboro.org,Bernardsville,Bernardsville,NJ,City,Q823107,https://www.bernardsvilleboro.org/
bloomingdalenj.org,Bloomingdale,Bloomingdale,NJ,City,Q885389,http://www.bloomingdalenj.org/
bogotaonline.org,Bogota,Bogota,NJ,City,Q890659,https://www.bogotaonline.org/
boundbrooknj.net,Bound Brook,Bound Brook,NJ,City,Q895149,https://boundbrooknj.net/
riveredgenj.org,River Edge,River Edge,NJ,City,Q928724,https://www.riveredgenj.org/
newfieldborough.org,Newfield,Newfield,NJ,City,Q931145,https://www.newfieldborough.org/
teterboro-online.com,Teterboro,Teterboro,NJ,City,Q936782,http://www.teterboro-online.com/
rosenet.org,Madison,Madison,NJ,City,Q938359,https://www.rosenet.org/
fanwoodnj.org,Fanwood,Fanwood,NJ,City,Q949850,https://www.fanwoodnj.org/
helmettaboro.com,Helmetta,Helmetta,NJ,City,Q955970,http://www.helmettaboro.com/
lavallette.org,Lavallette,Lavallette,NJ,City,Q957726,https://www.lavallette.org/
pitman.org,Pitman,Pitman,NJ,City,Q967781,http://www.pitman.org/
buenaboro.org,Buena,Buena,NJ,City,Q1001773,http://buenaboro.org/
glenridgenj.org,Glen Ridge,Glen Ridge,NJ,City,Q1003074,https://www.glenridgenj.org/
redbanknj.org,Red Bank,Red Bank,NJ,City,Q1010539,https://www.redbanknj.org/
sayreville.com,Sayreville,Sayreville,NJ,City,Q1013228,http://www.sayreville.com/
boroughofroselle.com,Roselle,Roselle,NJ,City,Q1013233,https://www.boroughofroselle.com/
tenaflynj.org,Tenafly,Tenafly,NJ,City,Q1013254,http://www.tenaflynj.org/
fortleenj.org,Fort Lee,Fort Lee,NJ,City,Q1013261,https://www.fortleenj.org/
mountainside-nj.com,Mountainside,Mountainside,NJ,City,Q1014338,https://www.mountainside-nj.com/
ptboro.com,Point Pleasant,Point Pleasant,NJ,City,Q1014591,http://www.ptboro.com/
metuchennj.org,Metuchen,Metuchen,NJ,City,Q1021527,http://www.metuchennj.org/
kenilworthnj.com,Kenilworth,Kenilworth,NJ,City,Q1021540,https://www.kenilworthnj.com/
saddleriver.org,Saddle River,Saddle River,NJ,City,Q1021551,https://www.saddleriver.org/
newprov.org,New Providence,New Providence,NJ,City,Q1021568,https://www.newprov.org/
alpinenj07620.org,Alpine,Alpine,NJ,City,Q1021577,http://www.alpinenj07620.org/
paramusborough.org,Paramus,Paramus,NJ,City,Q1021714,https://www.paramusborough.org/
southrivernj.org,South River,South River,NJ,City,Q1025811,http://www.southrivernj.org/
carlstadtnj.us,Carlstadt,Carlstadt,NJ,City,Q1043422,https://www.carlstadtnj.us/
laurelsprings-nj.com,Laurel Springs,Laurel Springs,NJ,City,Q1082374,https://www.laurelsprings-nj.com/
garfield.utah.gov,Garfield County,Garfield County,UT,City,Q26740,http://garfield.utah.gov
millardcounty.org,Millard County,Millard County,UT,City,Q26760,http://www.millardcounty.org
morgan-county.net,Morgan County,Morgan County,UT,City,Q26880,http://www.morgan-county.net
richcountyut.org,Rich County,Rich County,UT,City,Q26907,https://www.richcountyut.org/
grandcountyutah.net,Grand County,Grand County,UT,City,Q27041,https://www.grandcountyutah.net/
waynecountyutah.org,Wayne County,Wayne County,UT,City,Q27045,http://www.waynecountyutah.org
washco.state.ut.us,Washington County,Washington County,UT,City,Q27240,http://www.washco.state.ut.us
piutecounty.org,Piute County,Piute County,UT,City,Q27245,http://piutecounty.org
beaver.utah.gov,Beaver County,Beaver County,UT,City,Q109284,http://beaver.utah.gov
boxeldercounty.org,Box Elder County,Box Elder County,UT,City,Q109641,http://www.boxeldercounty.org
cachecounty.org,Cache County,Cache County,UT,City,Q109790,http://www.cachecounty.org
daggettcounty.org,Daggett County,Daggett County,UT,City,Q111304,http://www.daggettcounty.org
carbon.utah.gov,Carbon County,Carbon County,UT,City,Q156467,http://www.carbon.utah.gov
hardincogov.com,Hardin County,Hardin County,TN,City,Q302165,https://www.hardincogov.com/
morgancountytn.org,Morgan County,Morgan County,TN,City,Q372373,http://www.morgancountytn.org
tiptonco.com,Tipton County,Tipton County,TN,City,Q474999,http://www.tiptonco.com
blounttn.org,Blount County,Blount County,TN,City,Q475301,http://www.blounttn.org
sevier.utah.gov,Sevier County,Sevier County,UT,City,Q484222,https://sevier.utah.gov
co.uintah.ut.us,Uintah County,Uintah County,UT,City,Q484559,http://www.co.uintah.ut.us
co.summit.ut.us,Summit County,Summit County,UT,City,Q484563,http://www.co.summit.ut.us
sanpete.com,Sanpete County,Sanpete County,UT,City,Q484577,http://www.sanpete.com
cockecounty.net,Cocke County,Cocke County,TN,City,Q488943,http://cockecounty.net
henryco.com,Henry County,Henry County,TN,City,Q489007,http://henryco.com
decaturcountytn.org,Decatur County,Decatur County,TN,City,Q489430,http://decaturcountytn.org
margate-nj.com,Margate City,Margate City,NJ,City,Q935711,https://www.margate-nj.com/
ci.perthamboy.nj.us,Perth Amboy,Perth Amboy,NJ,City,Q985592,http://www.ci.perthamboy.nj.us/
cityofenglewood.org,Englewood,Englewood,NJ,City,Q986210,http://www.cityofenglewood.org/
eastorange-nj.org,East Orange,East Orange,NJ,City,Q988515,http://www.eastorange-nj.org/
longbranch.org,Long Branch,Long Branch,NJ,City,Q995231,https://www.longbranch.org/
cityofsummit.org,Summit,Summit,NJ,City,Q1000642,https://www.cityofsummit.org/
cityofrahway.com,Rahway,Rahway,NJ,City,Q1003082,https://www.cityofrahway.com/
linden-nj.org,Linden,Linden,NJ,City,Q1004712,http://www.linden-nj.org/
ocnj.us,Ocean City,Ocean City,NJ,City,Q1017603,https://www.ocnj.us/
sea-isle-city.nj.us,Sea Isle City,Sea Isle City,NJ,City,Q1082878,http://www.sea-isle-city.nj.us/
eggharborcity.org,Egg Harbor City,Egg Harbor City,NJ,City,Q1082961,http://www.eggharborcity.org/
cityofgloucester.org,Gloucester City,Gloucester City,NJ,City,Q1083028,https://www.cityofgloucester.org/
northwildwood.com,North Wildwood,North Wildwood,NJ,City,Q1083250,https://northwildwood.com/
thecityofbeverly.com,Beverly,Beverly,NJ,City,Q1083665,http://www.thecityofbeverly.com/
somerspointgov.org,Somers Point,Somers Point,NJ,City,Q1084242,http://www.somerspointgov.org/
pleasantville-nj.org,Pleasantville,Pleasantville,NJ,City,Q1084372,http://pleasantville-nj.org/
ventnorcity.org,Ventnor City,Ventnor City,NJ,City,Q1084640,https://www.ventnorcity.org/
ci.corbincity.nj.us,Corbin City,Corbin City,NJ,City,Q1084782,http://ci.corbincity.nj.us/
garfieldnj.org,Garfield,Garfield,NJ,City,Q1086053,https://www.garfieldnj.org/
lambertvillenj.org,Lambertville,Lambertville,NJ,City,Q1086436,https://www.lambertvillenj.org/
estellmanor.org,Estell Manor,Estell Manor,NJ,City,Q1086505,http://estellmanor.org/
wildwoodnj.org,Wildwood,Wildwood,NJ,City,Q1087067,https://www.wildwoodnj.org/
cityofnorthfield.org,Northfield,Northfield,NJ,City,Q1088247,https://www.cityofnorthfield.org/
cityofbordentown.com,Bordentown City,Bordentown City,NJ,City,Q1089251,https://cityofbordentown.com/
portrepublicnj.org,Port Republic,Port Republic,NJ,City,Q1089405,https://www.portrepublicnj.org/
burlingtonnj.us,Burlington City,Burlington City,NJ,City,Q1550922,http://www.burlingtonnj.us/
capemaycity.com,Cape May,Cape May,NJ,City,Q138548,https://www.capemaycity.com/
cityofatlanticcity.org,Atlantic City,Atlantic City,NJ,City,Q139564,https://www.cityofatlanticcity.org/
vinelandcity.org,Vineland,Vineland,NJ,City,Q153881,http://www.vinelandcity.org/
cityofpassaic.com,Passaic,Passaic,NJ,City,Q170433,https://www.cityofpassaic.com/
cliftonnj.org,Clifton,Clifton,NJ,City,Q254428,https://www.cliftonnj.org/
linwoodcity.org,Linwood,Linwood,NJ,City,Q430009,http://www.linwoodcity.org/
plainfield.com,Plainfield,Plainfield,NJ,City,Q544890,http://www.plainfield.com/
ucnj.com,Union City,Union City,NJ,City,Q588834,https://www.ucnj.com/
brigantinebeachnj.com,Brigantine,Brigantine,NJ,City,Q616624,http://www.brigantinebeachnj.com/
bayonnenj.org,Bayonne,Bayonne,NJ,City,Q812589,https://www.bayonnenj.org/
avalonboro.net,Avalon,Avalon,NJ,City,Q1086573,https://avalonboro.net/
pvnj.org,Pine Valley,Pine Valley,NJ,City,Q1086595,https://www.pvnj.org/
butlerborough.com,Butler,Butler,NJ,City,Q1086677,http://www.butlerborough.com/
bellmawr.com,Bellmawr,Bellmawr,NJ,City,Q1086682,https://bellmawr.com/
hawthornenj.org,Hawthorne,Hawthorne,NJ,City,Q1086688,https://www.hawthornenj.org/
florhamparkboro.net,Florham Park,Florham Park,NJ,City,Q1086712,http://www.florhamparkboro.net/
riverton-nj.com,Riverton,Riverton,NJ,City,Q1086800,http://www.riverton-nj.com/
highbridge.org,High Bridge,High Bridge,NJ,City,Q1086813,https://highbridge.org/
boroughofpalmyra.com,Palmyra,Palmyra,NJ,City,Q1086818,https://boroughofpalmyra.com/
berlinnj.org,Berlin,Berlin,NJ,City,Q1086827,https://www.berlinnj.org/
chesilhurstboro.org,Chesilhurst,Chesilhurst,NJ,City,Q1086857,https://chesilhurstboro.org/
glenrocknj.net,Glen Rock,Glen Rock,NJ,City,Q1086876,https://glenrocknj.net/
seaside-heightsnj.org,Seaside Heights,Seaside Heights,NJ,City,Q1086913,https://www.seaside-heightsnj.org/
surfcity-nj-gov.us,Surf City,Surf City,NJ,City,Q1087049,http://www.surfcity-nj-gov.us/
mendhamnj.org,Mendham,Mendham,NJ,City,Q1087055,https://mendhamnj.org/
ho-ho-kusboro.com,Ho-Ho-Kus,Ho-Ho-Kus,NJ,City,Q1087086,https://www.ho-ho-kusboro.com/
rockawayborough.org,Rockaway,Rockaway,NJ,City,Q1087137,https://www.rockawayborough.org/
claytonnj.com,Clayton,Clayton,NJ,City,Q1087163,https://www.claytonnj.com/
netcong.org,Netcong,Netcong,NJ,City,Q1087202,https://netcong.org/
usrtoday.org,Upper Saddle River,Upper Saddle River,NJ,City,Q1087220,https://www.usrtoday.org/
rockleighnj.org,Rockleigh,Rockleigh,NJ,City,Q1087516,https://rockleighnj.org/
ubnj.net,Union Beach,Union Beach,NJ,City,Q1087531,http://www.ubnj.net/
boroughofnorthvale.com,Northvale,Northvale,NJ,City,Q1087542,https://www.boroughofnorthvale.com/
briellenj.com,Brielle,Brielle,NJ,City,Q1087555,https://www.briellenj.com/
glengardner.org,Glen Gardner,Glen Gardner,NJ,City,Q1087569,http://www.glengardner.org/
northcaldwell.org,North Caldwell,North Caldwell,NJ,City,Q1087610,https://northcaldwell.org/
boroughofeastnewark.com,East Newark,East Newark,NJ,City,Q1087639,http://www.boroughofeastnewark.com/
wpnj.us,Woodland Park,Woodland Park,NJ,City,Q1087672,http://www.wpnj.us/
ahnj.com,Atlantic Highlands,Atlantic Highlands,NJ,City,Q1088122,http://www.ahnj.com/
seagirtboro.com,Sea Girt,Sea Girt,NJ,City,Q1088151,https://www.seagirtboro.com/
cresskillboro.com,Cresskill,Cresskill,NJ,City,Q1088520,http://www.cresskillboro.com/
runnemedenj.org,Runnemede,Runnemede,NJ,City,Q1088684,https://runnemedenj.org/
neptunecitynj.com,Neptune City,Neptune City,NJ,City,Q1088694,https://www.neptunecitynj.com/
newmilfordboro.com,New Milford,New Milford,NJ,City,Q1088720,https://www.newmilfordboro.com/
morrisplainsboro.org,Morris Plains,Morris Plains,NJ,City,Q1088736,http://www.morrisplainsboro.org/
historicswedesboro.com,Swedesboro,Swedesboro,NJ,City,Q1088764,https://www.historicswedesboro.com/
somervillenj.org,Somerville,Somerville,NJ,City,Q1088776,http://www.somervillenj.org
seabrightnj.org,Sea Bright,Sea Bright,NJ,City,Q1088800,http://seabrightnj.org
shipbottom.org,Ship Bottom,Ship Bottom,NJ,City,Q1088826,https://www.shipbottom.org/
whartonnj.com,Wharton,Wharton,NJ,City,Q1088847,http://whartonnj.com/
spotswoodboro.com,Spotswood,Spotswood,NJ,City,Q1088943,https://www.spotswoodboro.com/
haddonfieldnj.org,Haddonfield,Haddonfield,NJ,City,Q1089224,http://www.haddonfieldnj.org/
njwoodridge.org,Wood-Ridge,Wood-Ridge,NJ,City,Q1089305,https://www.njwoodridge.org/
frenchtownboro.com,Frenchtown,Frenchtown,NJ,City,Q1089312,https://frenchtownboro.com/
bwhnj.com,Woodbury Heights,Woodbury Heights,NJ,City,Q1089342,http://www.bwhnj.com/
boroughofwenonah.com,Wenonah,Wenonah,NJ,City,Q1089346,https://www.boroughofwenonah.com/
woodlynnenj.org,Woodlynne,Woodlynne,NJ,City,Q1089353,https://www.woodlynnenj.org/
pomptonlakesgov.com,Pompton Lakes,Pompton Lakes,NJ,City,Q1089359,http://www.pomptonlakesgov.com/
lincolnpark.org,Lincoln Park,Lincoln Park,NJ,City,Q1089397,https://www.lincolnpark.org/
medfordlakes.com,Medford Lakes,Medford Lakes,NJ,City,Q1089412,https://medfordlakes.com/
westcapemay.us,West Cape May,West Cape May,NJ,City,Q1089431,https://www.westcapemay.us/
mtnlakes.org,Mountain Lakes,Mountain Lakes,NJ,City,Q1089454,https://mtnlakes.org/
bloomsburynewjersey.com,Bloomsbury,Bloomsbury,NJ,City,Q1089461,https://www.bloomsburynewjersey.com/
seasideparknj.org,Seaside Park,Seaside Park,NJ,City,Q1089470,https://www.seasideparknj.org/
belmar.com,Belmar,Belmar,NJ,City,Q1089538,https://www.belmar.com/
moonachie.us,Moonachie,Moonachie,NJ,City,Q1089562,https://www.moonachie.us/
farmingdaleborough.org,Farmingdale,Farmingdale,NJ,City,Q1089714,https://www.farmingdaleborough.org/
springlakeboro.org,Spring Lake,Spring Lake,NJ,City,Q1089796,https://springlakeboro.org/
keyportonline.com,Keyport,Keyport,NJ,City,Q1089880,http://www.keyportonline.com/
fairhavennj.org,Fair Haven,Fair Haven,NJ,City,Q1089890,https://www.fairhavennj.org/
littlesilver.org,Little Silver,Little Silver,NJ,City,Q1093369,http://www.littlesilver.org/
rooseveltnj.us,Roosevelt,Roosevelt,NJ,City,Q1093402,https://www.rooseveltnj.us/
alphaboronj.org,Alpha,Alpha,NJ,City,Q1093442,https://www.alphaboronj.org/
maywoodboro.org,Maywood,Maywood,NJ,City,Q1093465,http://www.maywoodboro.org/
dealborough.com,Deal,Deal,NJ,City,Q3016720,http://www.dealborough.com/
chathamborough.org,Chatham Borough,Chatham Borough,NJ,City,Q3017853,https://chathamborough.org/
princetonboro.org,Borough of Princeton,Borough of Princeton,NJ,City,Q3480538,http://www.princetonboro.org/
co.accomack.va.us,Accomack County,Accomack County,VA,City,Q49289,http://www.co.accomack.va.us
co.northampton.va.us,Northampton County,Northampton County,VA,City,Q49290,https://www.co.northampton.va.us/
arlingtonva.us,Arlington County,Arlington County,VA,City,Q107126,https://www.arlingtonva.us/
gcva.us,Greene County,Greene County,VA,City,Q163097,http://www.gcva.us
essex-virginia.org,Essex County,Essex County,VA,City,Q182112,http://www.essex-virginia.org
pwcgov.org,Prince William County,Prince William County,VA,City,Q183263,http://www.pwcgov.org/
co.augusta.va.us,Augusta County,Augusta County,VA,City,Q285625,http://www.co.augusta.va.us
co.gloucester.va.us,Gloucester County,Gloucester County,VA,City,Q335121,http://www.co.gloucester.va.us
kingandqueenco.net,King and Queen County,King and Queen County,VA,City,Q337067,http://www.kingandqueenco.net
kingwilliamcounty.us,King William County,King William County,VA,City,Q337204,http://www.kingwilliamcounty.us
co.new-kent.va.us,New Kent County,New Kent County,VA,City,Q337270,http://www.co.new-kent.va.us
co.charles-city.va.us,Charles City County,Charles City County,VA,City,Q337348,http://www.co.charles-city.va.us
princegeorgeva.org,Prince George County,Prince George County,VA,City,Q337776,https://www.princegeorgeva.org/
southamptoncounty.org,Southampton County,Southampton County,VA,City,Q337915,http://www.southamptoncounty.org
co.isle-of-wight.va.us,Isle of Wight County,Isle of Wight County,VA,City,Q338052,https://www.co.isle-of-wight.va.us/
dinwiddieva.us,Dinwiddie County,Dinwiddie County,VA,City,Q340606,http://www.dinwiddieva.us
co.hanover.va.us,Hanover County,Hanover County,VA,City,Q341679,http://www.co.hanover.va.us
co.caroline.va.us,Caroline County,Caroline County,VA,City,Q341708,http://www.co.caroline.va.us
co.middlesex.va.us,Middlesex County,Middlesex County,VA,City,Q341865,http://www.co.middlesex.va.us
addisoncounty.com,Addison County,Addison County,VT,City,Q353108,http://www.addisoncounty.com
smythcounty.org,Smyth County,Smyth County,VA,City,Q378896,http://www.smythcounty.org
ameliacova.com,Amelia County,Amelia County,VA,City,Q461562,http://www.ameliacova.com
countyofamherst.com,Amherst County,Amherst County,VA,City,Q470626,http://www.countyofamherst.com
albemarle.org,Albemarle County,Albemarle County,VA,City,Q488653,http://www.albemarle.org
co.alleghany.va.us,Alleghany County,Alleghany County,VA,City,Q488675,http://www.co.alleghany.va.us
carrollcountyva.org,Carroll County,Carroll County,VA,City,Q488917,http://www.carrollcountyva.org
brunswickco.com,Brunswick County,Brunswick County,VA,City,Q494180,http://www.brunswickco.com
westmoreland-county.org,Westmoreland County,Westmoreland County,VA,City,Q494413,http://www.westmoreland-county.org
cumberlandcounty.virginia.gov,Cumberland County,Cumberland County,VA,City,Q495116,http://www.cumberlandcounty.virginia.gov
montva.com,Montgomery County,Montgomery County,VA,City,Q495120,http://www.montva.com
botetourt.org,Botetourt County,Botetourt County,VA,City,Q495132,http://www.botetourt.org
co.clarke.va.us,Clarke County,Clarke County,VA,City,Q495142,http://www.co.clarke.va.us
bathcountyva.org,Bath County,Bath County,VA,City,Q495165,http://www.bathcountyva.org
dickensonva.org,Dickenson County,Dickenson County,VA,City,Q495169,http://www.dickensonva.org
co.campbell.va.us,Campbell County,Campbell County,VA,City,Q495171,https://www.co.campbell.va.us/
buchanancountyonline.com,Buchanan County,Buchanan County,VA,City,Q495181,http://www.buchanancountyonline.com
buckinghamcountyva.org,Buckingham County,Buckingham County,VA,City,Q495204,http://www.buckinghamcountyva.org
co.fluvanna.va.us,Fluvanna County,Fluvanna County,VA,City,Q502014,http://www.co.fluvanna.va.us
fcva.us,Frederick County,Frederick County,VA,City,Q502021,http://www.fcva.us
franklincountyva.org,Franklin County,Franklin County,VA,City,Q502036,http://www.franklincountyva.org
graysoncountyva.com,Grayson County,Grayson County,VA,City,Q502207,http://www.graysoncountyva.com
fayettetn.us,Fayette County,Fayette County,TN,City,Q502360,http://fayettetn.us
lauderdalecountytn.org,Lauderdale County,Lauderdale County,TN,City,Q502364,https://lauderdalecountytn.org/
houstoncochamber.com,Houston County,Houston County,TN,City,Q502368,http://www.houstoncochamber.com
graingertn.com,Grainger County,Grainger County,TN,City,Q502373,http://graingertn.com
rheacountytn.com,Rhea County,Rhea County,TN,City,Q502377,http://www.rheacountytn.com
roanegov.org,Roane County,Roane County,TN,City,Q502380,http://www.roanegov.org
grundycountytn.net,Grundy County,Grundy County,TN,City,Q502386,http://grundycountytn.net
humphreystn.com,Humphreys County,Humphreys County,TN,City,Q502397,http://www.humphreystn.com
greenecountytngov.com,Greene County,Greene County,TN,City,Q502428,http://greenecountytngov.com
hardemancounty.org,Hardeman County,Hardeman County,TN,City,Q502437,https://hardemancounty.org/
gibsoncounty-tn.com,Gibson County,Gibson County,TN,City,Q502442,https://gibsoncounty-tn.com/
co.northumberland.va.us,Northumberland County,Northumberland County,VA,City,Q505292,https://www.co.northumberland.va.us/
lcpcvt.org,Lamoille County,Lamoille County,VT,City,Q505405,https://www.lcpcvt.org
scottcountyva.com,Scott County,Scott County,VA,City,Q505834,http://www.scottcountyva.com
co.henry.va.us,Henry County,Henry County,VA,City,Q505841,http://www.co.henry.va.us
co.richmond.va.us,Richmond County,Richmond County,VA,City,Q505854,https://co.richmond.va.us
highlandcova.org,Highland County,Highland County,VA,City,Q505861,http://www.highlandcova.org
co.prince-edward.va.us,Prince Edward County,Prince Edward County,VA,City,Q505884,http://www.co.prince-edward.va.us
lancova.com,Lancaster County,Lancaster County,VA,City,Q505941,http://www.lancova.com
sumnertn.org,Sumner County,Sumner County,TN,City,Q506175,http://www.sumnertn.org
co.goochland.va.us,Goochland County,Goochland County,VA,City,Q506191,http://www.co.goochland.va.us
tazewellcounty.org,Tazewell County,Tazewell County,VA,City,Q506197,http://www.tazewellcounty.org
essexvt.org,Essex County,Essex County,VT,City,Q509826,https://www.essexvt.org/
rpc.bennington.vt.us,Bennington County,Bennington County,VT,City,Q511647,http://www.rpc.bennington.vt.us
rutlandvermont.com,Rutland County,Rutland County,VT,City,Q513878,https://rutlandvermont.com/
swcrpc.org,Windsor County,Windsor County,VT,City,Q513994,http://www.swcrpc.org
duchesne.utah.gov,Duchesne County,Duchesne County,UT,City,Q26564,http://duchesne.utah.gov
sanjuancounty.org,San Juan County,San Juan County,UT,City,Q26622,http://www.sanjuancounty.org
kane.utah.gov,Kane County,Kane County,UT,City,Q26628,http://kane.utah.gov
co.davis.ut.us,Davis County,Davis County,UT,City,Q26631,http://www.co.davis.ut.us
co.juab.ut.us,Juab County,Juab County,UT,City,Q26689,http://www.co.juab.ut.us
ironcounty.net,Iron County,Iron County,UT,City,Q26723,http://www.ironcounty.net
jaspercountysc.org,Jasper County,Jasper County,SC,City,Q112957,http://www.jaspercountysc.org
charlestoncounty.org,Charleston County,Charleston County,SC,City,Q181015,http://www.charlestoncounty.org
leecountysc.org,Lee County,Lee County,SC,City,Q304065,http://www.leecountysc.org
abbevillecountysc.com,Abbeville County,Abbeville County,SC,City,Q306343,http://www.abbevillecountysc.com
yorkcountygov.com,York County,York County,SC,City,Q384754,http://www.yorkcountygov.com
calhouncounty.sc.gov,Calhoun County,Calhoun County,SC,City,Q489377,http://www.calhouncounty.sc.gov
andersoncountysc.org,Anderson County,Anderson County,SC,City,Q489420,https://www.andersoncountysc.org/
countyofindiana.org,Indiana County,Indiana County,PA,City,Q494146,http://www.countyofindiana.org
blairco.org,Blair County,Blair County,PA,City,Q494152,http://www.blairco.org
jeffersoncountypa.com,Jefferson County,Jefferson County,PA,City,Q494156,https://www.jeffersoncountypa.com/
co.mifflin.pa.us,Mifflin County,Mifflin County,PA,City,Q494161,http://www.co.mifflin.pa.us
northumberlandco.org,Northumberland County,Northumberland County,PA,City,Q494164,http://www.northumberlandco.org
bedfordcountypa.org,Bedford County,Bedford County,PA,City,Q494174,http://bedfordcountypa.org
co.armstrong.pa.us,Armstrong County,Armstrong County,PA,City,Q494186,http://www.co.armstrong.pa.us
buckscounty.org,Bucks County,Bucks County,PA,City,Q494192,http://www.buckscounty.org
co.clarion.pa.us,Clarion County,Clarion County,PA,City,Q494198,http://www.co.clarion.pa.us
co.fulton.pa.us,Fulton County,Fulton County,PA,City,Q494211,http://www.co.fulton.pa.us
clearfieldco.org,Clearfield County,Clearfield County,PA,City,Q494233,http://www.clearfieldco.org
co.forest.pa.us,Forest County,Forest County,PA,City,Q494236,http://www.co.forest.pa.us
co.venango.pa.us,Venango County,Venango County,PA,City,Q494241,https://www.co.venango.pa.us/
co.centre.pa.us,Centre County,Centre County,PA,City,Q494248,http://co.centre.pa.us
co.elk.pa.us,Elk County,Elk County,PA,City,Q494254,http://www.co.elk.pa.us
edgefieldcounty.sc.gov,Edgefield County,Edgefield County,SC,City,Q495096,https://edgefieldcounty.sc.gov/
co.monroe.pa.us,Monroe County,Monroe County,PA,City,Q495588,http://www.co.monroe.pa.us
snydercounty.org,Snyder County,Snyder County,PA,City,Q495595,http://www.snydercounty.org
tiogacountypa.us,Tioga County,Tioga County,PA,City,Q495613,https://www.tiogacountypa.us/
lyco.org,Lycoming County,Lycoming County,PA,City,Q495633,http://www.lyco.org
mckeancountypa.org,McKean County,McKean County,PA,City,Q495640,http://www.mckeancountypa.org
co.westmoreland.pa.us,Westmoreland County,Westmoreland County,PA,City,Q495645,http://www.co.westmoreland.pa.us
pikepa.org,Pike County,Pike County,PA,City,Q495649,http://www.pikepa.org
northamptoncounty.org,Northampton County,Northampton County,PA,City,Q495658,http://www.northamptoncounty.org
warrencountypa.net,Warren County,Warren County,PA,City,Q495662,http://www.warrencountypa.net
wycopa.org,Wyoming County,Wyoming County,PA,City,Q495677,http://www.wycopa.org
montourco.org,Montour County,Montour County,PA,City,Q495687,http://www.montourco.org
co.washington.pa.us,Washington County,Washington County,PA,City,Q497200,http://www.co.washington.pa.us
chestercounty.org,Chester County,Chester County,SC,City,Q497377,http://www.chestercounty.org
allendalecounty.com,Allendale County,Allendale County,SC,City,Q497824,http://www.allendalecounty.com
clarendoncounty.sc.gov,Clarendon County,Clarendon County,SC,City,Q497871,http://www.clarendoncounty.sc.gov
hamptoncountysc.org,Hampton County,Hampton County,SC,City,Q497880,http://www.hamptoncountysc.org
barnwellcountysc.com,Barnwell County,Barnwell County,SC,City,Q497917,http://www.barnwellcountysc.com
unionco.org,Union County,Union County,PA,City,Q501248,http://www.unionco.org
co.lawrence.pa.us,Lawrence County,Lawrence County,PA,City,Q501256,http://www.co.lawrence.pa.us
co.juniata.pa.us,Juniata County,Juniata County,PA,City,Q501270,http://www.co.juniata.pa.us
luzernecounty.org,Luzerne County,Luzerne County,PA,City,Q501292,http://www.luzernecounty.org
perryco.org,Perry County,Perry County,PA,City,Q501298,http://www.perryco.org
sullivancounty-pa.us,Sullivan County,Sullivan County,PA,City,Q501306,http://www.sullivancounty-pa.us
pottercountypa.net,Potter County,Potter County,PA,City,Q501340,http://www.pottercountypa.net
lackawannacounty.org,Lackawanna County,Lackawanna County,PA,City,Q501350,http://www.lackawannacounty.org
williamsburgcounty.sc.gov,Williamsburg County,Williamsburg County,SC,City,Q502210,https://www.williamsburgcounty.sc.gov/
greenvillecounty.org,Greenville County,Greenville County,SC,City,Q502273,http://www.greenvillecounty.org
co.greenwood.sc.us,Greenwood County,Greenwood County,SC,City,Q502278,http://www.co.greenwood.sc.us
darcosc.com,Darlington County,Darlington County,SC,City,Q502285,http://www.darcosc.com
horrycounty.org,Horry County,Horry County,SC,City,Q502288,http://www.horrycounty.org
dilloncountysc.org,Dillon County,Dillon County,SC,City,Q502404,https://dilloncountysc.org
lex-co.com,Lexington County,Lexington County,SC,City,Q502411,http://www.lex-co.com
chesterfieldcountysc.com,Chesterfield County,Chesterfield County,SC,City,Q502419,http://www.chesterfieldcountysc.com
dorchestercounty.net,Dorchester County,Dorchester County,SC,City,Q502431,http://www.dorchestercounty.net
gearupunionsc.com,Union County,Union County,SC,City,Q502447,https://gearupunionsc.com
marionsc.org,Marion County,Marion County,SC,City,Q502456,http://www.marionsc.org
colletoncounty.org,Colleton County,Colleton County,SC,City,Q502473,http://www.colletoncounty.org
fairfieldsc.com,Fairfield County,Fairfield County,SC,City,Q505975,http://www.fairfieldsc.com
georgetowncountysc.org,Georgetown County,Georgetown County,SC,City,Q505980,http://www.georgetowncountysc.org
florenceco.org,Florence County,Florence County,SC,City,Q505987,http://www.florenceco.org
mccormickcountysc.org,McCormick County,McCormick County,SC,City,Q505999,http://mccormickcountysc.org
orangeburgcounty.org,Orangeburg County,Orangeburg County,SC,City,Q506068,http://www.orangeburgcounty.org
kershaw.sc.gov,Kershaw County,Kershaw County,SC,City,Q506162,http://www.kershaw.sc.gov
spartanburgcounty.org,Spartanburg County,Spartanburg County,SC,City,Q507488,http://www.spartanburgcounty.org
laurenscounty.us,Laurens County,Laurens County,SC,City,Q508288,https://laurenscounty.us/
marlborocounty.sc.gov,Marlboro County,Marlboro County,SC,City,Q512816,http://www.marlborocounty.sc.gov
oconeesc.com,Oconee County,Oconee County,SC,City,Q513833,http://www.oconeesc.com
co.pickens.sc.us,Pickens County,Pickens County,SC,City,Q513905,http://www.co.pickens.sc.us
sumtercountysc.org,Sumter County,Sumter County,SC,City,Q513933,http://www.sumtercountysc.org
newberrycounty.org,Newberry County,Newberry County,SC,City,Q515177,http://www.newberrycounty.org
cherokeecountysc.com,Cherokee County,Cherokee County,SC,City,Q619609,http://www.cherokeecountysc.com
lebcounty.org,Lebanon County,Lebanon County,PA,City,Q781165,http://www.lebcounty.org
chesco.org,Chester County,Chester County,PA,City,Q27840,http://www.chesco.org
co.delaware.pa.us,Delaware County,Delaware County,PA,City,Q27844,http://www.co.delaware.pa.us
bakercounty.org,Baker County,Baker County,OR,City,Q109665,http://www.bakercounty.org
co.lancaster.pa.us,Lancaster County,Lancaster County,PA,City,Q142369,http://www.co.lancaster.pa.us
alleghenycounty.us,Allegheny County,Allegheny County,PA,City,Q156291,https://www.alleghenycounty.us/Home
co.jefferson.or.us,Jefferson County,Jefferson County,OR,City,Q253186,http://www.co.jefferson.or.us
co.lincoln.or.us,Lincoln County,Lincoln County,OR,City,Q302852,https://www.co.lincoln.or.us/
sherman-county.com,Sherman County,Sherman County,OR,City,Q303491,http://www.sherman-county.com
adamscounty.us,Adams County,Adams County,PA,City,Q351865,http://www.adamscounty.us
co.multnomah.or.us,Multnomah County,Multnomah County,OR,City,Q450374,http://www.co.multnomah.or.us
co.benton.or.us,Benton County,Benton County,OR,City,Q484330,http://www.co.benton.or.us
co.yamhill.or.us,Yamhill County,Yamhill County,OR,City,Q484346,http://www.co.yamhill.or.us
co.crook.or.us,Crook County,Crook County,OR,City,Q484354,http://www.co.crook.or.us
co.hood-river.or.us,Hood River County,Hood River County,OR,City,Q484361,http://www.co.hood-river.or.us
co.clatsop.or.us,Clatsop County,Clatsop County,OR,City,Q484371,http://www.co.clatsop.or.us
grantcountyoregon.net,Grant County,Grant County,OR,City,Q484378,https://grantcountyoregon.net/
co.columbia.or.us,Columbia County,Columbia County,OR,City,Q484385,http://www.co.columbia.or.us
co.klamath.or.us,Klamath County,Klamath County,OR,City,Q484388,http://www.co.klamath.or.us
co.josephine.or.us,Josephine County,Josephine County,OR,City,Q484391,http://www.co.josephine.or.us
co.marion.or.us,Marion County,Marion County,OR,City,Q484408,http://www.co.marion.or.us
co.curry.or.us,Curry County,Curry County,OR,City,Q484411,http://www.co.curry.or.us
deschutes.org,Deschutes County,Deschutes County,OR,City,Q484420,https://www.deschutes.org/
co.coos.or.us,Coos County,Coos County,OR,City,Q484426,http://www.co.coos.or.us
co.gilliam.or.us,Gilliam County,Gilliam County,OR,City,Q484685,http://www.co.gilliam.or.us
fayettecountypa.org,Fayette County,Fayette County,PA,City,Q488683,https://www.fayettecountypa.org/
bradfordcountypa.org,Bradford County,Bradford County,PA,City,Q488687,http://www.bradfordcountypa.org
columbiapa.org,Columbia County,Columbia County,PA,City,Q488693,http://www.columbiapa.org
carboncounty.com,Carbon County,Carbon County,PA,City,Q488698,http://carboncounty.com
co.cambria.pa.us,Cambria County,Cambria County,PA,City,Q490077,http://www.co.cambria.pa.us
custer.okcounties.org,Custer County,Custer County,OK,City,Q490716,http://www.custer.okcounties.org
coal.okcounties.org,Coal County,Coal County,OK,City,Q490727,https://coal.okcounties.org/
hugook.com,Choctaw County,Choctaw County,OK,City,Q490745,https://www.hugook.com/choctaw-county-government-offices/
alfalfa.okcounties.org,Alfalfa County,Alfalfa County,OK,City,Q490796,https://alfalfa.okcounties.org/
co.somerset.pa.us,Somerset County,Somerset County,PA,City,Q490908,http://www.co.somerset.pa.us
york-county.org,York County,York County,PA,City,Q490914,http://www.york-county.org
co.berks.pa.us,Berks County,Berks County,PA,City,Q490920,http://www.co.berks.pa.us
blaine.okcounties.org,Blaine County,Blaine County,OK,City,Q491623,http://blaine.okcounties.org
beckham.okcounties.org,Beckham County,Beckham County,OK,City,Q491646,http://beckham.okcounties.org
huntingdoncounty.net,Huntingdon County,Huntingdon County,PA,City,Q494077,http://huntingdoncounty.net
crawfordcountypa.net,Crawford County,Crawford County,PA,City,Q494086,http://www.crawfordcountypa.net
clintoncountypa.com,Clinton County,Clinton County,PA,City,Q494093,http://www.clintoncountypa.com
co.greene.pa.us,Greene County,Greene County,PA,City,Q494098,http://www.co.greene.pa.us
lehighcounty.org,Lehigh County,Lehigh County,PA,City,Q494117,http://www.lehighcounty.org
co.franklin.pa.us,Franklin County,Franklin County,PA,City,Q494121,http://www.co.franklin.pa.us
ccpa.net,Cumberland County,Cumberland County,PA,City,Q494134,http://www.ccpa.net
cameroncountypa.com,Cameron County,Cameron County,PA,City,Q494142,http://www.cameroncountypa.com
lakecountyor.org,Lake County,Lake County,OR,City,Q495340,http://www.lakecountyor.org
wheelercountyoregon.com,Wheeler County,Wheeler County,OR,City,Q495356,http://www.wheelercountyoregon.com
co.tillamook.or.us,Tillamook County,Tillamook County,OR,City,Q495359,http://www.co.tillamook.or.us
morrowcountyoregon.com,Morrow County,Morrow County,OR,City,Q495368,http://www.morrowcountyoregon.com
co.wallowa.or.us,Wallowa County,Wallowa County,OR,City,Q495382,http://www.co.wallowa.or.us
co.wasco.or.us,Wasco County,Wasco County,OR,City,Q495388,http://co.wasco.or.us
co.polk.or.us,Polk County,Polk County,OR,City,Q495393,http://www.co.polk.or.us
lanecounty.org,Lane County,Lane County,OR,City,Q495409,https://www.lanecounty.org/
malheurco.org,Malheur County,Malheur County,OR,City,Q495414,http://www.malheurco.org
pittsburg.okcounties.org,Pittsburg County,Pittsburg County,OK,City,Q495479,http://pittsburg.okcounties.org
ottawacountygov.com,Ottawa County,Ottawa County,OK,City,Q495564,http://www.ottawacountygov.com/
noblecountyok.com,Noble County,Noble County,OK,City,Q495570,https://www.noblecountyok.com/
stephenscountyok.com,Stephens County,Stephens County,OK,City,Q495581,https://www.stephenscountyok.com/
union-county.org,Union County,Union County,OR,City,Q495691,http://www.union-county.org
seqcounty.com,Sequoyah County,Sequoyah County,OK,City,Q495845,https://seqcounty.com/
mccurtain.okcounties.org,McCurtain County,McCurtain County,OK,City,Q495851,https://mccurtain.okcounties.org/
mcclain-co-ok.us,McClain County,McClain County,OK,City,Q495862,https://mcclain-co-ok.us/
muskogee.okcounties.org,Muskogee County,Muskogee County,OK,City,Q495867,https://muskogee.okcounties.org/
paynecounty.org,Payne County,Payne County,OK,City,Q495873,http://www.paynecounty.org
pottawatomiecountyok.com,Pottawatomie County,Pottawatomie County,OK,City,Q495880,http://pottawatomiecountyok.com/
seminolecountyok.com,Seminole County,Seminole County,OK,City,Q495891,https://seminolecountyok.com/
lincolncountyok.org,Lincoln County,Lincoln County,OK,City,Q495899,https://lincolncountyok.org/
logancountyok.com,Logan County,Logan County,OK,City,Q495906,http://www.logancountyok.com
rogerscounty.org,Rogers County,Rogers County,OK,City,Q495912,http://www.rogerscounty.org
nowata.com,Nowata County,Nowata County,OK,City,Q495918,http://nowata.com/
osage.okcounties.org,Osage County,Osage County,OK,City,Q495925,https://osage.okcounties.org/
okmulgeecounty.net,Okmulgee County,Okmulgee County,OK,City,Q495930,http://okmulgeecounty.net/
mayes.okcounties.org,Mayes County,Mayes County,OK,City,Q495937,http://mayes.okcounties.org
cartercountyok.us,Carter County,Carter County,OK,City,Q497854,http://cartercountyok.us
co.linn.or.us,Linn County,Linn County,OR,City,Q506015,http://www.co.linn.or.us
latimer.okcounties.org,Latimer County,Latimer County,OK,City,Q848649,https://latimer.okcounties.org/
jacksoncotn.com,Jackson County,Jackson County,TN,City,Q490306,http://www.jacksoncotn.com
vallnet.com,Lincoln County,Lincoln County,TN,City,Q490322,http://www.vallnet.com/lincolncounty
smithcotn.com,Smith County,Smith County,TN,City,Q494634,https://smithcotn.com/
metromoorecounty.org,Moore County,Moore County,TN,City,Q494716,https://metromoorecounty.org/
overtoncountytn.com,Overton County,Overton County,TN,City,Q494751,http://www.overtoncountytn.com
co.madison.tn.us,Madison County,Madison County,TN,City,Q494755,http://www.co.madison.tn.us
lakecountytn.com,Lake County,Lake County,TN,City,Q494771,http://www.lakecountytn.com
dekalbtennessee.com,DeKalb County,DeKalb County,TN,City,Q494794,http://dekalbtennessee.com
chestercountytn.org,Chester County,Chester County,TN,City,Q494799,http://chestercountytn.org
bradleyco.net,Bradley County,Bradley County,TN,City,Q494803,http://www.bradleyco.net
cannontn.com,Cannon County,Cannon County,TN,City,Q494810,http://www.cannontn.com
dalehollowlake.org,Clay County,Clay County,TN,City,Q494818,https://dalehollowlake.org/
bledsoetn.com,Bledsoe County,Bledsoe County,TN,City,Q494822,https://bledsoetn.com/
waynecountytn.org,Wayne County,Wayne County,TN,City,Q494970,http://www.waynecountytn.org
franklincotn.us,Franklin County,Franklin County,TN,City,Q494998,http://franklincotn.us
knoxcounty.org,Knox County,Knox County,TN,City,Q495003,http://knoxcounty.org
monroegovernment.org,Monroe County,Monroe County,TN,City,Q495006,https://www.monroegovernment.org/
coffeecountytn.org,Coffee County,Coffee County,TN,City,Q495013,http://coffeecountytn.org
washingtoncountytn.org,Washington County,Washington County,TN,City,Q495037,http://www.washingtoncountytn.org
robertsoncountytn.org,Robertson County,Robertson County,TN,City,Q495043,http://www.robertsoncountytn.org
hancockcountytn.com,Hancock County,Hancock County,TN,City,Q495059,http://www.hancockcountytn.com
dyercounty.com,Dyer County,Dyer County,TN,City,Q495078,https://dyercounty.com/
marshallcountytn.com,Marshall County,Marshall County,TN,City,Q495448,https://marshallcountytn.com/
unicoicountytn.com,Unicoi County,Unicoi County,TN,City,Q501568,https://unicoicountytn.com/
wilsoncountytn.com,Wilson County,Wilson County,TN,City,Q501606,http://www.wilsoncountytn.com
unioncountytn.com,Union County,Union County,TN,City,Q501935,http://www.unioncountytn.com
stewartcogov.com,Stewart County,Stewart County,TN,City,Q501954,http://www.stewartcogov.com
vanburencountytn.com,Van Buren County,Van Buren County,TN,City,Q501964,https://vanburencountytn.com/
marioncountytn.net,Marion County,Marion County,TN,City,Q501968,http://www.marioncountytn.net/
gov.perrycountytn.com,Perry County,Perry County,TN,City,Q501976,https://gov.perrycountytn.com/
mcnairycountytn.com,McNairy County,McNairy County,TN,City,Q501982,http://www.mcnairycountytn.com
hickmanco.com,Hickman County,Hickman County,TN,City,Q502047,http://hickmanco.com
polkgovernment.com,Polk County,Polk County,TN,City,Q502050,http://www.polkgovernment.com
scottcounty.com,Scott County,Scott County,TN,City,Q502054,http://www.scottcounty.com
lewiscountytn.com,Lewis County,Lewis County,TN,City,Q502077,http://www.lewiscountytn.com
hamblencountygovernment.us,Hamblen County,Hamblen County,TN,City,Q502342,http://hamblencountygovernment.us
mcgtn.org,Montgomery County,Montgomery County,TN,City,Q502345,https://mcgtn.org/
meigstn.com,Meigs County,Meigs County,TN,City,Q502356,https://www.meigstn.com/
kingcounty.gov,King County,King County,WA,City,Q108861,https://kingcounty.gov
co.kittitas.wa.us,Kittitas County,Kittitas County,WA,City,Q111540,http://www.co.kittitas.wa.us
skagitcounty.net,Skagit County,Skagit County,WA,City,Q113892,https://skagitcounty.net
co.franklin.wa.us,Franklin County,Franklin County,WA,City,Q118716,http://www.co.franklin.wa.us
tuckercounty.wv.gov,Tucker County,Tucker County,WV,City,Q118743,http://www.tuckercounty.wv.gov
co.benton.wa.us,Benton County,Benton County,WA,City,Q156216,https://www.co.benton.wa.us/
douglascountywa.net,Douglas County,Douglas County,WA,City,Q156220,http://www.douglascountywa.net
columbiaco.com,Columbia County,Columbia County,WA,City,Q156253,https://www.columbiaco.com
co.adams.wa.us,Adams County,Adams County,WA,City,Q156273,http://www.co.adams.wa.us
co.cowlitz.wa.us,Cowlitz County,Cowlitz County,WA,City,Q156276,https://www.co.cowlitz.wa.us/
clark.wa.gov,Clark County,Clark County,WA,City,Q156287,http://www.clark.wa.gov
co.asotin.wa.us,Asotin County,Asotin County,WA,City,Q156295,http://www.co.asotin.wa.us
clallam.net,Clallam County,Clallam County,WA,City,Q156306,http://www.clallam.net
co.whatcom.wa.us,Whatcom County,Whatcom County,WA,City,Q156623,https://www.co.whatcom.wa.us/
yakimacounty.us,Yakima County,Yakima County,WA,City,Q156629,http://www.yakimacounty.us
co.grant.wa.us,Grant County,Grant County,WA,City,Q281681,http://www.co.grant.wa.us
nicholascountywv.org,Nicholas County,Nicholas County,WV,City,Q283657,http://www.nicholascountywv.org
hardycounty.com,Hardy County,Hardy County,WV,City,Q370310,http://www.hardycounty.com
wvgenweb.org,Pleasants County,Pleasants County,WV,City,Q377952,http://www.wvgenweb.org/pleasants/
co.jefferson.wa.us,Jefferson County,Jefferson County,WA,City,Q384737,http://www.co.jefferson.wa.us
co.lewis.wa.us,Lewis County,Lewis County,WA,City,Q483950,http://www.co.lewis.wa.us
co.stevens.wa.us,Stevens County,Stevens County,WA,City,Q483954,http://www.co.stevens.wa.us
okanogancounty.org,Okanogan County,Okanogan County,WA,City,Q483958,http://okanogancounty.org
co.pacific.wa.us,Pacific County,Pacific County,WA,City,Q483990,http://www.co.pacific.wa.us
co.wahkiakum.wa.us,Wahkiakum County,Wahkiakum County,WA,City,Q484015,http://www.co.wahkiakum.wa.us
co.lincoln.wa.us,Lincoln County,Lincoln County,WA,City,Q484150,http://www.co.lincoln.wa.us
whitmancounty.org,Whitman County,Whitman County,WA,City,Q484153,http://www.whitmancounty.org
spokanecounty.org,Spokane County,Spokane County,WA,City,Q485276,http://www.spokanecounty.org
pendoreilleco.org,Pend Oreille County,Pend Oreille County,WA,City,Q485301,http://www.pendoreilleco.org
co.walla-walla.wa.us,Walla Walla County,Walla Walla County,WA,City,Q485305,http://www.co.walla-walla.wa.us
co.monongalia.wv.us,Monongalia County,Monongalia County,WV,City,Q488649,http://www.co.monongalia.wv.us/
monroecountywv.net,Monroe County,Monroe County,WV,City,Q488769,http://www.monroecountywv.net
pendletoncounty.wv.gov,Pendleton County,Pendleton County,WV,City,Q490903,http://www.pendletoncounty.wv.gov
boonecountywv.org,Boone County,Boone County,WV,City,Q490925,http://www.boonecountywv.org
brookewv.org,Brooke County,Brooke County,WV,City,Q490937,http://www.brookewv.org
jeffersoncountywv.org,Jefferson County,Jefferson County,WV,City,Q490946,http://www.jeffersoncountywv.org
berkeleycountycomm.org,Berkeley County,Berkeley County,WV,City,Q490949,http://www.berkeleycountycomm.org
calhouncounty.wv.gov,Calhoun County,Calhoun County,WV,City,Q490958,http://www.calhouncounty.wv.gov
co.grays-harbor.wa.us,Grays Harbor County,Grays Harbor County,WA,City,Q493222,http://www.co.grays-harbor.wa.us
ferry-county.com,Ferry County,Ferry County,WA,City,Q493228,https://www.ferry-county.com/
co.chelan.wa.us,Chelan County,Chelan County,WA,City,Q493236,http://www.co.chelan.wa.us
barbourcountywv.org,Barbour County,Barbour County,WV,City,Q493599,https://barbourcountywv.org/
hampshirecounty.wv.gov,Hampshire County,Hampshire County,WV,City,Q493610,http://www.hampshirecounty.wv.gov
doddridgecounty.wv.gov,Doddridge County,Doddridge County,WV,City,Q494081,http://www.doddridgecounty.wv.gov
cabellcounty.org,Cabell County,Cabell County,WV,City,Q494129,http://www.cabellcounty.org
braxtonwv.org,Braxton County,Braxton County,WV,City,Q494138,http://www.braxtonwv.org
greenbriercounty.net,Greenbrier County,Greenbrier County,WV,City,Q494203,http://www.greenbriercounty.net
grantcounty.wv.gov,Grant County,Grant County,WV,City,Q494223,http://www.grantcounty.wv.gov
mingocountywv.com,Mingo County,Mingo County,WV,City,Q494598,http://www.mingocountywv.com
waynecountywv.org,Wayne County,Wayne County,WV,City,Q495126,https://waynecountywv.org
webstercounty.wv.gov,Webster County,Webster County,WV,City,Q495137,http://www.webstercounty.wv.gov
lewiscounty.wv.gov,Lewis County,Lewis County,WV,City,Q495147,http://www.lewiscounty.wv.gov
lincolncountywv.org,Lincoln County,Lincoln County,WV,City,Q495151,http://www.lincolncountywv.org
logancounty.wv.gov,Logan County,Logan County,WV,City,Q495160,http://www.logancounty.wv.gov
upshurcounty.org,Upshur County,Upshur County,WV,City,Q495175,http://www.upshurcounty.org
pocahontascounty.wv.gov,Pocahontas County,Pocahontas County,WV,City,Q501312,http://www.pocahontascounty.wv.gov
woodcountywv.com,Wood County,Wood County,WV,City,Q501331,http://www.woodcountywv.com
russellcountyva.org,Russell County,Russell County,VA,City,Q507117,http://www.russellcountyva.org
lunenburgva.org,Lunenburg County,Lunenburg County,VA,City,Q508192,http://www.lunenburgva.org
mecklenburgva.com,Mecklenburg County,Mecklenburg County,VA,City,Q510885,http://www.mecklenburgva.com
washcova.com,Washington County,Washington County,VA,City,Q510915,http://www.washcova.com
warrencountyva.net,Warren County,Warren County,VA,City,Q510934,http://www.warrencountyva.net
shenandoahcountyva.us,Shenandoah County,Shenandoah County,VA,City,Q510947,http://www.shenandoahcountyva.us
co.rockbridge.va.us,Rockbridge County,Rockbridge County,VA,City,Q513805,http://www.co.rockbridge.va.us
co.page.va.us,Page County,Page County,VA,City,Q513818,http://www.co.page.va.us
wytheco.org,Wythe County,Wythe County,VA,City,Q513950,http://www.wytheco.org
wisecounty.org,Wise County,Wise County,VA,City,Q513982,http://www.wisecounty.org
leecova.org,Lee County,Lee County,VA,City,Q514008,http://www.LeeCoVA.org
co.patrick.va.us,Patrick County,Patrick County,VA,City,Q514024,https://www.co.patrick.va.us/
pulaskicounty.org,Pulaski County,Pulaski County,VA,City,Q514038,http://www.pulaskicounty.org
louisacounty.com,Louisa County,Louisa County,VA,City,Q515166,https://www.louisacounty.com/
nottoway.org,Nottoway County,Nottoway County,VA,City,Q515220,http://www.nottoway.org
co.garfield.wa.us,Garfield County,Garfield County,WA,City,Q695782,https://www.co.garfield.wa.us/
klickitatcounty.org,Klickitat County,Klickitat County,WA,City,Q820502,http://www.klickitatcounty.org
gilescounty.org,Giles County,Giles County,VA,City,Q951290,http://www.gilescounty.org
king-george.va.us,King George County,King George County,VA,City,Q2613700,http://www.king-george.va.us
lincoln.ne.gov,Lincoln,Lincoln,NE,City,Q28260,https://www.lincoln.ne.gov/Home
chestercity.com,Chester,Chester,PA,City,Q368045,http://www.chestercity.com/
cityofstmarys.com,St. Marys,St. Marys,PA,City,Q582447,http://www.cityofstmarys.com/
bradfordpa.com,Bradford,Bradford,PA,City,Q662409,http://www.bradfordpa.com/
cityofjohnstownpa.net,Johnstown,Johnstown,PA,City,Q1070763,http://www.cityofjohnstownpa.net
connellsville.us,Connellsville,Connellsville,PA,City,Q1126267,http://www.connellsville.us/
duquesnepa.us,Duquesne,Duquesne,PA,City,Q1130401,http://www.duquesnepa.us/
cityoffarrell.com,Farrell,Farrell,PA,City,Q1130475,http://www.cityoffarrell.com
carbondale-pa.gov,Carbondale,Carbondale,PA,City,Q1131767,http://carbondale-pa.gov
cityofclairton.com,Clairton,Clairton,PA,City,Q1133095,http://www.cityofclairton.com/
coatesville.org,Coatesville,Coatesville,PA,City,Q1133193,http://www.coatesville.org/
cityofsharon.net,Sharon,Sharon,PA,City,Q1184891,http://www.cityofsharon.net/
oilcity.org,Oil City,Oil City,PA,City,Q1184941,http://www.oilcity.org/
pittstoncity.org,Pittston,Pittston,PA,City,Q1185835,http://pittstoncity.org/
hermitage.net,Hermitage,Hermitage,PA,City,Q1186376,https://www.hermitage.net/
cityoflowerburrell.com,Lower Burrell,Lower Burrell,PA,City,Q1186522,http://www.cityoflowerburrell.com/
newkensingtononline.com,New Kensington,New Kensington,PA,City,Q1186623,http://newkensingtononline.com
cityofmonessen.com,Monessen,Monessen,PA,City,Q1186680,http://www.cityofmonessen.com
hazletoncity.org,Hazleton,Hazleton,PA,City,Q1186937,http://www.hazletoncity.org/
uniontowncity.com,Uniontown,Uniontown,PA,City,Q1187047,https://uniontowncity.com/
cityofjeannette.com,Jeannette,Jeannette,PA,City,Q1187079,http://cityofjeannette.com
shamokincity.org,Shamokin,Shamokin,PA,City,Q1187424,http://www.shamokincity.org
nanticokecity.com,Nanticoke,Nanticoke,PA,City,Q1188068,http://www.nanticokecity.com
oneidacity.com,Oneida,Oneida,NY,City,Q1380694,http://www.oneidacity.com/
watervliet.com,Watervliet,Watervliet,NY,City,Q1380709,http://www.watervliet.com/
tonawandacity.com,Tonawanda,Tonawanda,NY,City,Q1380722,https://tonawandacity.com/
cortland.org,Cortland,Cortland,NY,City,Q1380739,http://cortland.org/
batavianewyork.com,Batavia,Batavia,NY,City,Q1380988,http://www.batavianewyork.com/
cityoffulton.com,Fulton,Fulton,NY,City,Q1428057,http://cityoffulton.com
ci.cuyahoga-falls.oh.us,Cuyahoga Falls,Cuyahoga Falls,OH,City,Q531958,http://www.ci.cuyahoga-falls.oh.us/
galion.city,Galion,Galion,OH,City,Q679057,http://www.galion.city
beachwoodohio.com,Beachwood,Beachwood,OH,City,Q812890,https://www.beachwoodohio.com/
blueash.com,Blue Ash,Blue Ash,OH,City,Q885619,http://www.blueash.com/
cityhall.lima.oh.us,Lima,Lima,OH,City,Q983974,http://www.cityhall.lima.oh.us/index.asp
cityofmiddletown.org,Middletown,Middletown,OH,City,Q985515,https://cityofmiddletown.org
strongsville.org,Strongsville,Strongsville,OH,City,Q986314,http://www.strongsville.org/
kentohio.org,Kent,Kent,OH,City,Q989949,http://www.kentohio.org
piquaoh.org,Piqua,Piqua,OH,City,Q998596,http://www.piquaoh.org/
north-olmsted.com,North Olmsted,North Olmsted,OH,City,Q998615,https://www.north-olmsted.com/
eastcleveland.org,East Cleveland,East Cleveland,OH,City,Q998878,http://www.eastcleveland.org/
eastliverpool.com,East Liverpool,East Liverpool,OH,City,Q998893,http://www.eastliverpool.com/
genevaohio.com,Geneva,Geneva,OH,City,Q1005715,http://www.genevaohio.com
ci.montgomery.oh.us,Montgomery,Montgomery,OH,City,Q1014001,http://www.ci.montgomery.oh.us/
nridgeville.org,North Ridgeville,North Ridgeville,OH,City,Q1018262,http://www.nridgeville.org/
stillwatertownshipnj.com,Stillwater,Stillwater,NJ,City,Q1073793,https://stillwatertownshipnj.com/
quintonnj.com,Quinton,Quinton,NJ,City,Q1073801,http://quintonnj.com/
waterfordtwp.org,Waterford Township,Waterford Township,NJ,City,Q1073813,http://waterfordtwp.org/
mauricerivertwp.org,Maurice River Township,Maurice River Township,NJ,City,Q1073820,https://mauricerivertwp.org/
hardingnj.org,Harding Township,Harding Township,NJ,City,Q1073829,http://www.hardingnj.org/
townshipoflower.org,Lower Township,Lower Township,NJ,City,Q1073839,https://townshipoflower.org/
leht.com,Little Egg Harbor Township,Little Egg Harbor Township,NJ,City,Q1073845,http://www.leht.com/
lafayettetwp.org,Lafayette,Lafayette,NJ,City,Q1073851,https://www.lafayettetwp.org/
stowcreektwp.com,Stow Creek Township,Stow Creek Township,NJ,City,Q1073870,https://stowcreektwp.com/
downetwpnj.org,Downe Township,Downe Township,NJ,City,Q1073877,https://downetwpnj.org/
wantagetwp.com,Wantage Township,Wantage Township,NJ,City,Q1073883,https://www.wantagetwp.com/
elsinborotownship.com,Elsinboro Township,Elsinboro Township,NJ,City,Q1073896,https://www.elsinborotownship.com/
minehill.com,Mine Hill,Mine Hill,NJ,City,Q1073903,https://minehill.com/
randolphnj.org,Randolph,Randolph,NJ,City,Q1073908,https://www.randolphnj.org/
delancotownship.com,Delanco Township,Delanco Township,NJ,City,Q1073917,http://www.delancotownship.com/
deerfieldtownship.org,Deerfield Township,Deerfield Township,NJ,City,Q1073923,http://deerfieldtownship.org/
voorheesnj.com,Voorhees Township,Voorhees Township,NJ,City,Q1073929,https://voorheesnj.com/
frelinghuysen-nj.us,Frelinghuysen Township,Frelinghuysen Township,NJ,City,Q1073934,https://www.frelinghuysen-nj.us/
morristwp.com,Morris Township,Morris Township,NJ,City,Q1073940,https://www.morristwp.com/
easthanovertownship.com,East Hanover,East Hanover,NJ,City,Q1073947,https://www.easthanovertownship.com/
libertytownship.org,Liberty Township,Liberty Township,NJ,City,Q1073951,http://www.libertytownship.org/
mountolivetwpnj.org,Mount Olive Township,Mount Olive Township,NJ,City,Q1073965,https://www.mountolivetwpnj.org/
uppertownship.com,Upper Township,Upper Township,NJ,City,Q1073974,https://uppertownship.com/
hardyston.com,Hardyston Township,Hardyston Township,NJ,City,Q1073983,http://www.hardyston.com/
oldmanstownship.com,Oldmans Township,Oldmans Township,NJ,City,Q1074464,https://oldmanstownship.com/
laceytownship.org,Lacey Township,Lacey Township,NJ,City,Q1074483,http://www.laceytownship.org/
upperpittsgrovenj.org,Upper Pittsgrove Township,Upper Pittsgrove Township,NJ,City,Q1074655,http://upperpittsgrovenj.org/
woodlandtownship.org,Woodland Township,Woodland Township,NJ,City,Q1074661,https://www.woodlandtownship.org/
townshipofshrewsbury.com,Shrewsbury Township,Shrewsbury Township,NJ,City,Q1077953,https://www.townshipofshrewsbury.com
cityofsoutheuclid.com,South Euclid,South Euclid,OH,City,Q1909193,http://www.cityofsoutheuclid.com/
uppersanduskyoh.com,Upper Sandusky,Upper Sandusky,OH,City,Q1913338,http://www.uppersanduskyoh.com/
worthington.org,Worthington,Worthington,OH,City,Q1926837,http://www.worthington.org/
westcarrollton.org,West Carrollton,West Carrollton,OH,City,Q2136238,http://www.westcarrollton.org/
ci.washington-court-house.oh.us,Washington Court House,Washington Court House,OH,City,Q2203766,http://www.ci.washington-court-house.oh.us/
ci.beavercreek.oh.us,Beavercreek,Beavercreek,OH,City,Q2233290,http://www.ci.beavercreek.oh.us/
milfordohio.org,Milford,Milford,OH,City,Q2233852,http://www.milfordohio.org
westerville.org,Westerville,Westerville,OH,City,Q2233932,http://www.westerville.org/
twp.freehold.nj.us,Freehold Township,Freehold Township,NJ,City,Q1077969,https://twp.freehold.nj.us/
westcaldwell.com,West Caldwell,West Caldwell,NJ,City,Q1082435,https://www.westcaldwell.com/
rivervalenj.org,River Vale,River Vale,NJ,City,Q1084964,https://www.rivervalenj.org/
fairfieldnj.org,Fairfield,Fairfield,NJ,City,Q1085028,https://www.fairfieldnj.org/
manchestertwp.com,Manchester Township,Manchester Township,NJ,City,Q1085095,https://manchestertwp.com/
carneyspointtwp.org,Carneys Point Township,Carneys Point Township,NJ,City,Q1085611,http://carneyspointtwp.org/
ourclark.com,Clark,Clark,NJ,City,Q1086117,https://www.ourclark.com/
springfield-nj.us,Springfield Township,Springfield Township,NJ,City,Q1086154,https://springfield-nj.us/
irvington.net,Irvington,Irvington,NJ,City,Q1086276,https://irvington.net/
saddlebrooknj.us,Saddle Brook,Saddle Brook,NJ,City,Q1086321,https://saddlebrooknj.us/
eastbrunswick.org,East Brunswick,East Brunswick,NJ,City,Q1086351,https://www.eastbrunswick.org/
ci.orange.nj.us,Orange,Orange,NJ,City,Q1087121,https://www.ci.orange.nj.us/
tomsrivertownship.com,Toms River,Toms River,NJ,City,Q1087213,https://www.tomsrivertownship.com/
veronanj.org,Verona,Verona,NJ,City,Q1087483,https://www.veronanj.org/
lfnj.com,Little Falls,Little Falls,NJ,City,Q1087494,https://www.lfnj.com/
nutleynj.org,Nutley,Nutley,NJ,City,Q1088133,https://www.nutleynj.org/
oxfordtwpnj.org,Oxford,Oxford,NJ,City,Q1088189,https://www.oxfordtwpnj.org/
barnegat.net,Barnegat Township,Barnegat Township,NJ,City,Q1088201,http://www.barnegat.net/
allowaytownship.com,Alloway,Alloway,NJ,City,Q1088211,https://allowaytownship.com/
eagleswoodtwpnj.us,Eagleswood Township,Eagleswood Township,NJ,City,Q1088374,http://eagleswoodtwpnj.us/
white-township.com,White Township,White Township,NJ,City,Q1088382,https://white-township.com/
dennistwp.org,Dennis Township,Dennis Township,NJ,City,Q1088389,https://dennistwp.org/
frankfordtownship.org,Frankford Township,Frankford Township,NJ,City,Q1088395,https://www.frankfordtownship.org/
plumsted.org,Plumsted Township,Plumsted Township,NJ,City,Q1088400,https://www.plumsted.org/
allamuchynj.org,Allamuchy,Allamuchy,NJ,City,Q1088405,https://allamuchynj.org/
pohatcongtwp.org,Pohatcong Township,Pohatcong Township,NJ,City,Q1088408,http://www.pohatcongtwp.org/
independencenj.com,Independence Township,Independence Township,NJ,City,Q1088412,http://independencenj.com/
greentwp.com,Green Township,Green Township,NJ,City,Q1088416,http://greentwp.com/
vernontwp.com,Vernon,Vernon,NJ,City,Q1088430,http://vernontwp.com/
commercialtwp.com,Commercial Township,Commercial Township,NJ,City,Q1088436,https://commercialtwp.com/
twp.berkeley.nj.us,Berkeley Township,Berkeley Township,NJ,City,Q1088441,http://twp.berkeley.nj.us/
waynetownship.com,Wayne,Wayne,NJ,City,Q1088629,https://www.waynetownship.com/
oldbridge.com,Old Bridge Township,Old Bridge Township,NJ,City,Q1089070,https://www.oldbridge.com/
cranford.com,Cranford,Cranford,NJ,City,Q1089095,https://www.cranford.com/
twp.pennsauken.nj.us,Pennsauken,Pennsauken,NJ,City,Q1089732,https://www.twp.pennsauken.nj.us/
uniontownship.com,Union,Union,NJ,City,Q1089738,https://www.uniontownship.com/
townshipofhillside.org,Hillside,Hillside,NJ,City,Q1089749,https://www.townshipofhillside.org/
pennsville.org,Pennsville,Pennsville,NJ,City,Q1089874,https://www.pennsville.org/
cranburytownship.com,Cranbury,Cranbury,NJ,City,Q1089886,http://www.cranburytownship.com/
colts-neck.nj.us,Colts Neck,Colts Neck,NJ,City,Q1112176,https://www.colts-neck.nj.us/
piscatawaynj.org,Piscataway,Piscataway,NJ,City,Q1428659,https://www.piscatawaynj.org/
holmdeltownship-nj.com,Holmdel Township,Holmdel Township,NJ,City,Q1474335,https://www.holmdeltownship-nj.com/
hazlettwp.org,Hazlet,Hazlet,NJ,City,Q1592114,https://www.hazlettwp.org/
mahwahtwp.org,Mahwah,Mahwah,NJ,City,Q1635175,https://www.mahwahtwp.org/
winfield-nj.org,Winfield Township,Winfield Township,NJ,City,Q1932900,https://www.winfield-nj.org/
plainsboronj.com,Plainsboro,Plainsboro,NJ,City,Q1932982,https://www.plainsboronj.com/
twp.south-brunswick.nj.us,South Brunswick,South Brunswick,NJ,City,Q1932994,http://www.twp.south-brunswick.nj.us/
northbergen.org,North Bergen,North Bergen,NJ,City,Q2000528,https://www.northbergen.org/
glotwp.com,Gloucester Township,Gloucester Township,NJ,City,Q2024144,https://glotwp.com/
mendhamtownship.org,Mendham Township,Mendham Township,NJ,City,Q2041401,https://mendhamtownship.org/
twp.stafford.nj.us,Stafford Township,Stafford Township,NJ,City,Q2412133,http://twp.stafford.nj.us/
montvillenj.org,Montville,Montville,NJ,City,Q2483031,https://www.montvillenj.org/
twp.brick.nj.us,Brick Township,Brick Township,NJ,City,Q2637971,http://www.twp.brick.nj.us/
neptunetownship.org,Neptune Township,Neptune Township,NJ,City,Q2641218,http://www.neptunetownship.org/
twp.washington.nj.us,Washington Township,Washington Township,NJ,City,Q2677793,https://www.twp.washington.nj.us/
twp.howell.nj.us,Howell,Howell,NJ,City,Q2678621,https://www.twp.howell.nj.us/
cherryhill-nj.com,Cherry Hill,Cherry Hill,NJ,City,Q2710598,https://www.cherryhill-nj.com/
jacksontwpnj.net,Jackson,Jackson,NJ,City,Q2713022,https://www.jacksontwpnj.net/
aberdeennj.org,Aberdeen Township,Aberdeen Township,NJ,City,Q2750546,http://www.aberdeennj.org/
oceantwp.org,Ocean Township,Ocean Township,NJ,City,Q2885976,http://oceantwp.org
chestertownship.org,Chester Township,Chester Township,NJ,City,Q3014459,https://chestertownship.org/
mantuatownship.com,Mantua,Mantua,NJ,City,Q3014914,https://mantuatownship.com/
montaguenj.org,Montague,Montague,NJ,City,Q3015332,http://www.montaguenj.org/
logan-twp.org,Logan Township,Logan Township,NJ,City,Q3015345,https://www.logan-twp.org/
medfordtownship.com,Medford,Medford,NJ,City,Q3015360,https://www.medfordtownship.com/
wtmorris.org,Washington Township,Washington Township,NJ,City,Q3015373,https://www.wtmorris.org/
westdeptford.com,West Deptford Township,West Deptford Township,NJ,City,Q3015382,https://www.westdeptford.com/
kingwoodtownship.com,Kingwood Township,Kingwood Township,NJ,City,Q3015394,https://kingwoodtownship.com/
woolwichtwp.org,Woolwich Township,Woolwich Township,NJ,City,Q3015410,https://woolwichtwp.org/
pilesgrovenj.org,Pilesgrove Township,Pilesgrove Township,NJ,City,Q3015425,http://pilesgrovenj.org/
twp.burlington.nj.us,Burlington Township,Burlington Township,NJ,City,Q3015436,http://twp.burlington.nj.us/
jeffersontownship.net,Jefferson Township,Jefferson Township,NJ,City,Q3015817,https://www.jeffersontownship.net/
hamptontownshipnj.info,Hampton Township,Hampton Township,NJ,City,Q3015835,http://www.hamptontownshipnj.info/
bordentowntownship.com,Bordentown Township,Bordentown Township,NJ,City,Q3015867,https://www.bordentowntownship.com/
rockawaytownship.org,Rockaway Township,Rockaway Township,NJ,City,Q3015885,https://www.rockawaytownship.org/
andovertwp.org,Andover Township,Andover Township,NJ,City,Q3015895,https://www.andovertwp.org/
pemberton-twp.com,Pemberton Township,Pemberton Township,NJ,City,Q3015926,https://www.pemberton-twp.com/
lebanontownship.net,Lebanon Township,Lebanon Township,NJ,City,Q3015934,https://www.lebanontownship.net/
westamwelltwp.org,West Amwell Township,West Amwell Township,NJ,City,Q3016070,https://www.westamwelltwp.org/
eastgreenwichnj.com,East Greenwich Township,East Greenwich Township,NJ,City,Q3016077,https://www.eastgreenwichnj.com/
east-windsor.nj.us,East Windsor Township,East Windsor Township,NJ,City,Q3016087,https://www.east-windsor.nj.us/
eastamwelltownship.com,East Amwell Township,East Amwell Township,NJ,City,Q3016094,https://www.eastamwelltownship.com/
twp.manalapan.nj.us,Manalapan Township,Manalapan Township,NJ,City,Q3016629,http://www.twp.manalapan.nj.us/
hardwick-nj.us,Hardwick Township,Hardwick Township,NJ,City,Q3016650,https://www.hardwick-nj.us/
haddontwp.com,Haddon Township,Haddon Township,NJ,City,Q3016654,https://www.haddontwp.com/
lopatcongtwp.com,Lopatcong Township,Lopatcong Township,NJ,City,Q3016666,http://www.lopatcongtwp.com/
hopetownship.com,Hope,Hope,NJ,City,Q3016670,https://www.hopetownship.com/
denvillenj.org,Denville,Denville,NJ,City,Q3016777,http://www.denvillenj.org/
delrantownship.org,Delran Township,Delran Township,NJ,City,Q3016798,https://www.delrantownship.org/
byramtwp.org,Byram Township,Byram Township,NJ,City,Q3016817,https://www.byramtwp.org/
hanovertownship.com,Hanover Township,Hanover Township,NJ,City,Q3016895,https://www.hanovertownship.com/
co.albany.wy.us,Albany County,Albany County,WY,City,Q109442,http://www.co.albany.wy.us
crookcounty.wy.gov,Crook County,Crook County,WY,City,Q109508,http://www.crookcounty.wy.gov
ccgov.net,Campbell County,Campbell County,WY,City,Q110640,https://www.ccgov.net
washakiecounty.net,Washakie County,Washakie County,WY,City,Q112846,http://www.washakiecounty.net
hscounty.com,Hot Springs County,Hot Springs County,WY,City,Q114123,http://www.hscounty.com
westongov.com,Weston County,Weston County,WY,City,Q115413,http://westongov.com
parkcounty.us,Park County,Park County,WY,City,Q156385,http://www.parkcounty.us
carbonwy.com,Carbon County,Carbon County,WY,City,Q156452,http://www.carbonwy.com
cityofithaca.org,Ithaca,Ithaca,NY,City,Q217346,https://cityofithaca.org
goshencounty.org,Goshen County,Goshen County,WY,City,Q338424,http://goshencounty.org
uintacounty.com,Uinta County,Uinta County,WY,City,Q483973,http://www.uintacounty.com
webgate.co.laramie.wy.us,Laramie County,Laramie County,WY,City,Q483982,http://webgate.co.laramie.wy.us
fremontcountywy.org,Fremont County,Fremont County,WY,City,Q484142,http://www.fremontcountywy.org
conversecounty.org,Converse County,Converse County,WY,City,Q484156,http://conversecounty.org
sweet.wy.us,Sweetwater County,Sweetwater County,WY,City,Q484194,http://www.sweet.wy.us
johnsoncountywyoming.org,Johnson County,Johnson County,WY,City,Q484268,http://www.johnsoncountywyoming.org
lcwy.org,Lincoln County,Lincoln County,WY,City,Q484527,http://www.lcwy.org
niobraracounty.org,Niobrara County,Niobrara County,WY,City,Q485641,http://www.niobraracounty.org
tetonwyo.org,Teton County,Teton County,WY,City,Q488912,http://www.tetonwyo.org
sublettewyo.com,Sublette County,Sublette County,WY,City,Q490494,http://www.sublettewyo.com
plattecountywyoming.com,Platte County,Platte County,WY,City,Q490512,http://plattecountywyoming.com
sheridancounty.com,Sheridan County,Sheridan County,WY,City,Q490522,http://www.sheridancounty.com
wirtcounty.wv.gov,Wirt County,Wirt County,WV,City,Q501555,https://wirtcounty.wv.gov
kanawha.us,Kanawha County,Kanawha County,WV,City,Q501800,http://www.kanawha.us
mcdowellcounty.wv.gov,McDowell County,McDowell County,WV,City,Q501804,http://www.mcdowellcounty.wv.gov
putnamcounty.org,Putnam County,Putnam County,WV,City,Q501809,http://www.putnamcounty.org
raleighcounty.com,Raleigh County,Raleigh County,WV,City,Q501815,http://www.raleighcounty.com
randolphcountycommissionwv.org,Randolph County,Randolph County,WV,City,Q501819,http://randolphcountycommissionwv.org
mercercounty.wv.gov,Mercer County,Mercer County,WV,City,Q501823,http://www.mercercounty.wv.gov
summerscountywv.org,Summers County,Summers County,WV,City,Q501827,http://summerscountywv.org
masoncounty.wv.gov,Mason County,Mason County,WV,City,Q501830,http://www.masoncounty.wv.gov
roanecounty.wv.gov,Roane County,Roane County,WV,City,Q501835,http://www.roanecounty.wv.gov
ritchiecounty.wv.gov,Ritchie County,Ritchie County,WV,City,Q501839,http://www.ritchiecounty.wv.gov
wyomingcounty.com,Wyoming County,Wyoming County,WV,City,Q501843,http://www.wyomingcounty.com
wetzelcounty.wv.gov,Wetzel County,Wetzel County,WV,City,Q501858,http://www.wetzelcounty.wv.gov
fayettecounty.wv.gov,Fayette County,Fayette County,WV,City,Q504830,https://fayettecounty.wv.gov/
marshallcountywv.org,Marshall County,Marshall County,WV,City,Q504838,http://www.marshallcountywv.org
gilmercounty.wv.gov,Gilmer County,Gilmer County,WV,City,Q504842,http://www.gilmercounty.wv.gov
marioncountywv.com,Marion County,Marion County,WV,City,Q504846,http://www.marioncountywv.com
harrisoncountywv.com,Harrison County,Harrison County,WV,City,Q504850,http://www.harrisoncountywv.com
jacksoncounty.wv.gov,Jackson County,Jackson County,WV,City,Q504856,http://www.jacksoncounty.wv.gov
hancockcountywv.org,Hancock County,Hancock County,WV,City,Q504863,http://www.hancockcountywv.org
mineralcountywv.com,Mineral County,Mineral County,WV,City,Q510407,http://www.mineralcountywv.com
tylercountywv.com,Tyler County,Tyler County,WV,City,Q511069,http://www.tylercountywv.com
taylorcounty.wv.gov,Taylor County,Taylor County,WV,City,Q511095,http://www.taylorcounty.wv.gov
cityofcorning.com,Corning,Corning,NY,City,Q576395,http://www.cityofcorning.com/
sherrillny.org,Sherrill,Sherrill,NY,City,Q669876,http://www.sherrillny.org/
cityofbeacon.org,Beacon,Beacon,NY,City,Q812892,http://www.cityofbeacon.org
claycounty.wv.gov,Clay County,Clay County,WV,City,Q847673,http://www.claycounty.wv.gov
ohiocounty.wv.gov,Ohio County,Ohio County,WV,City,Q847676,http://www.ohiocounty.wv.gov
cityofdunkirk.com,Dunkirk,Dunkirk,NY,City,Q911609,https://cityofdunkirk.com
cityofelmira.net,Elmira,Elmira,NY,City,Q934135,http://www.cityofelmira.net/
glencove-li.com,Glen Cove,Glen Cove,NY,City,Q1006668,http://www.glencove-li.com/
saratoga-springs.org,Saratoga Springs,Saratoga Springs,NY,City,Q1144357,http://www.saratoga-springs.org/
canandaigua.govoffice.com,Canandaigua,Canandaigua,NY,City,Q1363104,http://canandaigua.govoffice.com/
citywatertown.org,Watertown,Watertown,NY,City,Q1378026,http://www.citywatertown.org/
cityofgenevany.com,Geneva,Geneva,NY,City,Q1378284,https://cityofgenevany.com/
cityofglensfalls.com,Glens Falls,Glens Falls,NY,City,Q1379621,http://www.cityofglensfalls.com
salmun.com,Salamanca,Salamanca,NY,City,Q1380435,http://www.salmun.com/
norwichnewyork.net,Norwich,Norwich,NY,City,Q1380484,http://www.norwichnewyork.net/
cohoes.com,Cohoes,Cohoes,NY,City,Q1380598,http://www.cohoes.com/
twp.maplewood.nj.us,Maplewood,Maplewood,NJ,City,Q32525,https://www.twp.maplewood.nj.us/
robbinsville-twp.org,Robbinsville Township,Robbinsville Township,NJ,City,Q65330,https://www.robbinsville-twp.org/
weehawken-nj.us,Weehawken,Weehawken,NJ,City,Q176410,http://www.weehawken-nj.us/
twp.woodbridge.nj.us,Woodbridge Township,Woodbridge Township,NJ,City,Q204151,https://www.twp.woodbridge.nj.us/
monroetwp.com,Monroe Township,Monroe Township,NJ,City,Q224781,https://www.monroetwp.com/
scotchplainsnj.com,Scotch Plains,Scotch Plains,NJ,City,Q262609,http://www.scotchplainsnj.com/
townofharrison.com,Harrison,Harrison,NJ,City,Q336330,https://www.townofharrison.com/
mullicatownship.org,Mullica Township,Mullica Township,NJ,City,Q362257,https://www.mullicatownship.org/
gtnj.org,Galloway Township,Galloway Township,NJ,City,Q363310,http://www.gtnj.org/
branchburg.nj.us,Branchburg,Branchburg,NJ,City,Q367249,http://www.branchburg.nj.us/
greenbrooktwp.org,Green Brook Township,Green Brook Township,NJ,City,Q367261,http://greenbrooktwp.org/
warrennj.org,Warren,Warren,NJ,City,Q367280,https://www.warrennj.org/
twp.montgomery.nj.us,Montgomery Township,Montgomery Township,NJ,City,Q367289,https://twp.montgomery.nj.us/
bernards.org,Bernards Township,Bernards Township,NJ,City,Q367314,https://www.bernards.org/
hillsborough-nj.org,Hillsborough,Hillsborough,NJ,City,Q367331,https://www.hillsborough-nj.org/
westmilford.org,West Milford,West Milford,NJ,City,Q375252,https://www.westmilford.org/
ehtgov.org,Egg Harbor Township,Egg Harbor Township,NJ,City,Q484956,https://www.ehtgov.org/
twpofwashington.us,Washington,Washington,NJ,City,Q485401,https://www.twpofwashington.us/
lyndhurstnj.org,Lyndhurst,Lyndhurst,NJ,City,Q524732,https://www.lyndhurstnj.org/
bellevillenj.org,Belleville,Belleville,NJ,City,Q525775,https://www.bellevillenj.org/
franklintwpnj.org,Franklin Township,Franklin Township,NJ,City,Q527536,https://www.franklintwpnj.org/
parsippany.net,Parsippany-Troy Hills,Parsippany-Troy Hills,NJ,City,Q532344,https://www.parsippany.net/
twp.millburn.nj.us,Millburn,Millburn,NJ,City,Q540513,https://www.twp.millburn.nj.us/
ewingnj.org,Ewing Township,Ewing Township,NJ,City,Q579332,https://www.ewingnj.org/
livingstonnj.org,Livingston,Livingston,NJ,City,Q589460,https://www.livingstonnj.org/
spartanj.org,Sparta,Sparta,NJ,City,Q599251,https://spartanj.org/
boonton.org,Boonton Town,Boonton Town,NJ,City,Q599684,https://www.boonton.org/
delawaretwpnj.org,Delaware Township,Delaware Township,NJ,City,Q614185,https://www.delawaretwpnj.org/
bloomfieldtwpnj.com,Bloomfield,Bloomfield,NJ,City,Q648622,https://www.bloomfieldtwpnj.com/
montclairnjusa.org,Montclair,Montclair,NJ,City,Q678437,https://www.montclairnjusa.org/
hamiltonnj.com,Hamilton Township,Hamilton Township,NJ,City,Q726961,https://www.hamiltonnj.com/
middletownnj.org,Middletown,Middletown,NJ,City,Q735215,https://www.middletownnj.org/
edisonnj.org,Edison,Edison,NJ,City,Q746801,https://www.edisonnj.org/
peqtwp.org,Pequannock,Pequannock,NJ,City,Q748243,https://peqtwp.org/
kearnynj.org,Kearny,Kearny,NJ,City,Q776648,https://www.kearnynj.org/
bedminster.us,Bedminster,Bedminster,NJ,City,Q813922,https://www.bedminster.us/
berkeleyheightstwp.com,Berkeley Heights,Berkeley Heights,NJ,City,Q820857,http://www.berkeleyheightstwp.com/
franklintownshipnj.org,Franklin Township,Franklin Township,NJ,City,Q919749,https://www.franklintownshipnj.org/
winslowtownship.com,Winslow,Winslow,NJ,City,Q925734,http://www.winslowtownship.com/
manningtontwp.com,Mannington Township,Mannington Township,NJ,City,Q929892,https://manningtontwp.com/
westorange.org,West Orange,West Orange,NJ,City,Q932601,https://www.westorange.org/
westnewyorknj.org,West New York,West New York,NJ,City,Q950205,http://westnewyorknj.org/
blairstowntownship.org,Blairstown,Blairstown,NJ,City,Q950876,https://www.blairstowntownship.org/
buenavistanj.com,Buena Vista Township,Buena Vista Township,NJ,City,Q993536,https://www.buenavistanj.com/
weymouthnj.org,Weymouth Township,Weymouth Township,NJ,City,Q993608,https://www.weymouthnj.org/
southhackensacknj.org,South Hackensack,South Hackensack,NJ,City,Q1013236,https://www.southhackensacknj.org/
guttenbergnj.org,Guttenberg,Guttenberg,NJ,City,Q1021545,https://www.guttenbergnj.org/
wyckoff-nj.com,Wyckoff,Wyckoff,NJ,City,Q1021563,https://wyckoff-nj.com/
cedargrovenj.org,Cedar Grove,Cedar Grove,NJ,City,Q1052498,https://cedargrovenj.org/
cinnaminsonnj.org,Cinnaminson Township,Cinnaminson Township,NJ,City,Q1072648,https://www.cinnaminsonnj.org/
mountlaurel.com,Mount Laurel,Mount Laurel,NJ,City,Q1072657,https://www.mountlaurel.com/
eastampton.com,Eastampton Township,Eastampton Township,NJ,City,Q1072705,https://www.eastampton.com/
moorestown.nj.us,Moorestown,Moorestown,NJ,City,Q1072712,https://www.moorestown.nj.us/
riversidetwp.org,Riverside,Riverside,NJ,City,Q1072718,http://www.riversidetwp.org/
bassriver-nj.org,Bass River Township,Bass River Township,NJ,City,Q1072724,http://www.bassriver-nj.org/
evesham-nj.org,Evesham Township,Evesham Township,NJ,City,Q1072737,http://evesham-nj.org/
edgewaterpark-nj.com,Edgewater Park Township,Edgewater Park Township,NJ,City,Q1072743,http://www.edgewaterpark-nj.com/
lumbertontwp.com,Lumberton,Lumberton,NJ,City,Q1072761,http://www.lumbertontwp.com/
shamong.net,Shamong Township,Shamong Township,NJ,City,Q1072767,https://www.shamong.net/
southamptonnj.org,Southampton Township,Southampton Township,NJ,City,Q1072776,https://www.southamptonnj.org/
newhanovertwp.com,New Hanover Township,New Hanover Township,NJ,City,Q1072784,https://www.newhanovertwp.com/
northhanovertwp.com,North Hanover Township,North Hanover Township,NJ,City,Q1072793,http://www.northhanovertwp.com/
hainesporttownship.com,Hainesport,Hainesport,NJ,City,Q1072800,https://www.hainesporttownship.com/
townshipoftabernacle-nj.gov,Tabernacle Township,Tabernacle Township,NJ,City,Q1072810,https://www.townshipoftabernacle-nj.gov/
sandystontownship.com,Sandyston Township,Sandyston Township,NJ,City,Q1073713,http://sandystontownship.com/
knowlton-nj.com,Knowlton Township,Knowlton Township,NJ,City,Q1073720,http://knowlton-nj.com/
twp.walpack.nj.us,Walpack Township,Walpack Township,NJ,City,Q1073730,https://www.twp.walpack.nj.us/
upperdeerfield.com,Upper Deerfield Township,Upper Deerfield Township,NJ,City,Q1073742,https://www.upperdeerfield.com/
pittsgrovetownship.com,Pittsgrove Township,Pittsgrove Township,NJ,City,Q1073767,https://pittsgrovetownship.com/
westwindsornj.com,West Windsor Township,West Windsor Township,NJ,City,Q1073777,http://www.westwindsornj.com/
townofhammonton.org,Hammonton,Hammonton,NJ,City,Q1084539,https://www.townofhammonton.org/
hackettstown.net,Hackettstown,Hackettstown,NJ,City,Q1085981,https://www.hackettstown.net/
phillipsburgnj.org,Phillipsburg,Phillipsburg,NJ,City,Q1088690,https://phillipsburgnj.org/
dover.nj.us,Dover,Dover,NJ,City,Q1088760,https://www.dover.nj.us/
cityofevanston.org,Evanston,Evanston,IL,City,Q462799,http://cityofevanston.org/
cityofelgin.org,Elgin,Elgin,IL,City,Q499887,https://www.cityofelgin.org/
enfieldnc.org,Enfield,Enfield,NC,City,Q518535,http://www.enfieldnc.org/
gibsonville.net,Gibsonville,Gibsonville,NC,City,Q525407,http://www.gibsonville.net/
townoflucama.org,Lucama,Lucama,NC,City,Q543441,http://townoflucama.org/
townofbathnc.com,Bath,Bath,NC,City,Q547581,https://townofbathnc.com/
petersburgil.org,Petersburg,Petersburg,IL,City,Q575425,http://www.petersburgil.org/
lelandgrove.com,Leland Grove,Leland Grove,IL,City,Q575626,http://www.lelandgrove.com/
parkridge.us,Park Ridge,Park Ridge,IL,City,Q576273,https://www.parkridge.us/
sandwich.il.us,Sandwich,Sandwich,IL,City,Q577352,http://www.sandwich.il.us/
butnernc.org,Butner,Butner,NC,City,Q578225,http://butnernc.org
elmhurst.org,Elmhurst,Elmhurst,IL,City,Q579542,https://www.elmhurst.org/
summerfieldgov.com,Summerfield,Summerfield,NC,City,Q581164,http://www.summerfieldgov.com/
liberty-nc.com,Liberty,Liberty,NC,City,Q583858,http://www.liberty-nc.com/
taborcitync.org,Tabor City,Tabor City,NC,City,Q586130,http://www.taborcitync.org
angier.org,Angier,Angier,NC,City,Q587097,http://www.angier.org
ci.aberdeen.nc.us,Aberdeen,Aberdeen,NC,City,Q607120,http://www.ci.aberdeen.nc.us/
townoftroutman.org,Troutman,Troutman,NC,City,Q612437,http://www.townoftroutman.org
summersvillewv.org,Summersville,Summersville,WV,City,Q615764,http://www.summersvillewv.org/
cityofmoorhead.com,Moorhead,Moorhead,MN,City,Q983754,http://www.cityofmoorhead.com/
ci.lake-city.mn.us,Lake City,Lake City,MN,City,Q986636,http://ci.lake-city.mn.us/
villageofstockton.com,Stockton,Stockton,IL,City,Q2001633,https://www.villageofstockton.com/
staples.govoffice.com,Staples,Staples,MN,City,Q2227729,https://staples.govoffice.com/
ci.centerville.oh.us,Centerville,Centerville,OH,City,Q2375175,http://www.ci.centerville.oh.us/
ci.oakwood.oh.us,Oakwood,Oakwood,OH,City,Q2735558,http://www.ci.oakwood.oh.us/
ctmetro.org,MetroCOG,MetroCOG,CT,City,Q54954343,https://ctmetro.org/
columbianc.com,Columbia,Columbia,NC,City,Q2028731,http://www.columbianc.com/
townofleland.com,Leland,Leland,NC,City,Q2028761,http://www.townofleland.com
andrewsnc.org,Andrews,Andrews,NC,City,Q2029028,https://www.andrewsnc.org/
kdhnc.com,Kill Devil Hills,Kill Devil Hills,NC,City,Q2029051,http://www.kdhnc.com/
maidennc.com,Maiden,Maiden,NC,City,Q2029163,http://www.maidennc.com/
tryon-nc.com,Tryon,Tryon,NC,City,Q2029202,https://tryon-nc.com/
townofjefferson.org,Jefferson,Jefferson,NC,City,Q2029233,http://www.townofjefferson.org/
kenansville.org,Kenansville,Kenansville,NC,City,Q2029297,http://www.kenansville.org
cantonnc.com,Canton,Canton,NC,City,Q2029343,http://www.cantonnc.com
bakersville.com,Bakersville,Bakersville,NC,City,Q2029412,http://www.bakersville.com/
erwin-nc.org,Erwin,Erwin,NC,City,Q2029466,http://www.erwin-nc.org/
townofburnsville.org,Burnsville,Burnsville,NC,City,Q2029541,http://townofburnsville.org/
coatsnc.com,Coats,Coats,NC,City,Q2029654,http://www.coatsnc.com/
roseboronc.com,Roseboro,Roseboro,NC,City,Q2029703,http://www.roseboronc.com/
north-wilkesboro.com,North Wilkesboro,North Wilkesboro,NC,City,Q2029796,http://www.north-wilkesboro.com/
lansingnc.us,Lansing,Lansing,NC,City,Q2029804,https://www.lansingnc.us/
hollyspringsnc.us,Holly Springs,Holly Springs,NC,City,Q2030155,http://www.hollyspringsnc.us
elonnc.com,Elon,Elon,NC,City,Q2030224,http://www.elonnc.com/
elkinnc.org,Elkin,Elkin,NC,City,Q2030863,http://www.elkinnc.org
minthill.com,Mint Hill,Mint Hill,NC,City,Q2030900,https://www.minthill.com/
weavervillenc.org,Weaverville,Weaverville,NC,City,Q2043823,http://www.weavervillenc.org/
townofwhitakers.org,Whitakers,Whitakers,NC,City,Q2043847,http://townofwhitakers.org
townofmaggievalley.com,Maggie Valley,Maggie Valley,NC,City,Q2045014,http://www.townofmaggievalley.com/
townofbunn.com,Bunn,Bunn,NC,City,Q2045175,http://townofbunn.com/
townofchadbournnc.gov,Chadbourn,Chadbourn,NC,City,Q2045194,http://www.townofchadbournnc.gov/
ci.drexel.nc.us,Drexel,Drexel,NC,City,Q2045319,http://www.ci.drexel.nc.us/
dallasnc.net,Dallas,Dallas,NC,City,Q2050249,http://www.dallasnc.net
walnutcreeknc.com,Walnut Creek,Walnut Creek,NC,City,Q2122298,http://www.walnutcreeknc.com/
denton-nc.us,Denton,Denton,NC,City,Q2276938,http://www.denton-nc.us/
townofblackmountain.org,Black Mountain,Black Mountain,NC,City,Q2413277,http://www.townofblackmountain.org/
villageofalamance.com,Alamance,Alamance,NC,City,Q2514210,http://www.villageofalamance.com
tobaccovillenc.org,Tobaccoville,Tobaccoville,NC,City,Q2608997,http://www.tobaccovillenc.org
foxfirenc.com,Foxfire,Foxfire,NC,City,Q2653444,http://www.foxfirenc.com/
townofduck.com,Duck,Duck,NC,City,Q2724064,https://www.townofduck.com/
villageofsimpsonnc.com,Simpson,Simpson,NC,City,Q3313496,https://www.villageofsimpsonnc.com/
townofmidland.us,Midland,Midland,NC,City,Q3345893,http://www.townofmidland.us/
villageofflatrock.org,Flat Rock,Flat Rock,NC,City,Q3459852,http://villageofflatrock.org/
villageofmisenheimer.com,Misenheimer,Misenheimer,NC,City,Q3474795,http://www.villageofmisenheimer.com/
townofwallburg.com,Wallburg,Wallburg,NC,City,Q3474971,http://www.townofwallburg.com/
millsriver.org,Mills River,Mills River,NC,City,Q3475128,http://www.millsriver.org/
townofmidwaync-gov.net,Midway,Midway,NC,City,Q3475443,http://www.townofmidwaync-gov.net/
townofarcherlodge.com,Archer Lodge,Archer Lodge,NC,City,Q4026080,http://www.townofarcherlodge.com/
redcross-nc.com,Red Cross,Red Cross,NC,City,Q4026478,http://redcross-nc.com/
townofredcross.com,Red Cross,Red Cross,NC,City,Q4026478,https://townofredcross.com/
aurora-il.org,Aurora,Aurora,IL,City,Q22595,https://www.aurora-il.org
villageofpinehurst.org,Pinehurst,Pinehurst,NC,City,Q119542,http://www.villageofpinehurst.org
townofzebulon.org,Zebulon,Zebulon,NC,City,Q169536,http://www.townofzebulon.org/
peoriagov.org,Peoria,Peoria,IL,City,Q233129,http://www.peoriagov.org/
naperville.il.us,Naperville,Naperville,IL,City,Q243007,https://www.naperville.il.us/
townofwashingtonpark.com,Washington Park,Washington Park,NC,City,Q261349,http://townofwashingtonpark.com/
swepsonvilletownof.net,Swepsonville,Swepsonville,NC,City,Q264177,http://www.swepsonvilletownof.net/
hayesville.org,Hayesville,Hayesville,NC,City,Q302144,http://www.hayesville.org
townoflakelure.com,Lake Lure,Lake Lure,NC,City,Q303620,http://www.townoflakelure.com/
ahoskie-nc.org,Ahoskie,Ahoskie,NC,City,Q370172,http://www.ahoskie-nc.org/
grifton.com,Grifton,Grifton,NC,City,Q372637,http://www.grifton.com/
farmville-nc.com,Farmville,Farmville,NC,City,Q372715,http://www.farmville-nc.com/
stallingsnc.org,Stallings,Stallings,NC,City,Q387568,http://www.stallingsnc.org/
townofhertfordnc.com,Hertford,Hertford,NC,City,Q389316,http://www.townofhertfordnc.com/
tewksburytwp.net,Tewksbury Township,Tewksbury Township,NJ,City,Q3016994,https://www.tewksburytwp.net/
longbeachtownship.com,Long Beach Township,Long Beach Township,NJ,City,Q3017005,https://www.longbeachtownship.com/
roxburynj.us,Roxbury Township,Roxbury Township,NJ,City,Q3017023,https://www.roxburynj.us/
wtbcnj.org,Washington Township,Washington Township,NJ,City,Q3017050,http://www.wtbcnj.org/
raritan-township.com,Raritan Township,Raritan Township,NJ,City,Q3017068,https://www.raritan-township.com/
mapleshade.com,Maple Shade,Maple Shade,NJ,City,Q3017730,https://www.mapleshade.com/
deptford-nj.org,Deptford Township,Deptford Township,NJ,City,Q3017751,https://www.deptford-nj.org/
washington-twp-warren.org,Washington Township,Washington Township,NJ,City,Q3017778,http://www.washington-twp-warren.org/
southharrison-nj.org,South Harrison Township,South Harrison Township,NJ,City,Q3709323,https://www.southharrison-nj.org/
berlintwp.com,Berlin Township,Berlin Township,NJ,City,Q3720748,https://berlintwp.com/
boontontownship.com,Boonton Township,Boonton Township,NJ,City,Q3720753,https://www.boontontownship.com/
fairfieldtownshipnj.org,Fairfield Township,Fairfield Township,NJ,City,Q5430356,http://fairfieldtownshipnj.org/
franklin-twp.org,Franklin Township,Franklin Township,NJ,City,Q5491960,https://franklin-twp.org/
franklintwpwarren.org,Franklin Township,Franklin Township,NJ,City,Q5492049,https://franklintwpwarren.org/
historicgreenwichnj.org,Greenwich,Greenwich,NJ,City,Q5604881,http://www.historicgreenwichnj.org/
greenwichtwp.com,Greenwich Township,Greenwich Township,NJ,City,Q5604883,https://greenwichtwp.com/
greenwichtownship.org,Greenwich Township,Greenwich Township,NJ,City,Q5604891,https://www.greenwichtownship.org/
harrisontwp.us,Harrison Township,Harrison Township,NJ,City,Q5666035,https://harrisontwp.us/
hopewelltwp-nj.com,Hopewell Township,Hopewell Township,NJ,City,Q5677985,http://www.hopewelltwp-nj.com/
hopewelltwp.org,Hopewell Township,Hopewell Township,NJ,City,Q5900433,https://www.hopewelltwp.org/
lawrencetwpcumberlandnj.com,Lawrence Township,Lawrence Township,NJ,City,Q6504654,https://www.lawrencetwpcumberlandnj.com/
lawrencetwp.com,Lawrence Township,Lawrence Township,NJ,City,Q6504659,http://www.lawrencetwp.com/
mansfieldtwp-nj.com,Mansfield Township,Mansfield Township,NJ,City,Q6751694,https://www.mansfieldtwp-nj.com/
monroetownshipnj.org,Monroe Township,Monroe Township,NJ,City,Q6902293,https://monroetownshipnj.org/
springfieldtownshipnj.org,Springfield Township,Springfield Township,NJ,City,Q7581067,http://www.springfieldtownshipnj.org/
troy.nc.us,Troy,Troy,NC,City,Q1883853,http://troy.nc.us/
warrenton.nc.gov,Warrenton,Warrenton,NC,City,Q1885980,https://www.warrenton.nc.gov/
minnesottbeachnc.govoffice2.com,Minnesott Beach,Minnesott Beach,NC,City,Q1897700,http://www.minnesottbeachnc.govoffice2.com//
emeraldisle-nc.org,Emerald Isle,Emerald Isle,NC,City,Q1947381,https://www.emeraldisle-nc.org/
mocksvillenc.org,Mocksville,Mocksville,NC,City,Q1958011,https://mocksvillenc.org/about/
ayden.com,Ayden,Ayden,NC,City,Q1975352,http://www.ayden.com/
villagebhi.org,Bald Head Island,Bald Head Island,NC,City,Q1978841,http://www.villagebhi.org/
townofnewport.com,Newport,Newport,NC,City,Q1983642,http://www.townofnewport.com/
salemburg-nc.com,Salemburg,Salemburg,NC,City,Q1983702,http://www.salemburg-nc.com
indianbeach.org,Indian Beach,Indian Beach,NC,City,Q1987222,http://www.indianbeach.org/
beaufort-county.com,Chocowinity,Chocowinity,NC,City,Q1990446,http://www.beaufort-county.com/Chocowinity/Chocowinity.htm
townofcarthage.org,Carthage,Carthage,NC,City,Q1993002,http://townofcarthage.org/
boilingspringsnc.net,Boiling Springs,Boiling Springs,NC,City,Q2012320,http://boilingspringsnc.net/
townofwalnutcove.org,Walnut Cove,Walnut Cove,NC,City,Q2022254,http://www.townofwalnutcove.org/
townofwaynesville.org,Waynesville,Waynesville,NC,City,Q2022289,http://www.townofwaynesville.org
waxhaw.com,Waxhaw,Waxhaw,NC,City,Q2022331,https://www.waxhaw.com/
topsailbeach.org,Topsail Beach,Topsail Beach,NC,City,Q2022410,http://www.topsailbeach.org/
townofvaldese.com,Valdese,Valdese,NC,City,Q2022432,http://townofvaldese.com/
townofwalkertown.us,Walkertown,Walkertown,NC,City,Q2022446,http://townofwalkertown.us/
townofwendell.com,Wendell,Wendell,NC,City,Q2022451,http://townofwendell.com/
trentwoodsnc.org,Trent Woods,Trent Woods,NC,City,Q2022457,https://www.trentwoodsnc.org/
swansboro-nc.org,Swansboro,Swansboro,NC,City,Q2022530,http://swansboro-nc.org/
townofyoungsville.com,Youngsville,Youngsville,NC,City,Q2022552,http://www.townofyoungsville.com
stokesdale.org,Stokesdale,Stokesdale,NC,City,Q2022557,http://www.stokesdale.org/
wadenc.com,Wade,Wade,NC,City,Q2022642,http://wadenc.com/index.pl
townofmiddlesexnc.com,Middlesex,Middlesex,NC,City,Q2022711,http://www.townofmiddlesexnc.com/
townofwebster.org,Webster,Webster,NC,City,Q2022713,http://www.townofwebster.org/
southernshores.org,Southern Shores,Southern Shores,NC,City,Q2022773,http://www.southernshores.org/
faithnc.com,Faith,Faith,NC,City,Q2022871,http://www.faithnc.com/
riverbendnc.org,River Bend,River Bend,NC,City,Q2022885,http://www.riverbendnc.org
townofnavassa.org,Navassa,Navassa,NC,City,Q2022994,http://www.townofnavassa.org/
townofhawriver.com,Haw River,Haw River,NC,City,Q2023027,http://www.townofhawriver.com/
mcadenville-christmastown.com,McAdenville,McAdenville,NC,City,Q2023042,http://www.mcadenville-christmastown.com
lagrangenc.com,La Grange,La Grange,NC,City,Q2023126,http://www.lagrangenc.com/
townofcapecarteret.org,Cape Carteret,Cape Carteret,NC,City,Q2023179,http://www.townofcapecarteret.org/
newtongrove.net,Newton Grove,Newton Grove,NC,City,Q2023204,http://www.newtongrove.net/
faisonnc.org,Faison,Faison,NC,City,Q2023272,http://faisonnc.org/
townofsawmills.com,Sawmills,Sawmills,NC,City,Q2023378,http://townofsawmills.com/
fairmontnc.com,Fairmont,Fairmont,NC,City,Q2023450,http://www.fairmontnc.com/
townofpilotmountain.com,Pilot Mountain,Pilot Mountain,NC,City,Q2023506,http://www.townofpilotmountain.com/
brooklynbp.nyc.gov,Brooklyn,Brooklyn,NY,City,Q18419,https://www.brooklynbp.nyc.gov/
lititzpa.com,Lititz,Lititz,PA,City,Q142354,http://www.lititzpa.com
sligopa.com,Sligo,Sligo,PA,City,Q187920,http://www.sligopa.com/home.html
mountjoyborough.com,Mount Joy,Mount Joy,PA,City,Q303604,http://www.mountjoyborough.com
dillsburg.com,Dillsburg,Dillsburg,PA,City,Q335821,http://www.dillsburg.com/
boroughofambler.com,Ambler,Ambler,PA,City,Q372248,https://boroughofambler.com/
kutztownboro.org,Kutztown,Kutztown,PA,City,Q376959,http://www.kutztownboro.org
charleroiboro.org,Charleroi,Charleroi,PA,City,Q403104,http://www.charleroiboro.org
mtgretna.com,Mount Gretna,Mount Gretna,PA,City,Q478516,http://www.mtgretna.com
centraliapa.com,Centralia,Centralia,PA,City,Q492386,http://centraliapa.com/
canonsburgboro.com,Canonsburg,Canonsburg,PA,City,Q509115,http://www.canonsburgboro.com/
redlionpa.org,Red Lion,Red Lion,PA,City,Q511398,http://www.redlionpa.org
modenaborough.com,Modena,Modena,PA,City,Q525060,http://www.modenaborough.com/
elizabethpa.net,Elizabeth,Elizabeth,PA,City,Q526217,https://elizabethpa.net/
newfreedomboro.org,New Freedom,New Freedom,PA,City,Q532144,http://www.newfreedomboro.org/index2.htm
sellersvilleboro.org,Sellersville,Sellersville,PA,City,Q535420,http://sellersvilleboro.org/
sewickleyhills.com,Sewickley Hills,Sewickley Hills,PA,City,Q579735,https://www.sewickleyhills.com
sharpsville.org,Sharpsville,Sharpsville,PA,City,Q584622,http://www.sharpsville.org
riegelsville.org,Riegelsville,Riegelsville,PA,City,Q590595,http://www.riegelsville.org/
glassport.webs.com,Glassport,Glassport,PA,City,Q596244,http://glassport.webs.com
parkesburg.org,Parkesburg,Parkesburg,PA,City,Q598314,http://www.parkesburg.org
jessupborough.com,Jessup,Jessup,PA,City,Q614884,http://www.jessupborough.com
ingramborough.org,Ingram,Ingram,PA,City,Q616311,https://www.ingramborough.org/
steeltonpa.com,Steelton,Steelton,PA,City,Q628913,http://www.steeltonpa.com/
laflinboro.com,Laflin,Laflin,PA,City,Q633421,http://laflinboro.com/
yardleyboro.com,Yardley,Yardley,PA,City,Q643516,http://www.yardleyboro.com/
chalfont.govoffice.com,Chalfont,Chalfont,PA,City,Q656873,http://www.chalfont.govoffice.com/
munhallpa.us,Munhall,Munhall,PA,City,Q659120,http://www.munhallpa.us/
brackenridgeborough.com,Brackenridge,Brackenridge,PA,City,Q667487,http://brackenridgeborough.com/index.htmla
bellacresborough.org,Bell Acres,Bell Acres,PA,City,Q675892,http://www.bellacresborough.org
borough.emmaus.pa.us,Emmaus,Emmaus,PA,City,Q680643,http://www.borough.emmaus.pa.us
ashleypa.net,Ashley,Ashley,PA,City,Q725731,http://www.ashleypa.net
punxsutawney.com,Punxsutawney,Punxsutawney,PA,City,Q732342,http://www.punxsutawney.com/
salisburypa.net,Salisbury,Salisbury,PA,City,Q740788,http://salisburypa.net/
ligonier.com,Ligonier,Ligonier,PA,City,Q785105,http://www.ligonier.com
benavon.com,Ben Avon,Ben Avon,PA,City,Q816423,http://www.benavon.com/
townofmountpleasantnc.org,Mount Pleasant,Mount Pleasant,NC,City,Q614008,http://www.townofmountpleasantnc.org/
wesleychapelnc.com,Wesley Chapel,Wesley Chapel,NC,City,Q623025,http://www.wesleychapelnc.com/
stanfieldnc.com,Stanfield,Stanfield,NC,City,Q623030,http://www.stanfieldnc.com/
mineralspringsnc.com,Mineral Springs,Mineral Springs,NC,City,Q623033,http://www.mineralspringsnc.com/
unionvillenc.com,Unionville,Unionville,NC,City,Q623035,http://unionvillenc.com/
norwoodnc.com,Norwood,Norwood,NC,City,Q623568,https://www.norwoodnc.com/
townofkittyhawk.org,Kitty Hawk,Kitty Hawk,NC,City,Q628311,http://www.townofkittyhawk.org/
oakboro.com,Oakboro,Oakboro,NC,City,Q651762,http://www.oakboro.com/
townofchapelhill.org,Chapel Hill,Chapel Hill,NC,City,Q671812,https://townofchapelhill.org/
townofmanteo.com,Manteo,Manteo,NC,City,Q683205,http://www.townofmanteo.com
townofmontreat.org,Montreat,Montreat,NC,City,Q736831,http://www.townofmontreat.org
franklinnc.com,Franklin,Franklin,NC,City,Q767467,http://www.franklinnc.com/
townofcarrboro.org,Carrboro,Carrboro,NC,City,Q780330,http://townofcarrboro.org/
townofbenson.com,Benson,Benson,NC,City,Q818186,http://www.townofbenson.com/
townofbethania.org,Bethania,Bethania,NC,City,Q831168,http://www.townofbethania.org/
townofboone.net,Boone,Boone,NC,City,Q893055,http://www.townofboone.net/
biltmoreforesttownhall.homestead.com,Biltmore Forest,Biltmore Forest,NC,City,Q920137,http://biltmoreforesttownhall.homestead.com/
pembrokenc.com,Pembroke,Pembroke,NC,City,Q930141,http://www.pembrokenc.com/
tarboro-nc.com,Tarboro,Tarboro,NC,City,Q931645,http://www.tarboro-nc.com/
townofburgaw.com,Burgaw,Burgaw,NC,City,Q939362,http://townofburgaw.com/
townofmaysville.org,Maysville,Maysville,NC,City,Q942011,http://www.townofmaysville.org
hookertonnc.com,Hookerton,Hookerton,NC,City,Q967477,http://www.hookertonnc.com/
carolinabeach.org,Carolina Beach,Carolina Beach,NC,City,Q1044392,http://carolinabeach.org/
townofclaytonnc.org,Clayton,Clayton,NC,City,Q1099274,http://www.townofclaytonnc.org
clemmons.org,Clemmons,Clemmons,NC,City,Q1100440,http://clemmons.org/
townofrobbinsville.com,Robbinsville,Robbinsville,NC,City,Q1109991,https://www.townofrobbinsville.com/
cramerton.org,Cramerton,Cramerton,NC,City,Q1138788,http://www.cramerton.org
atlanticbeach-nc.com,Atlantic Beach,Atlantic Beach,NC,City,Q1376547,http://www.atlanticbeach-nc.com/
townofkenly.com,Kenly,Kenly,NC,City,Q1410372,http://www.townofkenly.com/
fouroaks-nc.com,Four Oaks,Four Oaks,NC,City,Q1439972,http://www.FourOaks-nc.com
yadkinville.org,Yadkinville,Yadkinville,NC,City,Q1476438,http://www.yadkinville.org/
townofwallace.com,Wallace,Wallace,NC,City,Q1572554,http://www.townofwallace.com/
myprincetonnc.com,Princeton,Princeton,NC,City,Q1668229,http://www.myprincetonnc.com/
townofbannerelk.org,Banner Elk,Banner Elk,NC,City,Q1808979,http://www.townofbannerelk.org/
lewisvillenc.net,Lewisville,Lewisville,NC,City,Q1822220,http://www.lewisvillenc.net/
town.stoneville.nc.us,Stoneville,Stoneville,NC,City,Q1829417,http://town.stoneville.nc.us/
townoftrenton.com,Trenton,Trenton,NC,City,Q1843651,https://www.townoftrenton.com/
townofblackcreek.org,Black Creek,Black Creek,NC,City,Q1845920,http://www.townofblackcreek.org/
ci.maxton.nc.us,Maxton,Maxton,NC,City,Q1865512,http://www.ci.maxton.nc.us/
townofmayodan.com,Mayodan,Mayodan,NC,City,Q1873157,http://www.townofmayodan.com/
apexnc.org,Apex,Apex,NC,City,Q1876560,http://www.apexnc.org/
townofshallotte.org,Shallotte,Shallotte,NC,City,Q1879225,http://www.townofshallotte.org
benavonheightsborough.com,Ben Avon Heights,Ben Avon Heights,PA,City,Q816428,http://www.benavonheightsborough.com/
bridgevilleboro.com,Bridgeville,Bridgeville,PA,City,Q913924,http://www.bridgevilleboro.com/
newmorganboro.org,New Morgan,New Morgan,PA,City,Q919368,https://www.newmorganboro.org/
promptonpa.com,Prompton,Prompton,PA,City,Q921756,http://www.promptonpa.com
avondaleboro.net,Avondale,Avondale,PA,City,Q923547,http://avondaleboro.net
sayrepa.org,Sayre,Sayre,PA,City,Q942389,http://sayrepa.org
plumboro.com,Plum,Plum,PA,City,Q943998,http://www.plumboro.com/
morrisville-boro-gov.com,Morrisville,Morrisville,PA,City,Q946911,http://morrisville-boro-gov.com
dunmoreborough.org,Dunmore,Dunmore,PA,City,Q954774,http://www.dunmoreborough.org
jamestown-pa.com,Jamestown,Jamestown,PA,City,Q957422,http://www.jamestown-pa.com
etnaborough.org,Etna,Etna,PA,City,Q957962,http://www.etnaborough.org
camphillborough.com,Camp Hill,Camp Hill,PA,City,Q961372,https://www.camphillborough.com/
matamorasborough.com,Matamoras,Matamoras,PA,City,Q966195,http://www.matamorasborough.com
cityoflatrobe.com,Latrobe,Latrobe,PA,City,Q969307,http://www.cityoflatrobe.com
middletownborough.com,Middletown,Middletown,PA,City,Q994894,http://www.middletownborough.com
burnhamborough.net,Burnham,Burnham,PA,City,Q1016786,https://burnhamborough.net
nazarethboroughpa.com,Nazareth,Nazareth,PA,City,Q1022937,http://www.nazarethboroughpa.com/
blawnox.com,Blawnox,Blawnox,PA,City,Q1117687,http://www.blawnox.com/
coraopolispa.com,Coraopolis,Coraopolis,PA,City,Q1130247,http://www.coraopolispa.com
eastpittsburghboro.com,East Pittsburgh,East Pittsburgh,PA,City,Q1130285,http://eastpittsburghboro.com
aspinwallpa.com,Aspinwall,Aspinwall,PA,City,Q1130345,http://www.aspinwallpa.com/
crafton.org,Crafton,Crafton,PA,City,Q1130411,http://www.crafton.org
churchillborough.com,Churchill,Churchill,PA,City,Q1130423,http://churchillborough.com
foresthillspa.org,Forest Hills,Forest Hills,PA,City,Q1130460,http://foresthillspa.org
derryborough.org,Derry,Derry,PA,City,Q1130490,http://www.derryborough.org
ambridgeboro.org,Ambridge,Ambridge,PA,City,Q1130536,http://www.ambridgeboro.org/
fox-chapel.pa.us,Fox Chapel,Fox Chapel,PA,City,Q1130573,http://www.fox-chapel.pa.us
bellwoodantis.net,Bellwood,Bellwood,PA,City,Q1130588,http://www.bellwoodantis.net/
cressonborough.com,Cresson,Cresson,PA,City,Q1130655,https://www.cressonborough.com/
dravosburg.org,Dravosburg,Dravosburg,PA,City,Q1130781,http://www.dravosburg.org
psabcontent1.com,Edgeworth,Edgeworth,PA,City,Q1130822,http://psabcontent1.com/edgeworth
dallastown.net,Dallastown,Dallastown,PA,City,Q1130850,http://www.dallastown.net/Dallastown
visitgaleton.com,Galeton,Galeton,PA,City,Q1130884,http://www.visitgaleton.com
bellevuepa.org,Bellevue,Bellevue,PA,City,Q1130899,http://www.bellevuepa.org
freelandborough.com,Freeland,Freeland,PA,City,Q1130934,http://www.freelandborough.com/Pages/Home.aspx
dublinborough.org,Dublin,Dublin,PA,City,Q1130963,http://www.dublinborough.org
duncannonboro.org,Duncannon,Duncannon,PA,City,Q1130985,http://www.duncannonboro.org
delmontborough.com,Delmont,Delmont,PA,City,Q1130992,http://www.delmontborough.com
clymerpa.com,Clymer,Clymer,PA,City,Q1131031,http://www.clymerpa.com/
evboro.com,East Vandergrift,East Vandergrift,PA,City,Q1131078,http://www.evboro.com/
exportpennsylvania.com,Export,Export,PA,City,Q1131090,https://exportpennsylvania.com/
aronaboroughpa.com,Arona,Arona,PA,City,Q1131132,http://aronaboroughpa.com
dupontpa.us,Dupont,Dupont,PA,City,Q1131145,https://dupontpa.us/
duryeaborough.com,Duryea,Duryea,PA,City,Q1131231,http://www.duryeaborough.com/
albionborough.org,Albion,Albion,PA,City,Q1131364,http://albionborough.org/
frackvillepa.org,Frackville,Frackville,PA,City,Q1131378,http://www.frackvillepa.org
aldan-boro.org,Aldan,Aldan,PA,City,Q1131419,https://www.aldan-boro.org
eastlansdowne.org,East Lansdowne,East Lansdowne,PA,City,Q1131428,http://eastlansdowne.org
boroughofbridgeport.com,Bridgeport,Bridgeport,PA,City,Q1131524,http://www.boroughofbridgeport.com/
clarksgreen.org,Clarks Green,Clarks Green,PA,City,Q1131584,http://www.clarksgreen.org
finleyvilleboro.com,Finleyville,Finleyville,PA,City,Q1131608,http://www.finleyvilleboro.com
bentleyville.org,Bentleyville,Bentleyville,PA,City,Q1131739,http://www.bentleyville.org
eastwash.com,East Washington,East Washington,PA,City,Q1131763,http://www.eastwash.com
brynathynboro.org,Bryn Athyn,Bryn Athyn,PA,City,Q1131796,http://www.brynathynboro.org
blakelyborough.com,Blakely,Blakely,PA,City,Q1131808,http://blakelyborough.com
cornwall-pa.com,Cornwall,Cornwall,PA,City,Q1131819,http://www.cornwall-pa.com
shepstone.net,Bethany,Bethany,PA,City,Q1131828,http://www.shepstone.net/Bethany.html
fortyfort.org,Forty Fort,Forty Fort,PA,City,Q1131872,http://www.fortyfort.org
flemingtonboroughpa.org,Flemington,Flemington,PA,City,Q1131875,https://flemingtonboroughpa.org/
clarkssummitboro.org,Clarks Summit,Clarks Summit,PA,City,Q1131888,http://www.clarkssummitboro.org
cliftonheightsboro.com,Clifton Heights,Clifton Heights,PA,City,Q1131896,https://cliftonheightsboro.com
dicksoncityborough.org,Dickson City,Dickson City,PA,City,Q1131902,http://dicksoncityborough.org
ellportboro.com,Ellport,Ellport,PA,City,Q1131957,http://ellportboro.com
carnegieborough.com,Carnegie,Carnegie,PA,City,Q1131994,http://www.carnegieborough.com
edinboro.net,Edinboro,Edinboro,PA,City,Q1132020,http://www.edinboro.net
collingdaleborough.com,Collingdale,Collingdale,PA,City,Q1132028,http://www.collingdaleborough.com
bathborough.org,Bath,Bath,PA,City,Q1132060,http://bathborough.org/
colwynborough.com,Colwyn,Colwyn,PA,City,Q1132078,http://colwynborough.com
eddystoneboro.org,Eddystone,Eddystone,PA,City,Q1132373,http://eddystoneboro.org
townofspindalenc.com,Spindale,Spindale,NC,City,Q2023604,http://www.townofspindalenc.com/
townoflandis.com,Landis,Landis,NC,City,Q2023656,http://www.townoflandis.com/
townofblowingrock.com,Blowing Rock,Blowing Rock,NC,City,Q2023662,http://townofblowingrock.com/
townofhollyridge.com,Holly Ridge,Holly Ridge,NC,City,Q2023761,http://www.townofhollyridge.com/
hbtownhall.com,Holden Beach,Holden Beach,NC,City,Q2023774,http://www.hbtownhall.com/
laurelpark.org,Laurel Park,Laurel Park,NC,City,Q2023781,http://www.laurelpark.org/
townofpeachland.org,Peachland,Peachland,NC,City,Q2023821,http://www.townofpeachland.org/
ci.spencer.nc.us,Spencer,Spencer,NC,City,Q2023902,http://www.ci.spencer.nc.us/
townofmarshill.org,Mars Hill,Mars Hill,NC,City,Q2024024,http://www.townofmarshill.org
mtgileadnc.com,Mount Gilead,Mount Gilead,NC,City,Q2024040,http://www.mtgileadnc.com/
rutherfordcollegenc.us,Rutherford College,Rutherford College,NC,City,Q2024050,http://www.rutherfordcollegenc.us/
ils.unc.edu,Pinebluff,Pinebluff,NC,City,Q2024080,http://ils.unc.edu/~bergr/pinebluff/index.htm/
boltontown.us,Bolton,Bolton,NC,City,Q2024112,http://www.boltontown.us/
silercity.org,Siler City,Siler City,NC,City,Q2024154,http://www.silercity.org/
townofsevendevils.org,Seven Devils,Seven Devils,NC,City,Q2024181,http://www.townofsevendevils.org/
oldfort.org,Old Fort,Old Fort,NC,City,Q2024235,http://www.oldfort.org/
pikevillenc.com,Pikeville,Pikeville,NC,City,Q2024271,http://www.pikevillenc.com/
townofrobersonville-nc.gov,Robersonville,Robersonville,NC,City,Q2024296,http://www.townofrobersonville-nc.gov/
elmcitync.com,Elm City,Elm City,NC,City,Q2024336,https://elmcitync.com/
oakridgenc.com,Oak Ridge,Oak Ridge,NC,City,Q2024352,http://www.oakridgenc.com/
townoffranklinvillenc.org,Franklinville,Franklinville,NC,City,Q2024368,http://www.townoffranklinvillenc.org/
oibgov.com,Ocean Isle Beach,Ocean Isle Beach,NC,City,Q2024499,http://www.oibgov.com/
hotspringsnc.org,Hot Springs,Hot Springs,NC,City,Q2024533,http://www.hotspringsnc.org
townofbelville.com,Belville,Belville,NC,City,Q2024544,http://www.townofbelville.com/
grimesland.org,Grimesland,Grimesland,NC,City,Q2024580,http://grimesland.org
belhavennc.us,Belhaven,Belhaven,NC,City,Q2024646,http://www.belhavennc.us/
townofcandornc.com,Candor,Candor,NC,City,Q2024787,http://www.townofcandornc.com/
bridgetonnc.net,Bridgeton,Bridgeton,NC,City,Q2024803,http://www.bridgetonnc.net/
townofcatawbanc.org,Catawba,Catawba,NC,City,Q2024825,http://www.townofcatawbanc.org/
sedalianc.org,Sedalia,Sedalia,NC,City,Q2024847,http://sedalianc.org
fairbluff.com,Fair Bluff,Fair Bluff,NC,City,Q2024862,http://www.fairbluff.com/
connellysprings.com,Connelly Springs,Connelly Springs,NC,City,Q2024946,http://connellysprings.com/
ci.hudson.nc.us,Hudson,Hudson,NC,City,Q2024960,http://www.ci.hudson.nc.us/
granitefallsnc.com,Granite Falls,Granite Falls,NC,City,Q2024995,https://www.granitefallsnc.com
townoflakesanteetlah.org,Lake Santeetlah,Lake Santeetlah,NC,City,Q2025053,http://townoflakesanteetlah.org/index.htm
highlandsnc.org,Highlands,Highlands,NC,City,Q2025093,http://www.highlandsnc.org/
townoforiental.com,Oriental,Oriental,NC,City,Q2025148,http://www.townoforiental.com/
townofwrightsvillebeach.com,Wrightsville Beach,Wrightsville Beach,NC,City,Q2025155,http://www.townofwrightsvillebeach.com/
wilsonsmillsnc.org,Wilson's Mills,Wilson's Mills,NC,City,Q2025176,https://www.wilsonsmillsnc.org
townofpeletiernc.com,Peletier,Peletier,NC,City,Q2025287,http://www.townofpeletiernc.com/
taylortown.org,Taylortown,Taylortown,NC,City,Q2025307,http://www.taylortown.org/
lovevalley.com,Love Valley,Love Valley,NC,City,Q2025322,http://www.lovevalley.com/
goldstonnc.com,Goldston,Goldston,NC,City,Q2025373,http://www.goldstonnc.com/
wintervillenc.com,Winterville,Winterville,NC,City,Q2025474,http://www.wintervillenc.com/
townofhobgood.com,Hobgood,Hobgood,NC,City,Q2025487,http://www.townofhobgood.com/
townofweddington.com,Weddington,Weddington,NC,City,Q2025513,http://www.townofweddington.com/
north-topsail-beach.org,North Topsail Beach,North Topsail Beach,NC,City,Q2025527,http://www.north-topsail-beach.org/
oakislandnc.com,Oak Island,Oak Island,NC,City,Q2025710,http://www.oakislandnc.com/
pinetopsnc.com,Pinetops,Pinetops,NC,City,Q2025745,http://www.pinetopsnc.com/
gorichfield.com,Richfield,Richfield,NC,City,Q2025751,http://www.gorichfield.com
dillsboronc.info,Dillsboro,Dillsboro,NC,City,Q2025785,http://www.dillsboronc.info/
sevenspringsnc.org,Seven Springs,Seven Springs,NC,City,Q2025846,http://sevenspringsnc.org/
townofscotlandneck.com,Scotland Neck,Scotland Neck,NC,City,Q2025868,https://www.townofscotlandneck.com/
townofmountolivenc.org,Mount Olive,Mount Olive,NC,City,Q2025945,https://www.townofmountolivenc.org/
blossburg.org,Blossburg,Blossburg,PA,City,Q1132495,http://www.blossburg.org/
doverboroughpa.com,Dover,Dover,PA,City,Q1132509,http://www.doverboroughpa.com/
bristolborough.com,Bristol,Bristol,PA,City,Q1132588,http://www.bristolborough.com
franklinparkborough.us,Franklin Park,Franklin Park,PA,City,Q1132670,http://www.franklinparkborough.us/
brentwoodborough.com,Brentwood,Brentwood,PA,City,Q1132750,http://www.brentwoodborough.com/
bradfordwoodspa.org,Bradford Woods,Bradford Woods,PA,City,Q1132773,http://www.bradfordwoodspa.org
baldwinborough.org,Baldwin,Baldwin,PA,City,Q1132790,http://www.baldwinborough.org/
cheswick.us,Cheswick,Cheswick,PA,City,Q1132797,http://www.cheswick.us/
bethelpark.net,Bethel Park,Bethel Park,PA,City,Q1132876,https://bethelpark.net/
brownsvilleboro.com,Brownsville,Brownsville,PA,City,Q1132976,http://www.brownsvilleboro.com/
boroughofavalon.org,Avalon,Avalon,PA,City,Q1132997,http://www.boroughofavalon.org/
eastmckeesportboro.com,East McKeesport,East McKeesport,PA,City,Q1133015,http://eastmckeesportboro.com
svcog.org,Braddock Hills,Braddock Hills,PA,City,Q1133021,http://www.svcog.org/bradh.html
boro.dormont.pa.us,Dormont,Dormont,PA,City,Q1133036,http://www.boro.dormont.pa.us/
coopersburgborough.org,Coopersburg,Coopersburg,PA,City,Q1133102,http://www.coopersburgborough.org
catawissa.us,Catawissa,Catawissa,PA,City,Q1133135,http://www.catawissa.us
daltonboro.com,Dalton,Dalton,PA,City,Q1133177,http://www.daltonboro.com/
dallasborough.org,Dallas,Dallas,PA,City,Q1133183,http://www.dallasborough.org/
ecboro.com,Ellwood City,Ellwood City,PA,City,Q1133201,http://www.ecboro.com
atglen.org,Atglen,Atglen,PA,City,Q1133206,http://www.atglen.org
conynghamborough.org,Conyngham,Conyngham,PA,City,Q1133252,http://www.conynghamborough.org
borough.castle-shannon.pa.us,Castle Shannon,Castle Shannon,PA,City,Q1133591,http://borough.castle-shannon.pa.us/
edwardsvilleborough.com,Edwardsville,Edwardsville,PA,City,Q1133659,http://www.edwardsvilleborough.com/index.php
boroughofcorsica.com,Corsica,Corsica,PA,City,Q1133785,http://www.boroughofcorsica.com
akron-pa.com,Akron,Akron,PA,City,Q1133805,http://www.akron-pa.com
columbiapa.net,Columbia,Columbia,PA,City,Q1133892,http://www.columbiapa.net
alburtis.org,Alburtis,Alburtis,PA,City,Q1133934,http://www.alburtis.org
eastpetersburgborough.org,East Petersburg,East Petersburg,PA,City,Q1133960,http://www.eastpetersburgborough.org
etownonline.com,Elizabethtown,Elizabethtown,PA,City,Q1133974,http://etownonline.com
deltaborough.org,Delta,Delta,PA,City,Q1133982,http://www.deltaborough.org/
darbyborough.com,Darby,Darby,PA,City,Q1133990,http://www.darbyborough.com
conwaypa.org,Conway,Conway,PA,City,Q1134056,http://www.conwaypa.org/
franklintownborough.com,Franklintown,Franklintown,PA,City,Q1134061,http://www.franklintownborough.com/
cleonaborough.org,Cleona,Cleona,PA,City,Q1134068,http://www.cleonaborough.org/
ephrataboro.org,Ephrata,Ephrata,PA,City,Q1134073,http://www.ephrataboro.org/
californiapa15419.com,California,California,PA,City,Q1134176,http://www.californiapa15419.com
eastbangorborough.org,East Bangor,East Bangor,PA,City,Q1134221,https://eastbangorborough.org/
denverboro.net,Denver,Denver,PA,City,Q1134230,http://www.denverboro.net
elversonboro.org,Elverson,Elverson,PA,City,Q1134239,http://www.elversonboro.org
bessemerpa.com,Bessemer,Bessemer,PA,City,Q1134391,http://bessemerpa.com
emsworthborough.com,Emsworth,Emsworth,PA,City,Q1134530,http://www.emsworthborough.com
westviewborough.org,West View,West View,PA,City,Q1183962,http://www.westviewborough.org/
silverdalepa.org,Silverdale,Silverdale,PA,City,Q1184032,http://www.silverdalepa.org/
richlandtownborough.org,Richlandtown,Richlandtown,PA,City,Q1184036,http://www.richlandtownborough.org/
langhornemanor.org,Langhorne Manor,Langhorne Manor,PA,City,Q1184046,http://www.langhornemanor.org
monroeville.pa.us,Monroeville,Monroeville,PA,City,Q1184052,http://www.monroeville.pa.us/
throopboro.com,Throop,Throop,PA,City,Q1184058,https://throopboro.com
rockledgeborough.org,Rockledge,Rockledge,PA,City,Q1184059,http://www.rockledgeborough.org/
millersvilleborough.org,Millersville,Millersville,PA,City,Q1184066,http://www.millersvilleborough.org
trumbauersville.org,Trumbauersville,Trumbauersville,PA,City,Q1184081,http://www.trumbauersville.org
oakmont-pa.com,Oakmont,Oakmont,PA,City,Q1184086,http://www.oakmont-pa.com/
uplandboro.org,Upland,Upland,PA,City,Q1184093,https://www.uplandboro.org/
penndelboro.com,Penndel,Penndel,PA,City,Q1184134,http://www.penndelboro.com
northeastborough.com,North East,North East,PA,City,Q1184166,http://www.northeastborough.com/
philipsburgborough.com,Philipsburg,Philipsburg,PA,City,Q1184568,http://www.philipsburgborough.com/
ridleyparkborough.org,Ridley Park,Ridley Park,PA,City,Q1184651,http://www.ridleyparkborough.org
williamstownba.org,Williamstown,Williamstown,PA,City,Q1184928,http://williamstownba.org
mcveytownboro.com,McVeytown,McVeytown,PA,City,Q1184961,http://www.mcveytownboro.com
mifflinburgborough.org,Mifflinburg,Mifflinburg,PA,City,Q1185029,http://www.mifflinburgborough.org/
hughesvillepa.org,Hughesville,Hughesville,PA,City,Q1185039,http://www.hughesvillepa.org
kingstonpa.org,Kingston,Kingston,PA,City,Q1185052,http://kingstonpa.org/
mtwolfborough.com,Mount Wolf,Mount Wolf,PA,City,Q1185143,http://www.mtwolfborough.com
mahanoycity.org,Mahanoy City,Mahanoy City,PA,City,Q1185155,http://www.mahanoycity.org/
waterfordboro.net,Waterford,Waterford,PA,City,Q1185229,http://waterfordboro.net
shenandoahpa.org,Shenandoah,Shenandoah,PA,City,Q1185270,http://shenandoahpa.org/
mapleton-pa.com,Mapleton,Mapleton,PA,City,Q1185596,http://www.mapleton-pa.com/index.htm
townofmarshall.org,Marshall,Marshall,NC,City,Q2025958,https://townofmarshall.org/
rutherfordton.net,Rutherfordton,Rutherfordton,NC,City,Q2026051,http://www.rutherfordton.net/
columbusnc.com,Columbus,Columbus,NC,City,Q2026104,http://www.columbusnc.com/
dobson-nc.com,Dobson,Dobson,NC,City,Q2026174,http://www.dobson-nc.com/
redsprings.org,Red Springs,Red Springs,NC,City,Q2026256,http://www.redsprings.org/
badin.org,Badin,Badin,NC,City,Q2026281,http://www.badin.org/
marshville.org,Marshville,Marshville,NC,City,Q2026328,https://www.marshville.org/
ruralhall.govoffice.com,Rural Hall,Rural Hall,NC,City,Q2026409,http://ruralhall.govoffice.com/
selma-nc.com,Selma,Selma,NC,City,Q2026441,http://www.selma-nc.com/
mesictownof.com,Mesic,Mesic,NC,City,Q2026464,http://mesictownof.com/
cedarpointnc.org,Cedar Point,Cedar Point,NC,City,Q2026554,http://www.cedarpointnc.org/
jamestown-nc.us,Jamestown,Jamestown,NC,City,Q2026580,http://jamestown-nc.us
whitelakenc.org,White Lake,White Lake,NC,City,Q2026608,http://www.whitelakenc.org/
townofmurfreesboro.com,Murfreesboro,Murfreesboro,NC,City,Q2026638,http://www.townofmurfreesboro.com/
townofwarsawnc.com,Warsaw,Warsaw,NC,City,Q2026708,http://www.townofwarsawnc.com/
townofcalabash.net,Calabash,Calabash,NC,City,Q2026755,http://townofcalabash.net/
hildebrannc.com,Hildebran,Hildebran,NC,City,Q2026767,http://hildebrannc.com/
sharpsburgnc.com,Sharpsburg,Sharpsburg,NC,City,Q2026787,http://www.sharpsburgnc.com/
ci.longview.nc.us,Long View,Long View,NC,City,Q2026812,http://www.ci.longview.nc.us/
townofbiscoe.com,Biscoe,Biscoe,NC,City,Q2026873,http://www.townofbiscoe.com/
townofbeechmountain.com,Beech Mountain,Beech Mountain,NC,City,Q2026889,http://www.townofbeechmountain.com/
ci.davidson.nc.us,Davidson,Davidson,NC,City,Q2026925,http://www.ci.davidson.nc.us
townofmadison.org,Madison,Madison,NC,City,Q2026940,http://www.townofmadison.org/
main.nc.us,Rhodhiss,Rhodhiss,NC,City,Q2027047,http://www.main.nc.us/townofrhodhiss
townofwilliamston.com,Williamston,Williamston,NC,City,Q2027072,http://www.townofwilliamston.com/
windsornc.com,Windsor,Windsor,NC,City,Q2027103,https://windsornc.com/
townofforestcity.com,Forest City,Forest City,NC,City,Q2027204,http://www.townofforestcity.com/
cooleemee.org,Cooleemee,Cooleemee,NC,City,Q2027212,http://www.cooleemee.org/
townofstjamesnc.org,St. James,St. James,NC,City,Q2027223,http://www.townofstjamesnc.org/
norlina.com,Norlina,Norlina,NC,City,Q2027336,http://www.norlina.com/
co.jones.nc.us,Pollocksville,Pollocksville,NC,City,Q2027412,http://www.co.jones.nc.us/PollockA.htm
polkton.org,Polkton,Polkton,NC,City,Q2027424,http://www.polkton.org/
caswellbeach.org,Caswell Beach,Caswell Beach,NC,City,Q2027437,http://www.caswellbeach.org/
pleasantgarden.net,Pleasant Garden,Pleasant Garden,NC,City,Q2027449,http://www.pleasantgarden.net/
townofkurebeach.org,Kure Beach,Kure Beach,NC,City,Q2027465,http://www.townofkurebeach.org/
townofcarolinashores.com,Carolina Shores,Carolina Shores,NC,City,Q2027559,http://www.townofcarolinashores.com/
lakewaccamaw.com,Lake Waccamaw,Lake Waccamaw,NC,City,Q2027701,http://www.lakewaccamaw.com/
townofbeulaville.com,Beulaville,Beulaville,NC,City,Q2027726,http://www.townofbeulaville.com/
cajahsmtn.com,Cajah's Mountain,Cajah's Mountain,NC,City,Q2027796,http://www.cajahsmtn.com/
cornelius.org,Cornelius,Cornelius,NC,City,Q2028004,http://www.cornelius.org
townofhopemills.com,Hope Mills,Hope Mills,NC,City,Q2028013,http://www.townofhopemills.com/
harrisburgnc.org,Harrisburg,Harrisburg,NC,City,Q2028024,http://www.harrisburgnc.org/
ranlo.org,Ranlo,Ranlo,NC,City,Q2028060,http://www.ranlo.org
townofnagshead.net,Nags Head,Nags Head,NC,City,Q2028067,http://www.townofnagshead.net/
indiantrail.org,Indian Trail,Indian Trail,NC,City,Q2028087,http://www.indiantrail.org
southernpines.net,Southern Pines,Southern Pines,NC,City,Q2028106,http://www.southernpines.net/
bethelnc.org,Bethel,Bethel,NC,City,Q2028126,http://www.bethelnc.org/
toknc.com,Kernersville,Kernersville,NC,City,Q2028144,http://toknc.com/
ci.morrisville.nc.us,Morrisville,Morrisville,NC,City,Q2028159,http://www.ci.morrisville.nc.us/
matthewsnc.com,Matthews,Matthews,NC,City,Q2028173,http://www.matthewsnc.com
huntersville.org,Huntersville,Huntersville,NC,City,Q2028183,https://www.huntersville.org/
townofedenton.com,Edenton,Edenton,NC,City,Q2028258,http://www.townofedenton.com
town-of-hamilton.com,Hamilton,Hamilton,NC,City,Q2028285,http://www.town-of-hamilton.com/
townofwj.com,West Jefferson,West Jefferson,NC,City,Q2028357,http://www.townofwj.com
townofstanley.org,Stanley,Stanley,NC,City,Q2028367,http://www.townofstanley.org/
townofpks.com,Pine Knoll Shores,Pine Knoll Shores,NC,City,Q2028379,http://www.townofpks.com/
historicweldonnc.com,Weldon,Weldon,NC,City,Q2028446,http://www.historicweldonnc.com/
donoraboro.org,Donora,Donora,PA,City,Q1134745,http://www.donoraboro.org/
brookhavenboro.com,Brookhaven,Brookhaven,PA,City,Q1134968,http://www.brookhavenboro.com/
youngsvilleboro.org,Youngsville,Youngsville,PA,City,Q1180403,https://www.youngsvilleboro.org/
swissvaleborough.com,Swissvale,Swissvale,PA,City,Q1180427,http://swissvaleborough.com
portvue.org,Port Vue,Port Vue,PA,City,Q1180447,http://www.portvue.org/mayor.html
manorborough.com,Manor,Manor,PA,City,Q1180514,http://www.manorborough.com/manorportal/
springdaleborough.com,Springdale,Springdale,PA,City,Q1180631,http://www.springdaleborough.com/
sharpsburgborough.com,Sharpsburg,Sharpsburg,PA,City,Q1180770,http://www.sharpsburgborough.com
riversideborough.org,Riverside,Riverside,PA,City,Q1180847,http://www.riversideborough.org/
muncyborough.org,Muncy,Muncy,PA,City,Q1180866,http://www.muncyborough.org
southwilliamsport.net,South Williamsport,South Williamsport,PA,City,Q1180887,http://www.southwilliamsport.net/lyc-swilliamspor/site/default.asp
rosslynfarms.org,Rosslyn Farms,Rosslyn Farms,PA,City,Q1180914,http://www.rosslynfarms.org
leetsdaleboro.net,Leetsdale,Leetsdale,PA,City,Q1180994,http://leetsdaleboro.net/
tyroneboropa.com,Tyrone,Tyrone,PA,City,Q1181009,http://www.tyroneboropa.com/
stclair-gov.org,St. Clair,St. Clair,PA,City,Q1181094,http://www.stclair-gov.org/
shickshinny.org,Shickshinny,Shickshinny,PA,City,Q1181100,http://www.shickshinny.org/
waynesboropa.org,Waynesboro,Waynesboro,PA,City,Q1181108,http://www.waynesboropa.org/
mtunionpa.org,Mount Union,Mount Union,PA,City,Q1181121,https://www.mtunionpa.org/
larksvilleborough.org,Larksville,Larksville,PA,City,Q1181138,http://larksvilleborough.org
webpages.charter.net,Westmont,Westmont,PA,City,Q1181191,http://webpages.charter.net/westmont/
montaltoborough.com,Mont Alto,Mont Alto,PA,City,Q1181216,http://www.montaltoborough.com/web/
westleechburg.us,West Leechburg,West Leechburg,PA,City,Q1181225,http://www.westleechburg.us
thompsontown.com,Thompsontown,Thompsontown,PA,City,Q1181234,http://www.thompsontown.com
rimersburgborough.com,Rimersburg,Rimersburg,PA,City,Q1181277,http://www.rimersburgborough.com/
saxonburgpa.com,Saxonburg,Saxonburg,PA,City,Q1181312,http://www.saxonburgpa.com
millvalepa.com,Millvale,Millvale,PA,City,Q1185796,http://www.millvalepa.com/
mckeesrocks.com,McKees Rocks,McKees Rocks,PA,City,Q1185802,http://www.mckeesrocks.com/
haysvilleborough.org,Haysville,Haysville,PA,City,Q1185831,http://haysvilleborough.org
montoursvilleborough.org,Montoursville,Montoursville,PA,City,Q1185852,http://www.montoursvilleborough.org/lyc-montoursvill/site/default.asp
pennsburg.us,Pennsburg,Pennsburg,PA,City,Q1185858,http://www.pennsburg.us
westhomesteadpa.com,West Homestead,West Homestead,PA,City,Q1185864,http://westhomesteadpa.com
palmyraborough.org,Palmyra,Palmyra,PA,City,Q1185870,http://www.palmyraborough.org
pottstown.org,Pottstown,Pottstown,PA,City,Q1185890,http://www.pottstown.org/
penargylborough.com,Pen Argyl,Pen Argyl,PA,City,Q1185918,https://www.penargylborough.com/
parksideborough.com,Parkside,Parkside,PA,City,Q1186001,http://www.parksideborough.com
langhorneborough.com,Langhorne,Langhorne,PA,City,Q1186203,https://langhorneborough.com/
mtpleasantboro.com,Mount Pleasant,Mount Pleasant,PA,City,Q1186417,http://www.mtpleasantboro.com
watsontownpa.com,Watsontown,Watsontown,PA,City,Q1186489,http://www.watsontownpa.com/
mercersburg.org,Mercersburg,Mercersburg,PA,City,Q1186505,http://www.mercersburg.org/borough/
moscowboro.com,Moscow,Moscow,PA,City,Q1186607,http://www.moscowboro.com
wyomissingboro.org,Wyomissing,Wyomissing,PA,City,Q1186666,https://www.wyomissingboro.org/
monacapa.net,Monaca,Monaca,PA,City,Q1186675,http://www.monacapa.net/
lincolnborough.com,Lincoln,Lincoln,PA,City,Q1186704,http://www.lincolnborough.com
mariettapa.com,Marietta,Marietta,PA,City,Q1186711,http://www.mariettapa.com/
wrightsvilleborough.com,Wrightsville,Wrightsville,PA,City,Q1186763,http://www.wrightsvilleborough.com
quarryvilleborough.com,Quarryville,Quarryville,PA,City,Q1186825,https://quarryvilleborough.com/
manheimboro.org,Manheim,Manheim,PA,City,Q1186830,http://www.manheimboro.org/manheimborough/site/default.asp
millerstownpa.com,Millerstown,Millerstown,PA,City,Q1186926,http://www.millerstownpa.com/
statecollegepa.us,State College,State College,PA,City,Q1187041,https://www.statecollegepa.us/
newhollandborough.org,New Holland,New Holland,PA,City,Q1187057,https://newhollandborough.org/
traffordpa.com,Trafford,Trafford,PA,City,Q1187103,http://traffordpa.com
honeybrookborough.net,Honey Brook,Honey Brook,PA,City,Q1187153,http://www.honeybrookborough.net
sewickleyborough.org,Sewickley,Sewickley,PA,City,Q1187224,http://www.sewickleyborough.org
lyonsborough.com,Lyons,Lyons,PA,City,Q1187236,http://www.lyonsborough.com
pennlake.org,Penn Lake Park,Penn Lake Park,PA,City,Q1187286,http://www.pennlake.org
sandylakeborough.com,Sandy Lake,Sandy Lake,PA,City,Q1187297,http://sandylakeborough.com
quakertownboro.com,Quakertown,Quakertown,PA,City,Q1187391,http://www.quakertownboro.com
telfordborough.org,Telford,Telford,PA,City,Q1187509,http://www.telfordborough.org/
tarentumboro.com,Tarentum,Tarentum,PA,City,Q1187823,http://www.tarentumboro.com
nrhtx.com,North Richland Hills,North Richland Hills,TX,City,Q26489,http://www.nrhtx.com/
haltomcitytx.com,Haltom City,Haltom City,TX,City,Q26500,http://www.haltomcitytx.com/
towercitynd.com,Tower City,Tower City,ND,City,Q48791,https://www.towercitynd.com
kerrville.org,Kerrville,Kerrville,TX,City,Q525007,http://www.kerrville.org/
dickinsonnd.com,Dickinson,Dickinson,ND,City,Q853559,http://www.dickinsonnd.com
wrtc.com,Zap,Zap,ND,City,Q927478,http://www.wrtc.com/zapnd/
anamoose.com,Anamoose,Anamoose,ND,City,Q957246,http://www.anamoose.com/
ellendalend.com,Ellendale,Ellendale,ND,City,Q959555,http://www.ellendalend.com
regannd.com,Regan,Regan,ND,City,Q969888,http://regannd.com/
cityofsouthlake.com,Southlake,Southlake,TX,City,Q973729,https://www.cityofsouthlake.com/
carringtonnd.com,Carrington,Carrington,ND,City,Q996351,https://www.carringtonnd.com
cityofcharlevoix.org,Charlevoix,Charlevoix,MI,City,Q1066741,http://www.cityofcharlevoix.org/
cityoflakecity.com,Lake City,Lake City,MI,City,Q2061014,http://cityoflakecity.com
cityofemerado.com,Emerado,Emerado,ND,City,Q2071837,http://www.cityofemerado.com/
cityofriverview.com,Riverview,Riverview,MI,City,Q2233322,http://www.cityofriverview.com/
city-manchester.org,Manchester,Manchester,MI,City,Q2326485,https://city-manchester.org
cityofmi.org,Mackinac Island,Mackinac Island,MI,City,Q2355628,http://www.cityofmi.org/
pickcitynd.com,Pick City,Pick City,ND,City,Q2444396,http://www.pickcitynd.com/
stoneboropa.com,Stoneboro,Stoneboro,PA,City,Q1181360,http://www.stoneboropa.com
minersvilleonline.com,Minersville,Minersville,PA,City,Q1181390,http://minersvilleonline.com/
springcityboro.org,Spring City,Spring City,PA,City,Q1181397,http://www.springcityboro.org/
visitsaltsburg.com,Saltsburg,Saltsburg,PA,City,Q1181417,http://www.visitsaltsburg.com
laceyville.com,Laceyville,Laceyville,PA,City,Q1181426,http://www.laceyville.com
scottdale.com,Scottdale,Scottdale,PA,City,Q1181497,http://www.scottdale.com
westhazletonboro.org,West Hazleton,West Hazleton,PA,City,Q1181517,http://www.westhazletonboro.org/Pages/Home.aspx
mansfield.org,Mansfield,Mansfield,PA,City,Q1181562,http://www.mansfield.org/
mortonpa.org,Morton,Morton,PA,City,Q1181584,http://mortonpa.org
paloaltopa.com,Palo Alto,Palo Alto,PA,City,Q1181611,http://www.paloaltopa.com/
wilsonborough.org,Wilson,Wilson,PA,City,Q1181615,http://www.wilsonborough.org/
nesquehoning.org,Nesquehoning,Nesquehoning,PA,City,Q1181621,http://www.nesquehoning.org/
lansdowneborough.com,Lansdowne,Lansdowne,PA,City,Q1181695,https://www.lansdowneborough.com
rutledgepa.org,Rutledge,Rutledge,PA,City,Q1181703,http://www.rutledgepa.org
greenvilleborough.com,Greenville,Greenville,PA,City,Q1181726,https://greenvilleborough.com/
olyphantborough.com,Olyphant,Olyphant,PA,City,Q1181743,http://olyphantborough.com
homercity.com,Homer City,Homer City,PA,City,Q1181754,http://www.homercity.com
phoenixville.org,Phoenixville,Phoenixville,PA,City,Q1181862,https://www.phoenixville.org/
rosevalleyborough.org,Rose Valley,Rose Valley,PA,City,Q1181867,https://www.rosevalleyborough.org
sharonhillboro.com,Sharon Hill,Sharon Hill,PA,City,Q1181902,http://www.sharonhillboro.com
taylorborough.com,Taylor,Taylor,PA,City,Q1181934,http://taylorborough.com
pitcairnborough.us,Pitcairn,Pitcairn,PA,City,Q1181940,http://pitcairnborough.us
northumberlandborough.com,Northumberland,Northumberland,PA,City,Q1181968,http://www.northumberlandborough.com/
northbraddockborough.com,North Braddock,North Braddock,PA,City,Q1181997,http://www.northbraddockborough.com/
moosicborough.com,Moosic,Moosic,PA,City,Q1182003,http://moosicborough.com
swarthmorepa.org,Swarthmore,Swarthmore,PA,City,Q1182014,http://www.swarthmorepa.org
macungie.pa.us,Macungie,Macungie,PA,City,Q1182052,http://www.macungie.pa.us/
hawleyborough.org,Hawley,Hawley,PA,City,Q1182057,http://www.hawleyborough.org/
newhopeborough.org,New Hope,New Hope,PA,City,Q1182069,https://www.newhopeborough.org/
lansdale.org,Lansdale,Lansdale,PA,City,Q1182077,http://www.lansdale.org/
verona-pa.com,Verona,Verona,PA,City,Q1182094,http://www.verona-pa.com
wilmerdingboro.com,Wilmerding,Wilmerding,PA,City,Q1182116,http://www.wilmerdingboro.com
thornburg-pa.gov,Thornburg,Thornburg,PA,City,Q1182130,http://www.thornburg-pa.gov/
mcdonaldboro.com,McDonald,McDonald,PA,City,Q1182142,http://www.mcdonaldboro.com
borough.hanover.pa.us,Hanover,Hanover,PA,City,Q1182166,http://www.borough.hanover.pa.us/
unionvilleborough.com,Unionville,Unionville,PA,City,Q1182210,https://unionvilleborough.com/
portlandpa.com,Portland,Portland,PA,City,Q1182394,http://portlandpa.com
heidelbergpa.tripod.com,Heidelberg,Heidelberg,PA,City,Q1182438,http://heidelbergpa.tripod.com
glenosborneborough.org,Glen Osborne,Glen Osborne,PA,City,Q1182522,http://www.glenosborneborough.org/
sewickleyheightsboro.com,Sewickley Heights,Sewickley Heights,PA,City,Q1182588,http://www.sewickleyheightsboro.com
slatington.org,Slatington,Slatington,PA,City,Q1182600,http://slatington.org/
wallborough.com,Wall,Wall,PA,City,Q1182629,http://www.wallborough.com
westyorkborough.com,West York,West York,PA,City,Q1182769,http://www.westyorkborough.com
windber.com,Windber,Windber,PA,City,Q1182776,http://windber.com/
newberlinpa.us,New Berlin,New Berlin,PA,City,Q1182778,http://www.newberlinpa.us/
stewartstown.org,Stewartstown,Stewartstown,PA,City,Q1182818,http://www.stewartstown.org/
wyalusingborough.com,Wyalusing,Wyalusing,PA,City,Q1182915,http://www.wyalusingborough.com
meyersdale.org,Meyersdale,Meyersdale,PA,City,Q1182921,http://www.meyersdale.org/
selinsgrove.org,Selinsgrove,Selinsgrove,PA,City,Q1183010,http://www.selinsgrove.org/sny-selinsgrove/site/default.asp
shiremanstownboro.org,Shiremanstown,Shiremanstown,PA,City,Q1183015,http://shiremanstownboro.org/
howardborough.com,Howard,Howard,PA,City,Q1183019,https://howardborough.com/
montgomeryborough.org,Montgomery,Montgomery,PA,City,Q1183035,http://www.montgomeryborough.org
co.tyler.tx.us,Tyler County,Tyler County,TX,City,Q26502,https://www.co.tyler.tx.us/
co.robertson.tx.us,Robertson County,Robertson County,TX,City,Q26506,https://www.co.robertson.tx.us/
hidalgocounty.us,Hidalgo County,Hidalgo County,TX,City,Q26519,https://www.hidalgocounty.us/
co.kimble.tx.us,Kimble County,Kimble County,TX,City,Q26526,https://www.co.kimble.tx.us/
co.kleberg.tx.us,Kleberg County,Kleberg County,TX,City,Q26527,https://www.co.kleberg.tx.us/
crawford-county.org,Crawford County,Crawford County,AR,City,Q61005,http://www.crawford-county.org/
fulton.ark.org,Fulton County,Fulton County,AR,City,Q61007,http://fulton.ark.org
jacksoncountyar.com,Jackson County,Jackson County,AR,City,Q61014,https://jacksoncountyar.com
county.arkansas.gov,Greene County,Greene County,AR,City,Q61018,http://county.arkansas.gov/greene/
co.benton.ar.us,Benton County,Benton County,AR,City,Q61020,http://www.co.benton.ar.us
bradleycountyarkansas.com,Bradley County,Bradley County,AR,City,Q61024,http://www.bradleycountyarkansas.com
ashleycounty.arkansas.gov,Ashley County,Ashley County,AR,City,Q61026,http://ashleycounty.arkansas.gov/
deshacounty.arkansas.gov,Desha County,Desha County,AR,City,Q61029,http://deshacounty.arkansas.gov
clevelandcounty.arkansas.gov,Cleveland County,Cleveland County,AR,City,Q61032,http://clevelandcounty.arkansas.gov/
crosscountyar.org,Cross County,Cross County,AR,City,Q61036,https://www.crosscountyar.org/
cleburnecountyar.com,Cleburne County,Cleburne County,AR,City,Q61039,http://www.cleburnecountyar.com/
izardcountyar.org,Izard County,Izard County,AR,City,Q61042,http://www.izardcountyar.org/
johnsoncounty.arkansas.gov,Johnson County,Johnson County,AR,City,Q61048,http://johnsoncounty.arkansas.gov/
garlandcounty.org,Garland County,Garland County,AR,City,Q61077,http://www.garlandcounty.org/
franklincountyar.org,Franklin County,Franklin County,AR,City,Q61084,https://www.franklincountyar.org
baxtercounty.org,Baxter County,Baxter County,AR,City,Q61086,http://www.baxtercounty.org/
unioncountyar.com,Union County,Union County,AR,City,Q61129,http://www.unioncountyar.com
perrycoarkansas.org,Perry County,Perry County,AR,City,Q61131,http://perrycoarkansas.org/
scottcountyar.com,Scott County,Scott County,AR,City,Q61135,https://scottcountyar.com/welcome
stfranciscountyar.org,St. Francis County,St. Francis County,AR,City,Q61145,http://stfranciscountyar.org/
co.washington.ar.us,Washington County,Washington County,AR,City,Q61148,http://www.co.washington.ar.us
poinsettcounty.us,Poinsett County,Poinsett County,AR,City,Q61153,http://www.poinsettcounty.us
mississippicountyar.org,Mississippi County,Mississippi County,AR,City,Q61157,https://www.mississippicountyar.org/
co.pulaski.ar.us,Pulaski County,Pulaski County,AR,City,Q61160,http://www.co.pulaski.ar.us
lafayettecounty.arkansas.gov,Lafayette County,Lafayette County,AR,City,Q61167,http://www.lafayettecounty.arkansas.gov/index.php
whitecounty.arkansas.gov,White County,White County,AR,City,Q61170,http://www.whitecounty.arkansas.gov
marioncounty.arkansas.gov,Marion County,Marion County,AR,City,Q61173,http://marioncounty.arkansas.gov/
sebastiancountyonline.com,Sebastian County,Sebastian County,AR,City,Q61176,https://sebastiancountyonline.com
clarkcountyarkansas.com,Clark County,Clark County,AR,City,Q61200,http://www.clarkcountyarkansas.com
pikecountyar.org,Pike County,Pike County,AR,City,Q61202,https://pikecountyar.org/
portal.arkansas.gov,Woodruff County,Woodruff County,AR,City,Q61204,https://portal.arkansas.gov/counties/woodruff/
co.carroll.ar.us,Carroll County,Carroll County,AR,City,Q61216,http://www.co.carroll.ar.us
lincolncounty.arkansas.gov,Lincoln County,Lincoln County,AR,City,Q61294,http://lincolncounty.arkansas.gov/
grantcountyar.com,Grant County,Grant County,AR,City,Q61296,http://www.grantcountyar.com/
popecountyar.com,Pope County,Pope County,AR,City,Q61315,http://www.popecountyar.com
yellcounty.net,Yell County,Yell County,AR,City,Q61317,http://yellcounty.net
salinecounty.org,Saline County,Saline County,AR,City,Q61327,http://www.salinecounty.org
claycountyarkansas.org,Clay County,Clay County,AR,City,Q61330,https://www.claycountyarkansas.org/
lawrencecountyarkansas.com,Lawrence County,Lawrence County,AR,City,Q61339,http://www.lawrencecountyarkansas.com/
crittendencountyar.org,Crittenden County,Crittenden County,AR,City,Q61346,https://www.crittendencountyar.org/
independencecounty.com,Independence County,Independence County,AR,City,Q61350,https://www.independencecounty.com/
conwaycountyar.com,Conway County,Conway County,AR,City,Q61352,https://conwaycountyar.com/
craigheadcounty.org,Craighead County,Craighead County,AR,City,Q61354,http://craigheadcounty.org
hempsteadcountyar.com,Hempstead County,Hempstead County,AR,City,Q61355,https://hempsteadcountyar.com/
countyofcolumbia.org,Columbia County,Columbia County,AR,City,Q61358,http://www.countyofcolumbia.org/
logancountyark.org,Logan County,Logan County,AR,City,Q61363,https://logancountyark.org
millercountyar.org,Miller County,Miller County,AR,City,Q61381,http://www.millercountyar.org
seviercounty-ar.gov,Sevier County,Sevier County,AR,City,Q61384,http://www.seviercounty-ar.gov
chicotcounty.arkansas.gov,Chicot County,Chicot County,AR,City,Q61458,http://chicotcounty.arkansas.gov/index
local.arkansas.gov,Calhoun County,Calhoun County,AR,City,Q61461,http://local.arkansas.gov/local.php?agency=Calhoun%20County
faulknercounty.org,Faulkner County,Faulkner County,AR,City,Q61468,http://www.faulknercounty.org
phillipscounty.arkansas.gov,Phillips County,Phillips County,AR,City,Q61470,http://phillipscounty.arkansas.gov/
drewcounty.arkansas.gov,Drew County,Drew County,AR,City,Q61478,http://drewcounty.arkansas.gov/
sharpcounty.arkansas.gov,Sharp County,Sharp County,AR,City,Q61481,https://sharpcounty.arkansas.gov/
madisoncogov.com,Madison County,Madison County,AR,City,Q61484,http://madisoncogov.com/
vanburencounty.com,Van Buren County,Van Buren County,AR,City,Q61502,http://www.vanburencounty.com/
montgomerycounty.arkansas.gov,Montgomery County,Montgomery County,AR,City,Q61521,https://montgomerycounty.arkansas.gov/
littlerivercounty.org,Little River County,Little River County,AR,City,Q61526,http://www.littlerivercounty.org
southorange.org,South Orange,South Orange,NJ,City,Q656185,https://www.southorange.org/
ridgefieldpark.org,Ridgefield Park,Ridgefield Park,NJ,City,Q656442,https://www.ridgefieldpark.org/
prospectparkboro.com,Prospect Park,Prospect Park,PA,City,Q1181825,http://prospectparkboro.com
malvern.org,Malvern,Malvern,PA,City,Q1181835,http://www.malvern.org
mayfieldborough.org,Mayfield,Mayfield,PA,City,Q1181844,http://mayfieldborough.org
jermynpa.com,Jermyn,Jermyn,PA,City,Q1181856,http://jermynpa.com
ridgewoodnj.net,Ridgewood,Ridgewood,NJ,City,Q1677925,https://www.ridgewoodnj.net/
locharbournj.us,Loch Arbour,Loch Arbour,NJ,City,Q2747128,https://www.locharbournj.us/
co.brooks.tx.us,Brooks County,Brooks County,TX,City,Q26584,https://www.co.brooks.tx.us/
co.caldwell.tx.us,Caldwell County,Caldwell County,TX,City,Q26591,https://www.co.caldwell.tx.us/
co.edwards.tx.us,Edwards County,Edwards County,TX,City,Q26595,https://www.co.edwards.tx.us/
calhouncotx.org,Calhoun County,Calhoun County,TX,City,Q26605,https://www.calhouncotx.org/
co.gonzales.tx.us,Gonzales County,Gonzales County,TX,City,Q26614,https://www.co.gonzales.tx.us/
uvaldecounty.com,Uvalde County,Uvalde County,TX,City,Q26697,https://www.uvaldecounty.com/
vctx.org,Victoria County,Victoria County,TX,City,Q26699,https://www.vctx.org/
co.waller.tx.us,Waller County,Waller County,TX,City,Q26701,https://www.co.waller.tx.us/
co.refugio.tx.us,Refugio County,Refugio County,TX,City,Q26705,https://www.co.refugio.tx.us/
co.real.tx.us,Real County,Real County,TX,City,Q26710,https://www.co.real.tx.us/
co.dewitt.tx.us,DeWitt County,DeWitt County,TX,City,Q26712,https://www.co.dewitt.tx.us/
milamcounty.net,Milam County,Milam County,TX,City,Q26716,https://www.milamcounty.net/
co.liberty.tx.us,Liberty County,Liberty County,TX,City,Q26719,https://www.co.liberty.tx.us/
valverdecounty.texas.gov,Val Verde County,Val Verde County,TX,City,Q26730,https://www.valverdecounty.texas.gov/
mcmullencounty.org,McMullen County,McMullen County,TX,City,Q26735,https://mcmullencounty.org/
co.san-augustine.tx.us,San Augustine County,San Augustine County,TX,City,Q26744,https://www.co.san-augustine.tx.us/
mctx.org,Montgomery County,Montgomery County,TX,City,Q26756,https://www.mctx.org/
co.starr.tx.us,Starr County,Starr County,TX,City,Q26762,https://www.co.starr.tx.us/
co.walker.tx.us,Walker County,Walker County,TX,City,Q26883,https://www.co.walker.tx.us/
co.colorado.tx.us,Colorado County,Colorado County,TX,City,Q26885,https://www.co.colorado.tx.us/
co.sabine.tx.us,Sabine County,Sabine County,TX,City,Q26889,https://www.co.sabine.tx.us/
co.sutton.tx.us,Sutton County,Sutton County,TX,City,Q26891,https://www.co.sutton.tx.us/
co.terrell.tx.us,Terrell County,Terrell County,TX,City,Q26898,https://www.co.terrell.tx.us/
co.blanco.tx.us,Blanco County,Blanco County,TX,City,Q26914,https://www.co.blanco.tx.us/
co.trinity.tx.us,Trinity County,Trinity County,TX,City,Q27009,https://www.co.trinity.tx.us/
co.frio.tx.us,Frio County,Frio County,TX,City,Q27011,https://www.co.frio.tx.us/
hayscountytx.gov,Hays County,Hays County,TX,City,Q27018,https://www.hayscountytx.gov/
co.leon.tx.us,Leon County,Leon County,TX,City,Q27021,https://www.co.leon.tx.us/
co.lavaca.tx.us,Lavaca County,Lavaca County,TX,City,Q27023,https://www.co.lavaca.tx.us/
co.lee.tx.us,Lee County,Lee County,TX,City,Q27025,https://www.co.lee.tx.us/
co.duval.tx.us,Duval County,Duval County,TX,City,Q27037,https://www.co.duval.tx.us/
co.goliad.tx.us,Goliad County,Goliad County,TX,City,Q27233,https://www.co.goliad.tx.us/
co.falls.tx.us,Falls County,Falls County,TX,City,Q27238,https://www.co.falls.tx.us/
co.bailey.tx.us,Bailey County,Bailey County,TX,City,Q107973,https://www.co.bailey.tx.us/
co.atascosa.tx.us,Atascosa County,Atascosa County,TX,City,Q108372,https://co.atascosa.tx.us/
angelinacounty.net,Angelina County,Angelina County,TX,City,Q108379,https://www.angelinacounty.net/
austincounty.com,Austin County,Austin County,TX,City,Q108386,https://www.austincounty.com/
co.anderson.tx.us,Anderson County,Anderson County,TX,City,Q108391,https://www.co.anderson.tx.us/
bellcountytx.com,Bell County,Bell County,TX,City,Q108428,https://www.bellcountytx.com/
epcounty.com,El Paso County,El Paso County,TX,City,Q108494,https://www.epcounty.com/
co.baylor.tx.us,Baylor County,Baylor County,TX,City,Q108520,https://www.co.baylor.tx.us/
co.andrews.tx.us,Andrews County,Andrews County,TX,City,Q108534,https://www.co.andrews.tx.us/
co.culberson.tx.us,Culberson County,Culberson County,TX,City,Q108607,https://www.co.culberson.tx.us/
co.bowie.tx.us,Bowie County,Bowie County,TX,City,Q108612,https://www.co.bowie.tx.us/
burnetcountytexas.org,Burnet County,Burnet County,TX,City,Q108784,https://www.burnetcountytexas.org/
co.archer.tx.us,Archer County,Archer County,TX,City,Q108793,https://www.co.archer.tx.us/
co.hall.tx.us,Hall County,Hall County,TX,City,Q108803,https://www.co.hall.tx.us/
callahancounty.org,Callahan County,Callahan County,TX,City,Q108827,https://www.callahancounty.org/
co.camp.tx.us,Camp County,Camp County,TX,City,Q108837,https://www.co.camp.tx.us/
co.cherokee.tx.us,Cherokee County,Cherokee County,TX,City,Q108842,https://www.co.cherokee.tx.us/
co.coke.tx.us,Coke County,Coke County,TX,City,Q108846,https://www.co.coke.tx.us/
co.borden.tx.us,Borden County,Borden County,TX,City,Q108866,https://www.co.borden.tx.us/
co.comanche.tx.us,Comanche County,Comanche County,TX,City,Q108952,https://www.co.comanche.tx.us/
co.crockett.tx.us,Crockett County,Crockett County,TX,City,Q108957,https://www.co.crockett.tx.us/
co.dickens.tx.us,Dickens County,Dickens County,TX,City,Q108962,https://www.co.dickens.tx.us/
co.cass.tx.us,Cass County,Cass County,TX,City,Q109150,https://www.co.cass.tx.us/
co.carson.tx.us,Carson County,Carson County,TX,City,Q109155,https://www.co.carson.tx.us/
co.briscoe.tx.us,Briscoe County,Briscoe County,TX,City,Q109165,https://www.co.briscoe.tx.us/
browncountytx.org,Brown County,Brown County,TX,City,Q109170,https://www.browncountytx.org/
co.loving.tx.us,Loving County,Loving County,TX,City,Q109209,https://www.co.loving.tx.us/
co.orange.tx.us,Orange County,Orange County,TX,City,Q109215,https://www.co.orange.tx.us/
co.hardin.tx.us,Hardin County,Hardin County,TX,City,Q109270,https://www.co.hardin.tx.us/
greggcounty.texas.gov,Gregg County,Gregg County,TX,City,Q109275,https://greggcounty.texas.gov/
co.crosby.tx.us,Crosby County,Crosby County,TX,City,Q109279,https://www.co.crosby.tx.us/
deltacountytx.com,Delta County,Delta County,TX,City,Q109289,https://www.deltacountytx.com/
co.glasscock.tx.us,Glasscock County,Glasscock County,TX,City,Q109293,https://www.co.glasscock.tx.us/
co.zapata.tx.us,Zapata County,Zapata County,TX,City,Q109298,https://www.co.zapata.tx.us/
dallam.org,Dallam County,Dallam County,TX,City,Q109303,https://www.dallam.org/
co.gray.tx.us,Gray County,Gray County,TX,City,Q109312,https://www.co.gray.tx.us/
co.hardeman.tx.us,Hardeman County,Hardeman County,TX,City,Q109317,https://www.co.hardeman.tx.us/
co.crane.tx.us,Crane County,Crane County,TX,City,Q109447,https://www.co.crane.tx.us/
co.donley.tx.us,Donley County,Donley County,TX,City,Q109451,https://www.co.donley.tx.us/
co.grayson.tx.us,Grayson County,Grayson County,TX,City,Q109457,https://www.co.grayson.tx.us/
co.limestone.tx.us,Limestone County,Limestone County,TX,City,Q109616,https://www.co.limestone.tx.us/
co.cottle.tx.us,Cottle County,Cottle County,TX,City,Q109622,https://www.co.cottle.tx.us/
claycountytx.net,Clay County,Clay County,TX,City,Q109631,https://www.claycountytx.net/
co.cooke.tx.us,Cooke County,Cooke County,TX,City,Q109636,https://www.co.cooke.tx.us/
manchesterborough.com,Manchester,Manchester,PA,City,Q1183052,http://manchesterborough.com
newvilleborough.com,Newville,Newville,PA,City,Q1183064,http://www.newvilleborough.com
laurelmountainboro.wordpress.com,Laurel Mountain,Laurel Mountain,PA,City,Q1183083,http://laurelmountainboro.wordpress.com
springgroveborough.com,Spring Grove,Spring Grove,PA,City,Q1183121,http://springgroveborough.com/
downtownirwin.com,Irwin,Irwin,PA,City,Q1183136,http://www.downtownirwin.com
laurelrunpa.net,Laurel Run,Laurel Run,PA,City,Q1183174,http://www.laurelrunpa.net
vandergriftborough.org,Vandergrift,Vandergrift,PA,City,Q1183265,http://www.vandergriftborough.org/
harveyslakepa.us,Harveys Lake,Harveys Lake,PA,City,Q1183273,http://harveyslakepa.us/
indianlakepa.us,Indian Lake,Indian Lake,PA,City,Q1183289,http://www.indianlakepa.us/
soudertonborough.org,Souderton,Souderton,PA,City,Q1183304,http://www.soudertonborough.org
swoyersvillepa.com,Swoyersville,Swoyersville,PA,City,Q1183317,http://www.swoyersvillepa.com/
sugargrovepa.com,Sugar Grove,Sugar Grove,PA,City,Q1183324,http://www.sugargrovepa.com
wyomingpa.org,Wyoming,Wyoming,PA,City,Q1183363,http://wyomingpa.org/
waymart.org,Waymart,Waymart,PA,City,Q1183378,http://www.waymart.org/
schuylkillhaven.org,Schuylkill Haven,Schuylkill Haven,PA,City,Q1183461,https://www.schuylkillhaven.org/
stockertown.org,Stockertown,Stockertown,PA,City,Q1183547,http://www.stockertown.org
walnutportpa.org,Walnutport,Walnutport,PA,City,Q1183577,http://www.walnutportpa.org
unioncitypa.us,Union City,Union City,PA,City,Q1183645,https://unioncitypa.us/
westgroveborough.org,West Grove,West Grove,PA,City,Q1183648,http://www.westgroveborough.org
robesoniaboro.org,Robesonia,Robesonia,PA,City,Q1183715,http://www.robesoniaboro.org
leechburgpa.org,Leechburg,Leechburg,PA,City,Q1183730,http://leechburgpa.org/
roaringspring.net,Roaring Spring,Roaring Spring,PA,City,Q1183734,http://www.roaringspring.net/
murrysville.com,Murrysville,Murrysville,PA,City,Q1183898,http://www.murrysville.com/
versaillesboro.com,Versailles,Versailles,PA,City,Q1183902,http://versaillesboro.com
grovecityonline.com,Grove City,Grove City,PA,City,Q1183945,http://grovecityonline.com/
jenkintownboro.com,Jenkintown,Jenkintown,PA,City,Q1183952,http://jenkintownboro.com/
royersfordborough.org,Royersford,Royersford,PA,City,Q1183955,https://www.royersfordborough.org/
co.hansford.tx.us,Hansford County,Hansford County,TX,City,Q109646,https://www.co.hansford.tx.us/
childresstx.us,Childress County,Childress County,TX,City,Q109751,https://www.childresstx.us/
co.cochran.tx.us,Cochran County,Cochran County,TX,City,Q109779,https://www.co.cochran.tx.us/
coryellcounty.org,Coryell County,Coryell County,TX,City,Q109785,https://www.coryellcounty.org/
co.concho.tx.us,Concho County,Concho County,TX,City,Q109795,https://www.co.concho.tx.us/
co.deaf-smith.tx.us,Deaf Smith County,Deaf Smith County,TX,City,Q109804,https://www.co.deaf-smith.tx.us/
co.ector.tx.us,Ector County,Ector County,TX,City,Q109810,https://www.co.ector.tx.us/
co.coleman.tx.us,Coleman County,Coleman County,TX,City,Q109825,https://www.co.coleman.tx.us/
co.castro.tx.us,Castro County,Castro County,TX,City,Q109830,https://www.co.castro.tx.us/
co.gaines.tx.us,Gaines County,Gaines County,TX,City,Q109836,https://www.co.gaines.tx.us/
fishercounty.org,Fisher County,Fisher County,TX,City,Q109975,https://www.fishercounty.org/
co.hudspeth.tx.us,Hudspeth County,Hudspeth County,TX,City,Q110257,https://www.co.hudspeth.tx.us/
co.jackson.tx.us,Jackson County,Jackson County,TX,City,Q110262,https://www.co.jackson.tx.us/
co.llano.tx.us,Llano County,Llano County,TX,City,Q110336,https://www.co.llano.tx.us/
co.hill.tx.us,Hill County,Hill County,TX,City,Q110384,https://www.co.hill.tx.us/
co.shelby.tx.us,Shelby County,Shelby County,TX,City,Q110389,https://www.co.shelby.tx.us/
co.zavala.tx.us,Zavala County,Zavala County,TX,City,Q110407,https://www.co.zavala.tx.us/
kaufmancounty.net,Kaufman County,Kaufman County,TX,City,Q110486,https://www.kaufmancounty.net/
co.erath.tx.us,Erath County,Erath County,TX,City,Q110500,https://www.co.erath.tx.us/
co.floyd.tx.us,Floyd County,Floyd County,TX,City,Q110528,https://www.co.floyd.tx.us/
co.freestone.tx.us,Freestone County,Freestone County,TX,City,Q110565,https://www.co.freestone.tx.us/
knoxcountytexas.org,Knox County,Knox County,TX,City,Q110570,https://www.knoxcountytexas.org/
co.jasper.tx.us,Jasper County,Jasper County,TX,City,Q110575,https://www.co.jasper.tx.us/
co.franklin.tx.us,Franklin County,Franklin County,TX,City,Q110624,https://www.co.franklin.tx.us/
co.dawson.tx.us,Dawson County,Dawson County,TX,City,Q110670,https://www.co.dawson.tx.us/
foardcounty.texas.gov,Foard County,Foard County,TX,City,Q110750,https://www.foardcounty.texas.gov/
co.fayette.tx.us,Fayette County,Fayette County,TX,City,Q110755,https://www.co.fayette.tx.us/
co.king.tx.us,King County,King County,TX,City,Q110764,https://www.co.king.tx.us/
co.kent.tx.us,Kent County,Kent County,TX,City,Q110978,https://www.co.kent.tx.us/
co.kinney.tx.us,Kinney County,Kinney County,TX,City,Q110983,https://www.co.kinney.tx.us/
dallascounty.org,Dallas County,Dallas County,TX,City,Q111168,https://www.dallascounty.org/
co.wise.tx.us,Wise County,Wise County,TX,City,Q111316,https://www.co.wise.tx.us/
co.mason.tx.us,Mason County,Mason County,TX,City,Q111374,https://www.co.mason.tx.us/
co.howard.tx.us,Howard County,Howard County,TX,City,Q111380,https://www.co.howard.tx.us/
co.karnes.tx.us,Karnes County,Karnes County,TX,City,Q111385,https://www.co.karnes.tx.us/
co.fannin.tx.us,Fannin County,Fannin County,TX,City,Q111593,https://www.co.fannin.tx.us/
halecounty.org,Hale County,Hale County,TX,City,Q111622,https://www.halecounty.org/
co.collingsworth.tx.us,Collingsworth County,Collingsworth County,TX,City,Q111647,https://www.co.collingsworth.tx.us/
huntcounty.net,Hunt County,Hunt County,TX,City,Q111729,https://www.huntcounty.net/
co.san-jacinto.tx.us,San Jacinto County,San Jacinto County,TX,City,Q111744,https://www.co.san-jacinto.tx.us/
co.jim-wells.tx.us,Jim Wells County,Jim Wells County,TX,City,Q111753,https://www.co.jim-wells.tx.us/
co.scurry.tx.us,Scurry County,Scurry County,TX,City,Q111759,https://www.co.scurry.tx.us/
wheelercounty.texas.gov,Wheeler County,Wheeler County,TX,City,Q111766,https://www.wheelercounty.texas.gov/
countyofupshur.com,Upshur County,Upshur County,TX,City,Q111782,https://www.countyofupshur.com/
co.menard.tx.us,Menard County,Menard County,TX,City,Q111821,https://www.co.menard.tx.us/
somervell.co,Somervell County,Somervell County,TX,City,Q111844,https://www.somervell.co/
co.reagan.tx.us,Reagan County,Reagan County,TX,City,Q111851,https://www.co.reagan.tx.us/
co.hemphill.tx.us,Hemphill County,Hemphill County,TX,City,Q112078,https://www.co.hemphill.tx.us/
hopkinscountytx.org,Hopkins County,Hopkins County,TX,City,Q112115,https://www.hopkinscountytx.org/
co.marion.tx.us,Marion County,Marion County,TX,City,Q112125,https://www.co.marion.tx.us/
co.mcculloch.tx.us,McCulloch County,McCulloch County,TX,City,Q112149,https://www.co.mcculloch.tx.us/
co.mitchell.tx.us,Mitchell County,Mitchell County,TX,City,Q112442,https://www.co.mitchell.tx.us/
co.oldham.tx.us,Oldham County,Oldham County,TX,City,Q112526,https://www.co.oldham.tx.us/
reevescounty.org,Reeves County,Reeves County,TX,City,Q112550,https://www.reevescounty.org/
co.newton.tx.us,Newton County,Newton County,TX,City,Q112565,https://www.co.newton.tx.us/
co.lipscomb.tx.us,Lipscomb County,Lipscomb County,TX,City,Q112584,https://www.co.lipscomb.tx.us/
co.navarro.tx.us,Navarro County,Navarro County,TX,City,Q112603,https://www.co.navarro.tx.us/
runnelscounty.org,Runnels County,Runnels County,TX,City,Q112634,https://www.runnelscounty.org/
mywoodcounty.com,Wood County,Wood County,TX,City,Q112652,https://www.mywoodcounty.com/
jackcounty.org,Jack County,Jack County,TX,City,Q112673,https://www.jackcounty.org/
co.rains.tx.us,Rains County,Rains County,TX,City,Q112698,https://www.co.rains.tx.us/
co.hartley.tx.us,Hartley County,Hartley County,TX,City,Q112714,https://www.co.hartley.tx.us/
co.lamb.tx.us,Lamb County,Lamb County,TX,City,Q112781,https://www.co.lamb.tx.us/
henderson-county.com,Henderson County,Henderson County,TX,City,Q112793,https://www.henderson-county.com/
co.swisher.tx.us,Swisher County,Swisher County,TX,City,Q112882,https://www.co.swisher.tx.us/
co.titus.tx.us,Titus County,Titus County,TX,City,Q113096,https://www.co.titus.tx.us/
co.madison.tx.us,Madison County,Madison County,TX,City,Q113117,https://www.co.madison.tx.us/
co.potter.tx.us,Potter County,Potter County,TX,City,Q113293,https://www.co.potter.tx.us/
co.lamar.tx.us,Lamar County,Lamar County,TX,City,Q113313,https://www.co.lamar.tx.us/
vanzandtcounty.org,Van Zandt County,Van Zandt County,TX,City,Q113834,https://www.vanzandtcounty.org/
johnsoncountytx.org,Johnson County,Johnson County,TX,City,Q113843,https://www.johnsoncountytx.org/
throckmortoncounty.org,Throckmorton County,Throckmorton County,TX,City,Q113854,https://www.throckmortoncounty.org/
co.terry.tx.us,Terry County,Terry County,TX,City,Q113864,https://www.co.terry.tx.us/
co.lampasas.tx.us,Lampasas County,Lampasas County,TX,City,Q113919,https://www.co.lampasas.tx.us/
co.upton.tx.us,Upton County,Upton County,TX,City,Q113940,https://www.co.upton.tx.us/
co.presidio.tx.us,Presidio County,Presidio County,TX,City,Q113962,https://www.co.presidio.tx.us/
co.maverick.tx.us,Maverick County,Maverick County,TX,City,Q113984,https://co.maverick.tx.us/
co.nolan.tx.us,Nolan County,Nolan County,TX,City,Q114026,https://www.co.nolan.tx.us/
co.live-oak.tx.us,Live Oak County,Live Oak County,TX,City,Q114043,https://www.co.live-oak.tx.us/
emmetcountyia.com,Emmet County,Emmet County,IA,City,Q110482,http://www.emmetcountyia.com
adamscountyia.com,Adams County,Adams County,IA,City,Q110768,http://www.adamscountyia.com
boonecounty.iowa.gov,Boone County,Boone County,IA,City,Q111235,https://www.boonecounty.iowa.gov/
calhouncountyiowa.com,Calhoun County,Calhoun County,IA,City,Q111530,http://www.calhouncountyiowa.com
co.allamakee.ia.us,Allamakee County,Allamakee County,IA,City,Q111859,http://www.co.allamakee.ia.us
cobentoniaus.com,Benton County,Benton County,IA,City,Q111886,http://www.cobentoniaus.com
auduboncounty.com,Audubon County,Audubon County,IA,City,Q111913,http://www.auduboncounty.com
appanoosecounty.net,Appanoose County,Appanoose County,IA,City,Q111921,http://www.appanoosecounty.net
co.cerro-gordo.ia.us,Cerro Gordo County,Cerro Gordo County,IA,City,Q111946,http://www.co.cerro-gordo.ia.us
co.buena-vista.ia.us,Buena Vista County,Buena Vista County,IA,City,Q111957,http://www.co.buena-vista.ia.us
co.kossuth.ia.us,Kossuth County,Kossuth County,IA,City,Q113201,http://www.co.kossuth.ia.us
daviscountyiowa.org,Davis County,Davis County,IA,City,Q113748,http://www.daviscountyiowa.org
dubuquecounty.org,Dubuque County,Dubuque County,IA,City,Q113756,http://www.dubuquecounty.org
co.bremer.ia.us,Bremer County,Bremer County,IA,City,Q113763,http://www.co.bremer.ia.us
butlercoiowa.org,Butler County,Butler County,IA,City,Q113783,http://www.butlercoiowa.org
chickasawcoia.org,Chickasaw County,Chickasaw County,IA,City,Q113805,http://www.chickasawcoia.org
crawfordcounty.org,Crawford County,Crawford County,IA,City,Q113823,http://www.crawfordcounty.org
co.ward.tx.us,Ward County,Ward County,TX,City,Q114301,https://www.co.ward.tx.us/
co.lynn.tx.us,Lynn County,Lynn County,TX,City,Q114323,https://www.co.lynn.tx.us/
co.wilbarger.tx.us,Wilbarger County,Wilbarger County,TX,City,Q114339,https://www.co.wilbarger.tx.us/
co.sherman.tx.us,Sherman County,Sherman County,TX,City,Q114423,https://www.co.sherman.tx.us/
co.roberts.tx.us,Roberts County,Roberts County,TX,City,Q114445,https://www.co.roberts.tx.us/
co.pecos.tx.us,Pecos County,Pecos County,TX,City,Q114459,https://www.co.pecos.tx.us/
co.winkler.tx.us,Winkler County,Winkler County,TX,City,Q114479,https://www.co.winkler.tx.us/
co.willacy.tx.us,Willacy County,Willacy County,TX,City,Q114503,https://www.co.willacy.tx.us/
co.stephens.tx.us,Stephens County,Stephens County,TX,City,Q114529,https://www.co.stephens.tx.us/
shackelfordcounty.org,Shackelford County,Shackelford County,TX,City,Q114550,https://www.shackelfordcounty.org/
co.delaware.ia.us,Delaware County,Delaware County,IA,City,Q115281,https://www.co.delaware.ia.us
clarkecountyiowa.org,Clarke County,Clarke County,IA,City,Q115298,http://www.clarkecountyiowa.org
adaircountyiowa.org,Adair County,Adair County,IA,City,Q115316,http://www.adaircountyiowa.org
co.des-moines.ia.us,Des Moines County,Des Moines County,IA,City,Q115386,http://www.co.des-moines.ia.us
co.buchanan.ia.us,Buchanan County,Buchanan County,IA,City,Q115396,http://www.co.buchanan.ia.us
madisoncounty.iowa.gov,Madison County,Madison County,IA,City,Q115404,https://madisoncounty.iowa.gov/
wichitacountytx.com,Wichita County,Wichita County,TX,City,Q115433,https://wichitacountytx.com/
tamacounty.org,Tama County,Tama County,IA,City,Q119372,http://www.tamacounty.org
eastlandcountytexas.com,Eastland County,Eastland County,TX,City,Q156270,https://www.eastlandcountytexas.com/
smith-county.com,Smith County,Smith County,TX,City,Q156278,https://www.smith-county.com/
co.panola.tx.us,Panola County,Panola County,TX,City,Q156380,https://www.co.panola.tx.us/
co.morris.tx.us,Morris County,Morris County,TX,City,Q156388,https://www.co.morris.tx.us/
co.washington.tx.us,Washington County,Washington County,TX,City,Q156444,https://www.co.washington.tx.us/
co.nacogdoches.tx.us,Nacogdoches County,Nacogdoches County,TX,City,Q156455,https://www.co.nacogdoches.tx.us/
co.moore.tx.us,Moore County,Moore County,TX,City,Q156464,https://www.co.moore.tx.us/
casscountyiowa.us,Cass County,Cass County,IA,City,Q156468,http://www.casscountyiowa.us
jeffersoncountytx.gov,Jefferson County,Jefferson County,TX,City,Q156471,https://jeffersoncountytx.gov/
cedarcounty.org,Cedar County,Cedar County,IA,City,Q156475,http://www.cedarcounty.org
co.wilson.tx.us,Wilson County,Wilson County,TX,City,Q156479,https://www.co.wilson.tx.us/
co.clay.ia.us,Clay County,Clay County,IA,City,Q156488,http://www.co.clay.ia.us
co.houston.tx.us,Houston County,Houston County,TX,City,Q156496,https://www.co.houston.tx.us/
co.irion.tx.us,Irion County,Irion County,TX,City,Q156582,https://www.co.irion.tx.us/
co.young.tx.us,Young County,Young County,TX,City,Q156613,https://www.co.young.tx.us/
co.sterling.tx.us,Sterling County,Sterling County,TX,City,Q156618,https://www.co.sterling.tx.us/
co.black-hawk.ia.us,Black Hawk County,Black Hawk County,IA,City,Q156628,http://www.co.black-hawk.ia.us
decaturcountyiowa.org,Decatur County,Decatur County,IA,City,Q156634,https://www.decaturcountyiowa.org/
saccounty.org,Sac County,Sac County,IA,City,Q156639,http://www.saccounty.org
idacounty.iowa.gov,Ida County,Ida County,IA,City,Q156642,https://idacounty.iowa.gov/
howard-county.com,Howard County,Howard County,IA,City,Q156647,http://www.howard-county.com
taylorcountyiowa.org,Taylor County,Taylor County,IA,City,Q176068,http://www.taylorcountyiowa.org/
henrycountyiowa.us,Henry County,Henry County,IA,City,Q178281,http://www.henrycountyiowa.us
vanburencoia.org,Van Buren County,Van Buren County,IA,City,Q182644,http://vanburencoia.org
jeffersoncounty.iowa.gov,Jefferson County,Jefferson County,IA,City,Q183135,https://jeffersoncounty.iowa.gov
co.page.ia.us,Page County,Page County,IA,City,Q240621,http://www.co.page.ia.us
winnebagocountyia.org,Winnebago County,Winnebago County,IA,City,Q249638,http://www.winnebagocountyia.org
co.jim-hogg.tx.us,Jim Hogg County,Jim Hogg County,TX,City,Q279452,https://www.co.jim-hogg.tx.us/
co.washington.ia.us,Washington County,Washington County,IA,City,Q386189,http://co.washington.ia.us
co.carroll.ia.us,Carroll County,Carroll County,IA,City,Q430113,http://www.co.carroll.ia.us
co.hockley.tx.us,Hockley County,Hockley County,TX,City,Q483847,https://www.co.hockley.tx.us/
co.motley.tx.us,Motley County,Motley County,TX,City,Q483888,https://www.co.motley.tx.us/
nuecesco.com,Nueces County,Nueces County,TX,City,Q483893,https://www.nuecesco.com/
co.jones.tx.us,Jones County,Jones County,TX,City,Q483895,https://www.co.jones.tx.us/
co.wharton.tx.us,Wharton County,Wharton County,TX,City,Q483916,https://www.co.wharton.tx.us/
co.midland.tx.us,Midland County,Midland County,TX,City,Q483937,https://www.co.midland.tx.us/
parmercounty.texas.gov,Parmer County,Parmer County,TX,City,Q484521,https://parmercounty.texas.gov/
jeffdaviscounty.texas.gov,Jeff Davis County,Jeff Davis County,TX,City,Q484535,https://www.jeffdaviscounty.texas.gov/
co.hutchinson.tx.us,Hutchinson County,Hutchinson County,TX,City,Q484542,https://www.co.hutchinson.tx.us/
co.martin.tx.us,Martin County,Martin County,TX,City,Q484551,http://www.co.martin.tx.us/
co.palo-pinto.tx.us,Palo Pinto County,Palo Pinto County,TX,City,Q484567,https://www.co.palo-pinto.tx.us/
co.red-river.tx.us,Red River County,Red River County,TX,City,Q484570,https://www.co.red-river.tx.us/
co.montague.tx.us,Montague County,Montague County,TX,City,Q484574,https://www.co.montague.tx.us/
co.san-saba.tx.us,San Saba County,San Saba County,TX,City,Q484586,https://www.co.san-saba.tx.us/
winneshiekcounty.iowa.gov,Winneshiek County,Winneshiek County,IA,City,Q485361,https://winneshiekcounty.iowa.gov/
hancockcountyia.org,Hancock County,Hancock County,IA,City,Q485448,http://www.hancockcountyia.org
humboldtcountyia.org,Humboldt County,Humboldt County,IA,City,Q485455,http://www.humboldtcountyia.org
hoodcounty.texas.gov,Hood County,Hood County,TX,City,Q485912,https://hoodcounty.texas.gov/
co.ochiltree.tx.us,Ochiltree County,Ochiltree County,TX,City,Q485920,https://www.co.ochiltree.tx.us/
taylorcounty.texas.gov,Taylor County,Taylor County,TX,City,Q490287,https://www.taylorcounty.texas.gov/
liverpool.pa.net,Liverpool,Liverpool,PA,City,Q1189030,http://www.liverpool.pa.net/
boroughofkulpmont.org,Kulpmont,Kulpmont,PA,City,Q1189167,https://boroughofkulpmont.org/
rankinborough.com,Rankin,Rankin,PA,City,Q1189177,http://www.rankinborough.com
snpjrec.com,S.N.P.J.,S.N.P.J.,PA,City,Q1922695,http://www.snpjrec.com/
newburgborough.com,Newburg,Newburg,PA,City,Q3459960,http://www.newburgborough.com
jonestownpa.org,Jonestown,Jonestown,PA,City,Q3476237,http://www.jonestownpa.org
co.adams.il.us,Adams County,Adams County,IL,City,Q108798,http://www.co.adams.il.us
alexandercounty.illinois.gov,Alexander County,Alexander County,IL,City,Q108851,https://alexandercounty.illinois.gov/
bureaucounty-il.us,Bureau County,Bureau County,IL,City,Q109518,http://www.bureaucounty-il.us/
bondcountyil.com,Bond County,Bond County,IL,City,Q109526,http://bondcountyil.com
boonecountyil.org,Boone County,Boone County,IL,City,Q109756,http://www.boonecountyil.org
browncountyil.com,Brown County,Brown County,IL,City,Q109761,https://browncountyil.com
claycountyillinois.org,Clay County,Clay County,IL,City,Q110417,https://claycountyillinois.org/
crawfordcountyil.org,Crawford County,Crawford County,IL,City,Q110510,https://crawfordcountyil.org/
co.cass.il.us,Cass County,Cass County,IL,City,Q110516,https://co.cass.il.us/
clarkcountyil.org,Clark County,Clark County,IL,City,Q110532,http://www.clarkcountyil.org
cumberlandco.org,Cumberland County,Cumberland County,IL,City,Q110539,http://www.cumberlandco.org
clintonco.illinois.gov,Clinton County,Clinton County,IL,City,Q110555,https://clintonco.illinois.gov
co.effingham.il.us,Effingham County,Effingham County,IL,City,Q110561,http://www.co.effingham.il.us
fayettecountyillinois.org,Fayette County,Fayette County,IL,City,Q111584,http://www.fayettecountyillinois.org
dekalbcounty.org,DeKalb County,DeKalb County,IL,City,Q111613,http://dekalbcounty.org/
dewittcountyill.com,DeWitt County,DeWitt County,IL,City,Q111672,http://www.dewittcountyill.com
christiancountyil.com,Christian County,Christian County,IL,City,Q111686,https://christiancountyil.com/
co.coles.il.us,Coles County,Coles County,IL,City,Q112137,http://www.co.coles.il.us
popeco.net,Pope County,Pope County,IL,City,Q112869,http://www.popeco.net
maconcounty.illinois.gov,Macon County,Macon County,IL,City,Q115324,https://maconcounty.illinois.gov/
gallatinco.illinois.gov,Gallatin County,Gallatin County,IL,City,Q115332,https://gallatinco.illinois.gov/
hamiltoncountyillinois.com,Hamilton County,Hamilton County,IL,City,Q115337,https://www.hamiltoncountyillinois.com/
woodford-county.org,Woodford County,Woodford County,IL,City,Q156437,http://www.woodford-county.org/
day.sdcounties.org,Day County,Day County,SD,City,Q178341,http://day.sdcounties.org
edmunds.sdcounties.org,Edmunds County,Edmunds County,SD,City,Q179954,http://edmunds.sdcounties.org
ziebachcounty.org,Ziebach County,Ziebach County,SD,City,Q198529,https://ziebachcounty.org/
grundyco.org,Grundy County,Grundy County,IL,City,Q261380,http://www.grundyco.org
minercountysd.org,Miner County,Miner County,SD,City,Q338939,https://minercountysd.org/
mcpherson.sdcounties.org,McPherson County,McPherson County,SD,City,Q368006,http://mcpherson.sdcounties.org
greenecountyil.com,Greene County,Greene County,IL,City,Q377023,http://www.greenecountyil.com/
trippcounty.us,Tripp County,Tripp County,SD,City,Q426360,http://trippcounty.us/
livingstoncounty-il.org,Livingston County,Livingston County,IL,City,Q429814,http://www.livingstoncounty-il.org/wordpress/
willcountyillinois.com,Will County,Will County,IL,City,Q483942,https://www.willcountyillinois.com/
co.edgar.il.us,Edgar County,Edgar County,IL,City,Q484124,http://www.co.edgar.il.us
salinecounty.illinois.gov,Saline County,Saline County,IL,City,Q484224,http://www.salinecounty.illinois.gov
waynecountyiowa.com,Wayne County,Wayne County,IA,City,Q485460,http://www.waynecountyiowa.com
wapellocounty.org,Wapello County,Wapello County,IA,City,Q485467,http://www.wapellocounty.org
poweshiekcounty.org,Poweshiek County,Poweshiek County,IA,City,Q485470,http://www.poweshiekcounty.org
co.hardin.ia.us,Hardin County,Hardin County,IA,City,Q485484,http://www.co.hardin.ia.us
shco.org,Shelby County,Shelby County,IA,City,Q485491,http://www.shco.org
co.plymouth.ia.us,Plymouth County,Plymouth County,IA,City,Q485710,https://www.co.plymouth.ia.us/
mitchellcoia.us,Mitchell County,Mitchell County,IA,City,Q485715,http://www.mitchellcoia.us
millscoia.us,Mills County,Mills County,IA,City,Q485720,http://www.millscoia.us
webstercountyia.org,Webster County,Webster County,IA,City,Q485726,http://www.webstercountyia.org
harrisoncountyia.org,Harrison County,Harrison County,IA,City,Q485729,http://www.harrisoncountyia.org
co.jasper.ia.us,Jasper County,Jasper County,IA,City,Q485736,http://www.co.jasper.ia.us
johnson-county.com,Johnson County,Johnson County,IA,City,Q485746,http://www.johnson-county.com
ringgoldcounty.us,Ringgold County,Ringgold County,IA,City,Q485752,http://www.ringgoldcounty.us/
co.jackson.ia.us,Jackson County,Jackson County,IA,City,Q485780,http://www.co.jackson.ia.us
leecounty.org,Lee County,Lee County,IA,City,Q485787,http://www.leecounty.org
lyoncountyiowa.com,Lyon County,Lyon County,IA,City,Q485791,http://www.lyoncountyiowa.com
osceolacountyia.org,Osceola County,Osceola County,IA,City,Q485795,http://osceolacountyia.org
paloaltocountyiowa.com,Palo Alto County,Palo Alto County,IA,City,Q485799,http://paloaltocountyiowa.com/
lucascounty.iowa.gov,Lucas County,Lucas County,IA,City,Q485804,https://lucascounty.iowa.gov/
mahaskacounty.org,Mahaska County,Mahaska County,IA,City,Q485922,http://www.mahaskacounty.org
keokukcountyia.com,Keokuk County,Keokuk County,IA,City,Q485926,http://www.keokukcountyia.com
unioncountyiowa.org,Union County,Union County,IA,City,Q485944,http://www.unioncountyiowa.org
pocahontas-county.com,Pocahontas County,Pocahontas County,IA,City,Q485950,http://www.pocahontas-county.com
montgomerycountyiowa.com,Montgomery County,Montgomery County,IA,City,Q485969,http://www.montgomerycountyiowa.com
jonescountyiowa.org,Jones County,Jones County,IA,City,Q485974,http://www.jonescountyiowa.org
co.marshall.ia.us,Marshall County,Marshall County,IA,City,Q485980,http://www.co.marshall.ia.us
monroecoia.us,Monroe County,Monroe County,IA,City,Q485984,http://monroecoia.us
co.iowa.ia.us,Iowa County,Iowa County,IA,City,Q486000,http://www.co.iowa.ia.us
louisacountyiowa.org,Louisa County,Louisa County,IA,City,Q486011,http://www.louisacountyiowa.org
siouxcounty.org,Sioux County,Sioux County,IA,City,Q486118,http://www.siouxcounty.org
co.fremont.ia.us,Fremont County,Fremont County,IA,City,Q486123,http://www.co.fremont.ia.us
grundycounty.org,Grundy County,Grundy County,IA,City,Q486139,http://www.grundycounty.org
floydcoia.org,Floyd County,Floyd County,IA,City,Q486143,http://www.floydcoia.org
hamiltoncounty.org,Hamilton County,Hamilton County,IA,City,Q486160,http://www.hamiltoncounty.org
co.franklin.ia.us,Franklin County,Franklin County,IA,City,Q486174,http://co.franklin.ia.us
fayettecountyiowa.org,Fayette County,Fayette County,IA,City,Q486184,http://fayettecountyiowa.org
guthriecounty.org,Guthrie County,Guthrie County,IA,City,Q486352,http://www.guthriecounty.org
pottcounty.com,Pottawattamie County,Pottawattamie County,IA,City,Q487677,http://www.pottcounty.com
co.greene.ia.us,Greene County,Greene County,IA,City,Q488566,http://www.co.greene.ia.us
co.muscatine.ia.us,Muscatine County,Muscatine County,IA,City,Q491390,http://www.co.muscatine.ia.us
obriencounty.com,O'Brien County,O'Brien County,IA,City,Q491436,http://www.obriencounty.com
wrightcounty.org,Wright County,Wright County,IA,City,Q491452,http://www.wrightcounty.org
co.iron.wi.gov,Iron County,Iron County,WI,City,Q52250,http://www.co.iron.wi.gov
co.chippewa.mn.us,Chippewa County,Chippewa County,MN,City,Q109846,http://www.co.chippewa.mn.us
co.benton.mn.us,Benton County,Benton County,MN,City,Q109851,http://www.co.benton.mn.us
co.aitkin.mn.us,Aitkin County,Aitkin County,MN,City,Q109986,http://www.co.aitkin.mn.us
co.blue-earth.mn.us,Blue Earth County,Blue Earth County,MN,City,Q110340,http://www.co.blue-earth.mn.us
co.beltrami.mn.us,Beltrami County,Beltrami County,MN,City,Q110491,https://www.co.beltrami.mn.us
co.anoka.mn.us,Anoka County,Anoka County,MN,City,Q110495,http://www.co.anoka.mn.us
co.cottonwood.mn.us,Cottonwood County,Cottonwood County,MN,City,Q110684,http://www.co.cottonwood.mn.us
co.cass.mn.us,Cass County,Cass County,MN,City,Q111421,http://www.co.cass.mn.us
co.becker.mn.us,Becker County,Becker County,MN,City,Q111566,http://www.co.becker.mn.us
dakotacounty.us,Dakota County,Dakota County,MN,City,Q111694,http://www.dakotacounty.us
co.clay.mn.us,Clay County,Clay County,MN,City,Q111831,http://www.co.clay.mn.us
co.dodge.mn.us,Dodge County,Dodge County,MN,City,Q113056,http://www.co.dodge.mn.us
co.carver.mn.us,Carver County,Carver County,MN,City,Q113275,http://www.co.carver.mn.us
co.crow-wing.mn.us,Crow Wing County,Crow Wing County,MN,City,Q113333,http://www.co.crow-wing.mn.us
co.carlton.mn.us,Carlton County,Carlton County,MN,City,Q113354,http://www.co.carlton.mn.us
co.chippewa.wi.us,Chippewa County,Chippewa County,WI,City,Q127184,https://www.co.chippewa.wi.us/
co.walworth.wi.us,Walworth County,Walworth County,WI,City,Q202454,http://www.co.walworth.wi.us
co.adams.wi.us,Adams County,Adams County,WI,City,Q351887,https://www.co.adams.wi.us/
co.dodge.wi.us,Dodge County,Dodge County,WI,City,Q372796,http://www.co.dodge.wi.us
co.polk.wi.us,Polk County,Polk County,WI,City,Q376102,http://www.co.polk.wi.us
co.lafayette.wi.gov,Lafayette County,Lafayette County,WI,City,Q431440,http://www.co.lafayette.wi.gov
co.eau-claire.wi.us,Eau Claire County,Eau Claire County,WI,City,Q484133,http://www.co.eau-claire.wi.us
co.green.wi.gov,Green County,Green County,WI,City,Q489163,http://www.co.green.wi.gov
co.oconto.wi.us,Oconto County,Oconto County,WI,City,Q490477,https://www.co.oconto.wi.us/
bayfieldcounty.wi.gov,Bayfield County,Bayfield County,WI,City,Q490482,https://www.bayfieldcounty.wi.gov/
co.door.wi.gov,Door County,Door County,WI,City,Q490550,https://www.co.door.wi.gov/
co.columbia.wi.us,Columbia County,Columbia County,WI,City,Q493529,http://www.co.columbia.wi.us
co.brown.wi.us,Brown County,Brown County,WI,City,Q494893,http://www.co.brown.wi.us
crawfordcountywi.org,Crawford County,Crawford County,WI,City,Q494899,http://www.crawfordcountywi.org
fdlco.wi.gov,Fond du Lac County,Fond du Lac County,WI,City,Q494912,http://www.fdlco.wi.gov
co.dunn.wi.us,Dunn County,Dunn County,WI,City,Q494919,http://www.co.dunn.wi.us
tremplocounty.com,Trempealeau County,Trempealeau County,WI,City,Q494923,http://www.tremplocounty.com
co.calumet.wi.us,Calumet County,Calumet County,WI,City,Q494926,http://www.co.calumet.wi.us
co.ashland.wi.us,Ashland County,Ashland County,WI,City,Q494931,http://www.co.ashland.wi.us
douglascountywi.org,Douglas County,Douglas County,WI,City,Q494936,http://www.douglascountywi.org
buffalocounty.com,Buffalo County,Buffalo County,WI,City,Q494943,http://www.buffalocounty.com
co.lincoln.wi.us,Lincoln County,Lincoln County,WI,City,Q494947,http://www.co.lincoln.wi.us
burnettcounty.com,Burnett County,Burnett County,WI,City,Q494952,http://BurnettCounty.com
kenoshacounty.org,Kenosha County,Kenosha County,WI,City,Q495315,https://www.kenoshacounty.org/
co.langlade.wi.us,Langlade County,Langlade County,WI,City,Q495326,http://www.co.langlade.wi.us
co.wood.wi.us,Wood County,Wood County,WI,City,Q495332,http://www.co.wood.wi.us
co.oneida.wi.gov,Oneida County,Oneida County,WI,City,Q497424,http://www.co.oneida.wi.gov
co.sheridan.nd.us,Sheridan County,Sheridan County,ND,City,Q500598,http://www.co.sheridan.nd.us/
sawyercountygov.org,Sawyer County,Sawyer County,WI,City,Q500784,http://www.sawyercountygov.org
co.washburn.wi.us,Washburn County,Washburn County,WI,City,Q500793,http://www.co.washburn.wi.us
sheboygancounty.com,Sheboygan County,Sheboygan County,WI,City,Q500803,http://www.SheboyganCounty.com
co.vilas.wi.us,Vilas County,Vilas County,WI,City,Q500813,http://www.co.vilas.wi.us
co.shawano.wi.us,Shawano County,Shawano County,WI,City,Q500838,http://www.co.shawano.wi.us
co.waupaca.wi.us,Waupaca County,Waupaca County,WI,City,Q500854,http://www.co.waupaca.wi.us
ruskcounty.org,Rusk County,Rusk County,WI,City,Q500861,http://www.ruskcounty.org
co.la-crosse.wi.us,La Crosse County,La Crosse County,WI,City,Q500871,http://www.co.la-crosse.wi.us
co.waushara.wi.us,Waushara County,Waushara County,WI,City,Q500880,http://co.waushara.wi.us
co.green-lake.wi.us,Green Lake County,Green Lake County,WI,City,Q500891,http://www.co.green-lake.wi.us
co.jackson.wi.us,Jackson County,Jackson County,WI,City,Q500897,https://www.co.jackson.wi.us
co.portage.wi.us,Portage County,Portage County,WI,City,Q500908,http://www.co.portage.wi.us
co.marquette.wi.us,Marquette County,Marquette County,WI,City,Q500918,http://www.co.marquette.wi.us
co.rock.wi.us,Rock County,Rock County,WI,City,Q500939,https://www.co.rock.wi.us/
co.grant.wi.gov,Grant County,Grant County,WI,City,Q500977,http://www.co.grant.wi.gov
co.manitowoc.wi.us,Manitowoc County,Manitowoc County,WI,City,Q500984,http://www.co.manitowoc.wi.us
co.washington.wi.us,Washington County,Washington County,WI,City,Q501559,http://www.co.washington.wi.us
co.pierce.wi.us,Pierce County,Pierce County,WI,City,Q501575,https://www.co.pierce.wi.us/
iowacounty.org,Iowa County,Iowa County,WI,City,Q501582,http://www.iowacounty.org
co.vernon.wi.gov,Vernon County,Vernon County,WI,City,Q501587,http://www.co.vernon.wi.gov
co.richland.wi.us,Richland County,Richland County,WI,City,Q501596,http://www.co.richland.wi.us
florencewisconsin.com,Florence County,Florence County,WI,City,Q501989,http://www.florencewisconsin.com
co.forest.wi.gov,Forest County,Forest County,WI,City,Q502086,http://www.co.forest.wi.gov
countyofdane.com,Dane County,Dane County,WI,City,Q502200,http://www.countyofdane.com
co.juneau.wi.gov,Juneau County,Juneau County,WI,City,Q502222,http://www.co.juneau.wi.gov
co.winnebago.wi.us,Winnebago County,Winnebago County,WI,City,Q502244,http://www.co.winnebago.wi.us
county.milwaukee.gov,Milwaukee County,Milwaukee County,WI,City,Q502294,http://www.county.milwaukee.gov
co.taylor.wi.us,Taylor County,Taylor County,WI,City,Q505638,http://www.co.taylor.wi.us
co.price.wi.us,Price County,Price County,WI,City,Q505644,http://www.co.price.wi.us
co.marathon.wi.us,Marathon County,Marathon County,WI,City,Q505848,http://www.co.marathon.wi.us
co.pepin.wi.us,Pepin County,Pepin County,WI,City,Q505868,http://www.co.pepin.wi.us
co.ozaukee.wi.us,Ozaukee County,Ozaukee County,WI,City,Q505874,http://www.co.ozaukee.wi.us
racineco.com,Racine County,Racine County,WI,City,Q510122,http://www.racineco.com
outagamie.org,Outagamie County,Outagamie County,WI,City,Q510244,https://www.outagamie.org/
ransomcountynd.com,Ransom County,Ransom County,ND,City,Q511461,http://www.ransomcountynd.com
sargentnd.com,Sargent County,Sargent County,ND,City,Q511470,http://www.sargentnd.com
co.steele.nd.us,Steele County,Steele County,ND,City,Q511478,http://www.co.steele.nd.us
slopecountynd.com,Slope County,Slope County,ND,City,Q511487,http://www.slopecountynd.com
co.stutsman.nd.us,Stutsman County,Stutsman County,ND,City,Q511498,http://www.co.stutsman.nd.us
townercountynd.com,Towner County,Towner County,ND,City,Q511510,http://townercountynd.com
co.traill.nd.us,Traill County,Traill County,ND,City,Q511524,http://www.co.traill.nd.us
kewauneeco.org,Kewaunee County,Kewaunee County,WI,City,Q932951,http://www.kewauneeco.org
co.monroe.wi.us,Monroe County,Monroe County,WI,City,Q932966,https://www.co.monroe.wi.us/
marinettecounty.com,Marinette County,Marinette County,WI,City,Q1130480,http://www.marinettecounty.com
bonhomme.sdcounties.org,Bon Homme County,Bon Homme County,SD,City,Q484234,http://bonhomme.sdcounties.org
co.vermilion.il.us,Vermilion County,Vermilion County,IL,City,Q484273,http://www.co.vermilion.il.us
districtiii.org,Aurora County,Aurora County,SD,City,Q484633,https://www.districtiii.org/district/aurora.php
beadle.sdcounties.org,Beadle County,Beadle County,SD,City,Q484780,http://beadle.sdcounties.org
countyofkane.org,Kane County,Kane County,IL,City,Q486112,http://www.countyofkane.org/
henrycty.com,Henry County,Henry County,IL,City,Q486328,http://www.henrycty.com/
jaspercountyillinois.org,Jasper County,Jasper County,IL,City,Q486431,https://jaspercountyillinois.org/
jeffersoncounty.illinois.gov,Jefferson County,Jefferson County,IL,City,Q486440,https://jeffersoncounty.illinois.gov/
hendersoncountyedc.com,Henderson County,Henderson County,IL,City,Q486444,http://www.hendersoncountyedc.com
co.madison.il.us,Madison County,Madison County,IL,City,Q486448,http://www.co.madison.il.us
co.jackson.il.us,Jackson County,Jackson County,IL,City,Q486471,http://www.co.jackson.il.us
washingtonco.illinois.gov,Washington County,Washington County,IL,City,Q486486,http://washingtonco.illinois.gov/
hardincountyil.org,Hardin County,Hardin County,IL,City,Q486495,https://www.hardincountyil.org/
randolphco.org,Randolph County,Randolph County,IL,City,Q486499,http://www.randolphco.org
menardcountyil.com,Menard County,Menard County,IL,City,Q486503,http://www.menardcountyil.com
co.st-clair.il.us,St. Clair County,St. Clair County,IL,City,Q486507,http://www.co.st-clair.il.us
perrycountyil.org,Perry County,Perry County,IL,City,Q486517,http://www.perrycountyil.org
jodaviess.org,Jo Daviess County,Jo Daviess County,IL,City,Q486530,http://www.jodaviess.org
fordcounty.illinois.gov,Ford County,Ford County,IL,City,Q486874,https://fordcounty.illinois.gov/
piattcounty.org,Piatt County,Piatt County,IL,City,Q487322,http://www.piattcounty.org
co.mchenry.il.us,McHenry County,McHenry County,IL,City,Q487403,http://www.co.mchenry.il.us
pulaskicountyil.net,Pulaski County,Pulaski County,IL,City,Q488475,https://www.pulaskicountyil.net
montgomeryco.com,Montgomery County,Montgomery County,IL,City,Q488492,http://www.montgomeryco.com
monroecountyil.org,Monroe County,Monroe County,IL,City,Q488522,http://www.monroecountyil.org
visitcarrollcountyil.com,Carroll County,Carroll County,IL,City,Q488553,http://VisitCarrollCountyIL.com
oglecounty.org,Ogle County,Ogle County,IL,City,Q488560,http://www.oglecounty.org
davisoncounty.org,Davison County,Davison County,SD,City,Q488922,http://www.davisoncounty.org
brown.sd.us,Brown County,Brown County,SD,City,Q489062,http://www.brown.sd.us
codington.org,Codington County,Codington County,SD,City,Q489075,http://www.codington.org
corson.sdcounties.org,Corson County,Corson County,SD,City,Q489079,http://corson.sdcounties.org
clark.sdcounties.org,Clark County,Clark County,SD,City,Q489083,https://clark.sdcounties.org/
brulecounty.org,Brule County,Brule County,SD,City,Q489088,http://www.brulecounty.org
lawrence.sd.us,Lawrence County,Lawrence County,SD,City,Q489099,http://www.lawrence.sd.us
charlesmix.sdcounties.org,Charles Mix County,Charles Mix County,SD,City,Q489159,http://charlesmix.sdcounties.org
minnehahacounty.org,Minnehaha County,Minnehaha County,SD,City,Q489222,http://www.minnehahacounty.org
douglas.sdcounties.org,Douglas County,Douglas County,SD,City,Q489259,https://douglas.sdcounties.org/
deuelcountysd.com,Deuel County,Deuel County,SD,City,Q489265,https://www.deuelcountysd.com/
claycountysd.org,Clay County,Clay County,SD,City,Q489273,http://www.claycountysd.org
custercountysd.com,Custer County,Custer County,SD,City,Q489620,http://www.custercountysd.com/
grantcountysd.com,Grant County,Grant County,SD,City,Q490498,http://www.grantcountysd.com/gcdc
jerseycounty-il.us,Jersey County,Jersey County,IL,City,Q490986,http://www.jerseycounty-il.us
morgancounty-il.com,Morgan County,Morgan County,IL,City,Q490989,https://morgancounty-il.com/wp/
co.sangamon.il.us,Sangamon County,Sangamon County,IL,City,Q490994,http://www.co.sangamon.il.us
fultonco.org,Fulton County,Fulton County,IL,City,Q490999,http://www.fultonco.org
co.rock-island.il.us,Rock Island County,Rock Island County,IL,City,Q491004,http://www.co.rock-island.il.us
co.iroquois.il.us,Iroquois County,Iroquois County,IL,City,Q491011,http://www.co.iroquois.il.us
pikecountyil.org,Pike County,Pike County,IL,City,Q491017,http://www.pikecountyil.org/
warrencountyil.com,Warren County,Warren County,IL,City,Q491021,http://www.warrencountyil.com
co.stephenson.il.us,Stephenson County,Stephenson County,IL,City,Q491032,http://www.co.stephenson.il.us
countyoflee.org,Lee County,Lee County,IL,City,Q491035,http://www.countyoflee.org
moultriecountyil.com,Moultrie County,Moultrie County,IL,City,Q491321,http://www.moultriecountyil.com
masoncountyil.org,Mason County,Mason County,IL,City,Q491343,http://www.masoncountyil.org
mercercountyil.org,Mercer County,Mercer County,IL,City,Q491427,http://www.mercercountyil.org
marshallcountyillinois.com,Marshall County,Marshall County,IL,City,Q491463,http://www.marshallcountyillinois.com
lawrencecountyillinois.com,Lawrence County,Lawrence County,IL,City,Q491470,http://www.lawrencecountyillinois.com
co.kankakee.il.us,Kankakee County,Kankakee County,IL,City,Q494485,http://www.co.kankakee.il.us
knoxcountyil.com,Knox County,Knox County,IL,City,Q494552,http://www.knoxcountyil.com
tazewell.com,Tazewell County,Tazewell County,IL,City,Q494560,http://www.tazewell.com
co.putnam.il.us,Putnam County,Putnam County,IL,City,Q494579,http://www.co.putnam.il.us/
starkco.illinois.gov,Stark County,Stark County,IL,City,Q500645,http://starkco.illinois.gov
scottco.org,Scott County,Scott County,IL,City,Q513010,http://www.scottco.org
newhavenvt.com,New Haven,New Haven,VT,City,Q1893816,http://www.newhavenvt.com/
pantonvt.us,Panton,Panton,VT,City,Q1894544,http://www.pantonvt.us/
riptonvt.org,Ripton,Ripton,VT,City,Q1894816,http://www.riptonvt.org/
townofsalisbury.org,Salisbury,Salisbury,VT,City,Q1896512,http://www.townofsalisbury.org/
starksborovt.org,Starksboro,Starksboro,VT,City,Q1897250,http://www.starksborovt.org/
woodbridgect.org,Woodbridge,Woodbridge,CT,City,Q1898540,https://www.woodbridgect.org/
marlborovt.us,Marlboro,Marlboro,VT,City,Q1902003,https://marlborovt.us/
dorsetvt.org,Dorset,Dorset,VT,City,Q1903749,http://dorsetvt.org
town.hinsdale.nh.us,Hinsdale,Hinsdale,NH,City,Q1911833,http://www.town.hinsdale.nh.us/
millinocket.org,Millinocket,Millinocket,ME,City,Q1935584,http://www.millinocket.org
windsorvt.org,Windsor,Windsor,VT,City,Q1939361,http://www.windsorvt.org
peruvt.org,Peru,Peru,VT,City,Q1939667,http://www.peruvt.org/
readsborovt.org,Readsboro,Readsboro,VT,City,Q1940658,https://readsborovt.org/
sheffieldvt.org,Sheffield,Sheffield,VT,City,Q1950928,https://www.sheffieldvt.org/
westfordvt.us,Westford,Westford,VT,City,Q1968338,https://westfordvt.us/
leicesterma.org,Leicester,Leicester,MA,City,Q1968733,http://www.leicesterma.org/
ci.sheldon.vt.us,Sheldon,Sheldon,VT,City,Q1973448,http://www.ci.sheldon.vt.us
kennebunkmaine.us,Kennebunk,Kennebunk,ME,City,Q1994665,http://www.kennebunkmaine.us/
ci.durham.nh.us,Durham,Durham,NH,City,Q2003309,http://www.ci.durham.nh.us/
town.camden.me.us,Camden,Camden,ME,City,Q2007905,http://town.camden.me.us
townofogunquit.org,Ogunquit,Ogunquit,ME,City,Q2016282,http://www.townofogunquit.org
townofbelviderevt.com,Belvidere,Belvidere,VT,City,Q2049372,https://townofbelviderevt.com/
elmorevt.org,Elmore,Elmore,VT,City,Q2050719,http://www.elmorevt.org
hydeparkvt.com,Hyde Park,Hyde Park,VT,City,Q2051042,https://hydeparkvt.com
townofjohnson.com,Johnson,Johnson,VT,City,Q2057226,http://www.townofjohnson.com/
wolcottvt.org,Wolcott,Wolcott,VT,City,Q2057928,https://wolcottvt.org/
watervillevt.org,Waterville,Waterville,VT,City,Q2058158,http://www.watervillevt.org/
bradford-vt.us,Bradford,Bradford,VT,City,Q2065378,http://www.bradford-vt.us/
braintreevt.com,Braintree,Braintree,VT,City,Q2068656,http://www.braintreevt.com/
brookfieldvt.org,Brookfield,Brookfield,VT,City,Q2068923,http://www.brookfieldvt.org/
fairleevt.org,Fairlee,Fairlee,VT,City,Q2069687,http://www.fairleevt.org/
conwaynh.org,Conway,Conway,NH,City,Q2076159,http://www.conwaynh.org/
plymouth-nh.org,Plymouth,Plymouth,NH,City,Q2076221,https://www.plymouth-nh.org/
town.hillsborough.nh.us,Hillsborough,Hillsborough,NH,City,Q2076252,http://www.town.hillsborough.nh.us/Public_Documents/index
scarboroughmaine.org,Scarborough,Scarborough,ME,City,Q2076311,http://www.scarboroughmaine.org/
town.rockport.ma.us,Rockport,Rockport,MA,City,Q2079395,http://www.town.rockport.ma.us/
town.swampscott.ma.us,Swampscott,Swampscott,MA,City,Q2086267,http://www.town.swampscott.ma.us/
bridgewaterma.org,Bridgewater,Bridgewater,MA,City,Q2086280,http://www.bridgewaterma.org/
westminstervt.org,Westminster,Westminster,VT,City,Q2121414,http://www.westminstervt.org/
weathersfieldvt.org,Weathersfield,Weathersfield,VT,City,Q2121536,https://www.weathersfieldvt.org/
sanborntonnh.org,Sanbornton,Sanbornton,NH,City,Q2188563,http://www.sanborntonnh.org/
seymourct.org,Seymour,Seymour,CT,City,Q2275932,http://www.seymourct.org/
townofbourne.com,Bourne,Bourne,MA,City,Q2282039,http://www.townofbourne.com/
townofrowley.net,Rowley,Rowley,MA,City,Q2302509,http://www.townofrowley.net/
chathamnh.org,Chatham,Chatham,NH,City,Q2304537,http://chathamnh.org
town.lynnfield.ma.us,Lynnfield,Lynnfield,MA,City,Q951779,http://www.town.lynnfield.ma.us/
townofnorthberwick.org,North Berwick,North Berwick,ME,City,Q959877,http://www.townofnorthberwick.org/
gilfordnh.org,Gilford,Gilford,NH,City,Q972314,http://www.gilfordnh.org/
kittery.org,Kittery,Kittery,ME,City,Q973112,http://www.kittery.org/
newmilford.org,New Milford,New Milford,CT,City,Q977989,https://www.newmilford.org/
edgartown-ma.us,Edgartown,Edgartown,MA,City,Q985233,http://www.edgartown-ma.us/cms/
winchester.us,Winchester,Winchester,MA,City,Q991443,https://www.winchester.us/
newportmaine.net,Newport,Newport,ME,City,Q992483,http://www.newportmaine.net/
essex.org,Essex,Essex,VT,City,Q1004241,http://www.essex.org/
townofmadawaska.com,Madawaska,Madawaska,ME,City,Q1007939,http://www.townofmadawaska.com
hopkinton.org,Hopkinton,Hopkinton,MA,City,Q1009192,http://www.hopkinton.org/
carrollnh.org,Carroll,Carroll,NH,City,Q1013089,https://carrollnh.org/
townofsalemnh.org,Salem,Salem,NH,City,Q1013102,http://www.townofsalemnh.org/
shelburnevt.org,Shelburne,Shelburne,VT,City,Q1018289,http://www.shelburnevt.org/
chelseavt.org,Chelsea,Chelsea,VT,City,Q1025389,https://www.chelseavt.org
cambridge.vermont.gov,Cambridge,Cambridge,VT,City,Q1028276,http://www.cambridge.vermont.gov
townofcanaannh.us,Canaan,Canaan,NH,City,Q1031897,http://www.townofcanaannh.us/
castletonvermont.org,Castleton,Castleton,VT,City,Q1049714,https://www.castletonvermont.org/
buxton.me.us,Buxton,Buxton,ME,City,Q1072836,http://www.buxton.me.us/
townofgb.org,Great Barrington,Great Barrington,MA,City,Q1144518,http://www.townofgb.org/Pages/index
danvillevermont.org,Danville,Danville,VT,City,Q1165177,http://www.danvillevermont.org/
doververmont.com,Dover,Dover,VT,City,Q1252918,http://www.doververmont.com
dummerston.org,Dummerston,Dummerston,VT,City,Q1265111,https://dummerston.org/
easthaddam.org,East Haddam,East Haddam,CT,City,Q1277891,http://www.easthaddam.org/
townofgeorgia.com,Georgia,Georgia,VT,City,Q1343132,http://www.townofgeorgia.com/
enosburghvt.org,Enosburgh,Enosburgh,VT,City,Q1343620,https://www.enosburghvt.org/
fairfieldvermont.us,Fairfield,Fairfield,VT,City,Q1393235,https://fairfieldvermont.us/
randolph.vt.us,Randolph,Randolph,VT,City,Q1441076,http://www.randolph.vt.us/
franklinvermont.com,Franklin,Franklin,VT,City,Q1445178,http://www.franklinvermont.com/
putnamct.us,Putnam,Putnam,CT,City,Q1484880,https://www.putnamct.us/
norwich.vt.us,Norwich,Norwich,VT,City,Q1510465,http://www.norwich.vt.us
graftonvt.org,Grafton,Grafton,VT,City,Q1541896,https://graftonvt.org/
halifaxvt.com,Halifax,Halifax,VT,City,Q1571057,https://halifaxvt.com/
hancockvt.us,Hancock,Hancock,VT,City,Q1574301,http://hancockvt.us/
hartford-vt.org,Hartford,Hartford,VT,City,Q1587168,http://www.hartford-vt.org/
hartland.govoffice.com,Hartland,Hartland,VT,City,Q1587245,http://www.hartland.govoffice.com/
southherovt.org,South Hero,South Hero,VT,City,Q1608619,https://southherovt.org/
hinesburg.org,Hinesburg,Hinesburg,VT,City,Q1619395,http://www.hinesburg.org/
rockinghamvt.org,Rockingham,Rockingham,VT,City,Q1621936,https://www.rockinghamvt.org/
town.jaffrey.nh.us,Jaffrey,Jaffrey,NH,City,Q1639666,http://town.jaffrey.nh.us/
kennebunkport.org,Kennebunkport,Kennebunkport,ME,City,Q1738795,https://www.kennebunkport.org/
kentct.org,Kent,Kent,CT,City,Q1739029,http://www.kentct.org/
shorehamvt.org,Shoreham,Shoreham,VT,City,Q1773335,http://shorehamvt.org/
plymouthvt.org,Plymouth,Plymouth,VT,City,Q1787251,https://www.plymouthvt.org/
miltonvt.org,Milton,Milton,VT,City,Q1789757,http://www.miltonvt.org/
lincolnri.com,Lincoln,Lincoln,RI,City,Q1816735,http://www.lincolnri.com
ci.burlington.vt.us,Williston,Williston,VT,City,Q1819030,http://www.ci.burlington.vt.us
bartonvermont.com,Barton,Barton,VT,City,Q1868852,https://www.bartonvermont.com/
bristolvt.org,Bristol,Bristol,VT,City,Q1871330,http://www.bristolvt.org/
cornwallvt.com,Cornwall,Cornwall,VT,City,Q1874151,http://CornwallVT.com/
ferrisburghvt.org,Ferrisburgh,Ferrisburgh,VT,City,Q1874592,http://www.ferrisburghvt.org/
granvillevermont.org,Granville,Granville,VT,City,Q1876087,http://www.granvillevermont.org/
leicestervt.org,Leicester,Leicester,VT,City,Q1877569,http://www.leicestervt.org/
lincolnvermont.org,Lincoln,Lincoln,VT,City,Q1892234,https://lincolnvermont.org
monktonvt.com,Monkton,Monkton,VT,City,Q1893148,http://monktonvt.com/
townofdeerfieldnh.com,Deerfield,Deerfield,NH,City,Q2304547,http://www.townofdeerfieldnh.com/
vernonvt.org,Vernon,Vernon,VT,City,Q2305724,https://vernonvt.org
straffordvt.net,Strafford,Strafford,VT,City,Q2305933,http://www.straffordvt.net/
ashland.nh.gov,Ashland,Ashland,NH,City,Q2310716,http://www.ashland.nh.gov
belmontnh.org,Belmont,Belmont,NH,City,Q2310774,http://www.belmontnh.org/
ci.reading.ma.us,Reading,Reading,MA,City,Q2318684,http://www.ci.reading.ma.us/
albanynh.org,Albany,Albany,NH,City,Q2323057,http://www.albanynh.org/
yorkmaine.org,York,York,ME,City,Q2323126,http://www.yorkmaine.org/
enfield.org,Enfield,Enfield,CT,City,Q2323139,http://www.enfield.org/
franconianh.org,Franconia,Franconia,NH,City,Q2323254,http://www.franconianh.org/
thetfordvermont.us,Thetford,Thetford,VT,City,Q2348131,http://www.thetfordvermont.us/
tunbridgevt.com,Tunbridge,Tunbridge,VT,City,Q2348930,http://www.tunbridgevt.com
town.west-bridgewater.ma.us,West Bridgewater,West Bridgewater,MA,City,Q2416264,http://www.town.west-bridgewater.ma.us/
townoforange.org,Orange,Orange,MA,City,Q2416514,http://townoforange.org/
newdurhamnh.us,New Durham,New Durham,NH,City,Q2416718,http://www.newdurhamnh.us/
candianh.org,Candia,Candia,NH,City,Q2416969,http://www.candianh.org/
washingtonnh.org,Washington,Washington,NH,City,Q2416989,http://www.washingtonnh.org/
bradfordnh.org,Bradford,Bradford,NH,City,Q2417112,http://www.bradfordnh.org/
townofdanville.org,Danville,Danville,NH,City,Q2417157,http://www.townofdanville.org/
townofnewipswich.org,New Ipswich,New Ipswich,NH,City,Q2417215,http://www.townofnewipswich.org/
townofbennington.com,Bennington,Bennington,NH,City,Q2417391,http://www.townofbennington.com/
francestown-nh.gov,Francestown,Francestown,NH,City,Q2417481,http://www.francestown-nh.gov/
bethlehemnh.org,Bethlehem,Bethlehem,NH,City,Q2417533,http://www.bethlehemnh.org
marlow-nh.org,Marlow,Marlow,NH,City,Q2418295,http://www.marlow-nh.org/
easton.ma.us,Easton,Easton,MA,City,Q2418423,http://www.easton.ma.us/
acushnet.ma.us,Acushnet,Acushnet,MA,City,Q2426530,http://www.acushnet.ma.us/
wakefield.ma.us,Wakefield,Wakefield,MA,City,Q2426909,http://www.wakefield.ma.us/
lee.ma.us,Lee,Lee,MA,City,Q2427080,http://www.lee.ma.us/
town.oxford.ma.us,Oxford,Oxford,MA,City,Q2427398,http://www.town.oxford.ma.us/
tiltonnh.org,Tilton,Tilton,NH,City,Q2430019,http://www.tiltonnh.org/
town.sandwich.nh.us,Sandwich,Sandwich,NH,City,Q2430049,http://town.sandwich.nh.us/
brookfieldnh.org,Brookfield,Brookfield,NH,City,Q2430054,http://www.brookfieldnh.org/
harrisvillenh.org,Harrisville,Harrisville,NH,City,Q2430096,http://www.harrisvillenh.org/
effinghamnh.net,Effingham,Effingham,NH,City,Q2430133,http://www.effinghamnh.net/
wakefieldnh.com,Wakefield,Wakefield,NH,City,Q2430147,http://www.wakefieldnh.com/
stoddardnh.org,Stoddard,Stoddard,NH,City,Q2430576,http://www.stoddardnh.org/
townofbecket.org,Becket,Becket,MA,City,Q2431830,http://www.townofbecket.org
town.pepperell.ma.us,Pepperell,Pepperell,MA,City,Q2432951,http://www.town.pepperell.ma.us/
littletonma.org,Littleton,Littleton,MA,City,Q2433090,https://www.littletonma.org/
leverett.ma.us,Leverett,Leverett,MA,City,Q2437287,http://www.leverett.ma.us/
andoverct.org,Andover,Andover,CT,City,Q2446053,http://andoverct.org/
wellstown.org,Wells,Wells,ME,City,Q2446241,http://www.wellstown.org/
eliotmaine.org,Eliot,Eliot,ME,City,Q2533865,https://www.eliotmaine.org/
wrentham.ma.us,Wrentham,Wrentham,MA,City,Q2536885,http://wrentham.ma.us/
townofhillnh.org,Hill,Hill,NH,City,Q2536910,http://www.townofhillnh.org/
weston.govoffice.com,Weston,Weston,MA,City,Q2565620,http://weston.govoffice.com/
pomfretct.com,Pomfret,Pomfret,CT,City,Q2572436,http://www.pomfretct.com/
cavendishvt.com,Cavendish,Cavendish,VT,City,Q2605450,https://www.cavendishvt.com/
topshammaine.com,Topsham,Topsham,ME,City,Q2713328,http://www.topshammaine.com/
franklinct.com,Franklin,Franklin,CT,City,Q2723766,http://www.franklinct.com/
newcastlenh.org,New Castle,New Castle,NH,City,Q2723772,http://www.newcastlenh.org/
southberwickmaine.org,South Berwick,South Berwick,ME,City,Q2723786,http://www.southberwickmaine.org/
haddam.org,Haddam,Haddam,CT,City,Q2723791,http://www.haddam.org/
rangeleymaine.com,Rangeley,Rangeley,ME,City,Q2726439,https://www.rangeleymaine.com/
orono.org,Orono,Orono,ME,City,Q2736049,http://www.orono.org
winslowmaine.org,Winslow,Winslow,ME,City,Q2736054,http://www.winslowmaine.org/
bristolmaine.org,Bristol,Bristol,ME,City,Q2740437,http://www.bristolmaine.org/
wrutland.org,West Rutland,West Rutland,VT,City,Q2747123,http://www.wrutland.org
royaltonvt.com,Royalton,Royalton,VT,City,Q2881960,http://www.royaltonvt.com
townofchebeagueisland.org,Chebeague Island,Chebeague Island,ME,City,Q2894870,http://www.townofchebeagueisland.org
ci.stoneham.ma.us,Stoneham,Stoneham,MA,City,Q2901023,http://www.ci.stoneham.ma.us/
cabotvt.us,Cabot,Cabot,VT,City,Q2932446,http://www.cabotvt.us
townofcraftsbury.com,Craftsbury,Craftsbury,VT,City,Q2970916,http://www.townofcraftsbury.com
benson-vt.com,Benson,Benson,VT,City,Q2972244,http://www.benson-vt.com
butte.sdcounties.org,Butte County,Butte County,SD,City,Q2613601,http://butte.sdcounties.org
marblehead.org,Marblehead,Marblehead,MA,City,Q27416,https://www.marblehead.org/
west-hartford.com,West Hartford,West Hartford,CT,City,Q49140,http://www.west-hartford.com/
visithampshirecounty.com,Amherst,Amherst,MA,City,Q49164,https://visithampshirecounty.com/explore/destinations/amherst/
greenwichct.org,Greenwich,Greenwich,CT,City,Q49202,http://www.greenwichct.org/
plainfieldvt.us,Plainfield,Plainfield,VT,City,Q254788,https://www.plainfieldvt.us/
townofmiddleton.org,Middleton,Middleton,MA,City,Q264512,http://www.townofmiddleton.org/
addisonvt.net,Addison,Addison,VT,City,Q353095,https://www.addisonvt.net/
wilmingtonvermont.us,Wilmington,Wilmington,VT,City,Q370101,https://wilmingtonvermont.us/
town.ipswich.ma.us,Ipswich,Ipswich,MA,City,Q376786,http://www.town.ipswich.ma.us/
oobmaine.com,Old Orchard Beach,Old Orchard Beach,ME,City,Q388977,http://www.oobmaine.com/
egoshen.net,Goshen,Goshen,MA,City,Q392598,http://www.egoshen.net/
town.billerica.ma.us,Billerica,Billerica,MA,City,Q403428,http://www.town.billerica.ma.us/
millbury-ma.org,Millbury,Millbury,MA,City,Q425586,http://www.millbury-ma.org/
edenvt.org,Eden,Eden,VT,City,Q510896,http://www.edenvt.org
fairhavenvt.org,Fair Haven,Fair Haven,VT,City,Q515582,http://www.fairhavenvt.org/
westonvt.com,Weston,Weston,VT,City,Q515736,http://www.westonvt.com/
brunswickme.org,Brunswick,Brunswick,ME,City,Q518466,http://www.brunswickme.org/
oxfordmaine.org,Oxford,Oxford,ME,City,Q539085,https://www.oxfordmaine.org/
townofstowevt.org,Stowe,Stowe,VT,City,Q550498,http://www.townofstowevt.org/
hebronnh.org,Hebron,Hebron,NH,City,Q586964,http://www.hebronnh.org/
manchester.govoffice2.com,Manchester,Manchester,ME,City,Q588282,http://www.manchester.govoffice2.com
newington.nh.us,Newington,Newington,NH,City,Q589768,http://www.newington.nh.us/
sudbury.ma.us,Sudbury,Sudbury,MA,City,Q591591,https://sudbury.ma.us/
sherbornma.org,Sherborn,Sherborn,MA,City,Q591912,https://www.sherbornma.org/
hampden.org,Hampden,Hampden,MA,City,Q594980,http://www.hampden.org/
richmond.nh.gov,Richmond,Richmond,NH,City,Q596795,http://www.richmond.nh.gov/
henniker.org,Henniker,Henniker,NH,City,Q598615,http://www.henniker.org/
townofnelson.com,Nelson,Nelson,NH,City,Q601573,http://www.townofnelson.com/
wolfeboronh.us,Wolfeboro,Wolfeboro,NH,City,Q601652,http://www.wolfeboronh.us/
windsornh.org,Windsor,Windsor,NH,City,Q607379,http://windsornh.org/
woodburyct.org,Woodbury,Woodbury,CT,City,Q607420,http://www.woodburyct.org/
ci.mashpee.ma.us,Mashpee,Mashpee,MA,City,Q612652,http://www.ci.mashpee.ma.us/
chesternh.org,Chester,Chester,NH,City,Q629497,https://www.chesternh.org/
cantonmaine.org,Canton,Canton,ME,City,Q629704,http://www.cantonmaine.org/
weare.nh.gov,Weare,Weare,NH,City,Q634813,http://www.weare.nh.gov/
pembroke-nh.com,Pembroke,Pembroke,NH,City,Q645979,http://www.pembroke-nh.com/
fremont.nh.gov,Fremont,Fremont,NH,City,Q646903,https://www.fremont.nh.gov/
warrenct.org,Warren,Warren,CT,City,Q647994,http://www.warrenct.org/
northfield.ma.us,Northfield,Northfield,MA,City,Q652287,http://www.northfield.ma.us/
manchester.ma.us,Manchester-by-the-Sea,Manchester-by-the-Sea,MA,City,Q657748,http://www.manchester.ma.us/
southwindsor.org,South Windsor,South Windsor,CT,City,Q662477,http://www.southwindsor.org/Pages/swindsorct_bcomm/council
lincolntown.org,Lincoln,Lincoln,MA,City,Q663035,http://www.lincolntown.org/
town.bedford.ma.us,Bedford,Bedford,MA,City,Q665011,http://www.town.bedford.ma.us/
nahant.org,Nahant,Nahant,MA,City,Q665163,http://www.nahant.org/default.shtml
phillipsmaine.com,Phillips,Phillips,ME,City,Q669119,http://www.phillipsmaine.com/
lymannh.org,Lyman,Lyman,NH,City,Q669692,https://www.lymannh.org/
townofmilton.org,Milton,Milton,MA,City,Q739428,https://www.townofmilton.org/
farmington-ct.org,Farmington,Farmington,CT,City,Q743287,http://www.farmington-ct.org/
auburnnh.us,Auburn,Auburn,NH,City,Q747146,http://www.auburnnh.us/
easthamptonct.org,East Hampton,East Hampton,CT,City,Q753922,http://www.easthamptonct.org/
canaanfallsvillage.org,Canaan,Canaan,CT,City,Q753937,https://www.canaanfallsvillage.org/
fairfieldct.org,Fairfield,Fairfield,CT,City,Q754635,https://www.fairfieldct.org/
newcanaan.info,New Canaan,New Canaan,CT,City,Q754951,https://www.newcanaan.info/
clintonct.org,Clinton,Clinton,CT,City,Q755130,http://www.clintonct.org/
athensvt.com,Athens,Athens,VT,City,Q755427,https://www.athensvt.com/
town.avon.ct.us,Avon,Avon,CT,City,Q791265,http://www.town.avon.ct.us/
townofbakersfield.org,Bakersfield,Bakersfield,VT,City,Q804403,https://townofbakersfield.org/
town.barnstable.ma.us,Barnstable,Barnstable,MA,City,Q808535,https://town.barnstable.ma.us/
calhouncounty.org,Calhoun County,Calhoun County,AL,City,Q108856,http://www.calhouncounty.org
butlercountyal.com,Butler County,Butler County,AL,City,Q108871,https://butlercountyal.com
choctawcountyal.org,Choctaw County,Choctaw County,AL,City,Q111254,https://www.choctawcountyal.org/
bullockcountyal.com,Bullock County,Bullock County,AL,City,Q111259,http://www.bullockcountyal.com
chiltoncounty.org,Chilton County,Chilton County,AL,City,Q111266,https://chiltoncounty.org/
clarkecountyal.com,Clarke County,Clarke County,AL,City,Q111273,http://www.clarkecountyal.com
chamberscounty.com,Chambers County,Chambers County,AL,City,Q111280,http://www.chamberscounty.com
jeffconline.jccal.org,Jefferson County,Jefferson County,AL,City,Q112271,http://jeffconline.jccal.org
co.morgan.al.us,Morgan County,Morgan County,AL,City,Q137828,http://www.co.morgan.al.us
autaugaco.org,Autauga County,Autauga County,AL,City,Q156168,http://www.autaugaco.org
co.cullman.al.us,Cullman County,Cullman County,AL,City,Q188204,http://www.co.cullman.al.us
pccommission.org,Perry County,Perry County,AL,City,Q253538,http://www.pccommission.org
lauderdalecountyonline.com,Lauderdale County,Lauderdale County,AL,City,Q261672,http://lauderdalecountyonline.com/
talladegacountyal.org,Talladega County,Talladega County,AL,City,Q302918,http://www.talladegacountyal.org
cleburnecounty.us,Cleburne County,Cleburne County,AL,City,Q327080,http://www.cleburnecounty.us
bibbal.com,Bibb County,Bibb County,AL,City,Q461204,http://www.bibbal.com
coffeecounty.us,Coffee County,Coffee County,AL,City,Q485660,http://www.coffeecounty.us
conecuhcounty.us,Conecuh County,Conecuh County,AL,City,Q487716,https://www.conecuhcounty.us/
covcounty.com,Covington County,Covington County,AL,City,Q487725,http://www.covcounty.com
colbertcounty.org,Colbert County,Colbert County,AL,City,Q487731,https://www.colbertcounty.org/
lakecountyco.com,Lake County,Lake County,CO,City,Q32349,http://www.lakecountyco.com
co.moffat.co.us,Moffat County,Moffat County,CO,City,Q63729,http://www.co.moffat.co.us
co.weld.co.us,Weld County,Weld County,CO,City,Q94783,http://www.co.weld.co.us
elpasoco.com,El Paso County,El Paso County,CO,City,Q111774,http://www.elpasoco.com
co.adams.co.us,Adams County,Adams County,CO,City,Q112807,http://www.co.adams.co.us
co.clear-creek.co.us,Clear Creek County,Clear Creek County,CO,City,Q112977,http://www.co.clear-creek.co.us
bouldercounty.org,Boulder County,Boulder County,CO,City,Q113029,http://www.bouldercounty.org
chaffeecounty.org,Chaffee County,Chaffee County,CO,City,Q113423,https://www.chaffeecounty.org/
eaglecounty.us,Eagle County,Eagle County,CO,City,Q115551,https://www.eaglecounty.us
douglas.co.us,Douglas County,Douglas County,CO,City,Q115556,http://www.douglas.co.us
garfield-county.com,Garfield County,Garfield County,CO,City,Q115568,http://www.garfield-county.com
co.gilpin.co.us,Gilpin County,Gilpin County,CO,City,Q115577,http://www.co.gilpin.co.us
fremontco.com,Fremont County,Fremont County,CO,City,Q115583,http://www.fremontco.com
co.grand.co.us,Grand County,Grand County,CO,City,Q115589,http://co.grand.co.us
co.larimer.co.us,Larimer County,Larimer County,CO,City,Q127970,http://www.co.larimer.co.us
kiowacountycolo.com,Kiowa County,Kiowa County,CO,City,Q127972,https://www.kiowacountycolo.com
huerfano.us,Huerfano County,Huerfano County,CO,City,Q127973,http://www.huerfano.us
ccionline.org,Jackson County,Jackson County,CO,City,Q127975,http://www.ccionline.org/counties/jackson.html
jeffco.us,Jefferson County,Jefferson County,CO,City,Q127978,http://www.jeffco.us
gunnisoncounty.org,Gunnison County,Gunnison County,CO,City,Q127979,https://www.gunnisoncounty.org
lasanimascounty.org,Las Animas County,Las Animas County,CO,City,Q128075,http://lasanimascounty.org
kitcarsoncounty.org,Kit Carson County,Kit Carson County,CO,City,Q128079,http://www.kitcarsoncounty.org
hinsdalecountycolorado.us,Hinsdale County,Hinsdale County,CO,City,Q128080,http://www.hinsdalecountycolorado.us
co.laplata.co.us,La Plata County,La Plata County,CO,City,Q128096,http://co.laplata.co.us
mesacounty.us,Mesa County,Mesa County,CO,City,Q153251,http://www.mesacounty.us
prowerscounty.net,Prowers County,Prowers County,CO,City,Q175035,http://www.prowerscounty.net
archuletacounty.org,Archuleta County,Archuleta County,CO,City,Q311894,http://www.archuletacounty.org
alamosacounty.org,Alamosa County,Alamosa County,CO,City,Q311901,http://www.alamosacounty.org
co.arapahoe.co.us,Arapahoe County,Arapahoe County,CO,City,Q311904,http://www.co.arapahoe.co.us
co.cheyenne.co.us,Cheyenne County,Cheyenne County,CO,City,Q311908,http://www.co.cheyenne.co.us
sedgwickcountygov.net,Sedgwick County,Sedgwick County,CO,City,Q311921,http://www.sedgwickcountygov.net
deltacounty.com,Delta County,Delta County,CO,City,Q312149,http://www.deltacounty.com
custercountygov.com,Custer County,Custer County,CO,City,Q312155,http://custercountygov.com
bentcounty.org,Bent County,Bent County,CO,City,Q312201,http://www.bentcounty.org
crowleycounty.net,Crowley County,Crowley County,CO,City,Q312254,http://www.crowleycounty.net
dolorescounty.org,Dolores County,Dolores County,CO,City,Q312449,http://www.dolorescounty.org
co.summit.co.us,Summit County,Summit County,CO,City,Q312453,http://www.co.summit.co.us/
conejoscounty.org,Conejos County,Conejos County,CO,City,Q312455,http://www.conejoscounty.org
loganco.gov,Logan County,Logan County,CO,City,Q312470,http://www.loganco.gov
mineralcountycolorado.com,Mineral County,Mineral County,CO,City,Q312473,http://www.mineralcountycolorado.com
aspenpitkin.com,Pitkin County,Pitkin County,CO,City,Q312475,http://aspenpitkin.com
co.washington.co.us,Washington County,Washington County,CO,City,Q312487,http://co.washington.co.us
montezumacounty.org,Montezuma County,Montezuma County,CO,City,Q312497,https://montezumacounty.org/
oterogov.com,Otero County,Otero County,CO,City,Q312509,http://www.oterogov.com
saguachecounty.net,Saguache County,Saguache County,CO,City,Q312563,http://www.saguachecounty.net
lincolncountyco.us,Lincoln County,Lincoln County,CO,City,Q312586,http://www.lincolncountyco.us
co.pueblo.co.us,Pueblo County,Pueblo County,CO,City,Q312731,http://www.co.pueblo.co.us
co.routt.co.us,Routt County,Routt County,CO,City,Q312734,http://www.co.routt.co.us
riograndecounty.org,Rio Grande County,Rio Grande County,CO,City,Q312737,http://www.riograndecounty.org
montrosecounty.net,Montrose County,Montrose County,CO,City,Q312740,http://www.montrosecounty.net
parkco.us,Park County,Park County,CO,City,Q312742,https://www.parkco.us/
yumacounty.net,Yuma County,Yuma County,CO,City,Q312744,http://www.yumacounty.net
co.teller.co.us,Teller County,Teller County,CO,City,Q312746,http://www.co.teller.co.us
co.morgan.co.us,Morgan County,Morgan County,CO,City,Q312748,http://www.co.morgan.co.us
coosacountyal.com,Coosa County,Coosa County,AL,City,Q487738,http://www.coosacountyal.com/
co.escambia.al.us,Escambia County,Escambia County,AL,City,Q487744,http://www.co.escambia.al.us
crenshawcountyalonline.com,Crenshaw County,Crenshaw County,AL,City,Q488831,http://www.crenshawcountyalonline.com
dalecountyal.org,Dale County,Dale County,AL,City,Q488840,http://www.dalecountyal.org
dallascounty-al.org,Dallas County,Dallas County,AL,City,Q488847,https://www.dallascounty-al.org
franklincountyal.org,Franklin County,Franklin County,AL,City,Q488892,http://www.franklincountyal.org
alabamagis.com,Pike County,Pike County,AL,City,Q492888,http://www.alabamagis.com/Pike/
greenecountyalabama.com,Greene County,Greene County,AL,City,Q493709,http://greenecountyalabama.com
genevacounty.us,Geneva County,Geneva County,AL,City,Q494620,http://www.genevacounty.us
dekalbcountyal.us,DeKalb County,DeKalb County,AL,City,Q494626,http://www.dekalbcountyal.us
elmoreco.org,Elmore County,Elmore County,AL,City,Q494630,http://www.elmoreco.org
houstoncounty.org,Houston County,Houston County,AL,City,Q496292,http://www.houstoncounty.org
henrycountyalabama.org,Henry County,Henry County,AL,City,Q501000,http://www.henrycountyalabama.org
sumtercountyal.com,Sumter County,Sumter County,AL,City,Q501051,https://sumtercountyal.com/
leeco.us,Lee County,Lee County,AL,City,Q501055,http://www.leeco.us
monroecountyal.com,Monroe County,Monroe County,AL,City,Q501060,http://www.monroecountyal.com
marengocountyal.com,Marengo County,Marengo County,AL,City,Q501074,http://marengocountyal.com/
shelbycountyalabama.com,Shelby County,Shelby County,AL,City,Q501084,http://www.shelbycountyalabama.com
halecountyal.com,Hale County,Hale County,AL,City,Q501147,http://www.halecountyal.com
washingtoncountyal.com,Washington County,Washington County,AL,City,Q501157,http://www.washingtoncountyal.com
lawrencealabama.com,Lawrence County,Lawrence County,AL,City,Q502737,http://www.lawrencealabama.com
marioncountyalabama.org,Marion County,Marion County,AL,City,Q502739,http://marioncountyalabama.org
maconcountyal.com,Macon County,Macon County,AL,City,Q502777,https://www.maconcountyal.com/
marshallco.org,Marshall County,Marshall County,AL,City,Q502925,http://www.marshallco.org
wilcoxcountyal.org,Wilcox County,Wilcox County,AL,City,Q503081,https://wilcoxcountyal.org/
winstoncountyalabama.org,Winston County,Winston County,AL,City,Q503088,http://www.winstoncountyalabama.org
rcala.com,Russell County,Russell County,AL,City,Q503329,http://www.rcala.com
stclairco.com,St. Clair County,St. Clair County,AL,City,Q503451,http://www.stclairco.com
tuscco.com,Tuscaloosa County,Tuscaloosa County,AL,City,Q503877,https://tuscco.com
lamarcounty.com,Lamar County,Lamar County,AL,City,Q505317,http://www.lamarcounty.com
walkercounty.com,Walker County,Walker County,AL,City,Q506291,http://www.walkercounty.com
tallaco.com,Tallapoosa County,Tallapoosa County,AL,City,Q512787,http://www.tallaco.com
pickensalabama.com,Pickens County,Pickens County,AL,City,Q949766,http://www.pickensalabama.com
slocounty.ca.gov,San Luis Obispo County,San Luis Obispo County,CA,City,Q49014,https://www.slocounty.ca.gov/
greenlee.az.gov,Greenlee County,Greenlee County,AZ,City,Q58683,https://greenlee.az.gov
kerncounty.com,Kern County,Kern County,CA,City,Q108047,https://www.kerncounty.com/
contracosta.ca.gov,Contra Costa County,Contra Costa County,CA,City,Q108058,https://www.contracosta.ca.gov/
mendocinocounty.org,Mendocino County,Mendocino County,CA,City,Q108087,https://www.mendocinocounty.org/
co.marin.ca.us,Marin County,Marin County,CA,City,Q108117,http://www.co.marin.ca.us/
napacounty.gov,Napa County,Napa County,CA,City,Q108137,https://www.napacounty.gov/
sjgov.org,San Joaquin County,San Joaquin County,CA,City,Q108499,https://sjgov.org
stancounty.com,Stanislaus County,Stanislaus County,CA,City,Q108503,https://www.stancounty.com/
humboldtgov.org,Humboldt County,Humboldt County,CA,City,Q109651,https://humboldtgov.org/
maderacounty.com,Madera County,Madera County,CA,City,Q109661,https://www.maderacounty.com/
tularecounty.ca.gov,Tulare County,Tulare County,CA,City,Q109686,https://tularecounty.ca.gov/
countyofmerced.com,Merced County,Merced County,CA,City,Q109690,https://www.countyofmerced.com/
co.modoc.ca.us,Modoc County,Modoc County,CA,City,Q109695,https://www.co.modoc.ca.us/
co.del-norte.ca.us,Del Norte County,Del Norte County,CA,City,Q156186,https://www.co.del-norte.ca.us/
trinitycounty.org,Trinity County,Trinity County,CA,City,Q156188,https://www.trinitycounty.org/
lassencounty.org,Lassen County,Lassen County,CA,City,Q156340,https://www.lassencounty.org/
co.cook.mn.us,Cook County,Cook County,MN,City,Q156619,http://www.co.cook.mn.us
co.renville.mn.us,Renville County,Renville County,MN,City,Q188275,http://www.co.renville.mn.us
co.polk.mn.us,Polk County,Polk County,MN,City,Q372648,http://www.co.polk.mn.us
co.todd.mn.us,Todd County,Todd County,MN,City,Q485370,https://www.co.todd.mn.us/
co.washington.mn.us,Washington County,Washington County,MN,City,Q485408,http://www.co.washington.mn.us
co.wabasha.mn.us,Wabasha County,Wabasha County,MN,City,Q485412,http://www.co.wabasha.mn.us
co.redwood.mn.us,Redwood County,Redwood County,MN,City,Q485430,http://www.co.redwood.mn.us
co.pine.mn.us,Pine County,Pine County,MN,City,Q485509,http://www.co.pine.mn.us
co.olmsted.mn.us,Olmsted County,Olmsted County,MN,City,Q485656,http://www.co.olmsted.mn.us
co.pipestone.mn.us,Pipestone County,Pipestone County,MN,City,Q486191,http://www.co.pipestone.mn.us
co.fillmore.mn.us,Fillmore County,Fillmore County,MN,City,Q486198,http://www.co.fillmore.mn.us
co.kittson.mn.us,Kittson County,Kittson County,MN,City,Q486207,http://www.co.kittson.mn.us
co.jackson.mn.us,Jackson County,Jackson County,MN,City,Q486215,http://www.co.jackson.mn.us
co.hubbard.mn.us,Hubbard County,Hubbard County,MN,City,Q486218,http://www.co.hubbard.mn.us
hennepin.us,Hennepin County,Hennepin County,MN,City,Q486229,http://www.hennepin.us
co.goodhue.mn.us,Goodhue County,Goodhue County,MN,City,Q486243,http://www.co.goodhue.mn.us
co.marshall.mn.us,Marshall County,Marshall County,MN,City,Q486248,http://www.co.marshall.mn.us
co.isanti.mn.us,Isanti County,Isanti County,MN,City,Q486255,http://www.co.isanti.mn.us
lqpco.com,Lac qui Parle County,Lac qui Parle County,MN,City,Q486261,http://lqpco.com/
co.norman.mn.us,Norman County,Norman County,MN,City,Q486265,http://www.co.norman.mn.us
co.grant.mn.us,Grant County,Grant County,MN,City,Q486270,http://www.co.grant.mn.us
co.clearwater.mn.us,Clearwater County,Clearwater County,MN,City,Q486281,http://www.co.clearwater.mn.us
co.houston.mn.us,Houston County,Houston County,MN,City,Q486288,https://www.co.houston.mn.us/
co.pope.mn.us,Pope County,Pope County,MN,City,Q486301,http://www.co.pope.mn.us
co.koochiching.mn.us,Koochiching County,Koochiching County,MN,City,Q486305,http://www.co.koochiching.mn.us
co.kandiyohi.mn.us,Kandiyohi County,Kandiyohi County,MN,City,Q486313,http://www.co.kandiyohi.mn.us
co.steele.mn.us,Steele County,Steele County,MN,City,Q487686,http://www.co.steele.mn.us
co.wright.mn.us,Wright County,Wright County,MN,City,Q490390,http://www.co.wright.mn.us
co.nicollet.mn.us,Nicollet County,Nicollet County,MN,City,Q490409,http://www.co.nicollet.mn.us
co.ym.mn.gov,Yellow Medicine County,Yellow Medicine County,MN,City,Q490414,http://www.co.ym.mn.gov
swiftcounty.com,Swift County,Swift County,MN,City,Q490420,http://www.swiftcounty.com
co.rice.mn.us,Rice County,Rice County,MN,City,Q490423,http://www.co.rice.mn.us
co.sherburne.mn.us,Sherburne County,Sherburne County,MN,City,Q490427,http://www.co.sherburne.mn.us
co.meeker.mn.us,Meeker County,Meeker County,MN,City,Q490432,http://www.co.meeker.mn.us
co.red-lake.mn.us,Red Lake County,Red Lake County,MN,City,Q490436,https://www.co.red-lake.mn.us
co.stevens.mn.us,Stevens County,Stevens County,MN,City,Q490443,http://www.co.stevens.mn.us
co.lincoln.mn.us,Lincoln County,Lincoln County,MN,City,Q490446,http://www.co.lincoln.mn.us
co.mower.mn.us,Mower County,Mower County,MN,City,Q490450,http://www.co.mower.mn.us
kanabeccounty.org,Kanabec County,Kanabec County,MN,City,Q490454,http://www.kanabeccounty.org
co.waseca.mn.us,Waseca County,Waseca County,MN,City,Q490652,http://www.co.waseca.mn.us
co.freeborn.mn.us,Freeborn County,Freeborn County,MN,City,Q491144,http://www.co.freeborn.mn.us
co.stearns.mn.us,Stearns County,Stearns County,MN,City,Q491148,http://www.co.stearns.mn.us
lyonco.org,Lyon County,Lyon County,MN,City,Q491152,https://www.lyonco.org/
co.wadena.mn.us,Wadena County,Wadena County,MN,City,Q491157,http://www.co.wadena.mn.us
co.traverse.mn.us,Traverse County,Traverse County,MN,City,Q491160,http://www.co.traverse.mn.us
co.rock.mn.us,Rock County,Rock County,MN,City,Q491170,http://www.co.rock.mn.us
co.pennington.mn.us,Pennington County,Pennington County,MN,City,Q491173,http://co.pennington.mn.us
co.lake.mn.us,Lake County,Lake County,MN,City,Q491178,http://www.co.lake.mn.us
co.sibley.mn.us,Sibley County,Sibley County,MN,City,Q491184,http://www.co.sibley.mn.us
co.nobles.mn.us,Nobles County,Nobles County,MN,City,Q491196,https://www.co.nobles.mn.us/
co.roseau.mn.us,Roseau County,Roseau County,MN,City,Q491208,http://www.co.roseau.mn.us
co.mille-lacs.mn.us,Mille Lacs County,Mille Lacs County,MN,City,Q491214,http://www.co.mille-lacs.mn.us
co.wilkin.mn.us,Wilkin County,Wilkin County,MN,City,Q491229,http://www.co.wilkin.mn.us
lotwcounty.gov,Lake of the Woods County,Lake of the Woods County,MN,City,Q491243,https://lotwcounty.gov/
co.scott.mn.us,Scott County,Scott County,MN,City,Q491256,http://www.co.scott.mn.us
co.morrison.mn.us,Morrison County,Morrison County,MN,City,Q491272,http://www.co.morrison.mn.us
co.winona.mn.us,Winona County,Winona County,MN,City,Q491281,http://www.co.winona.mn.us
co.le-sueur.mn.us,Le Sueur County,Le Sueur County,MN,City,Q491288,http://www.co.le-sueur.mn.us
co.watonwan.mn.us,Watonwan County,Watonwan County,MN,City,Q491292,http://www.co.watonwan.mn.us
murray-countymn.com,Murray County,Murray County,MN,City,Q497482,http://www.murray-countymn.com
co.mcleod.mn.us,McLeod County,McLeod County,MN,City,Q497984,http://www.co.mcleod.mn.us
co.mahnomen.mn.us,Mahnomen County,Mahnomen County,MN,City,Q842938,http://www.co.mahnomen.mn.us/
burleighco.com,Burleigh County,Burleigh County,ND,City,Q28283,https://www.burleighco.com/
co.cass.nd.us,Cass County,Cass County,ND,City,Q28285,https://www.co.cass.nd.us
walshcountynd.com,Walsh County,Walsh County,ND,City,Q28286,https://walshcountynd.com/
bensoncountynd.com,Benson County,Benson County,ND,City,Q28292,https://www.bensoncountynd.com/
barnescounty.us,Barnes County,Barnes County,ND,City,Q28308,https://www.barnescounty.us
dividecountynd.org,Divide County,Divide County,ND,City,Q28311,http://www.dividecountynd.org
adamscountynd.com,Adams County,Adams County,ND,City,Q28316,https://www.adamscountynd.com/
dickeynd.com,Dickey County,Dickey County,ND,City,Q28488,http://www.dickeynd.com
williamsnd.com,Williams County,Williams County,ND,City,Q28496,http://www.williamsnd.com
co.morton.nd.us,Morton County,Morton County,ND,City,Q28499,http://www.co.morton.nd.us
dunncountynd.org,Dunn County,Dunn County,ND,City,Q28503,http://www.dunncountynd.org
ccjda.org,Cavalier County,Cavalier County,ND,City,Q28523,http://www.ccjda.org
burkecountynd.com,Burke County,Burke County,ND,City,Q29118,http://www.burkecountynd.com
bottineau.com,Bottineau County,Bottineau County,ND,City,Q29124,http://www.bottineau.com
renvillecountynd.org,Renville County,Renville County,ND,City,Q48831,http://www.renvillecountynd.org
grantcountynd.com,Grant County,Grant County,ND,City,Q48834,http://grantcountynd.com
rolettecounty.com,Rolette County,Rolette County,ND,City,Q48856,http://www.rolettecounty.com
eddycountynd.org,Eddy County,Eddy County,ND,City,Q48863,https://www.eddycountynd.org/
hettingercounty.net,Hettinger County,Hettinger County,ND,City,Q48867,http://www.hettingercounty.net
wellscountynd.com,Wells County,Wells County,ND,City,Q48874,http://www.wellscountynd.com
logancountynd.com,Logan County,Logan County,ND,City,Q48896,https://logancountynd.com/
nelsonco.org,Nelson County,Nelson County,ND,City,Q48902,http://www.nelsonco.org
mercercountynd.com,Mercer County,Mercer County,ND,City,Q48905,http://www.mercercountynd.com
emmonsnd.com,Emmons County,Emmons County,ND,City,Q48917,http://www.emmonsnd.com/
co.ward.nd.us,Ward County,Ward County,ND,City,Q48927,https://www.co.ward.nd.us/
fostercounty.com,Foster County,Foster County,ND,City,Q48931,https://www.fostercounty.com
olivercountynd.org,Oliver County,Oliver County,ND,City,Q48933,https://olivercountynd.org/
co.ramsey.nd.us,Ramsey County,Ramsey County,ND,City,Q48937,http://www.co.ramsey.nd.us
co.richland.nd.us,Richland County,Richland County,ND,City,Q126829,http://www.co.richland.nd.us
gfcounty.nd.gov,Grand Forks County,Grand Forks County,ND,City,Q135328,http://www.gfcounty.nd.gov
mcintoshnd.com,McIntosh County,McIntosh County,ND,City,Q280815,https://www.mcintoshnd.com/
visitmcleancounty.com,McLean County,McLean County,ND,City,Q280820,http://www.visitmcleancounty.com
mchenrycountynd.com,McHenry County,McHenry County,ND,City,Q280826,http://www.mchenrycountynd.com
co.mountrail.nd.us,Mountrail County,Mountrail County,ND,City,Q280838,http://www.co.mountrail.nd.us/
county.mckenziecounty.net,McKenzie County,McKenzie County,ND,City,Q280844,https://county.mckenziecounty.net/
starkcountynd.com,Stark County,Stark County,ND,City,Q282188,http://www.starkcountynd.com
hutchinsoncountysd.org,Hutchinson County,Hutchinson County,SD,City,Q491702,https://www.hutchinsoncountysd.org/
hardingcountysd.com,Harding County,Harding County,SD,City,Q492493,http://www.hardingcountysd.com/
co.yankton.sd.us,Yankton County,Yankton County,SD,City,Q493450,http://www.co.yankton.sd.us
walworthco.org,Walworth County,Walworth County,SD,City,Q494764,http://walworthco.org
perkinscounty.org,Perkins County,Perkins County,SD,City,Q495195,http://www.perkinscounty.org
marshall.sdcounties.org,Marshall County,Marshall County,SD,City,Q495198,http://marshall.sdcounties.org/
oglalalakota.sdcounties.org,Oglala Lakota County,Oglala Lakota County,SD,City,Q495201,https://oglalalakota.sdcounties.org/
lincolncountysd.org,Lincoln County,Lincoln County,SD,City,Q495209,http://lincolncountysd.org
unioncountysd.org,Union County,Union County,SD,City,Q495216,http://unioncountysd.org
moodycounty.net,Moody County,Moody County,SD,City,Q495219,https://www.moodycounty.net/
hamlinco.us,Hamlin County,Hamlin County,SD,City,Q495223,https://hamlinco.us/
gregory.sdcounties.org,Gregory County,Gregory County,SD,City,Q495234,http://gregory.sdcounties.org/
spinkcounty-sd.org,Spink County,Spink County,SD,City,Q495239,http://www.spinkcounty-sd.org
lakecountysd.com,Lake County,Lake County,SD,City,Q495246,http://www.lakecountysd.com
lymancounty.org,Lyman County,Lyman County,SD,City,Q495252,http://www.lymancounty.org
co.pennington.sd.us,Pennington County,Pennington County,SD,City,Q495257,http://www.co.pennington.sd.us
mellettecounty.org,Mellette County,Mellette County,SD,City,Q495261,https://mellettecounty.org/
sullycounty.net,Sully County,Sully County,SD,City,Q495264,http://www.sullycounty.net
meadecounty.org,Meade County,Meade County,SD,City,Q495269,http://www.meadecounty.org
roberts.sdcounties.org,Roberts County,Roberts County,SD,City,Q495273,http://roberts.sdcounties.org
turner.sdcounties.org,Turner County,Turner County,SD,City,Q495275,https://turner.sdcounties.org/
stanleycounty.org,Stanley County,Stanley County,SD,City,Q495280,http://www.stanleycounty.org
mccookcountysd.com,McCook County,McCook County,SD,City,Q495285,http://www.mccookcountysd.com
kingsbury.sdcounties.org,Kingsbury County,Kingsbury County,SD,City,Q495289,http://kingsbury.sdcounties.org
jerauldcountysd.com,Jerauld County,Jerauld County,SD,City,Q495608,https://jerauldcountysd.com/
hand.sdcounties.org,Hand County,Hand County,SD,City,Q495625,https://hand.sdcounties.org/
hughescounty.org,Hughes County,Hughes County,SD,City,Q495629,http://www.hughescounty.org
fallriver.sdcounties.org,Fall River County,Fall River County,SD,City,Q495654,http://fallriver.sdcounties.org
hansoncounty.net,Hanson County,Hanson County,SD,City,Q495667,https://www.hansoncounty.net/
hydeco.org,Hyde County,Hyde County,SD,City,Q495672,http://hydeco.org/
brattleboro.org,Brattleboro,Brattleboro,VT,City,Q899813,http://www.brattleboro.org/
sandwichmass.org,Sandwich,Sandwich,MA,City,Q926146,http://www.sandwichmass.org/
ci.epping.nh.us,Epping,Epping,NH,City,Q927021,http://www.ci.epping.nh.us/
brooklinevt.com,Brookline,Brookline,VT,City,Q929233,http://www.brooklinevt.com/
alton.nh.gov,Alton,Alton,NH,City,Q933223,http://www.alton.nh.gov/Main.asp
orfordnh.us,Orford,Orford,NH,City,Q934408,http://www.orfordnh.us/
hancockmaine.org,Hancock,Hancock,ME,City,Q937074,http://www.hancockmaine.org/
townoflevant.net,Levant,Levant,ME,City,Q939860,http://townoflevant.net/
townofdorchester.net,Dorchester,Dorchester,NH,City,Q941059,http://www.townofdorchester.net/
shaftsbury.net,Shaftsbury,Shaftsbury,VT,City,Q945602,http://www.shaftsbury.net/
townofbrandon.com,Brandon,Brandon,VT,City,Q2972302,http://townofbrandon.com/
town-atkinsonnh.com,Atkinson,Atkinson,NH,City,Q3349760,http://www.town-atkinsonnh.com/
barnardvt.us,Barnard,Barnard,VT,City,Q3447648,https://barnardvt.us/
warrenvt.org,Warren,Warren,VT,City,Q3447658,https://www.warrenvt.org/
worcestervt.org,Worcester,Worcester,VT,City,Q3447671,http://www.worcestervt.org/
faystonvt.com,Fayston,Fayston,VT,City,Q3447682,https://faystonvt.com/
wallingfordvt.com,Wallingford,Wallingford,VT,City,Q3447784,http://www.wallingfordvt.com/
bridgewater.vt.gov,Bridgewater,Bridgewater,VT,City,Q3447795,https://www.bridgewater.vt.gov/
waitsfieldvt.us,Waitsfield,Waitsfield,VT,City,Q3447805,https://www.waitsfieldvt.us/
townofbethelvt.com,Bethel,Bethel,VT,City,Q3447829,https://townofbethelvt.com/
pawlet.com,Pawlet,Pawlet,VT,City,Q3447840,http://www.pawlet.com
rochestervermont.org,Rochester,Rochester,VT,City,Q3447851,http://rochestervermont.org/
fayettemaine.org,Fayette,Fayette,ME,City,Q3447895,http://www.fayettemaine.org/
roxburyvt.org,Roxbury,Roxbury,VT,City,Q3448179,https://roxburyvt.org/
readingvt.govoffice.com,Reading,Reading,VT,City,Q3448267,https://readingvt.govoffice.com/
hollismaine.org,Hollis,Hollis,ME,City,Q3448692,http://www.hollismaine.org
harpswell.maine.gov,Harpswell,Harpswell,ME,City,Q3448716,http://www.harpswell.maine.gov/
hopemaine.org,Hope,Hope,ME,City,Q3449712,http://www.hopemaine.org
shapleigh.net,Shapleigh,Shapleigh,ME,City,Q3449743,https://www.shapleigh.net/
chelseamaine.org,Chelsea,Chelsea,ME,City,Q3450690,http://www.chelseamaine.org/
andovervt.org,Andover,Andover,VT,City,Q3450729,https://www.andovervt.org/
limerick-me.gov,Limerick,Limerick,ME,City,Q3450792,http://www.limerick-me.gov/
jamaicavermont.org,Jamaica,Jamaica,VT,City,Q3450853,https://www.jamaicavermont.org/
whitinghamvt.org,Whitingham,Whitingham,VT,City,Q3450876,https://whitinghamvt.org/
middlesexvermont.org,Middlesex,Middlesex,VT,City,Q3450947,https://middlesexvermont.org/
eastmontpeliervt.org,East Montpelier,East Montpelier,VT,City,Q3450958,https://eastmontpeliervt.org/
waldoboromaine.org,Waldoboro,Waldoboro,ME,City,Q3450973,http://www.waldoboromaine.org/
duxburyvermont.org,Duxbury,Duxbury,VT,City,Q3450983,https://www.duxburyvermont.org/
mounthollyvt.org,Mount Holly,Mount Holly,VT,City,Q3451033,http://www.mounthollyvt.org/
fairfieldme.com,Fairfield,Fairfield,ME,City,Q3451609,http://www.fairfieldme.com/town/
berwickmaine.org,Berwick,Berwick,ME,City,Q3451686,http://www.berwickmaine.org/
albionme.com,Albion,Albion,ME,City,Q3451700,http://www.albionme.com/
townofguilford.com,Guilford,Guilford,ME,City,Q3453173,http://www.townofguilford.com/
town.marshfield.vt.us,Marshfield,Marshfield,VT,City,Q3461515,http://www.town.marshfield.vt.us/
clinton-me.us,Clinton,Clinton,ME,City,Q3461582,http://www.clinton-me.us/
moretownvt.org,Moretown,Moretown,VT,City,Q3475608,https://www.moretownvt.org/
killingtontown.com,Killington,Killington,VT,City,Q3475658,http://www.killingtontown.com/
townofstrattonvt.com,Stratton,Stratton,VT,City,Q3475749,http://townofstrattonvt.com/
stockbridgevt.org,Stockbridge,Stockbridge,VT,City,Q3475769,http://www.stockbridgevt.org/
woodburyvt.org,Woodbury,Woodbury,VT,City,Q3475788,https://www.woodburyvt.org/
baltimorevt.org,Baltimore,Baltimore,VT,City,Q3475794,https://www.baltimorevt.org/
townofwindhamvt.org,Windham,Windham,VT,City,Q3475819,https://townofwindhamvt.org/
actonmaine.org,Acton,Acton,ME,City,Q3475953,http://www.actonmaine.org/
arundelmaine.org,Arundel,Arundel,ME,City,Q3476906,http://www.arundelmaine.org/
townofblackstone.org,Blackstone,Blackstone,MA,City,Q3640815,http://www.townofblackstone.org
londonderryvt.org,Londonderry,Londonderry,VT,City,Q3709175,http://www.londonderryvt.org/
townofgroton.org,Groton,Groton,MA,City,Q3776991,http://www.townofgroton.org
townofwinchendon.com,Winchendon,Winchendon,MA,City,Q4020333,http://www.townofwinchendon.com/
ludlow.vt.us,Ludlow,Ludlow,VT,City,Q4555213,https://www.ludlow.vt.us/
middleburg.org,Middleburg,Middleburg,VA,City,Q743766,http://www.middleburg.org/
richburgsc.net,Richburg,Richburg,SC,City,Q746039,http://www.richburgsc.net/
townofwindham.com,Windham,Windham,NY,City,Q746326,http://www.townofwindham.com
townofastatula.com,Astatula,Astatula,FL,City,Q747082,http://townofastatula.com
vailgov.com,Vail,Vail,CO,City,Q747987,http://www.vailgov.com/
townofsharptown.org,Sharptown,Sharptown,MD,City,Q753376,http://www.townofsharptown.org
mountairymd.org,Mount Airy,Mount Airy,MD,City,Q753395,http://www.mountairymd.org/
tok.md.gov,Kensington,Kensington,MD,City,Q753414,https://tok.md.gov/
upmd.org,University Park,University Park,MD,City,Q753491,http://www.upmd.org/
capitolheightsmd.com,Capitol Heights,Capitol Heights,MD,City,Q753587,http://www.capitolheightsmd.com
millingtonmd.us,Millington,Millington,MD,City,Q753645,http://www.millingtonmd.us/
townofsykesville.org,Sykesville,Sykesville,MD,City,Q753667,http://www.townofsykesville.org/
stmichaelsmd.org,Saint Michaels,Saint Michaels,MD,City,Q753688,http://stmichaelsmd.org/
millsboro.org,Millsboro,Millsboro,DE,City,Q753693,http://www.millsboro.org
townofbetterton.com,Betterton,Betterton,MD,City,Q753722,https://www.townofbetterton.com/
townofdelmar.us,Delmar,Delmar,DE,City,Q753759,http://www.townofdelmar.us
perryvillemd.org,Perryville,Perryville,MD,City,Q753761,http://www.perryvillemd.org/
carr.org,Union Bridge,Union Bridge,MD,City,Q753786,http://www.carr.org/~unionbr
hillsboromd.com,Hillsboro,Hillsboro,MD,City,Q753792,http://www.hillsboromd.com
laytonsville.md.us,Laytonsville,Laytonsville,MD,City,Q753798,http://www.laytonsville.md.us
barnesvillemd.org,Barnesville,Barnesville,MD,City,Q753809,https://www.barnesvillemd.org/
trappemd.net,Trappe,Trappe,MD,City,Q753815,https://trappemd.net/
ci.guilford.ct.us,Guilford,Guilford,CT,City,Q753857,http://www.ci.guilford.ct.us/
townofdurhamct.org,Durham,Durham,CT,City,Q753859,http://www.townofdurhamct.org/
plymouthct.us,Plymouth,Plymouth,CT,City,Q753869,http://www.plymouthct.us/
portlandct.org,Portland,Portland,CT,City,Q753876,http://www.portlandct.org/
townofmanchester.org,Manchester,Manchester,CT,City,Q753909,http://www.townofmanchester.org/
ridgefieldct.org,Ridgefield,Ridgefield,CT,City,Q753930,http://www.ridgefieldct.org/
federalsburg.org,Federalsburg,Federalsburg,MD,City,Q753973,http://www.federalsburg.org/
visitgrantsville.com,Grantsville,Grantsville,MD,City,Q753983,http://visitgrantsville.com
barclaymaryland.com,Barclay,Barclay,MD,City,Q754191,https://www.barclaymaryland.com
chevychaseview.org,Chevy Chase View,Chevy Chase View,MD,City,Q754208,http://www.chevychaseview.org/
queenstown-md.com,Queenstown,Queenstown,MD,City,Q754219,http://www.queenstown-md.com
felton.delaware.gov,Felton,Felton,DE,City,Q754240,http://felton.delaware.gov
portdeposit.org,Port Deposit,Port Deposit,MD,City,Q754287,http://www.portdeposit.org/
townofhouston.com,Houston,Houston,DE,City,Q754308,http://www.townofhouston.com
frederica.delaware.gov,Frederica,Frederica,DE,City,Q754332,http://frederica.delaware.gov/
camden.delaware.gov,Camden,Camden,DE,City,Q754342,http://camden.delaware.gov
bridgeville.delaware.gov,Bridgeville,Bridgeville,DE,City,Q754373,http://bridgeville.delaware.gov
millville.delaware.gov,Millville,Millville,DE,City,Q754417,http://millville.delaware.gov
odessa.delaware.gov,Odessa,Odessa,DE,City,Q754420,https://odessa.delaware.gov/
southbethany.org,South Bethany,South Bethany,DE,City,Q754423,http://www.southbethany.org
sharpsburg-md.com,Sharpsburg,Sharpsburg,MD,City,Q754473,http://www.sharpsburg-md.com
keedysvillemd.com,Keedysville,Keedysville,MD,City,Q754521,http://www.keedysvillemd.com/
funkstown.com,Funkstown,Funkstown,MD,City,Q754539,http://www.funkstown.com
townofsmithsburg.org,Smithsburg,Smithsburg,MD,City,Q754588,http://www.townofsmithsburg.org
twnlyme.org,Lyme,Lyme,CT,City,Q754630,http://www.twnlyme.org/
charlestownmd.org,Charlestown,Charlestown,MD,City,Q754637,http://www.charlestownmd.org/
taneytown.org,Taneytown,Taneytown,MD,City,Q754640,http://www.taneytown.org/
myersvillemd.govoffice2.com,Myersville,Myersville,MD,City,Q754644,http://myersvillemd.govoffice2.com
washingtongrovemd.org,Washington Grove,Washington Grove,MD,City,Q754665,https://washingtongrovemd.org/
northbrentwood.com,North Brentwood,North Brentwood,MD,City,Q754671,https://northbrentwood.com/
lhills.sailorsite.net,Landover Hills,Landover Hills,MD,City,Q754689,http://www.lhills.sailorsite.net/
eastnewmarket.us,East New Market,East New Market,MD,City,Q754735,http://eastnewmarket.us
town.north-haven.ct.us,North Haven,North Haven,CT,City,Q754769,https://www.town.north-haven.ct.us/
risingsunmd.org,Rising Sun,Rising Sun,MD,City,Q754858,http://www.risingsunmd.org/
churchhillmd.com,Church Hill,Church Hill,MD,City,Q754906,http://www.churchhillmd.com
morningsidemaryland.com,Morningside,Morningside,MD,City,Q754909,http://www.morningsidemaryland.com/
ridgelymd.org,Ridgely,Ridgely,MD,City,Q754945,http://www.ridgelymd.org/
hebronmd.com,Hebron,Hebron,MD,City,Q755030,http://www.hebronmd.com
townofmagnoliasprings.org,Magnolia Springs,Magnolia Springs,AL,City,Q68422,http://www.townofmagnoliasprings.org/
arkansascityusa.com,Arkansas City,Arkansas City,AR,City,Q79445,https://arkansascityusa.com/
allegany.org,Allegany,Allegany,NY,City,Q94791,http://www.allegany.org/
townofalta.com,Alta,Alta,UT,City,Q116129,http://www.townofalta.com/
town.ledyard.ct.us,Ledyard,Ledyard,CT,City,Q126051,http://www.town.ledyard.ct.us/
oysterbaytown.com,Oyster Bay,Oyster Bay,NY,City,Q129361,http://www.oysterbaytown.com/
rockyridgetown.com,Rocky Ridge,Rocky Ridge,UT,City,Q129624,http://www.rockyridgetown.com/
rockvilleutah.org,Rockville,Rockville,UT,City,Q129949,http://rockvilleutah.org
manilautah.us,Manila,Manila,UT,City,Q129960,http://www.manilautah.us
townofbluehillmaine.org,Blue Hill,Blue Hill,ME,City,Q142486,https://www.townofbluehillmaine.org/
bluehillme.govoffice2.com,Blue Hill,Blue Hill,ME,City,Q142486,http://www.bluehillme.govoffice2.com/
eatonco.org,Eaton,Eaton,CO,City,Q153195,http://www.eatonco.org
townofault.org,Ault,Ault,CO,City,Q153628,http://www.townofault.org/
townofcathlamet.com,Cathlamet,Cathlamet,WA,City,Q168854,http://townofcathlamet.com/
perutown.com,Peru,Peru,NY,City,Q170254,http://www.perutown.com
ripley-ny.com,Ripley,Ripley,NY,City,Q170648,http://www.ripley-ny.com
townofpittsford.org,Pittsford,Pittsford,NY,City,Q175909,https://www.townofpittsford.org/
townofquantico.org,Quantico,Quantico,VA,City,Q204315,http://townofquantico.org/
doverma.org,Dover,Dover,MA,City,Q204373,http://www.doverma.org/
leedsmaine.org,Leeds,Leeds,ME,City,Q209266,http://www.leedsmaine.org
townofstockbridge.com,Stockbridge,Stockbridge,MA,City,Q222705,http://www.townofstockbridge.com/
battleground.in.gov,Battle Ground,Battle Ground,IN,City,Q264343,http://www.battleground.in.gov
townofwalls.com,Walls,Walls,MS,City,Q269472,http://www.townofwalls.com/
fairviewtexas.org,Fairview,Fairview,TX,City,Q277459,http://www.fairviewtexas.org/
meggettsc.com,Meggett,Meggett,SC,City,Q279807,http://www.meggettsc.com/
gorham-me.org,Gorham,Gorham,ME,City,Q281079,http://www.gorham-me.org/
mattapoisett.net,Mattapoisett,Mattapoisett,MA,City,Q282802,http://www.mattapoisett.net/
blades.delaware.gov,Blades,Blades,DE,City,Q284303,https://blades.delaware.gov/
townofellenburg.com,Ellenburg,Ellenburg,NY,City,Q284893,http://www.townofellenburg.com/
coconino.az.gov,Coconino County,Coconino County,AZ,City,Q58684,https://www.coconino.az.gov/
graham.az.gov,Graham County,Graham County,AZ,City,Q58692,https://www.graham.az.gov/
lapaz.gov,La Paz County,La Paz County,AZ,City,Q58759,https://www.lapaz.gov/
cochise.az.gov,Cochise County,Cochise County,AZ,City,Q58774,https://www.cochise.az.gov/
plumascounty.us,Plumas County,Plumas County,CA,City,Q156342,https://www.plumascounty.us/
tuolumnecounty.ca.gov,Tuolumne County,Tuolumne County,CA,City,Q156346,https://tuolumnecounty.ca.gov/
countyofkings.com,Kings County,Kings County,CA,City,Q156358,https://www.countyofkings.com/
monocounty.ca.gov,Mono County,Mono County,CA,City,Q156366,https://monocounty.ca.gov/
sierracounty.ca.gov,Sierra County,Sierra County,CA,City,Q156370,https://www.sierracounty.ca.gov/
imperialcounty.org,Imperial County,Imperial County,CA,City,Q169952,https://imperialcounty.org/
countyofglenn.net,Glenn County,Glenn County,CA,City,Q271601,https://www.countyofglenn.net/
calaverasgov.us,Calaveras County,Calaveras County,CA,City,Q271613,https://www.calaverasgov.us/
colmarmanor.org,Colmar Manor,Colmar Manor,MD,City,Q755042,https://colmarmanor.org/
townofhancock.org,Hancock,Hancock,MD,City,Q755066,https://www.townofhancock.org/
viennamd.org,Vienna,Vienna,MD,City,Q755083,http://www.viennamd.org
chesapeake-beach.md.us,Chesapeake Beach,Chesapeake Beach,MD,City,Q755111,http://www.chesapeake-beach.md.us
townoflaurel.net,Laurel,Laurel,DE,City,Q755128,http://www.townoflaurel.net
plainfieldct.org,Plainfield,Plainfield,CT,City,Q755199,http://www.plainfieldct.org/
windsorlocksct.org,Windsor Locks,Windsor Locks,CT,City,Q755206,http://www.windsorlocksct.org/
cheshirect.org,Cheshire,Cheshire,CT,City,Q755226,http://www.cheshirect.org/
deepriverct.us,Deep River,Deep River,CT,City,Q755260,http://www.deepriverct.us/
hamden.com,Hamden,Hamden,CT,City,Q755271,https://www.hamden.com/
chesterct.com,Chester,Chester,CT,City,Q755277,http://www.chesterct.com/
westbrookct.us,Westbrook,Westbrook,CT,City,Q755283,http://www.westbrookct.us/
elsmere.delaware.gov,Elsmere,Elsmere,DE,City,Q755400,http://elsmere.delaware.gov
townofdagsboro.com,Dagsboro,Dagsboro,DE,City,Q755583,http://www.townofdagsboro.com
townofnewmarket.org,New Market,New Market,MD,City,Q755589,http://townofnewmarket.org
thurmont.com,Thurmont,Thurmont,MD,City,Q755596,http://www.thurmont.com/
townofbethanybeach.com,Bethany Beach,Bethany Beach,DE,City,Q755608,http://www.townofbethanybeach.com
violade.com,Viola,Viola,DE,City,Q755619,https://www.violade.com/
townofselbyville.com,Selbyville,Selbyville,DE,City,Q755625,http://www.townofselbyville.com
henlopenacres.delaware.gov,Henlopen Acres,Henlopen Acres,DE,City,Q755629,http://henlopenacres.delaware.gov
oceanviewde.com,Ocean View,Ocean View,DE,City,Q755661,http://www.oceanviewde.com
townofbellefonte.com,Bellefonte,Bellefonte,DE,City,Q755668,http://www.townofbellefonte.com
walkersville-md.com,Walkersville,Walkersville,MD,City,Q755672,http://www.walkersville-md.com/
frankfordde.us,Frankford,Frankford,DE,City,Q755683,http://www.frankfordde.us
townofbowersbeach.org,Bowers,Bowers,DE,City,Q755684,http://www.townofbowersbeach.org
townsend.delaware.gov,Townsend,Townsend,DE,City,Q755689,http://townsend.delaware.gov
clayton.delaware.gov,Clayton,Clayton,DE,City,Q755717,http://clayton.delaware.gov
townofdeweybeach.com,Dewey Beach,Dewey Beach,DE,City,Q755722,http://www.townofdeweybeach.com
smyrna.delaware.gov,Smyrna,Smyrna,DE,City,Q755736,http://smyrna.delaware.gov
town.wallingford.ct.us,Wallingford,Wallingford,CT,City,Q755745,http://www.town.wallingford.ct.us/
kenton.delaware.gov,Kenton,Kenton,DE,City,Q755764,http://kenton.delaware.gov
newport.delaware.gov,Newport,Newport,DE,City,Q755805,http://newport.delaware.gov
mtnlakepark.org,Mountain Lake Park,Mountain Lake Park,MD,City,Q755820,http://mtnlakepark.org
greenwood.delaware.gov,Greenwood,Greenwood,DE,City,Q756094,http://greenwood.delaware.gov/
middletown.md.us,Middletown,Middletown,MD,City,Q756107,http://www.middletown.md.us
milton.delaware.gov,Milton,Milton,DE,City,Q756111,http://milton.delaware.gov
middletown.delaware.gov,Middletown,Middletown,DE,City,Q756141,https://www.middletown.delaware.gov/
greensboromd.com,Greensboro,Greensboro,MD,City,Q756313,http://www.greensboromd.com/
mardelasprings.org,Mardela Springs,Mardela Springs,MD,City,Q756327,http://mardelasprings.org
newwindsormd.org,New Windsor,New Windsor,MD,City,Q756365,http://www.newwindsormd.org
townofeagleharborincmd.org,Eagle Harbor,Eagle Harbor,MD,City,Q756443,http://www.townofeagleharborincmd.org
boonsboromd.govoffice2.com,Boonsboro,Boonsboro,MD,City,Q756468,http://www.boonsboromd.govoffice2.com
sudlersville.org,Sudlersville,Sudlersville,MD,City,Q756521,http://www.sudlersville.org
townofatoka.com,Atoka,Atoka,TN,City,Q757543,http://www.townofatoka.com/
marana.com,Marana,Marana,AZ,City,Q762743,http://www.marana.com/
ricocolorado.org,Rico,Rico,CO,City,Q765104,http://www.ricocolorado.org
townofmoreau.org,Moreau,Moreau,NY,City,Q766021,http://www.townofmoreau.org/
townofduson.com,Duson,Duson,LA,City,Q777022,http://townofduson.com/
dracut-ma.us,Dracut,Dracut,MA,City,Q782882,http://www.dracut-ma.us/
goldenbeach.us,Golden Beach,Golden Beach,FL,City,Q784192,http://www.goldenbeach.us
mizems.com,Mize,Mize,MS,City,Q784216,http://mizems.com/
wagenersc.com,Wagener,Wagener,SC,City,Q784978,http://www.wagenersc.com/
cityofkenefick.com,Kenefick,Kenefick,TX,City,Q786717,http://cityofkenefick.com
tayloraz.org,Taylor,Taylor,AZ,City,Q786920,http://www.tayloraz.org
cityofavery.com,Avery,Avery,TX,City,Q790644,http://www.cityofavery.com/
avongov.org,Avon,Avon,IN,City,Q791269,http://www.avongov.org/
portroyal.org,Port Royal,Port Royal,SC,City,Q926275,https://www.portroyal.org/
ohiony.us,Ohio,Ohio,NY,City,Q927274,http://ohiony.us
tishomingo.ms,Tishomingo,Tishomingo,MS,City,Q927375,http://www.tishomingo.ms/
townofdauphinisland.org,Dauphin Island,Dauphin Island,AL,City,Q932623,http://www.townofdauphinisland.org/
centuryflorida.com,Century,Century,FL,City,Q932750,http://www.centuryflorida.com/
townoffortann.com,Fort Ann,Fort Ann,NY,City,Q934180,http://www.townoffortann.com/
latahwa.com,Latah,Latah,WA,City,Q937129,http://www.latahwa.com/
townoffoster.com,Foster,Foster,RI,City,Q938755,http://www.townoffoster.com
townofstamfordny.us,Stamford,Stamford,NY,City,Q941325,http://townofstamfordny.us/
townofflora.org,Flora,Flora,IN,City,Q942879,https://www.townofflora.org/
summerville.sc.us,Summerville,Summerville,SC,City,Q947304,http://www.summerville.sc.us
northfieldnh.org,Northfield,Northfield,NH,City,Q954005,http://www.northfieldnh.org/
midrivers.com,Fairview,Fairview,MT,City,Q954524,http://www.midrivers.com/~fairview/
townofclearlake.org,Clear Lake,Clear Lake,IN,City,Q955422,http://www.townofclearlake.org
prod-virginiacitymt.mt.gov,Virginia City,Virginia City,MT,City,Q955580,https://prod-virginiacitymt.mt.gov/
townofwestyellowstone.com,West Yellowstone,West Yellowstone,MT,City,Q956110,https://www.townofwestyellowstone.com/
froidmt.com,Froid,Froid,MT,City,Q956243,http://www.froidmt.com/
townofrutland.org,Rutland,Rutland,MA,City,Q957421,https://www.townofrutland.org/
townofpelham.com,Pelham,Pelham,NY,City,Q958159,http://www.townofpelham.com/
town.cumberland.in.us,Cumberland,Cumberland,IN,City,Q958240,http://www.town.cumberland.in.us/
tonawanda.ny.us,Tonawanda,Tonawanda,NY,City,Q960066,https://www.tonawanda.ny.us/
baldwinfl.govoffice2.com,Baldwin,Baldwin,FL,City,Q804864,http://www.baldwinfl.govoffice2.com
bartlettnh.org,Bartlett,Bartlett,NH,City,Q809447,http://www.bartlettnh.org
townofbartonville.com,Bartonville,Bartonville,TX,City,Q809565,http://www.townofbartonville.com
basalt.net,Basalt,Basalt,CO,City,Q809757,http://www.basalt.net
bayharborislands.org,Bay Harbor Islands,Bay Harbor Islands,FL,City,Q812078,http://www.bayharborislands.org
bayfield.govoffice.com,Bayfield,Bayfield,CO,City,Q812544,http://www.bayfield.govoffice.com
townofbellflorida.com,Bell,Bell,FL,City,Q815676,http://www.townofbellflorida.com
town.belmont.ma.us,Belmont,Belmont,MA,City,Q816096,http://www.town.belmont.ma.us/
town.berlin.ct.us,Berlin,Berlin,CT,City,Q821199,http://www.town.berlin.ct.us/
town.bethel.ny.us,Bethel,Bethel,NY,City,Q831256,http://www.town.bethel.ny.us/
mybeverlybeach.org,Beverly Beach,Beverly Beach,FL,City,Q851784,http://mybeverlybeach.org
bluffutah.org,Bluff,Bluff,UT,City,Q886112,http://bluffutah.org/
pittsfield.org,Pittsfield,Pittsfield,ME,City,Q887204,http://www.pittsfield.org/
townofenterprise.com,Enterprise,Enterprise,MS,City,Q892258,http://www.townofenterprise.com
braselton.net,Braselton,Braselton,GA,City,Q899020,http://www.braselton.net/
fortkent.org,Fort Kent,Fort Kent,ME,City,Q899695,http://www.fortkent.org/
townofbremen.com,Bremen,Bremen,IN,City,Q907391,https://www.townofbremen.com/
town.brewster.ma.us,Brewster,Brewster,MA,City,Q911438,http://www.town.brewster.ma.us/
ci.sahuarita.az.us,Sahuarita,Sahuarita,AZ,City,Q914860,http://www.ci.sahuarita.az.us/
southbury-ct.org,Southbury,Southbury,CT,City,Q917350,http://www.southbury-ct.org/
townofbristolnh.org,Bristol,Bristol,NH,City,Q917802,http://www.townofbristolnh.org/
townofconcrete.com,Concrete,Concrete,WA,City,Q919672,http://www.townofconcrete.com/
townofbeekman.com,Beekman,Beekman,NY,City,Q920518,http://www.townofbeekman.com/
lincolnnh.org,Lincoln,Lincoln,NH,City,Q922740,http://www.lincolnnh.org/
townofdolores.colorado.gov,Dolores,Dolores,CO,City,Q923230,https://townofdolores.colorado.gov
springfieldnh.net,Springfield,Springfield,NH,City,Q962307,http://www.springfieldnh.net/
wbrookfield.com,West Brookfield,West Brookfield,MA,City,Q962640,http://www.wbrookfield.com/
wareham.ma.us,Wareham,Wareham,MA,City,Q962807,http://www.wareham.ma.us/
barrington.nh.gov,Barrington,Barrington,NH,City,Q962862,http://www.barrington.nh.gov/
plainsmontana.com,Plains,Plains,MT,City,Q962882,http://www.plainsmontana.com/
townofwhitehall.org,Whitehall,Whitehall,MT,City,Q962893,http://townofwhitehall.org/
townofjayfl.com,Jay,Jay,FL,City,Q962926,http://www.townofjayfl.com
ridgewaysc.org,Ridgeway,Ridgeway,SC,City,Q963524,http://www.ridgewaysc.org/
browningmontana.com,Browning,Browning,MT,City,Q964747,http://www.browningmontana.com/
gorhamnh.org,Gorham,Gorham,NH,City,Q966159,http://www.gorhamnh.org/
philipsburgmt.com,Philipsburg,Philipsburg,MT,City,Q967012,http://philipsburgmt.com/
chester-montana.com,Chester,Chester,MT,City,Q967099,http://chester-montana.com/
darbymt.net,Darby,Darby,MT,City,Q968363,http://www.darbymt.net/
townofmineral.com,Mineral,Mineral,VA,City,Q968870,http://townofmineral.com/
superiorwyoming.net,Superior,Superior,WY,City,Q969068,http://www.superiorwyoming.net/
cityofmabanktx.org,Mabank,Mabank,TX,City,Q969293,http://www.cityofmabanktx.org/
townofcorinthny.com,Corinth,Corinth,NY,City,Q970821,http://www.townofcorinthny.com/
harwichma.virtualtownhall.net,Harwich,Harwich,MA,City,Q971430,http://harwichma.virtualtownhall.net/
southhillva.org,South Hill,South Hill,VA,City,Q971907,http://www.southhillva.org/
ladylake.org,Lady Lake,Lady Lake,FL,City,Q972057,http://www.ladylake.org
altotexas.org,Alto,Alto,TX,City,Q972861,http://www.altotexas.org/
panhandletx.govoffice2.com,Panhandle,Panhandle,TX,City,Q972961,http://www.panhandletx.govoffice2.com
fenwickisland.delaware.gov,Fenwick Island,Fenwick Island,DE,City,Q291295,http://fenwickisland.delaware.gov
townofirmosc.com,Irmo,Irmo,SC,City,Q304451,https://www.townofirmosc.com/
hollandindiana.org,Holland,Holland,IN,City,Q339064,http://hollandindiana.org/index.html
bonneausc.com,Bonneau,Bonneau,SC,City,Q340087,http://bonneausc.com/
acworthnhtownclerk.com,Acworth,Acworth,NH,City,Q344939,https://www.acworthnhtownclerk.com/
town.adams.ma.us,Adams,Adams,MA,City,Q351740,http://www.town.adams.ma.us
townofpatrick.com,Patrick,Patrick,SC,City,Q366990,http://www.townofpatrick.com/
warwickma.org,Warwick,Warwick,MA,City,Q367039,http://www.warwickma.org/
townoforangepark.com,Orange Park,Orange Park,FL,City,Q367316,http://www.townoforangepark.com
townofcrestone.org,Crestone,Crestone,CO,City,Q369487,http://townofcrestone.org
wyoming.delaware.gov,Wyoming,Wyoming,DE,City,Q371041,http://wyoming.delaware.gov
carverma.org,Carver,Carver,MA,City,Q372315,http://www.carverma.org/
taborsd.com,Tabor,Tabor,SD,City,Q374501,http://www.taborsd.com/
pvaz.net,Prescott Valley,Prescott Valley,AZ,City,Q374697,http://www.pvaz.net
seabrooknh.org,Seabrook,Seabrook,NH,City,Q375215,http://www.seabrooknh.org/
deerfieldma.us,Deerfield,Deerfield,MA,City,Q375905,https://www.deerfieldma.us/
langdonnh.org,Langdon,Langdon,NH,City,Q378730,http://langdonnh.org
palmbeachshoresfl.us,Palm Beach Shores,Palm Beach Shores,FL,City,Q385146,http://www.palmbeachshoresfl.us
parkeronline.org,Parker,Parker,CO,City,Q385825,http://www.parkeronline.org
townofmammoth.com,Mammoth,Mammoth,AZ,City,Q385920,http://www.townofmammoth.com/
town.westborough.ma.us,Westborough,Westborough,MA,City,Q386170,http://www.town.westborough.ma.us/
richmondma.org,Richmond,Richmond,MA,City,Q386437,https://www.richmondma.org/
carbondalegov.org,Carbondale,Carbondale,CO,City,Q389086,http://www.carbondalegov.org
aftonwyoming.net,Afton,Afton,WY,City,Q389436,http://www.aftonwyoming.net/
townofiva.com,Iva,Iva,SC,City,Q389876,http://www.townofiva.com/
cromwellct.com,Cromwell,Cromwell,CT,City,Q402839,https://www.cromwellct.com/
southington.org,Southington,Southington,CT,City,Q421913,http://www.southington.org/
smithvillems.org,Smithville,Smithville,MS,City,Q429734,http://www.smithvillems.org/
osgoodindiana.org,Osgood,Osgood,IN,City,Q432158,http://www.osgoodindiana.org
westport-ma.com,Westport,Westport,MA,City,Q432359,http://www.westport-ma.com/
townofbrookevillemd.org,Brookeville,Brookeville,MD,City,Q432625,https://townofbrookevillemd.org/
youraltoona.us,Altoona,Altoona,AL,City,Q444149,http://www.youraltoona.us
cumberlandmaine.com,Cumberland,Cumberland,ME,City,Q475022,http://www.cumberlandmaine.com/
francisutah.org,Francis,Francis,UT,City,Q482426,http://www.francisutah.org
leedstown.org,Leeds,Leeds,UT,City,Q482468,http://www.leedstown.org
townofhobsoncity.com,Hobson City,Hobson City,AL,City,Q66875,http://www.townofhobsoncity.com/
summerdalealabama.com,Summerdale,Summerdale,AL,City,Q66937,http://www.summerdalealabama.com/index.html
hodgesal.com,Hodges,Hodges,AL,City,Q67021,http://hodgesal.com
rehobethalabama.com,Rehobeth,Rehobeth,AL,City,Q67090,http://www.rehobethalabama.com/
townofeclectic.com,Eclectic,Eclectic,AL,City,Q67141,http://www.townofeclectic.com
munster.org,Munster,Munster,IN,City,Q973519,http://www.munster.org
bullardtexas.net,Bullard,Bullard,TX,City,Q973960,http://www.bullardtexas.net/CityManager.html
bookertexas.com,Booker,Booker,TX,City,Q974450,http://www.bookertexas.com
sainthedwigcity.com,St. Hedwig,St. Hedwig,TX,City,Q974708,http://sainthedwigcity.com/
townofanthony.org,Anthony,Anthony,TX,City,Q974714,http://townofanthony.org
ci.flatonia.tx.us,Flatonia,Flatonia,TX,City,Q974825,http://www.ci.flatonia.tx.us/
cityofmilfordtx.com,Milford,Milford,TX,City,Q974895,http://cityofmilfordtx.com/
ci.palmer.tx.us,Palmer,Palmer,TX,City,Q974908,https://ci.palmer.tx.us
cityofcaneycitytx.com,Caney City,Caney City,TX,City,Q974929,https://cityofcaneycitytx.com/
shady-shores.com,Shady Shores,Shady Shores,TX,City,Q974974,http://www.shady-shores.com/
westoverhills.us,Westover Hills,Westover Hills,TX,City,Q975154,http://westoverhills.us/
nobleboro.govoffice2.com,Nobleboro,Nobleboro,ME,City,Q975253,http://nobleboro.govoffice2.com/
cour60.wix.com,Edgecliff Village,Edgecliff Village,TX,City,Q975372,http://cour60.wix.com/evgov
crossplainstx.com,Cross Plains,Cross Plains,TX,City,Q975798,http://www.crossplainstx.com/
flower-mound.com,Flower Mound,Flower Mound,TX,City,Q976183,https://www.flower-mound.com/
townofdish.com,DISH,DISH,TX,City,Q976514,http://www.townofdish.com
hitchcocksd.com,Hitchcock,Hitchcock,SD,City,Q977063,https://www.hitchcocksd.com/
townofpacolet.com,Pacolet,Pacolet,SC,City,Q977097,http://townofpacolet.com/index.htm
ci.italy.tx.us,Italy,Italy,TX,City,Q977238,http://www.ci.italy.tx.us
cityofwells.us,Wells,Wells,TX,City,Q978123,https://cityofwells.us/
townofpantego.com,Pantego,Pantego,TX,City,Q978239,http://www.townofpantego.com
bishophillstx.org,Bishop Hills,Bishop Hills,TX,City,Q978348,http://bishophillstx.org
town.northlake.tx.us,Northlake,Northlake,TX,City,Q978358,http://town.northlake.tx.us
pottsboro.govoffice2.com,Pottsboro,Pottsboro,TX,City,Q979498,http://www.pottsboro.govoffice2.com/
cityofcoolidgetx.com,Coolidge,Coolidge,TX,City,Q979506,http://www.cityofcoolidgetx.com
ciceronewyork.net,Cicero,Cicero,NY,City,Q31219,https://www.ciceronewyork.net/
montague.net,Montague,Montague,MA,City,Q33180,http://www.montague.net/Pages/index
ciceroin.org,Cicero,Cicero,IN,City,Q38648,http://www.ciceroin.org/
mcintoshalabama.com,McIntosh,McIntosh,AL,City,Q65608,http://mcintoshalabama.com/
grantal.org,Grant,Grant,AL,City,Q65773,http://www.grantal.org/
wilsonvilleal.com,Wilsonville,Wilsonville,AL,City,Q65848,http://www.wilsonvilleal.com
brooksidealabama.com,Brookside,Brookside,AL,City,Q66072,https://www.brooksidealabama.com/
stflorianalabama.com,St. Florian,St. Florian,AL,City,Q66141,http://www.stflorianalabama.com/
killenal.org,Killen,Killen,AL,City,Q66273,http://www.killenal.org/
townofbrantley.com,Brantley,Brantley,AL,City,Q66351,http://www.townofbrantley.com/
westbloctonal.com,West Blocton,West Blocton,AL,City,Q66521,http://www.westbloctonal.com
cityofashford.com,Ashford,Ashford,AL,City,Q66528,http://www.cityofashford.com/
naturalbridgeala.com,Natural Bridge,Natural Bridge,AL,City,Q66555,http://www.naturalbridgeala.com
cityofepesalabama.com,Epes,Epes,AL,City,Q66560,http://www.cityofepesalabama.com/
townofgantt.com,Gantt,Gantt,AL,City,Q66663,https://www.townofgantt.com
pleasantgroves.org,Pleasant Groves,Pleasant Groves,AL,City,Q66699,https://pleasantgroves.org/index.html
sanjuancountycolorado.us,San Juan County,San Juan County,CO,City,Q370710,http://www.sanjuancountycolorado.us
rbc.us,Rio Blanco County,Rio Blanco County,CO,City,Q492044,http://www.rbc.us
redriver.org,Red River,Red River,NM,City,Q1428577,http://www.redriver.org/
hebronct.com,Hebron,Hebron,CT,City,Q1484910,https://www.hebronct.com/
townofyacolt.com,Yacolt,Yacolt,WA,City,Q1502151,http://townofyacolt.com/
townoflaconner.org,La Conner,La Conner,WA,City,Q1502950,http://townoflaconner.org/
northportwa.us,Northport,Northport,WA,City,Q1504833,http://northportwa.us/
townofwinthrop.com,Winthrop,Winthrop,WA,City,Q1505403,http://townofwinthrop.com/
farmingtonwa.com,Farmington,Farmington,WA,City,Q1505702,http://www.farmingtonwa.com/
townofpeell.com,Pe Ell,Pe Ell,WA,City,Q1505719,https://www.townofpeell.com/
endicottwa.wordpress.com,Endicott,Endicott,WA,City,Q1505871,https://endicottwa.wordpress.com/
townofwilkeson.com,Wilkeson,Wilkeson,WA,City,Q1506152,http://www.townofwilkeson.com/
coltonwashington.us,Colton,Colton,WA,City,Q1506187,http://coltonwashington.us/
lindwa.com,Lind,Lind,WA,City,Q1506345,https://www.lindwa.com
townofmarcus.com,Marcus,Marcus,WA,City,Q1506772,http://townofmarcus.com/
townoftwisp.com,Twisp,Twisp,WA,City,Q1506800,http://townoftwisp.com/
oakesdale.org,Oakesdale,Oakesdale,WA,City,Q1507117,http://oakesdale.org/
townofrosalia.org,Rosalia,Rosalia,WA,City,Q1507139,http://www.townofrosalia.org/
townofdarrington.com,Darrington,Darrington,WA,City,Q1507497,https://townofdarrington.com/
starbuckwa.com,Starbuck,Starbuck,WA,City,Q1507573,http://starbuckwa.com/
indexwa.org,Index,Index,WA,City,Q1507629,http://www.indexwa.org/
townofsteilacoom.org,Steilacoom,Steilacoom,WA,City,Q1507851,https://townofsteilacoom.org
townofcouleedam.org,Coulee Dam,Coulee Dam,WA,City,Q1507868,https://townofcouleedam.org/
odessawa.com,Odessa,Odessa,WA,City,Q1507968,http://odessawa.com/
fairfieldwa.com,Fairfield,Fairfield,WA,City,Q1507983,http://fairfieldwa.com/
lacrossewa.us,LaCrosse,LaCrosse,WA,City,Q1508064,http://www.lacrossewa.us/
skykomish.org,Skykomish,Skykomish,WA,City,Q1508141,http://skykomish.org
bucoda.us,Bucoda,Bucoda,WA,City,Q1510567,http://bucoda.us
uniontown.us,Uniontown,Uniontown,WA,City,Q1512086,http://uniontown.us/
townofsp.com,South Prairie,South Prairie,WA,City,Q1512391,https://www.townofsp.com/
almirawashington.com,Almira,Almira,WA,City,Q1512535,http://www.almirawashington.com/
wilsoncreekwa.com,Wilson Creek,Wilson Creek,WA,City,Q1512784,http://www.wilsoncreekwa.com/
townoflyman.com,Lyman,Lyman,WA,City,Q1513803,http://townoflyman.com/
townofcoupeville.org,Coupeville,Coupeville,WA,City,Q1513976,https://townofcoupeville.org
wilburwa.com,Wilbur,Wilbur,WA,City,Q1514299,http://wilburwa.com/
mansfieldwashington.org,Mansfield,Mansfield,WA,City,Q1514440,http://www.mansfieldwashington.org/
carbonado.org,Carbonado,Carbonado,WA,City,Q1516263,https://www.carbonado.org/
falmouthmass.us,Falmouth,Falmouth,MA,City,Q1523514,http://www.falmouthmass.us/
erving-ma.org,Erving,Erving,MA,City,Q1530814,http://www.erving-ma.org/
grand-isle.com,Grand Isle,Grand Isle,LA,City,Q1542628,http://www.grand-isle.com/
grovelandma.com,Groveland,Groveland,MA,City,Q1547816,http://www.grovelandma.com/
gueydan.org,Gueydan,Gueydan,LA,City,Q1553305,http://www.gueydan.org/
thomastonct.org,Thomaston,Thomaston,CT,City,Q1561061,http://www.thomastonct.org/
polandmaine.org,Poland,Poland,ME,City,Q1572109,http://www.polandmaine.org
harvard.ma.us,Harvard,Harvard,MA,City,Q1587876,http://www.harvard.ma.us
smithtowninfo.com,Smithtown,Smithtown,NY,City,Q1594054,http://www.smithtowninfo.com/
mooresville.org,Mooresville,Mooresville,IN,City,Q1623729,http://www.mooresville.org/
rushvalleytown.com,Rush Valley,Rush Valley,UT,City,Q482495,http://www.rushvalleytown.com/
springdaletown.com,Springdale,Springdale,UT,City,Q482508,http://www.springdaletown.com
walesutah.org,Wales,Wales,UT,City,Q482546,https://www.walesutah.org/
virginutah.org,Virgin,Virgin,UT,City,Q482603,http://virginutah.org
paradise.utah.gov,Paradise,Paradise,UT,City,Q482799,http://www.paradise.utah.gov/
levantown.org,Levan,Levan,UT,City,Q482809,https://levantown.org/
castlevalleyutah.com,Castle Valley,Castle Valley,UT,City,Q482882,http://www.castlevalleyutah.com
mayfieldtown.org,Mayfield,Mayfield,UT,City,Q482913,https://www.mayfieldtown.org/
brianheadtown.utah.gov,Brian Head,Brian Head,UT,City,Q483153,http://www.brianheadtown.utah.gov
danielutah.org,Daniel,Daniel,UT,City,Q483162,http://danielutah.org/
townofcedarfort.com,Cedar Fort,Cedar Fort,UT,City,Q483340,http://www.townofcedarfort.com/
minersvilletown.com,Minersville,Minersville,UT,City,Q483354,http://minersvilletown.com/
boulder.utah.gov,Boulder,Boulder,UT,City,Q483367,http://boulder.utah.gov
amalgatown.com,Amalga,Amalga,UT,City,Q483374,http://www.amalgatown.com/
heneferutah.org,Henefer,Henefer,UT,City,Q483393,http://www.heneferutah.org/
circlevilleutah.com,Circleville,Circleville,UT,City,Q483398,http://www.circlevilleutah.com
gardencityut.us,Garden City,Garden City,UT,City,Q483401,http://www.gardencityut.us/
bigwatertown.org,Big Water,Big Water,UT,City,Q483406,http://www.bigwatertown.org/
genola.org,Genola,Genola,UT,City,Q483414,http://genola.org/
marysvaleutah.org,Marysvale,Marysvale,UT,City,Q483434,http://www.marysvaleutah.org/
hanksville.com,Hatch,Hatch,UT,City,Q483459,http://www.hanksville.com/
applevalleyut.org,Apple Valley,Apple Valley,UT,City,Q483549,http://www.applevalleyut.org/
newharmonyutah.org,New Harmony,New Harmony,UT,City,Q483586,http://newharmonyutah.org
townofmantua.com,Mantua,Mantua,UT,City,Q483588,http://www.townofmantua.com/
independenceut.org,Independence,Independence,UT,City,Q483623,http://www.independenceut.org
stocktontown.org,Stockton,Stockton,UT,City,Q483635,http://stocktontown.org/TOS/
townofdeweyville.org,Deweyville,Deweyville,UT,City,Q483685,http://www.townofdeweyville.org/
kanarraville.org,Kanarraville,Kanarraville,UT,City,Q483692,http://www.kanarraville.org/
townofhomer.org,Homer,Homer,NY,City,Q486566,http://www.townofhomer.org/
visitgreenvillein.com,Greenville,Greenville,IN,City,Q507585,http://www.visitgreenvillein.com
frontroyalva.com,Front Royal,Front Royal,VA,City,Q508358,http://www.frontroyalva.com/
deering.nh.us,Deering,Deering,NH,City,Q508737,http://www.deering.nh.us/
rockhallmd.com,Rock Hall,Rock Hall,MD,City,Q510434,http://www.rockhallmd.com/
thatcher.az.gov,Thatcher,Thatcher,AZ,City,Q512101,http://thatcher.az.gov
millvillema.org,Millville,Millville,MA,City,Q513332,http://www.millvillema.org/
cityofnewbern.org,Newbern,Newbern,TN,City,Q517681,http://www.cityofnewbern.org/
mancoscolorado.com,Mancos,Mancos,CO,City,Q518551,http://www.mancoscolorado.com
northwebster.com,North Webster,North Webster,IN,City,Q520246,http://www.northwebster.com/
bellighamma.org,Bellingham,Bellingham,MA,City,Q521279,http://www.bellighamma.org
skellytowntexas.com,Skellytown,Skellytown,TX,City,Q979621,http://www.skellytowntexas.com
albatexas.org,Alba,Alba,TX,City,Q979629,https://www.albatexas.org/
lakesidecitytx.org,Lakeside City,Lakeside City,TX,City,Q979855,https://www.lakesidecitytx.org/
trophyclub.org,Trophy Club,Trophy Club,TX,City,Q980506,http://www.trophyclub.org
townofsanfelipe.net,San Felipe,San Felipe,TX,City,Q981206,http://townofsanfelipe.net/
double-oak.com,Double Oak,Double Oak,TX,City,Q981426,http://www.double-oak.com
cityofcoffeecity.com,Coffee City,Coffee City,TX,City,Q981553,http://www.cityofcoffeecity.com
fultontexas.org,Fulton,Fulton,TX,City,Q981673,http://www.fultontexas.org
townofsunnyvale.org,Sunnyvale,Sunnyvale,TX,City,Q981781,http://www.townofsunnyvale.org/
pineislandtx.com,Pine Island,Pine Island,TX,City,Q981904,https://pineislandtx.com/
cityofbells.org,Bells,Bells,TX,City,Q981977,http://www.CityOfBells.org
roundtop.org,Round Top,Round Top,TX,City,Q982031,http://www.roundtop.org/
cityoffrankston.com,Frankston,Frankston,TX,City,Q982079,http://www.cityoffrankston.com
coppercanyon-tx.org,Copper Canyon,Copper Canyon,TX,City,Q982223,http://www.coppercanyon-tx.org
quintanatx.org,Quintana,Quintana,TX,City,Q982356,http://www.quintanatx.org
cityoflexingtontx.com,Lexington,Lexington,TX,City,Q982607,http://cityoflexingtontx.com
campverde.az.gov,Camp Verde,Camp Verde,AZ,City,Q983745,http://www.campverde.az.gov
williamstown.ws,Williamstown,Williamstown,MA,City,Q983837,http://williamstown.ws/
carefree.org,Carefree,Carefree,AZ,City,Q984260,http://www.carefree.org
moundvillealabama.com,Moundville,Moundville,AL,City,Q984454,http://www.moundvillealabama.com/
townoflewiston.us,Lewiston,Lewiston,NY,City,Q985068,https://www.townoflewiston.us/
jerome.az.gov,Jerome,Jerome,AZ,City,Q985248,http://www.jerome.az.gov
chinoaz.net,Chino Valley,Chino Valley,AZ,City,Q985261,http://www.chinoaz.net
harpersferrywv.us,Harpers Ferry,Harpers Ferry,WV,City,Q985289,http://www.harpersferrywv.us/
queencreek.org,Queen Creek,Queen Creek,AZ,City,Q985299,http://www.queencreek.org
guadalupeaz.org,Guadalupe,Guadalupe,AZ,City,Q985305,http://www.guadalupeaz.org
youngtownaz.org,Youngtown,Youngtown,AZ,City,Q985309,http://www.youngtownaz.org
cavecreek.org,Cave Creek,Cave Creek,AZ,City,Q985310,http://www.cavecreek.org
ellendale.delaware.gov,Ellendale,Ellendale,DE,City,Q521614,http://ellendale.delaware.gov
otiscolorado.com,Otis,Otis,CO,City,Q522223,http://www.otiscolorado.com/
townofossining.com,Ossining,Ossining,NY,City,Q522356,http://www.townofossining.com/
townoflizton.com,Lizton,Lizton,IN,City,Q523493,http://townoflizton.com/
town.rye.nh.us,Rye,Rye,NH,City,Q523619,http://www.town.rye.nh.us/
townofberlin.com,Berlin,Berlin,MA,City,Q524646,http://www.townofberlin.com
cityoflangston.com,Langston,Langston,OK,City,Q534059,http://cityoflangston.com
town.sunapee.nh.us,Sunapee,Sunapee,NH,City,Q537668,http://www.town.sunapee.nh.us/
bloomfieldct.org,Bloomfield,Bloomfield,CT,City,Q542675,http://www.bloomfieldct.org/
lowell.net,Lowell,Lowell,IN,City,Q543975,http://www.lowell.net/
springfieldsc.com,Springfield,Springfield,SC,City,Q546025,http://www.springfieldsc.com/
columbiact.org,Columbia,Columbia,CT,City,Q546193,http://www.columbiact.org/
wheatlandwy.com,Wheatland,Wheatland,WY,City,Q547093,http://www.wheatlandwy.com
merrillville.in.gov,Merrillville,Merrillville,IN,City,Q549140,http://www.merrillville.in.gov
northeastmd.org,North East,North East,MD,City,Q571856,http://www.northeastmd.org/
normal.org,Normal,Normal,IL,City,Q575407,http://www.normal.org/
atkinsonil.org,Atkinson,Atkinson,IL,City,Q576062,http://www.atkinsonil.org/
easton-nh.org,Easton,Easton,NH,City,Q576458,http://easton-nh.org
town.west-newbury.ma.us,West Newbury,West Newbury,MA,City,Q576891,http://www.town.west-newbury.ma.us/
thetownofcicero.com,Cicero,Cicero,IL,City,Q578221,http://www.thetownofcicero.com/
townofkremmling.org,Kremmling,Kremmling,CO,City,Q579678,http://www.townofkremmling.org
town.new-hartford.ct.us,New Hartford,New Hartford,CT,City,Q579696,http://www.town.new-hartford.ct.us/
wigginsco.com,Wiggins,Wiggins,CO,City,Q579894,http://www.wigginsco.com
griffith.in.gov,Griffith,Griffith,IN,City,Q591052,http://griffith.in.gov/
hptx.org,Highland Park,Highland Park,TX,City,Q591899,https://www.hptx.org/
townofkearny.com,Kearny,Kearny,AZ,City,Q592109,http://www.townofkearny.com
townoftrailcreek.com,Trail Creek,Trail Creek,IN,City,Q592843,http://www.townoftrailcreek.com/
townofmcbeesc.com,McBee,McBee,SC,City,Q595593,http://townofmcbeesc.com/
riverside-al.com,Riverside,Riverside,AL,City,Q67185,http://www.riverside-al.com/
lynnalabama.com,Lynn,Lynn,AL,City,Q67206,http://www.lynnalabama.com/
rogersvillealabama.com,Rogersville,Rogersville,AL,City,Q67228,http://www.rogersvillealabama.com/
fyffecitylimits.com,Fyffe,Fyffe,AL,City,Q67253,http://www.fyffecitylimits.com/
mtvernonal.com,Mount Vernon,Mount Vernon,AL,City,Q67284,http://www.mtvernonal.com/
townofsteele.org,Steele,Steele,AL,City,Q67349,http://townofsteele.org
pikeroad.us,Pike Road,Pike Road,AL,City,Q67398,https://www.pikeroad.us/
townofgurleyal.com,Gurley,Gurley,AL,City,Q67451,http://www.townofgurleyal.com
townofgainesvillealabama.com,Gainesville,Gainesville,AL,City,Q67505,http://townofgainesvillealabama.com/
townofharpersville.com,Harpersville,Harpersville,AL,City,Q67550,http://www.townofharpersville.com/
sylvanspringsal.org,Sylvan Springs,Sylvan Springs,AL,City,Q67560,http://www.sylvanspringsal.org/
townofloxley.org,Loxley,Loxley,AL,City,Q67581,http://www.townofloxley.org/
geraldinealabama.com,Geraldine,Geraldine,AL,City,Q67722,http://www.geraldinealabama.com/
lexingtonal.org,Lexington,Lexington,AL,City,Q67784,http://www.lexingtonal.org
townofardmorealabama.com,Ardmore,Ardmore,AL,City,Q67910,http://www.townofardmorealabama.com/
shorteralabama.com,Shorter,Shorter,AL,City,Q67960,http://www.shorteralabama.com/
mentonealabama.org,Mentone,Mentone,AL,City,Q67974,http://www.mentonealabama.org
townofsomerville.org,Somerville,Somerville,AL,City,Q67979,http://www.townofsomerville.org/
brilliantal.org,Brilliant,Brilliant,AL,City,Q68058,http://www.brilliantal.org/
waverlyalabama.com,Waverly,Waverly,AL,City,Q68101,http://www.waverlyalabama.com
townofcottonwood.org,Cottonwood,Cottonwood,AL,City,Q68127,http://www.townofcottonwood.org/
notasulgaal.com,Notasulga,Notasulga,AL,City,Q68131,http://www.notasulgaal.com
fortdeposit.info,Fort Deposit,Fort Deposit,AL,City,Q68153,https://fortdeposit.info/
townofelberta.com,Elberta,Elberta,AL,City,Q68218,http://www.townofelberta.com/
waterlooalabama.com,Waterloo,Waterloo,AL,City,Q68241,http://www.waterlooalabama.com/
ci.white-bear-township.mn.us,White Bear Township,White Bear Township,MN,City,Q998331,http://www.ci.white-bear-township.mn.us/
duluthtownship.org,Duluth Township,Duluth Township,MN,City,Q1002725,http://www.duluthtownship.org/
denmarktownship.org,Denmark Township,Denmark Township,MN,City,Q1013082,http://www.denmarktownship.org/
bridgewatertwp.org,Bridgewater Township,Bridgewater Township,MN,City,Q1897530,http://www.bridgewatertwp.org/
fayaltwp.org,Fayal Township,Fayal Township,MN,City,Q1898064,http://www.fayaltwp.org/
collegevilletownship.com,Collegeville Township,Collegeville Township,MN,City,Q1898198,http://www.collegevilletownship.com/
florencetwp.org,Florence Township,Florence Township,MN,City,Q1898411,http://www.florencetwp.org/
fishlaketownship.org,Fish Lake Township,Fish Lake Township,MN,City,Q1898660,http://www.fishlaketownship.org
fredenbergtwp-mn.gov,Fredenberg Township,Fredenberg Township,MN,City,Q1899218,http://www.fredenbergtwp-mn.gov/
castlerocktownship.com,Castle Rock Township,Castle Rock Township,MN,City,Q1900154,http://www.castlerocktownship.com
eurekatownship-mn.us,Eureka Township,Eureka Township,MN,City,Q1900172,http://eurekatownship-mn.us/
canosiatownship.qwestoffice.net,Canosia Township,Canosia Township,MN,City,Q1900442,http://canosiatownship.qwestoffice.net
gnesen.org,Gnesen Township,Gnesen Township,MN,City,Q1901579,http://gnesen.org/
lakewoodmn.org,Lakewood Township,Lakewood Township,MN,City,Q1907984,http://www.lakewoodmn.org/
linwoodtownship.org,Linwood Township,Linwood Township,MN,City,Q1908114,http://linwoodtownship.org/
midwaytwpmn.govoffice2.com,Midway Township,Midway Township,MN,City,Q1909118,http://www.midwaytwpmn.govoffice2.com/
laketowntownship.info,Laketown Township,Laketown Township,MN,City,Q1909203,https://www.laketowntownship.info/
townoflittleton.org,Littleton,Littleton,NH,City,Q1626213,http://www.townoflittleton.org/
hopkintonri.org,Hopkinton,Hopkinton,RI,City,Q1627686,http://www.hopkintonri.org
windhamweb.com,Windham,Windham,ME,City,Q1628565,http://www.windhamweb.com/
wgtownri.org,West Greenwich,West Greenwich,RI,City,Q1644523,http://www.wgtownri.org
townofindependence.com,Independence,Independence,LA,City,Q1661065,http://www.townofindependence.com/
thomsonil.com,Thomson,Thomson,IL,City,Q1663621,http://www.thomsonil.com
yemassee.net,Yemassee,Yemassee,SC,City,Q1668600,http://www.yemassee.net/
townofsouthampton.org,Southampton,Southampton,MA,City,Q1720696,https://townofsouthampton.org/
killingworthct.com,Killingworth,Killingworth,CT,City,Q1741387,http://www.killingworthct.com/
townofbabylon.com,Babylon,Babylon,NY,City,Q1750870,http://www.townofbabylon.com/
townofwinchester.org,Winchester,Winchester,CT,City,Q1759451,http://www.townofwinchester.org/
lima-ny.org,Lima,Lima,NY,City,Q1769849,http://www.lima-ny.org
townofattica.net,Attica,Attica,NY,City,Q1778101,http://www.townofattica.net/
townofmamaroneck.org,Mamaroneck,Mamaroneck,NY,City,Q1781692,http://www.townofmamaroneck.org/
portsmouthri.com,Portsmouth,Portsmouth,RI,City,Q1787188,http://www.portsmouthri.com
town.lyndeborough.nh.us,Lyndeborough,Lyndeborough,NH,City,Q1787567,http://town.lyndeborough.nh.us/
landaffnh.org,Landaff,Landaff,NH,City,Q1801934,http://www.landaffnh.org
townoflatta.sc.gov,Latta,Latta,SC,City,Q1807048,http://www.townoflatta.sc.gov/
shepherdstownvisitorscenter.com,Shepherdstown,Shepherdstown,WV,City,Q1807266,http://www.shepherdstownvisitorscenter.com/
cottonvalleylouisiana.net,Cotton Valley,Cotton Valley,LA,City,Q1808797,http://www.cottonvalleylouisiana.net/
townoffountainlake.com,Fountain Lake,Fountain Lake,AR,City,Q1809666,http://townoffountainlake.com/
chalmers.in.gov,Chalmers,Chalmers,IN,City,Q1814364,http://chalmers.in.gov/
shalimarflorida.org,Shalimar,Shalimar,FL,City,Q1814665,http://www.shalimarflorida.org
townofkersey.com,Kersey,Kersey,CO,City,Q1816209,http://www.townofkersey.com
rockvalepages.com,Rockvale,Rockvale,CO,City,Q1816835,http://www.rockvalepages.com
townoflubec.com,Lubec,Lubec,ME,City,Q1817030,http://www.townoflubec.com/
parachutecolorado.com,Parachute,Parachute,CO,City,Q1823495,http://www.parachutecolorado.com/
manalapan.org,Manalapan,Manalapan,FL,City,Q1825409,https://www.manalapan.org/
fowlercolorado.com,Fowler,Fowler,CO,City,Q1834180,http://www.fowlercolorado.com/
perrysvilleindiana.com,Perrysville,Perrysville,IN,City,Q1839101,http://perrysvilleindiana.com/
hypoluxo.org,Hypoluxo,Hypoluxo,FL,City,Q1842897,http://www.hypoluxo.org
darmstadt-indiana.org,Darmstadt,Darmstadt,IN,City,Q1845235,http://www.darmstadt-indiana.org
huntland.us,Huntland,Huntland,TN,City,Q1850378,http://www.huntland.us/
kossetexas.com,Kosse,Kosse,TX,City,Q1015313,http://www.kossetexas.com
glendowy.com,Glendo,Glendo,WY,City,Q1015969,http://www.glendowy.com
edgefieldsc.net,Edgefield,Edgefield,SC,City,Q1016590,http://www.edgefieldsc.net/
burrillville.org,Burrillville,Burrillville,RI,City,Q1016937,http://www.burrillville.org
villageofburton.org,Burton,Burton,OH,City,Q1017116,http://www.villageofburton.org
watervillevalley.org,Waterville Valley,Waterville Valley,NH,City,Q1018140,https://www.watervillevalley.org/
schererville.org,Schererville,Schererville,IN,City,Q1018273,http://www.schererville.org/
fortgibson.com,Fort Gibson,Fort Gibson,OK,City,Q1018308,http://fortgibson.com/
mtpleasantny.com,Mount Pleasant,Mount Pleasant,NY,City,Q1018321,http://www.mtpleasantny.com/
ci.star-valley.az.us,Star Valley,Star Valley,AZ,City,Q1018633,http://www.ci.star-valley.az.us
town.halifax.ma.us,Halifax,Halifax,MA,City,Q1019248,http://www.town.halifax.ma.us/
vevayin.com,Vevay,Vevay,IN,City,Q1019255,http://www.vevayin.com/
silverthorne.org,Silverthorne,Silverthorne,CO,City,Q1019278,http://www.silverthorne.org/
coventryct.org,Coventry,Coventry,CT,City,Q1020595,http://www.coventryct.org/
oldsaybrookct.org,Old Saybrook,Old Saybrook,CT,City,Q1020609,http://www.oldsaybrookct.org/
claytonnm.org,Clayton,Clayton,NM,City,Q1020722,http://www.claytonnm.org
townofpeterborough.com,Peterborough,Peterborough,NH,City,Q1021395,http://www.townofpeterborough.com/
fairmount-in.us,Fairmount,Fairmount,IN,City,Q1022764,http://www.fairmount-in.us/
townofmalabar.org,Malabar,Malabar,FL,City,Q1022772,http://www.townofmalabar.org/
alexandrianh.com,Alexandria,Alexandria,NH,City,Q1022942,http://www.alexandrianh.com/
townofhudson.org,Hudson,Hudson,MA,City,Q1023503,http://www.townofhudson.org/
town.exeter.ri.us,Exeter,Exeter,RI,City,Q1026412,http://www.town.exeter.ri.us
hartslocation.com,Hart's Location,Hart's Location,NH,City,Q1026710,http://www.hartslocation.com/
townofdillsboro.com,Dillsboro,Dillsboro,IN,City,Q1026784,http://www.townofdillsboro.com
smithfieldri.com,Smithfield,Smithfield,RI,City,Q1027898,http://smithfieldri.com
tiverton.ri.gov,Tiverton,Tiverton,RI,City,Q1027996,http://www.tiverton.ri.gov
townofbaggs.com,Baggs,Baggs,WY,City,Q1028049,http://www.townofbaggs.com
townofgrundy.com,Grundy,Grundy,VA,City,Q1028061,https://www.townofgrundy.com/
townofmoorcroft.com,Moorcroft,Moorcroft,WY,City,Q1028102,http://townofmoorcroft.com
townofmeeteetse.org,Meeteetse,Meeteetse,WY,City,Q1028108,http://www.townofmeeteetse.org/
saratoga.govoffice2.com,Saratoga,Saratoga,WY,City,Q1028396,http://www.saratoga.govoffice2.com/
townofdixon.com,Dixon,Dixon,WY,City,Q1028436,http://www.townofdixon.com/
franniewy.govoffice2.com,Frannie,Frannie,WY,City,Q1028462,https://franniewy.govoffice2.com/
medicinebow.org,Medicine Bow,Medicine Bow,WY,City,Q1028483,http://www.medicinebow.org/
diamondvillewyo.com,Diamondville,Diamondville,WY,City,Q1028488,http://www.diamondvillewyo.com
burnswy.com,Burns,Burns,WY,City,Q1028504,http://www.burnswy.com/
kayceewyo.com,Kaycee,Kaycee,WY,City,Q1028510,http://www.kayceewyo.com/
townofevansville.org,Evansville,Evansville,WY,City,Q1028627,http://www.townofevansville.org
townofguernseywy.us,Guernsey,Guernsey,WY,City,Q1028649,http://townofguernseywy.us
townofbearriver.com,Bear River,Bear River,WY,City,Q1028664,https://www.townofbearriver.com/
glenrock.org,Glenrock,Glenrock,WY,City,Q1028734,http://www.glenrock.org
townofbigpiney.com,Big Piney,Big Piney,WY,City,Q1028752,http://www.townofbigpiney.com/
townofencampment.com,Encampment,Encampment,WY,City,Q1028769,http://www.townofencampment.com/
millswy.com,Mills,Mills,WY,City,Q1028970,http://www.millswy.com/
townofcowley.com,Cowley,Cowley,WY,City,Q1029114,https://townofcowley.com/
daytonwyoming.org,Dayton,Dayton,WY,City,Q1029734,http://www.daytonwyoming.org
townoflabarge.org,La Barge,La Barge,WY,City,Q1029759,http://www.townoflabarge.org
shoshoniwyoming.org,Shoshoni,Shoshoni,WY,City,Q1029795,http://www.shoshoniwyoming.org
pikebaytownship.com,Pike Bay Township,Pike Bay Township,MN,City,Q1911351,http://www.pikebaytownship.com/
pokegamatownship.com,Pokegama Township,Pokegama Township,MN,City,Q1911788,http://www.pokegamatownship.com/
jupiterinletcolony.org,Jupiter Inlet Colony,Jupiter Inlet Colony,FL,City,Q2036793,http://www.jupiterinletcolony.org
ponce-inlet.org,Ponce Inlet,Ponce Inlet,FL,City,Q2036813,http://www.ponce-inlet.org
paxtonfl.net,Paxton,Paxton,FL,City,Q2036866,https://www.paxtonfl.net
meridianhills.org,Meridian Hills,Meridian Hills,IN,City,Q2037871,http://www.meridianhills.org/
myindianshores.com,Indian Shores,Indian Shores,FL,City,Q2038670,http://www.myindianshores.com
cmca.gen.co.us,Collbran,Collbran,CO,City,Q2040298,http://www.cmca.gen.co.us/Municipality.cfm?MunicipalityID=87
yorktownindiana.org,Yorktown,Yorktown,IN,City,Q2043354,http://www.yorktownindiana.org/
townofboswell.com,Boswell,Boswell,IN,City,Q2047468,http://townofboswell.com/
duneacres.org,Dune Acres,Dune Acres,IN,City,Q2047917,http://www.duneacres.org/
wayland.ma.us,Wayland,Wayland,MA,City,Q2049231,http://www.wayland.ma.us/
townofgalena.com,Galena,Galena,MD,City,Q2050159,http://www.townofgalena.com
reevesvillesc.com,Reevesville,Reevesville,SC,City,Q2055828,http://reevesvillesc.com/
townofselmer.com,Selmer,Selmer,TN,City,Q2061621,https://www.townofselmer.com/
rosholtsd.com,Rosholt,Rosholt,SD,City,Q2062880,http://www.rosholtsd.com/
arcadialakes.net,Arcadia Lakes,Arcadia Lakes,SC,City,Q2066081,http://arcadialakes.net/
whitestown.net,Whitestown,Whitestown,NY,City,Q2066905,http://www.whitestown.net/
town.pendleton.in.us,Pendleton,Pendleton,IN,City,Q2068730,http://www.town.pendleton.in.us/
townofholliston.us,Holliston,Holliston,MA,City,Q596394,http://www.townofholliston.us/
columbinevalley.org,Columbine Valley,Columbine Valley,CO,City,Q600760,http://www.columbinevalley.org
magnolia.delaware.gov,Magnolia,Magnolia,DE,City,Q601131,http://magnolia.delaware.gov
townofchautauqua.com,Chautauqua,Chautauqua,NY,City,Q601447,http://townofchautauqua.com/
townofalma.com,Alma,Alma,CO,City,Q604196,http://www.townofalma.com
townofdubach.com,Dubach,Dubach,LA,City,Q606559,https://townofdubach.com/
woodstockny.org,Woodstock,Woodstock,NY,City,Q608293,http://www.woodstockny.org/
prestonmaryland.us,Preston,Preston,MD,City,Q611879,http://www.prestonmaryland.us/
miltonnh-us.com,Milton,Milton,NH,City,Q612201,https://www.miltonnh-us.com/
townofberlinmd.com,Berlin,Berlin,MD,City,Q614184,http://www.townofberlinmd.com/
ashlandcity.net,Ashland City,Ashland City,TN,City,Q616259,http://www.ashlandcity.net/
newhopetx.com,New Hope,New Hope,TX,City,Q620316,http://www.newhopetx.com
townofmontgomery.com,Montgomery,Montgomery,NY,City,Q624678,http://www.townofmontgomery.com/
arcadiaindiana.org,Arcadia,Arcadia,IN,City,Q631422,http://www.arcadiaindiana.org/
townofindianhead.org,Indian Head,Indian Head,MD,City,Q634154,https://www.townofindianhead.org/
townofargos.com,Argos,Argos,IN,City,Q649429,http://townofargos.com/
townofnaches.com,Naches,Naches,WA,City,Q658219,http://townofnaches.com/
townofslaughterbeach.com,Slaughter Beach,Slaughter Beach,DE,City,Q658892,http://www.townofslaughterbeach.com
weston-ct.com,Weston,Weston,CT,City,Q662537,http://www.weston-ct.com/
juno-beach.fl.us,Juno Beach,Juno Beach,FL,City,Q668308,http://www.juno-beach.fl.us
townofeagle.org,Eagle,Eagle,CO,City,Q670929,http://www.townofeagle.org
townofsaluda.com,Saluda,Saluda,SC,City,Q671215,http://www.townofsaluda.com/
townofgrafton.com,Grafton,Grafton,NH,City,Q679440,http://www.townofgrafton.com/
jacksonvillage.net,Jackson,Jackson,NH,City,Q680661,http://www.jacksonvillage.net/
townofclay.org,Clay,Clay,NY,City,Q684627,http://www.townofclay.org/
townofchamplain.com,Champlain,Champlain,NY,City,Q692297,http://www.townofchamplain.com
townofpalmbeach.com,Palm Beach,Palm Beach,FL,City,Q695411,https://townofpalmbeach.com/
massena.ny.us,Massena,Massena,NY,City,Q723619,http://www.massena.ny.us/
southfork-co.gov,South Fork,South Fork,CO,City,Q727814,http://www.southfork-co.gov
lexsc.com,Lexington,Lexington,SC,City,Q731091,http://www.lexsc.com
pocahontasva.org,Pocahontas,Pocahontas,VA,City,Q732180,http://pocahontasva.org
bristolindiana.net,Bristol,Bristol,IN,City,Q734001,http://www.bristolindiana.net
pimatown.az.gov,Pima,Pima,AZ,City,Q734341,http://www.pimatown.az.gov
loudonnh.org,Loudon,Loudon,NH,City,Q737929,http://www.loudonnh.org/
ci.berthoud.co.us,Berthoud,Berthoud,CO,City,Q741830,http://www.ci.berthoud.co.us
ashfordtownhall.org,Ashford,Ashford,CT,City,Q742016,http://www.ashfordtownhall.org/
buffalooklahoma.org,Buffalo,Buffalo,OK,City,Q742092,http://www.buffalooklahoma.org
townofallendale.sc.gov,Allendale,Allendale,SC,City,Q1851247,http://www.townofallendale.sc.gov
lookoutmountaintn.org,Lookout Mountain,Lookout Mountain,TN,City,Q1851740,http://www.lookoutmountaintn.org/
newcastlemaine.us,Newcastle,Newcastle,ME,City,Q1853982,http://www.newcastlemaine.us/
brookindiana.com,Brook,Brook,IN,City,Q1854689,http://www.brookindiana.com/
townofscooba.net,Scooba,Scooba,MS,City,Q1866148,https://townofscooba.net/
stickneysd.com,Stickney,Stickney,SD,City,Q1866880,http://www.stickneysd.com/
delbartonwv.us,Delbarton,Delbarton,WV,City,Q1879149,http://delbartonwv.us
estillspringstn.com,Estill Springs,Estill Springs,TN,City,Q1884133,https://www.estillspringstn.com
townofmedley.com,Medley,Medley,FL,City,Q1884547,http://www.townofmedley.com
town.windermere.fl.us,Windermere,Windermere,FL,City,Q1893545,http://www.town.windermere.fl.us
townofmontville.org,Montville,Montville,CT,City,Q1898531,http://www.townofmontville.org
waterfordct.org,Waterford,Waterford,CT,City,Q1898623,http://www.waterfordct.org/
townofnorthbranfordct.com,North Branford,North Branford,CT,City,Q1898680,http://www.townofnorthbranfordct.com/
townsend.ma.us,Townsend,Townsend,MA,City,Q1900880,http://www.townsend.ma.us
townofedistobeach.com,Edisto Beach,Edisto Beach,SC,City,Q1903825,http://www.townofedistobeach.com/
shipshewana.org,Shipshewana,Shipshewana,IN,City,Q1909448,http://www.shipshewana.org/
town.milliken.co.us,Milliken,Milliken,CO,City,Q1910256,http://town.milliken.co.us/
ci.highland-beach.fl.us,Highland Beach,Highland Beach,FL,City,Q1992688,http://www.ci.highland-beach.fl.us/
leeflorida.org,Lee,Lee,FL,City,Q1992762,http://www.leeflorida.org
townofeatonville.org,Eatonville,Eatonville,FL,City,Q1992883,http://www.townofeatonville.org
lantana.org,Lantana,Lantana,FL,City,Q1992911,http://www.lantana.org
aurorasd.govoffice3.com,Aurora,Aurora,SD,City,Q1994195,https://aurorasd.govoffice3.com
townofgreeleyville.com,Greeleyville,Greeleyville,SC,City,Q1999913,https://www.townofgreeleyville.com/
sewallspoint.org,Sewall's Point,Sewall's Point,FL,City,Q2000252,https://www.sewallspoint.org/
townofjohnstown.com,Johnstown,Johnstown,CO,City,Q2002961,http://www.townofjohnstown.com/
townofninetysixsc.com,Ninety Six,Ninety Six,SC,City,Q2003674,http://www.townofninetysixsc.com/
tosv.com,Snowmass Village,Snowmass Village,CO,City,Q2004309,https://www.tosv.com/
branchville.sc.gov,Branchville,Branchville,SC,City,Q2009620,http://www.branchville.sc.gov/
townofpalisade.org,Palisade,Palisade,CO,City,Q2009803,http://www.townofpalisade.org/
burlingtonindiana.org,Burlington,Burlington,IN,City,Q2014557,https://www.burlingtonindiana.org
leesburgindiana.com,Leesburg,Leesburg,IN,City,Q2015978,http://www.leesburgindiana.com
townofreddingct.org,Redding,Redding,CT,City,Q2018185,http://www.townofreddingct.org/
townofzolfo.com,Zolfo Springs,Zolfo Springs,FL,City,Q2018745,http://www.townofzolfo.com
bennett.co.us,Bennett,Bennett,CO,City,Q2018755,http://www.bennett.co.us/
townofmcintosh.org,McIntosh,McIntosh,FL,City,Q2019108,http://www.townofmcintosh.org
rangely.com,Rangely,Rangely,CO,City,Q2019434,http://www.rangely.com/
inolaok.com,Inola,Inola,OK,City,Q2019815,http://www.inolaok.com
melbournevillage.org,Melbourne Village,Melbourne Village,FL,City,Q2020619,http://www.melbournevillage.org/
claypoolindiana.com,Claypool,Claypool,IN,City,Q1913032,http://www.claypoolindiana.com
townofnashville.org,Nashville,Nashville,IN,City,Q1924785,http://townofnashville.org/
lansingtown.com,Lansing,Lansing,NY,City,Q1929162,https://www.lansingtown.com/
vernonindiana.org,Vernon,Vernon,IN,City,Q1939252,http://www.vernonindiana.org
collierville.com,Collierville,Collierville,TN,City,Q1940361,http://collierville.com/
williston-sc.com,Williston,Williston,SC,City,Q1942709,http://www.williston-sc.com/
townofreddick.com,Reddick,Reddick,FL,City,Q1947418,http://www.townofreddick.com/
plattevillegov.org,Platteville,Platteville,CO,City,Q1948692,http://www.plattevillegov.org/
townofbrighton.com,Brighton,Brighton,TN,City,Q1955896,http://www.townofbrighton.com/
chapinsc.com,Chapin,Chapin,SC,City,Q1958217,http://www.chapinsc.com/
townofdundee.com,Dundee,Dundee,FL,City,Q1965179,http://www.townofdundee.com
walnutgrove-ms.com,Walnut Grove,Walnut Grove,MS,City,Q1965755,http://www.walnutgrove-ms.com/
havanaflorida.com,Havana,Havana,FL,City,Q1967008,http://www.havanaflorida.com/
morristown.in.gov,Morristown,Morristown,IN,City,Q1970199,http://www.morristown.in.gov/
longbeachin.org,Long Beach,Long Beach,IN,City,Q1972897,http://www.longbeachin.org
upland.in.gov,Upland,Upland,IN,City,Q1974836,http://upland.in.gov/
ridgelandsc.gov:80,Ridgeland,Ridgeland,SC,City,Q1975694,http://www.ridgelandsc.gov:80/
townoflafontaine.com,La Fontaine,La Fontaine,IN,City,Q1976205,http://www.townoflafontaine.com/
townofpelzer.com,Pelzer,Pelzer,SC,City,Q1978255,http://www.townofpelzer.com/
lakeplacidfl.net,Lake Placid,Lake Placid,FL,City,Q1986499,http://www.lakeplacidfl.net
nmanchester.org,North Manchester,North Manchester,IN,City,Q2023141,http://www.nmanchester.org/
spring-lake.org,Spring Lake,Spring Lake,NC,City,Q2024555,http://www.spring-lake.org/
sunnyvale.ca.gov,Sunnyvale,Sunnyvale,CA,City,Q208459,https://sunnyvale.ca.gov/
kentwoodla.org,Kentwood,Kentwood,LA,City,Q986205,http://www.Kentwoodla.org
jupiter.fl.us,Jupiter,Jupiter,FL,City,Q986329,https://www.jupiter.fl.us
youtube.com,Plainfield,Plainfield,IN,City,Q986631,https://www.youtube.com/watch?v=6n3pFFPSlW4
eastville.esva.net,Eastville,Eastville,VA,City,Q987458,http://eastville.esva.net/
townofschaghticoke.org,Schaghticoke,Schaghticoke,NY,City,Q989452,http://www.townofschaghticoke.org
lancasternh.org,Lancaster,Lancaster,NH,City,Q990612,http://www.lancasternh.org/
gilabendaz.org,Gila Bend,Gila Bend,AZ,City,Q991040,http://www.gilabendaz.org/
ci.quartzsite.az.us,Quartzsite,Quartzsite,AZ,City,Q991047,http://www.ci.quartzsite.az.us
brownsburg.org,Brownsburg,Brownsburg,IN,City,Q991277,http://www.brownsburg.org/
bernicela.org,Bernice,Bernice,LA,City,Q3240136,http://www.bernicela.org
longboatkey.org,Longboat Key,Longboat Key,FL,City,Q993809,http://www.longboatkey.org
townofbrunswick.org,Brunswick,Brunswick,NY,City,Q994132,http://www.townofbrunswick.org
rhinebeckny.org,Rhinebeck,Rhinebeck,NY,City,Q994367,http://www.rhinebeckny.org
townofcastlerock.org,Castle Rock,Castle Rock,CO,City,Q994457,http://www.townofcastlerock.org
townofsuperior.com,Superior,Superior,CO,City,Q994954,http://www.townofsuperior.com
burlington.org,Burlington,Burlington,MA,City,Q995255,http://www.burlington.org/
townofsmyrna.org,Smyrna,Smyrna,TN,City,Q996433,https://www.townofsmyrna.org/
wickenburgaz.org,Wickenburg,Wickenburg,AZ,City,Q996556,http://www.wickenburgaz.org
town.orleans.ma.us,Orleans,Orleans,MA,City,Q997147,http://www.town.orleans.ma.us/
town.wellton.az.us,Wellton,Wellton,AZ,City,Q998972,http://town.wellton.az.us
eastgreenwichri.com,East Greenwich,East Greenwich,RI,City,Q999257,http://www.eastgreenwichri.com
granbychamber.com,Granby,Granby,CO,City,Q1001750,http://www.granbychamber.com
tyreny.com,Tyre,Tyre,NY,City,Q1002425,https://tyreny.com/
townoflusk.org,Lusk,Lusk,WY,City,Q1002438,http://www.townoflusk.org
townofmonument.org,Monument,Monument,CO,City,Q1003709,http://www.townofmonument.org/
duboiswyoming.org,Dubois,Dubois,WY,City,Q1003748,http://www.duboiswyoming.org
townofwellington.com,Wellington,Wellington,CO,City,Q1003815,http://www.townofwellington.com/
townofgypsum.com,Gypsum,Gypsum,CO,City,Q1003831,http://www.townofgypsum.com
limestonemaine.org,Limestone,Limestone,ME,City,Q1004023,http://www.limestonemaine.org/
houston.ms.gov,Houston,Houston,MS,City,Q1004374,https://www.houston.ms.gov/
townoffortwhitefl.com,Fort White,Fort White,FL,City,Q1004724,http://townoffortwhitefl.com
town.dennis.ma.us,Dennis,Dennis,MA,City,Q1009209,http://www.town.dennis.ma.us/
plainfieldnh.org,Plainfield,Plainfield,NH,City,Q1009581,https://www.plainfieldnh.org/
tompsc.com,Mount Pleasant,Mount Pleasant,SC,City,Q1010216,http://www.tompsc.com
town.nederland.co.us,Nederland,Nederland,CO,City,Q1010528,http://www.town.nederland.co.us
estes.org,Estes Park,Estes Park,CO,City,Q1010533,http://www.estes.org/
wwww.chugwater.com,Chugwater,Chugwater,WY,City,Q1011402,http://wwww.chugwater.com
townofmanheim.org,Manheim,Manheim,NY,City,Q1012116,http://www.townofmanheim.org/
saranaclake.com,Harrietstown,Harrietstown,NY,City,Q1012137,http://www.saranaclake.com/
micanopytown.com,Micanopy,Micanopy,FL,City,Q1012147,http://www.micanopytown.com/
ci.snowflake.az.us,Snowflake,Snowflake,AZ,City,Q1012644,http://ci.snowflake.az.us
superior-arizona.com,Superior,Superior,AZ,City,Q1012650,http://www.superior-arizona.com
testservertwo.com,Springerville,Springerville,AZ,City,Q1012656,http://testservertwo.com
middletownri.com,Middletown,Middletown,RI,City,Q1013038,https://www.middletownri.com/
fredoniaaz.net,Fredonia,Fredonia,AZ,City,Q1013165,http://www.fredoniaaz.net
carmelny.org,Carmel,Carmel,NY,City,Q1013504,http://www.carmelny.org/
indialantic.com,Indialantic,Indialantic,FL,City,Q1013985,http://www.indialantic.com/
melbournebeachfl.org,Melbourne Beach,Melbourne Beach,FL,City,Q1013994,http://www.melbournebeachfl.org/
poncedeleonfl.com,Ponce de Leon,Ponce de Leon,FL,City,Q1013999,http://www.poncedeleonfl.com
townofhillsborobeach.com,Hillsboro Beach,Hillsboro Beach,FL,City,Q1014022,http://www.townofhillsborobeach.com
avon.org,Avon,Avon,CO,City,Q2069422,https://www.avon.org/
franktonindiana.net,Frankton,Frankton,IN,City,Q2070685,http://www.franktonindiana.net/
townofwoodworth.com,Woodworth,Woodworth,LA,City,Q2071867,http://www.townofwoodworth.com
townofholly.com,Holly,Holly,CO,City,Q2072070,http://www.townofholly.com
ci.grottoes.va.us,Grottoes,Grottoes,VA,City,Q2072104,https://www.ci.grottoes.va.us/
townofsilt.org,Silt,Silt,CO,City,Q2074578,http://www.townofsilt.org/
townofjulesburg.com,Julesburg,Julesburg,CO,City,Q2074891,https://townofjulesburg.com/
townoflimon.com,Limon,Limon,CO,City,Q2074898,http://www.townoflimon.com/
ci.palmet-lake.co.us,Palmer Lake,Palmer Lake,CO,City,Q2075229,http://www.ci.palmet-lake.co.us
minturn.org,Minturn,Minturn,CO,City,Q2076232,http://www.minturn.org
newcastlecolorado.org,New Castle,New Castle,CO,City,Q2076272,http://www.newcastlecolorado.org/
roxburyct.com,Roxbury,Roxbury,CT,City,Q2076302,https://www.roxburyct.com/
cedaredgecolorado.com,Cedaredge,Cedaredge,CO,City,Q2076330,http://www.cedaredgecolorado.com/
antrimnh.org,Antrim,Antrim,NH,City,Q2076351,http://www.antrimnh.org/
townoflenox.com,Lenox,Lenox,MA,City,Q2076362,http://www.townoflenox.com/
ochardcityco.org,Orchard City,Orchard City,CO,City,Q2076744,http://www.ochardcityco.org
fpi.homestead.com,Fairview Park,Fairview Park,IN,City,Q2084131,http://fpi.homestead.com
town-ophir.co.gov,Ophir,Ophir,CO,City,Q2086617,http://www.town-ophir.co.gov/
townofbrinybreezes-fl.com,Briny Breezes,Briny Breezes,FL,City,Q2092501,http://www.townofbrinybreezes-fl.com
mymontverde.com,Montverde,Montverde,FL,City,Q2092516,http://www.mymontverde.com
kennethcityfl.org,Kenneth City,Kenneth City,FL,City,Q2092522,https://www.kennethcityfl.org/
townofpierson.org,Pierson,Pierson,FL,City,Q2092541,http://www.townofpierson.org/
townoflakehamilton.com,Lake Hamilton,Lake Hamilton,FL,City,Q2092549,http://www.townoflakehamilton.com
pomonapark.com,Pomona Park,Pomona Park,FL,City,Q2092588,http://pomonapark.com
sneadsfl.com,Sneads,Sneads,FL,City,Q2092599,http://www.sneadsfl.com
townofnorthredingtonbeach.com,North Redington Beach,North Redington Beach,FL,City,Q2092623,http://www.townofnorthredingtonbeach.com
townofbranford.net,Branford,Branford,FL,City,Q2092654,http://www.townofbranford.net
howey.org,Howey-in-the-Hills,Howey-in-the-Hills,FL,City,Q2092664,http://www.howey.org
townofredingtonshores.com,Redington Shores,Redington Shores,FL,City,Q2092689,http://www.townofredingtonshores.com
mygreenvillefl.com,Greenville,Greenville,FL,City,Q2092701,http://www.mygreenvillefl.com
townofinglis.org,Inglis,Inglis,FL,City,Q2092719,http://townofinglis.org
townofredingtonbeach.com,Redington Beach,Redington Beach,FL,City,Q2092737,https://townofredingtonbeach.com/
irshores.com,Indian River Shores,Indian River Shores,FL,City,Q2092746,http://www.irshores.com
townofbelleair.com,Belleair,Belleair,FL,City,Q2092758,http://www.townofbelleair.com
townofhilliard.com,Hilliard,Hilliard,FL,City,Q2092774,http://www.townofhilliard.com
hastings-fl.com,Hastings,Hastings,FL,City,Q2092792,http://www.hastings-fl.com
townoflowrys.com,Lowrys,Lowrys,SC,City,Q2101449,http://townoflowrys.com/
milan-in-gov.net,Milan,Milan,IN,City,Q2101493,http://www.milan-in-gov.net/
townofhomerga.com,Homer,Homer,GA,City,Q2101592,https://townofhomerga.com
sinclairwyoming.com,Sinclair,Sinclair,WY,City,Q1029829,http://www.sinclairwyoming.com
wrightwyoming.com,Wright,Wright,WY,City,Q1029861,https://www.wrightwyoming.com
greybull.com,Greybull,Greybull,WY,City,Q1029876,http://www.greybull.com
townoflovell.com,Lovell,Lovell,WY,City,Q1029882,http://www.townoflovell.com
townofbarnunn.com,Bar Nunn,Bar Nunn,WY,City,Q1030110,http://www.townofbarnunn.com/
pinehavenwy.govoffice2.com,Pine Haven,Pine Haven,WY,City,Q1030133,http://www.pinehavenwy.govoffice2.com/
mountainviewwyoming.net,Mountain View,Mountain View,WY,City,Q1030788,http://www.mountainviewwyoming.net
townofcantonct.org,Canton,Canton,CT,City,Q1033861,http://www.townofcantonct.org/
derry-nh.org,Derry,Derry,NH,City,Q1055850,http://www.derry-nh.org
charlestownri.org,Charlestown,Charlestown,RI,City,Q1066711,http://www.charlestownri.org
tocny.org,Cheektowaga,Cheektowaga,NY,City,Q1068849,https://tocny.org/
cheraw.com,Cheraw,Cheraw,SC,City,Q1070214,https://www.cheraw.com/
stpaultexas.us,St. Paul,St. Paul,TX,City,Q1093117,https://www.stpaultexas.us/
patrickchamber.com,Stuart,Stuart,VA,City,Q1094424,http://www.patrickchamber.com/
colonialbeachva.net,Colonial Beach,Colonial Beach,VA,City,Q1110876,http://www.colonialbeachva.net/
townofflorida.org,Florida,Florida,MA,City,Q1112732,https://www.townofflorida.org/
columbusnewmexico.com,Columbus,Columbus,NM,City,Q1112742,http://www.columbusnewmexico.com
townofberkley-ma.org,Berkley,Berkley,MA,City,Q1113265,http://www.townofberkley-ma.org
townofsharon.net,Sharon,Sharon,MA,City,Q1114007,http://www.townofsharon.net/
townofrochestermass.com,Rochester,Rochester,MA,City,Q1118954,http://townofrochestermass.com/
clarkdale.az.gov,Clarkdale,Clarkdale,AZ,City,Q1123873,http://www.clarkdale.az.gov
corrales-nm.org,Corrales,Corrales,NM,City,Q1135270,http://www.corrales-nm.org/
townofcowpens.com,Cowpens,Cowpens,SC,City,Q1138234,http://www.townofcowpens.com/
townofdanburynh.com,Danbury,Danbury,NH,City,Q1159292,http://www.townofdanburynh.com/
mansfieldma.com,Mansfield,Mansfield,MA,City,Q1193955,https://www.mansfieldma.com/
wpgov.com,Winter Park,Winter Park,CO,City,Q1203309,https://wpgov.com/
watertownct.org,Watertown,Watertown,CT,City,Q1207502,http://www.watertownct.org/
townofdillon.com,Dillon,Dillon,CO,City,Q1225611,http://www.townofdillon.com/
townofdresden.com,Dresden,Dresden,ME,City,Q1258457,http://www.townofdresden.com/
thompsonct.org,Thompson,Thompson,CT,City,Q1263963,http://www.thompsonct.org/
townofpoundridge.com,Pound Ridge,Pound Ridge,NY,City,Q1270755,http://www.townofpoundridge.com
perdidobeachcommunity.com,Perdido Beach,Perdido Beach,AL,City,Q1274345,http://www.perdidobeachcommunity.com/
lynnville.org,Lynnville,Lynnville,TN,City,Q1315802,http://www.lynnville.org
shelterislandtown.us,Shelter Island,Shelter Island,NY,City,Q1330668,https://www.shelterislandtown.us/
ashlandmass.com,Ashland,Ashland,MA,City,Q1362736,https://www.ashlandmass.com/
tangierislandva.com,Tangier,Tangier,VA,City,Q1373391,http://www.tangierislandva.com/
townofgretna.org,Gretna,Gretna,VA,City,Q1373402,http://www.townofgretna.org/
chilhowie.org,"Chilhowie, Virginia","Chilhowie, Virginia",VA,City,Q1373435,http://www.chilhowie.org/
friesva.com,Fries,Fries,VA,City,Q1373463,http://friesva.com/Home_Page.php
town.irvington.va.us,Irvington,Irvington,VA,City,Q1373509,http://www.town.irvington.va.us
dublintown.org,Dublin,Dublin,VA,City,Q1373580,http://www.dublintown.org/
town.richlands.va.us,Richlands,Richlands,VA,City,Q1373601,http://town.richlands.va.us/
strasburgva.com,Strasburg,Strasburg,VA,City,Q1373665,https://www.strasburgva.com/
townofgatecity.com,Gate City,Gate City,VA,City,Q1373690,http://www.townofgatecity.com/
townofjonesville.org,Jonesville,Jonesville,VA,City,Q1373780,http://www.townofjonesville.org/
townofbrookneal.com,Brookneal,Brookneal,VA,City,Q1373826,http://www.townofbrookneal.com/
ci.altavista.va.us,Altavista,Altavista,VA,City,Q1373836,http://www.ci.altavista.va.us/
mountcrawford.us,Mount Crawford,Mount Crawford,VA,City,Q1373984,https://mountcrawford.us/
lawrencevilleweb.com,Lawrenceville,Lawrenceville,VA,City,Q1374023,http://www.lawrencevilleweb.com/
townofruralretreat.com,Rural Retreat,Rural Retreat,VA,City,Q1374054,http://www.townofruralretreat.com/
damascus.org,Damascus,Damascus,VA,City,Q1374077,http://www.damascus.org/
townofboonesmill.org,Boones Mill,Boones Mill,VA,City,Q1374160,http://www.townofboonesmill.org/
newmarketvirginia.com,New Market,New Market,VA,City,Q1374174,http://www.newmarketvirginia.com
richcreek.org,Rich Creek,Rich Creek,VA,City,Q1374186,http://www.richcreek.org/index.php
exmore.org,Exmore,Exmore,VA,City,Q1374222,http://www.exmore.org/
clinchcova.net,Clinchco,Clinchco,VA,City,Q1374234,https://clinchcova.net/
saltville.org,Saltville,Saltville,VA,City,Q1374247,http://www.saltville.org/
townofhalifax.com,Halifax,Halifax,VA,City,Q1374283,http://www.townofhalifax.com/
stanardsville.org,Stanardsville,Stanardsville,VA,City,Q1374333,http://www.stanardsville.org
bigstonegap.org,Big Stone Gap,Big Stone Gap,VA,City,Q1375124,http://www.bigstonegap.org/
townofedinburg.com,Edinburg,Edinburg,VA,City,Q1375136,http://www.townofedinburg.com
west-point.va.us,West Point,West Point,VA,City,Q1375162,http://www.west-point.va.us/
townofbowlinggreen.com,Bowling Green,Bowling Green,VA,City,Q1375212,http://www.townofbowlinggreen.com/
clevelandva.com,Cleveland,Cleveland,VA,City,Q1375342,https://www.clevelandva.com
townofwise.net,Wise,Wise,VA,City,Q1375444,http://www.townofwise.net/
daytonva.us,Dayton,Dayton,VA,City,Q1375454,http://www.daytonva.us/
lebanonva.net,Lebanon,Lebanon,VA,City,Q1375466,http://www.lebanonva.net/
stephenscity.vi.virginia.gov,Stephens City,Stephens City,VA,City,Q1375798,http://www.stephenscity.vi.virginia.gov/
town.hamilton.va.us,Hamilton,Hamilton,VA,City,Q1375839,http://www.town.hamilton.va.us/
dillwynva.org,Dillwyn,Dillwyn,VA,City,Q1376063,http://www.dillwynva.org/
town.broadway.va.us,Broadway,Broadway,VA,City,Q1376100,http://www.town.broadway.va.us/
townofbuchanan.com,Buchanan,Buchanan,VA,City,Q1376110,http://www.townofbuchanan.com/
townoftazewell.org,Tazewell,Tazewell,VA,City,Q1376160,http://www.townoftazewell.org
goshenvirginia.com,Goshen,Goshen,VA,City,Q1376263,http://goshenvirginia.com/
urbanna.com,Urbanna,Urbanna,VA,City,Q1376354,http://www.urbanna.com
christiansburg.org,Christiansburg,Christiansburg,VA,City,Q1376400,http://www.christiansburg.org/
roundhillva.org,Round Hill,Round Hill,VA,City,Q1376422,http://www.roundhillva.org/
chasecity.org,Chase City,Chase City,VA,City,Q1376427,http://www.chasecity.org
towncch.com,Charlotte Court House,Charlotte Court House,VA,City,Q1376592,https://www.towncch.com/
townofgordonsville.org,Gordonsville,Gordonsville,VA,City,Q1376615,http://www.townofgordonsville.org/
townofcrewe.com,Crewe,Crewe,VA,City,Q1376628,http://townofcrewe.com/
townofkeysville.com,Keysville,Keysville,VA,City,Q1376682,http://www.townofkeysville.com/
bridgewater.town,Bridgewater,Bridgewater,VA,City,Q1376704,https://bridgewater.town/
bluefieldva.org,Bluefield,Bluefield,VA,City,Q1376715,http://www.bluefieldva.org/
townoftimberville.com,Timberville,Timberville,VA,City,Q1376772,https://www.townoftimberville.com/
capecharles.org,Cape Charles,Cape Charles,VA,City,Q1376790,http://capecharles.org/
townofnarrows.org,Narrows,Narrows,VA,City,Q1376798,http://www.townofnarrows.org/
townofatlanticbeachsc.com,Atlantic Beach,Atlantic Beach,SC,City,Q1376850,http://www.townofatlanticbeachsc.com
townofcamden.org,Camden,Camden,IN,City,Q1376861,https://www.townofcamden.org/
townofcoeburn.com,Coeburn,Coeburn,VA,City,Q1377282,http://www.townofcoeburn.com/
townoffarragut.org,Farragut,Farragut,TN,City,Q1397087,https://www.townoffarragut.org/
glenstmary.govoffice.com,Glen St. Mary,Glen St. Mary,FL,City,Q1401310,http://www.glenstmary.govoffice.com
townofresaca.com,Resaca,Resaca,GA,City,Q1402992,http://www.townofresaca.com/
summitms.org,Summit,Summit,MS,City,Q2105278,http://www.summitms.org/
kennardin.com,Kennard,Kennard,IN,City,Q2105471,http://www.kennardin.com/
town.centerville.in.us,Centerville,Centerville,IN,City,Q2112562,http://www.town.centerville.in.us/
ferdinandindiana.org,Ferdinand,Ferdinand,IN,City,Q2112845,http://www.ferdinandindiana.org
townofprospect.com,Prospect,Prospect,CT,City,Q2113350,http://www.townofprospect.com/
tremont.itawambams.com,Tremont,Tremont,MS,City,Q2113767,http://tremont.itawambams.com/
wanatah.com,Wanatah,Wanatah,IN,City,Q2114177,http://www.wanatah.com/
townofcampobello.com,Campobello,Campobello,SC,City,Q2119792,http://www.townofcampobello.com
topekain.net,Topeka,Topeka,IN,City,Q2126497,http://www.topekain.net/
timnath-co.gov,Timnath,Timnath,CO,City,Q2129864,http://timnath-co.gov/
terralok.com,Terral,Terral,OK,City,Q2132703,http://www.terralok.com
ossianin.com,Ossian,Ossian,IN,City,Q2137564,http://www.ossianin.com/
belleairshore.com,Belleair Shore,Belleair Shore,FL,City,Q2138854,http://belleairshore.com
batesburg-leesville.org,Batesburg-Leesville,Batesburg-Leesville,SC,City,Q2139658,http://www.batesburg-leesville.org
lapelindiana.org,Lapel,Lapel,IN,City,Q2143496,http://www.lapelindiana.org/
rainelle-wv.com,Rainelle,Rainelle,WV,City,Q2149398,http://www.rainelle-wv.com
lochbuie.org,Lochbuie,Lochbuie,CO,City,Q2150323,http://www.lochbuie.org/
richmondri.com,Richmond,Richmond,RI,City,Q2151254,http://www.richmondri.com
penneyfarmsfl.govoffice2.com,Penney Farms,Penney Farms,FL,City,Q2152047,http://www.penneyfarmsfl.govoffice2.com
southwestranches.org,Southwest Ranches,Southwest Ranches,FL,City,Q2152085,http://www.southwestranches.org
townofpalmshores.org,Palm Shores,Palm Shores,FL,City,Q2152107,http://www.townofpalmshores.org/
southpalmbeach.com,South Palm Beach,South Palm Beach,FL,City,Q2152234,http://www.southpalmbeach.com
grantvalkaria.org,Grant-Valkaria,Grant-Valkaria,FL,City,Q2154617,http://www.grantvalkaria.org/
townofjupiterisland.com,Jupiter Island,Jupiter Island,FL,City,Q2154628,http://townofjupiterisland.com
texhoma.us,Texhoma,Texhoma,OK,City,Q2155589,http://www.texhoma.us/
yankeetownfl.govoffice2.com,Yankeetown,Yankeetown,FL,City,Q2155971,http://www.yankeetownfl.govoffice2.com
wausauflorida.net,Wausau,Wausau,FL,City,Q2155981,http://www.wausauflorida.net
harleyvillesc.com,Harleyville,Harleyville,SC,City,Q2158711,http://www.harleyvillesc.com/
tompfl.com,Mangonia Park,Mangonia Park,FL,City,Q2028449,https://tompfl.com/
broadwaync.com,Broadway,Broadway,NC,City,Q2029378,http://broadwaync.com/
townoflittleton-nc.us,Littleton,Littleton,NC,City,Q2029764,http://www.townoflittleton-nc.us/
mayesvillesc.com,Mayesville,Mayesville,SC,City,Q2032002,http://mayesvillesc.com/
williamstonsc.us,Williamston,Williamston,SC,City,Q2034377,http://www.williamstonsc.us/
townoflakeclarkeshores.com,Lake Clarke Shores,Lake Clarke Shores,FL,City,Q2036727,http://www.townoflakeclarkeshores.com
townofbronson.com,Bronson,Bronson,FL,City,Q2036740,http://townofbronson.com/
whitesprings.org,White Springs,White Springs,FL,City,Q2036752,http://www.whitesprings.org
wolcottct.com,Wolcott,Wolcott,CT,City,Q2305757,http://www.wolcottct.com/
kingstonmass.org,Kingston,Kingston,MA,City,Q2305766,http://www.kingstonmass.org/
tolland.org,Tolland,Tolland,CT,City,Q2305767,http://www.tolland.org/
townofsomerset.org,Somerset,Somerset,MA,City,Q2305776,http://www.townofsomerset.org/
wentworth-nh.org,Wentworth,Wentworth,NH,City,Q2306396,http://www.wentworth-nh.org/
alsteadnh.org,Alstead,Alstead,NH,City,Q2306403,http://www.alsteadnh.org/
woodstocknh.org,Woodstock,Woodstock,NH,City,Q2306422,http://www.woodstocknh.org/
townoffremont.org,Fremont,Fremont,IN,City,Q2308230,http://www.townoffremont.org
gillmass.org,Gill,Gill,MA,City,Q2309339,http://www.gillmass.org/
leocedarville.com,Leo-Cedarville,Leo-Cedarville,IN,City,Q2310402,http://www.leocedarville.com/
georgetown.in.gov,Georgetown,Georgetown,IN,City,Q2310508,http://www.georgetown.in.gov/
lisbonnh.org,Lisbon,Lisbon,NH,City,Q2310637,https://www.lisbonnh.org/
new-hampton.nh.us,New Hampton,New Hampton,NH,City,Q2310668,http://www.new-hampton.nh.us/
nhchesterfield.com,Chesterfield,Chesterfield,NH,City,Q2310682,http://www.nhchesterfield.com/
bathnh.info,Bath,Bath,NH,City,Q2310698,http://www.bathnh.info/
ci.bedford.nh.us,Bedford,Bedford,NH,City,Q2310735,http://www.ci.bedford.nh.us/
artesiansd.com,Artesian,Artesian,SD,City,Q2313086,http://www.artesiansd.com/
townofwales.net,Wales,Wales,MA,City,Q2316327,http://www.townofwales.net/
townofwinnsboro.com,Winnsboro,Winnsboro,SC,City,Q2317192,http://www.townofwinnsboro.com/
hinsdale-mass.org,Hinsdale,Hinsdale,MA,City,Q2318167,http://hinsdale-mass.org/
westportindiana.org,Westport,Westport,IN,City,Q2318270,http://www.westportindiana.org
anawaltwv.org,Anawalt,Anawalt,WV,City,Q2318387,http://www.anawaltwv.org/
townofchelmsford.us,Chelmsford,Chelmsford,MA,City,Q2318398,http://www.townofchelmsford.us/
greenmountainfalls.org,Green Mountain Falls,Green Mountain Falls,CO,City,Q2320444,http://www.greenmountainfalls.org
beverlyshoresindiana.org,Beverly Shores,Beverly Shores,IN,City,Q2321424,http://www.beverlyshoresindiana.org/
salisburyct.us,Salisbury,Salisbury,CT,City,Q2323182,http://www.salisburyct.us/
pittsburg-nh.com,Pittsburg,Pittsburg,NH,City,Q2323309,http://www.pittsburg-nh.com/
earlparkindiana.com,Earl Park,Earl Park,IN,City,Q2323896,https://www.earlparkindiana.com/
townofravenel.com,Ravenel,Ravenel,SC,City,Q2324103,http://www.townofravenel.com/
townofsterlington.com,Sterlington,Sterlington,LA,City,Q2330899,http://www.townofsterlington.com
midlandsd.com,Midland,Midland,SD,City,Q2336188,http://www.midlandsd.com
parkercity.org,Parker City,Parker City,IN,City,Q2339990,http://parkercity.org/
greenwoodla.org,Greenwood,Greenwood,LA,City,Q2341209,http://greenwoodla.org/
carrollcounty-tn-chamber.com,Trezevant,Trezevant,TN,City,Q2344712,http://carrollcounty-tn-chamber.com/index-3.htm
oaklandtennessee.org,Oakland,Oakland,TN,City,Q2349565,http://www.oaklandtennessee.org/
hamiltonindiana.org,Hamilton,Hamilton,IN,City,Q2161311,http://hamiltonindiana.org/
townofhayden.org,Hayden,Hayden,CO,City,Q2163978,http://www.townofhayden.org/
huntertown.org,Huntertown,Huntertown,IN,City,Q2166527,http://www.huntertown.org/
ellentonga.com,Ellenton,Ellenton,GA,City,Q2169647,http://www.ellentonga.com/
townofsilverlake.com,Silver Lake,Silver Lake,IN,City,Q2170370,http://townofsilverlake.com/
cityoflivingston.net,Livingston,Livingston,TN,City,Q2171593,http://www.cityoflivingston.net
newbornga.com,Newborn,Newborn,GA,City,Q2175737,http://newbornga.com
sibleyla.com,Sibley,Sibley,LA,City,Q2180842,http://www.sibleyla.com
townofportbarre.com,Port Barre,Port Barre,LA,City,Q2181816,http://www.townofportbarre.com
stpaulin.org,St. Paul,St. Paul,IN,City,Q2182555,http://www.stpaulin.org
greentownindiana.org,Greentown,Greentown,IN,City,Q2183329,http://www.greentownindiana.org/
lincolnvillesc.com,Lincolnville,Lincolnville,SC,City,Q2184519,http://lincolnvillesc.com/
thetownoftrenton.com,Trenton,Trenton,SC,City,Q2185864,http://www.thetownoftrenton.com/
townofjeffersonsc.com,Jefferson,Jefferson,SC,City,Q2187479,http://www.townofjeffersonsc.com/
greenvillenh.org,Greenville,Greenville,NH,City,Q2188902,http://www.greenvillenh.org/
cityofcentral.org,Central,Central,SC,City,Q2190705,http://www.cityofcentral.org/
townofpineridgesc.com,Pine Ridge,Pine Ridge,SC,City,Q2191485,http://www.townofpineridgesc.com/
grabill.net,Grabill,Grabill,IN,City,Q2192937,http://www.grabill.net/
johnstonsc.us,Johnston,Johnston,SC,City,Q2193099,http://johnstonsc.us/
townoflockport.com,Lockport,Lockport,LA,City,Q2194112,http://townoflockport.com/
foxfieldco.us,Foxfield,Foxfield,CO,City,Q2196136,http://www.foxfieldco.us
sixmilesc.org,Six Mile,Six Mile,SC,City,Q2197357,http://www.sixmilesc.org/
townofjanelew.com,Jane Lew,Jane Lew,WV,City,Q2198306,http://townofjanelew.com
town.ridgway.co.us,Ridgway,Ridgway,CO,City,Q2198765,http://town.ridgway.co.us/
townofgilbertsc.com,Gilbert,Gilbert,SC,City,Q2203159,http://www.townofgilbertsc.com
nucla-naturita.com,Nucla,Nucla,CO,City,Q2206973,http://nucla-naturita.com/
palmyrany.com,Palmyra,Palmyra,NY,City,Q2270548,http://www.palmyrany.com/
senecafalls.com,Seneca Falls,Seneca Falls,NY,City,Q2270851,http://www.senecafalls.com/
hudsoncolorado.org,Hudson,Hudson,CO,City,Q2272323,http://www.hudsoncolorado.org/
lasalletown.com,LaSalle,LaSalle,CO,City,Q2272350,http://www.lasalletown.com/
mead-co.gov,Mead,Mead,CO,City,Q2272376,http://mead-co.gov/
letchersd.com,Letcher,Letcher,SD,City,Q2273299,http://www.letchersd.com/
townoffrisco.com,Frisco,Frisco,CO,City,Q2273422,http://www.townoffrisco.com/
salemsc.us,Salem,Salem,SC,City,Q2273565,http://www.salemsc.us/
brimfieldma.org,Brimfield,Brimfield,MA,City,Q2273666,https://www.brimfieldma.org/
town.morrison.co.us,Morrison,Morrison,CO,City,Q2275047,http://town.morrison.co.us/
townofelizabeth.org,Elizabeth,Elizabeth,CO,City,Q2275058,http://www.townofelizabeth.org
silvercliffco.com,Silver Cliff,Silver Cliff,CO,City,Q2275079,http://silvercliffco.com
strattoncolorado.com,Stratton,Stratton,CO,City,Q2275091,http://www.strattoncolorado.com/
townofgrandlake.com,Grand Lake,Grand Lake,CO,City,Q2275147,https://townofgrandlake.com
mountain-village.co.us,Mountain Village,Mountain Village,CO,City,Q2275184,http://www.mountain-village.co.us/
townoffreedom.net,Freedom,Freedom,NH,City,Q2276146,http://www.townoffreedom.net/
creede.com,Creede,Creede,CO,City,Q2276193,http://www.creede.com/city-of-creede.html
enfield.nh.us,Enfield,Enfield,NH,City,Q2276245,http://www.enfield.nh.us/
meredithnh.org,Meredith,Meredith,NH,City,Q2276259,http://www.meredithnh.org/
ignacio.co.us,Ignacio,Ignacio,CO,City,Q2276683,http://www.ignacio.co.us/
ci.wilton.nh.us,Wilton,Wilton,NH,City,Q2278164,http://www.ci.wilton.nh.us/
townoflyons.com,Lyons,Lyons,CO,City,Q2278185,http://www.townoflyons.com
albion-in.org,Albion,Albion,IN,City,Q2278271,http://www.albion-in.org/
mccordsville.org,McCordsville,McCordsville,IN,City,Q2281290,http://www.mccordsville.org/
essexma.org,Essex,Essex,MA,City,Q2282019,http://www.essexma.org/
nortonma.org,Norton,Norton,MA,City,Q2282049,http://www.nortonma.org/
coffeevillems.com,Coffeeville,Coffeeville,MS,City,Q2283243,http://www.coffeevillems.com/
parrottsvilletn.com,Parrottsville,Parrottsville,TN,City,Q2284270,http://www.parrottsvilletn.com
marionlouisiana.org,Marion,Marion,LA,City,Q2284338,http://www.marionlouisiana.org
knightstownonline.com,Knightstown,Knightstown,IN,City,Q2285705,http://www.knightstownonline.com
townofseverance.org,Severance,Severance,CO,City,Q2286520,http://www.townofseverance.org
littlemountainsc.com,Little Mountain,Little Mountain,SC,City,Q2286548,http://www.littlemountainsc.com/
akronindiana.com,Akron,Akron,IN,City,Q2290421,http://www.akronindiana.com/
cityofarabi.com,Arabi,Arabi,GA,City,Q2291075,http://cityofarabi.com/
fortmillsc.org,Fort Mill,Fort Mill,SC,City,Q2291273,http://www.fortmillsc.org
madisonct.org,Madison,Madison,CT,City,Q598553,https://www.madisonct.org/
griswold-ct.org,Griswold,Griswold,CT,City,Q1547107,http://www.griswold-ct.org/
westlakeland.govoffice2.com,West Lakeland Township,West Lakeland Township,MN,City,Q1918917,http://www.westlakeland.govoffice2.com
sunrisetownship.com,Sunrise Township,Sunrise Township,MN,City,Q2221587,http://www.sunrisetownship.com/
clearwatertownshipmn.govoffice2.com,Clearwater Township,Clearwater Township,MN,City,Q5130969,http://clearwatertownshipmn.govoffice2.com/
townofmadisonville.org,Madisonville,Madisonville,LA,City,Q2208995,http://www.townofmadisonville.org/
jacksonla.com,Jackson,Jackson,LA,City,Q2210984,http://www.jacksonla.com/
townofladoga.org,Ladoga,Ladoga,IN,City,Q2211589,http://www.townofladoga.org
ridgespringsc.com,Ridge Spring,Ridge Spring,SC,City,Q2213120,http://www.ridgespringsc.com/
spicelandtown.com,Spiceland,Spiceland,IN,City,Q2217797,http://www.spicelandtown.com
townofathens.com,Athens,Athens,WV,City,Q2218754,http://www.townofathens.com
taylorms.org,Taylor,Taylor,MS,City,Q2219071,http://www.taylorms.org
townofalexandria.us,Alexandria,Alexandria,TN,City,Q2222666,http://www.townofalexandria.us
frankfortmich.com,Frankfort,Frankfort,MI,City,Q2228882,http://www.frankfortmich.com
cloversc.org,Clover,Clover,SC,City,Q2230289,http://www.cloversc.org/
townofpawleysisland.com,Pawleys Island,Pawleys Island,SC,City,Q2230810,http://www.townofpawleysisland.com/
townofbargersville.org,Bargersville,Bargersville,IN,City,Q2236866,http://www.townofbargersville.org/
townofmonckscorner.sc.gov,Moncks Corner,Moncks Corner,SC,City,Q2238330,http://www.townofmonckscorner.sc.gov/
arnaudvillela.com,Arnaudville,Arnaudville,LA,City,Q2238752,http://www.arnaudvillela.com/home.html
townofdamariscotta.com,Damariscotta,Damariscotta,ME,City,Q2249224,http://www.townofdamariscotta.com/
cityofbogart.com,Bogart,Bogart,GA,City,Q2251342,http://www.cityofbogart.com
westpelzer.com,West Pelzer,West Pelzer,SC,City,Q2251409,http://www.westpelzer.com/
cedarlakein.org,Cedar Lake,Cedar Lake,IN,City,Q2252920,http://www.cedarlakein.org/
townofelginsc.com,Elgin,Elgin,SC,City,Q2252941,http://townofelginsc.com/
townofblanchard.us,Blanchard,Blanchard,LA,City,Q2254500,http://www.townofblanchard.us/
whitesburgcity.com,Whitesburg,Whitesburg,GA,City,Q2261671,http://www.whitesburgcity.com
townofblueriver.com,Blue River,Blue River,CO,City,Q2264851,http://www.townofblueriver.com
flaglercolorado.com,Flagler,Flagler,CO,City,Q2269065,http://www.flaglercolorado.com
pollocksouthdakota.com,Pollock,Pollock,SD,City,Q2350529,http://www.pollocksouthdakota.com/
olantasc.com,Olanta,Olanta,SC,City,Q2354434,http://www.olantasc.com/
sunset.govoffice2.com,Sunset,Sunset,LA,City,Q2356280,http://www.sunset.govoffice2.com/
redbirdok.org,Redbird,Redbird,OK,City,Q2359597,http://www.redbirdok.org/
townofclarksville.com,Clarksville,Clarksville,IN,City,Q2360005,http://townofclarksville.com/
townofnaples.org,Naples,Naples,ME,City,Q2361169,http://www.townofnaples.org
hamptonny.org,Hampton,Hampton,NY,City,Q2365576,http://hamptonny.org/
townofpendleton.org,Pendleton,Pendleton,SC,City,Q2365755,http://www.townofpendleton.org/
greatfallssc.org,Great Falls,Great Falls,SC,City,Q2368009,http://www.greatfallssc.org/
townofghent.org,Ghent,Ghent,NY,City,Q2372542,http://townofghent.org/
okhistory.org,Council Hill,Council Hill,OK,City,Q2376435,http://www.okhistory.org/publications/enc/entry.php?entry=CO071
perrymaine.org,Perry,Perry,ME,City,Q2378622,http://perrymaine.org
lisbonme.org,Lisbon,Lisbon,ME,City,Q2384470,https://www.lisbonme.org/
warrenindiana.com,Warren,Warren,IN,City,Q2384658,http://www.warrenindiana.com/index.html
kiawahisland.org,Kiawah Island,Kiawah Island,SC,City,Q2393432,http://www.kiawahisland.org/
bordenindiana.com,Borden,Borden,IN,City,Q2393774,http://bordenindiana.com
coopertowntn.org,Coopertown,Coopertown,TN,City,Q2394167,http://www.coopertowntn.org
wiltonct.org,Wilton,Wilton,CT,City,Q2396722,http://www.wiltonct.org/
brunson.sc.gov,Brunson,Brunson,SC,City,Q2293591,http://www.brunson.sc.gov/
whitepinetn.com,White Pine,White Pine,TN,City,Q2297366,http://www.whitepinetn.com/
scarsdale.com,Scarsdale,Scarsdale,NY,City,Q2300959,http://www.scarsdale.com/
townofbelgrade.com,Belgrade,Belgrade,ME,City,Q2301099,http://www.townofbelgrade.com/
hadleyma.org,Hadley,Hadley,MA,City,Q2302147,https://www.hadleyma.org/
southwickma.org,Southwick,Southwick,MA,City,Q2302156,https://www.southwickma.org/
ci.chilmark.ma.us,Chilmark,Chilmark,MA,City,Q2302305,http://www.ci.chilmark.ma.us/
merrimac01860.info,Merrimac,Merrimac,MA,City,Q2302316,http://www.merrimac01860.info/
townofchester.net,Chester,Chester,MA,City,Q2302434,http://www.townofchester.net/chestermass/
virtualnorfolk.org,Norfolk,Norfolk,MA,City,Q2302443,http://www.virtualnorfolk.org/
ludlow.ma.us,Ludlow,Ludlow,MA,City,Q2302452,http://www.ludlow.ma.us/
longmeadow.org,Longmeadow,Longmeadow,MA,City,Q2302488,http://www.longmeadow.org/
croydonnh.us,Croydon,Croydon,NH,City,Q2303106,http://www.croydonnh.us
town.rehoboth.ma.us,Rehoboth,Rehoboth,MA,City,Q2303125,http://www.town.rehoboth.ma.us/
tomv.org,Mountain View,Mountain View,CO,City,Q2303213,https://www.tomv.org/
frasercolorado.com,Fraser,Fraser,CO,City,Q2303220,http://www.frasercolorado.com
ponchaspringscolorado.us,Poncha Springs,Poncha Springs,CO,City,Q2303261,http://www.ponchaspringscolorado.us
florencems.com,Florence,Florence,MS,City,Q2303273,http://www.florencems.com/
townofkeenesburg.com,Keenesburg,Keenesburg,CO,City,Q2303299,http://www.townofkeenesburg.com/
townofcentrevillems.org,Centreville,Centreville,MS,City,Q2303326,https://townofcentrevillems.org/
townofcampo.co,Campo,Campo,CO,City,Q2303418,https://townofcampo.co/
townofsimla.com,Simla,Simla,CO,City,Q2304135,https://townofsimla.com/
goshennh.org,Goshen,Goshen,NH,City,Q2304249,http://www.goshennh.org/
townhall.westwood.ma.us,Westwood,Westwood,MA,City,Q2304357,http://www.townhall.westwood.ma.us/
goffstown.com,Goffstown,Goffstown,NH,City,Q2304452,https://www.goffstown.com/
eastkingstonnh.org,East Kingston,East Kingston,NH,City,Q2304461,http://www.eastkingstonnh.org/
brookline.nh.us,Brookline,Brookline,NH,City,Q2304485,http://www.brookline.nh.us/
chichesternh.org,Chichester,Chichester,NH,City,Q2304496,http://www.chichesternh.org/
kingstonnh.org,Kingston,Kingston,NH,City,Q2304507,http://www.kingstonnh.org/
epsomnh.org,Epsom,Epsom,NH,City,Q2304515,http://www.epsomnh.org/
sutton-nh.gov,Sutton,Sutton,NH,City,Q2304527,http://www.sutton-nh.gov/
londonderrynh.org,Londonderry,Londonderry,NH,City,Q2304585,http://www.londonderrynh.org/
cornishnh.net,Cornish,Cornish,NH,City,Q2304594,https://www.cornishnh.net/
www2.new-boston.nh.us,New Boston,New Boston,NH,City,Q2304604,http://www2.new-boston.nh.us/
stratfordnh.org,Stratford,Stratford,NH,City,Q2304624,http://www.stratfordnh.org/
bow-nh.com,Bow,Bow,NH,City,Q2304788,http://www.bow-nh.com/
hennesseyok.org,Hennessey,Hennessey,OK,City,Q2305381,http://hennesseyok.org/
staffordct.org,Stafford,Stafford,CT,City,Q2305713,https://www.staffordct.org/
yarmouth.ma.us,Yarmouth,Yarmouth,MA,City,Q2305730,http://www.yarmouth.ma.us/
townofbristol.org,Bristol,Bristol,NY,City,Q3708405,http://www.townofbristol.org/
townofmarionny.com,Marion,Marion,NY,City,Q3708412,http://www.townofmarionny.com/
clermontny.org,Clermont,Clermont,NY,City,Q3708413,http://clermontny.org/
townoftyrone.org,Tyrone,Tyrone,NY,City,Q3708440,http://www.townoftyrone.org/
townoflakeluzerne.com,Lake Luzerne,Lake Luzerne,NY,City,Q3708445,http://www.townoflakeluzerne.com/
somersny.com,Somers,Somers,NY,City,Q3708471,https://www.somersny.com/
varicknewyork.com,Varick,Varick,NY,City,Q3708476,http://varicknewyork.com/
townofsouthport.com,Southport,Southport,NY,City,Q3708487,http://townofsouthport.com/
townofnewscotland.com,New Scotland,New Scotland,NY,City,Q3708490,http://www.townofnewscotland.com
townofsheldon.com,Sheldon,Sheldon,NY,City,Q3708503,http://www.townofsheldon.com/
townofspringwaterny.org,Springwater,Springwater,NY,City,Q3708541,http://www.townofspringwaterny.org/
salina.ny.us,Salina,Salina,NY,City,Q3708563,http://salina.ny.us/
romulustown.com,Romulus,Romulus,NY,City,Q3708593,http://www.romulustown.com/
townofleray.org,Le Ray,Le Ray,NY,City,Q3708595,http://www.townofleray.org/
victorny.org,Victor,Victor,NY,City,Q3708619,http://www.victorny.org
townofminerva.com,Minerva,Minerva,NY,City,Q3708637,https://townofminerva.com/
townofmorehouse.com,Morehouse,Morehouse,NY,City,Q3708666,http://www.townofmorehouse.com
graftonny.org,Grafton,Grafton,NY,City,Q2411279,http://www.graftonny.org
townofchili.org,Chili,Chili,NY,City,Q2412213,http://www.townofchili.org/
mountkisco.org,Mount Kisco,Mount Kisco,NY,City,Q2412514,http://www.mountkisco.org
townofmarshfield.org,Marshfield,Marshfield,MA,City,Q2414159,http://www.townofmarshfield.org/
town.hull.ma.us,Hull,Hull,MA,City,Q2414193,http://www.town.hull.ma.us/
townofchesterfieldma.com,Chesterfield,Chesterfield,MA,City,Q2414206,http://www.townofchesterfieldma.com/
townofhatfield.org,Hatfield,Hatfield,MA,City,Q2414217,http://www.townofhatfield.org/
belchertown.org,Belchertown,Belchertown,MA,City,Q2414308,http://www.belchertown.org/
townofware.com,Ware,Ware,MA,City,Q2414325,http://www.townofware.com/
nunncolorado.com,Nunn,Nunn,CO,City,Q2414350,http://www.nunncolorado.com
burgy.org,Williamsburg,Williamsburg,MA,City,Q2414374,http://www.burgy.org/
parmany.org,Parma,Parma,NY,City,Q2415492,http://www.parmany.org/
town.medfield.net,Medfield,Medfield,MA,City,Q2415851,http://www.town.medfield.net/
townofgranville.org,Granville,Granville,MA,City,Q2415879,http://www.townofgranville.org/
whately.org,Whately,Whately,MA,City,Q2415954,http://www.whately.org/
debeque.org,De Beque,De Beque,CO,City,Q2415964,http://www.debeque.org
townofrussell.us,Russell,Russell,MA,City,Q2415991,http://www.townofrussell.us/
town.holland.ma.us,Holland,Holland,MA,City,Q2416009,http://town.holland.ma.us
southcongaree.org,South Congaree,South Congaree,SC,City,Q2416171,http://www.southcongaree.org/
wendellmass.us,Wendell,Wendell,MA,City,Q2416408,http://www.wendellmass.us/
townofsunderland.us,Sunderland,Sunderland,MA,City,Q2416483,http://www.townofsunderland.us/
town.buckland.ma.us,Buckland,Buckland,MA,City,Q2416490,http://www.town.buckland.ma.us
townofconway.com,Conway,Conway,MA,City,Q2416502,http://townofconway.com/
shutesbury.org,Shutesbury,Shutesbury,MA,City,Q2416688,http://www.shutesbury.org/
townofshelburne.com,Shelburne,Shelburne,MA,City,Q2416708,http://www.townofshelburne.com/
rollinsford.nh.us,Rollinsford,Rollinsford,NH,City,Q2416729,http://www.rollinsford.nh.us/
leenh.org,Lee,Lee,NH,City,Q2416911,http://www.leenh.org/
lempsternh.org,Lempster,Lempster,NH,City,Q2416920,http://www.lempsternh.org/
unitynh.gov,Unity,Unity,NH,City,Q2416935,http://www.unitynh.gov/
lefh.net,Madbury,Madbury,NH,City,Q2416954,http://lefh.net/madbury/
northwoodnh.org,Northwood,Northwood,NH,City,Q2416999,http://www.northwoodnh.org/
granthamnh.net,Grantham,Grantham,NH,City,Q2417011,https://www.granthamnh.net
sandown.us,Sandown,Sandown,NH,City,Q2417035,https://www.sandown.us/
town.kensington.nh.us,Kensington,Kensington,NH,City,Q2417044,http://www.town.kensington.nh.us/
wilmotnh.org,Wilmot,Wilmot,NH,City,Q2417055,http://www.wilmotnh.org/
townofadams.com,Adams,Adams,NY,City,Q2417063,https://www.townofadams.com/
greenland-nh.com,Greenland,Greenland,NH,City,Q2417079,http://www.greenland-nh.com/
nl-nh.com,New London,New London,NH,City,Q2417089,http://www.nl-nh.com/
dunbartonnh.org,Dunbarton,Dunbarton,NH,City,Q2417104,http://www.dunbartonnh.org/
plaistow.com,Plaistow,Plaistow,NH,City,Q2417121,http://www.plaistow.com/
hamptonfalls.org,Hampton Falls,Hampton Falls,NH,City,Q2417133,http://www.hamptonfalls.org/
town.mont-vernon.nh.us,Mont Vernon,Mont Vernon,NH,City,Q2417168,http://town.mont-vernon.nh.us/
salisburynh.org,Salisbury,Salisbury,NH,City,Q2417187,http://www.salisburynh.org/
canterbury-nh.org,Canterbury,Canterbury,NH,City,Q2417199,http://www.canterbury-nh.org/
hampsteadnh.us,Hampstead,Hampstead,NH,City,Q2417249,http://www.hampsteadnh.us/
warner.nh.us,Warner,Warner,NH,City,Q2417260,http://www.warner.nh.us/
townofboscawen.org,Boscawen,Boscawen,NH,City,Q2417269,http://www.townofboscawen.org
townofstark.com,Stark,Stark,NH,City,Q2417379,http://townofstark.com/
monroetown.com,Monroe,Monroe,NH,City,Q2417400,http://www.monroetown.com/
milfordnh.info,Milford,Milford,NH,City,Q2417412,http://milfordnh.info/
tobentonnh.org,Benton,Benton,NH,City,Q2417437,http://www.tobentonnh.org
town.orange.nh.us,Orange,Orange,NH,City,Q2417452,http://town.orange.nh.us/
hollis.nh.us,Hollis,Hollis,NH,City,Q2417466,http://www.hollis.nh.us/
townofthornton.org,Thornton,Thornton,NH,City,Q2417492,http://www.townofthornton.org/
sharonnh.org,Sharon,Sharon,NH,City,Q2417510,http://www.sharonnh.org/
newburynh.org,Newbury,Newbury,NH,City,Q2417523,http://www.newburynh.org/
town-of-groton.com,Groton,Groton,NH,City,Q2418034,http://www.town-of-groton.com/
bridgewater-nh.com,Bridgewater,Bridgewater,NH,City,Q2418044,http://www.bridgewater-nh.com/
rumneynh.org,Rumney,Rumney,NH,City,Q2418056,http://www.rumneynh.org/
town.swanzey.nh.us,Swanzey,Swanzey,NH,City,Q2418091,http://www.town.swanzey.nh.us/
randolph.nh.gov,Randolph,Randolph,NH,City,Q2418102,http://randolph.nh.gov/
jeffersonnh.org,Jefferson,Jefferson,NH,City,Q2418119,http://www.jeffersonnh.org/
townofdalton.com,Dalton,Dalton,NH,City,Q2418130,http://www.townofdalton.com/
shadeland.in.gov,Shadeland,Shadeland,IN,City,Q2678935,http://www.shadeland.in.gov/
middletownin.com,Middletown,Middletown,IN,City,Q2680789,http://www.middletownin.com/
farmlandindiana.org,Farmland,Farmland,IN,City,Q2685404,http://www.farmlandindiana.org
orangetown.com,Orangetown,Orangetown,NY,City,Q2689324,http://www.orangetown.com
bloomfieldin.com,Bloomfield,Bloomfield,IN,City,Q2693850,http://www.bloomfieldin.com/
mywaterlooindiana.com,Waterloo,Waterloo,IN,City,Q2705510,http://mywaterlooindiana.com/
middleburyin.org,Middlebury,Middlebury,IN,City,Q2706984,http://www.middleburyin.org/publishsite/index.cfm
alpenasd.com,Alpena,Alpena,SD,City,Q2718237,http://www.alpenasd.com
townofpalermo.org,Palermo,Palermo,ME,City,Q2723804,http://townofpalermo.org/Home/
lisbontownhall.org,Lisbon,Lisbon,CT,City,Q2723823,http://www.lisbontownhall.org/
townofmccormicksc.org,McCormick,McCormick,SC,City,Q2725803,http://www.townofmccormicksc.org/
townofclio.com,Clio,Clio,SC,City,Q2730324,http://www.townofclio.com
townofshoals.com,Shoals,Shoals,IN,City,Q2734180,https://townofshoals.com/lander
rockvilleindiana.org,Rockville,Rockville,IN,City,Q2734196,http://rockvilleindiana.org
norwaymaine.com,Norway,Norway,ME,City,Q2734330,https://norwaymaine.com/
jacksboro.org,Jacksboro,Jacksboro,TN,City,Q2738438,http://www.jacksboro.org
rumfordme.org,Rumford,Rumford,ME,City,Q2740297,https://rumfordme.org/
howlandmaine.com,Howland,Howland,ME,City,Q2740439,http://www.howlandmaine.com
townofhalfmoon.org,Halfmoon,Halfmoon,NY,City,Q3708670,http://www.townofhalfmoon.org
austerlitzny.com,Austerlitz,Austerlitz,NY,City,Q3708672,http://austerlitzny.com/
virgilny.com,Virgil,Virgil,NY,City,Q3708675,http://www.virgilny.com/
townofsandlake.us,Sand Lake,Sand Lake,NY,City,Q3708689,http://www.TownofSandLake.us/
jaynewyork.com,Jay,Jay,NY,City,Q3708762,http://www.jaynewyork.com/
rootsweb.com,Worcester,Worcester,NY,City,Q3708771,http://www.rootsweb.com/~nyotsego/wor.htm
putnamvalley.com,Putnam Valley,Putnam Valley,NY,City,Q3708790,http://www.putnamvalley.com
town.conesus.ny.us,Conesus,Conesus,NY,City,Q3708792,http://town.conesus.ny.us
jerusalem-ny.org,Jerusalem,Jerusalem,NY,City,Q3708812,http://jerusalem-ny.org/
townofschroeppel.com,Schroeppel,Schroeppel,NY,City,Q3708814,http://townofschroeppel.com/
townofjunius.org,Junius,Junius,NY,City,Q3708821,http://www.townofjunius.org/
townofwarwick.org,Warwick,Warwick,NY,City,Q3708823,https://townofwarwick.org
berkshireny.net,Berkshire,Berkshire,NY,City,Q3708859,http://www.berkshireny.net/town-government.html
townofbethlehem.org,Bethlehem,Bethlehem,NY,City,Q3708873,https://www.townofbethlehem.org/
newcombny.com,Newcomb,Newcomb,NY,City,Q3708899,https://www.newcombny.com/
carogalakeny.com,Caroga,Caroga,NY,City,Q3708953,http://www.carogalakeny.com
princetown.net,Princetown,Princetown,NY,City,Q3708985,http://www.princetown.net/
napoliny.org,Napoli,Napoli,NY,City,Q3709005,http://www.napoliny.org/
johnsburgny.com,Johnsburg,Johnsburg,NY,City,Q3709023,http://www.johnsburgny.com/
rensselaerville.com,Rensselaerville,Rensselaerville,NY,City,Q3709139,http://www.rensselaerville.com/
penfield.org,Penfield,Penfield,NY,City,Q3709152,http://www.penfield.org/
vestalny.com,Vestal,Vestal,NY,City,Q3709158,http://www.vestalny.com
pattersonny.org,Patterson,Patterson,NY,City,Q3709168,http://www.pattersonny.org
pendletonny.us,Pendleton,Pendleton,NY,City,Q3709170,http://www.pendletonny.us
townofgalen.org,Galen,Galen,NY,City,Q3709183,http://townofgalen.org/
townofmendon.org,Mendon,Mendon,NY,City,Q3709248,http://www.townofmendon.org/
townofnewpaltz.org,New Paltz,New Paltz,NY,City,Q3709293,https://www.townofnewpaltz.org/
townofwheatland.org,Wheatland,Wheatland,NY,City,Q3709295,https://www.townofwheatland.org/
townofng.com,North Greenbush,North Greenbush,NY,City,Q3709311,http://www.townofng.com/
eastchester.org,Eastchester,Eastchester,NY,City,Q3709365,http://www.eastchester.org/
townofrush.com,Rush,Rush,NY,City,Q3709701,http://www.townofrush.com/
24.75.48.45,Addison,Addison,NY,City,Q940269,http://24.75.48.45/website/sesssite/addisonlist.html
grand-island.ny.us,Grand Island,Grand Island,NY,City,Q942395,http://www.grand-island.ny.us
thurman-ny.com,Thurman,Thurman,NY,City,Q946177,http://www.thurman-ny.com
eastgreenbush.org,East Greenbush,East Greenbush,NY,City,Q986308,http://www.eastgreenbush.org
hydeparkny.us,Hyde Park,Hyde Park,NY,City,Q988554,https://www.hydeparkny.us/
mamakating.org,Mamakating,Mamakating,NY,City,Q1003791,http://www.mamakating.org/
townofmilan.org,Milan,Milan,NH,City,Q2418146,http://www.townofmilan.org/
colebrooknh.org,Colebrook,Colebrook,NH,City,Q2418159,http://www.colebrooknh.org
camptonnh.org,Campton,Campton,NH,City,Q2418170,http://www.camptonnh.org/
templenh.info,Temple,Temple,NH,City,Q2418186,http://www.templenh.info/
shelburnenh.com,Shelburne,Shelburne,NH,City,Q2418215,http://www.shelburnenh.com/
pelhamweb.com,Pelham,Pelham,NH,City,Q2418224,http://www.pelhamweb.com/
westmorelandtown.com,Westmoreland,Westmoreland,NH,City,Q2418241,http://www.westmorelandtown.com/
troy-nh.us,Troy,Troy,NH,City,Q2418254,http://www.troy-nh.us/
hooksett.org,Hooksett,Hooksett,NH,City,Q2418271,http://www.hooksett.org/
masonnh.us,Mason,Mason,NH,City,Q2418283,http://masonnh.us/
marlboroughnh.org,Marlborough,Marlborough,NH,City,Q2418309,https://www.marlboroughnh.org/
town.boxford.ma.us,Boxford,Boxford,MA,City,Q2418332,http://www.town.boxford.ma.us/
townofbernardston.org,Bernardston,Bernardston,MA,City,Q2418390,http://www.townofbernardston.org
town.raynham.ma.us,Raynham,Raynham,MA,City,Q2418408,http://www.town.raynham.ma.us/
strafford.nh.gov,Strafford,Strafford,NH,City,Q2419045,https://strafford.nh.gov/
town.rindge.nh.us,Rindge,Rindge,NH,City,Q2419426,http://www.town.rindge.nh.us/
townofnorwell.net,Norwell,Norwell,MA,City,Q2419598,http://www.townofnorwell.net/
ellettsville.in.us,Ellettsville,Ellettsville,IN,City,Q2419893,http://www.ellettsville.in.us
dummernh.com,Dummer,Dummer,NH,City,Q2420129,http://dummernh.com
northumberlandnh.weebly.com,Northumberland,Northumberland,NH,City,Q2420158,https://northumberlandnh.weebly.com/
roxburynh.org,Roxbury,Roxbury,NH,City,Q2420172,http://roxburynh.org/
walpolenh.us,Walpole,Walpole,NH,City,Q2420185,http://www.walpolenh.us/
southhadley.org,South Hadley,South Hadley,MA,City,Q2423149,http://www.southhadley.org/
rbwifi.net,Aguilar,Aguilar,CO,City,Q2425071,http://www.rbwifi.net/aguilar/
townoftaylorsville.com,Taylorsville,Taylorsville,MS,City,Q2425124,http://www.townoftaylorsville.com/s/
ci.lancaster.ma.us,Lancaster,Lancaster,MA,City,Q2427213,http://www.ci.lancaster.ma.us/
suttonma.org,Sutton,Sutton,MA,City,Q2427247,http://www.suttonma.org/
douglasma.org,Douglas,Douglas,MA,City,Q2427326,http://www.douglasma.org/
town.duxbury.ma.us,Duxbury,Duxbury,MA,City,Q2429627,http://www.town.duxbury.ma.us/
avonmass.org,Avon,Avon,MA,City,Q2429639,http://www.avonmass.org
eastbridgewaterma.org,East Bridgewater,East Bridgewater,MA,City,Q2429659,http://www.eastbridgewaterma.org/
town.canton.ma.us,Canton,Canton,MA,City,Q2429670,http://www.town.canton.ma.us/
townofcohasset.org,Cohasset,Cohasset,MA,City,Q2429681,http://www.townofcohasset.org/
moultonborough.org,Moultonborough,Moultonborough,NH,City,Q2430033,http://www.moultonborough.org/
barnstead.org,Barnstead,Barnstead,NH,City,Q2430037,http://www.barnstead.org/
centerharbornh.org,Center Harbor,Center Harbor,NH,City,Q2430082,http://www.centerharbornh.org/
gilmantonnh.org,Gilmanton,Gilmanton,NH,City,Q2430103,http://www.gilmantonnh.org/
tuftonboro.org,Tuftonboro,Tuftonboro,NH,City,Q2430156,http://www.tuftonboro.org/
eatonnh.org,Eaton,Eaton,NH,City,Q2430189,http://www.eatonnh.org/
townofdublin.org,Dublin,Dublin,NH,City,Q2430201,http://www.townofdublin.org/
town.clarkstown.ny.us,Clarkstown,Clarkstown,NY,City,Q2430250,http://town.clarkstown.ny.us
townofpiermontnh.org,Piermont,Piermont,NH,City,Q2430469,https://townofpiermontnh.org/
sugarhillnh.org,Sugar Hill,Sugar Hill,NH,City,Q2430609,http://www.sugarhillnh.org/
townofsurry.org,Surry,Surry,NH,City,Q2430713,http://www.townofsurry.org/
townofotisma.com,Otis,Otis,MA,City,Q2431273,http://www.townofotisma.com/
townofsavoy.com,Savoy,Savoy,MA,City,Q2431405,https://townofsavoy.com
townofalford.org,Alford,Alford,MA,City,Q2431901,http://www.townofalford.org
winthropmaine.org,Winthrop,Winthrop,ME,City,Q2435123,http://www.winthropmaine.org/
charlemont-ma.us,Charlemont,Charlemont,MA,City,Q2437412,http://www.charlemont-ma.us/
townofchatham.org,Chatham,Chatham,LA,City,Q2440769,http://www.townofchatham.org
shermansd.com,Sherman,Sherman,SD,City,Q2440851,http://www.shermansd.com/
greenburghny.com,Greenburgh,Greenburgh,NY,City,Q1022767,http://www.greenburghny.com
northsalemny.org,North Salem,North Salem,NY,City,Q1022773,http://www.northsalemny.org/
coeymans.org,Coeymans,Coeymans,NY,City,Q1974698,http://www.coeymans.org/
orchardparkny.org,Orchard Park,Orchard Park,NY,City,Q2482999,http://www.orchardparkny.org/
townofunadilla.org,Unadilla,Unadilla,NY,City,Q2596590,http://www.townofunadilla.org/
pittstown.us,Pittstown,Pittstown,NY,City,Q2605439,http://pittstown.us/
town.lakegeorge.ny.us,Lake George,Lake George,NY,City,Q2624801,http://town.lakegeorge.ny.us/
town.southampton.ny.us,Southampton,Southampton,NY,City,Q2631643,http://town.southampton.ny.us/
ramapo.org,Ramapo,Ramapo,NY,City,Q2633533,http://www.ramapo.org/
northhempstead.com,North Hempstead,North Hempstead,NY,City,Q2723817,http://www.northhempstead.com/
edenny.org,Eden,Eden,NY,City,Q2861937,http://www.edenny.org/
townofwestfield.org,Westfield,Westfield,NY,City,Q2876725,http://www.townofwestfield.org/
northcastleny.com,North Castle,North Castle,NY,City,Q2889867,http://www.northcastleny.com
townofboston.com,Boston,Boston,NY,City,Q2911612,http://www.townofboston.com/
duanesburg.net,Duanesburg,Duanesburg,NY,City,Q2913559,http://www.duanesburg.net/
warrenmaine.org,Warren,Warren,ME,City,Q2747138,http://warrenmaine.org
appleton.maine.gov,Appleton,Appleton,ME,City,Q2747142,http://www.appleton.maine.gov/
cottageville.org,Cottageville,Cottageville,SC,City,Q2753427,http://www.cottageville.org
townofmoorefield.com,Moorefield,Moorefield,WV,City,Q2786065,https://www.townofmoorefield.com
townofcumberlandgap.com,Cumberland Gap,Cumberland Gap,TN,City,Q2796951,http://www.townofcumberlandgap.com
hagerstown.in.gov,Hagerstown,Hagerstown,IN,City,Q2802507,https://hagerstown.in.gov/
clendeninwv.org,Clendenin,Clendenin,WV,City,Q2852385,http://www.clendeninwv.org/
mtcroghan.com,Mount Croghan,Mount Croghan,SC,City,Q2862050,http://www.mtcroghan.com/index.html
wareshoals.org,Ware Shoals,Ware Shoals,SC,City,Q2864332,http://www.wareshoals.org/
townofwhiteville.com,Whiteville,Whiteville,TN,City,Q2875291,http://www.townofwhiteville.com
townoforleans.com,Orleans,Orleans,NY,City,Q2919118,http://www.townoforleans.com/
campbellny.com,Campbell,Campbell,NY,City,Q2935491,http://www.campbellny.com
townofguilderland.org,Guilderland,Guilderland,NY,City,Q3045956,http://www.townofguilderland.org/
lewisborogov.com,Lewisboro,Lewisboro,NY,City,Q3068247,http://www.lewisborogov.com
townofhenrietta.org,Henrietta,Henrietta,NY,City,Q3098591,http://www.townofhenrietta.org
niskayuna.org,Niskayuna,Niskayuna,NY,City,Q3102134,https://www.niskayuna.org/
townofmarcy.org,Marcy,Marcy,NY,City,Q3123263,http://www.townofmarcy.org/
townofhendersonny.org,Henderson,Henderson,NY,City,Q3130238,http://www.townofhendersonny.org/
mynewcastle.org,New Castle,New Castle,NY,City,Q3131938,http://www.mynewcastle.org
porthenrymoriah.com,Moriah,Moriah,NY,City,Q3138434,http://www.porthenrymoriah.com/
cayugacounty.gov,Niles,Niles,NY,City,Q3183212,https://www.cayugacounty.gov/QuickLinks.aspx?CID=117
townofticonderoga.com,Ticonderoga,Ticonderoga,NY,City,Q3183216,http://www.townofticonderoga.com
westseneca.net,West Seneca,West Seneca,NY,City,Q3300204,https://www.westseneca.net/
townofalexandria.org,Alexandria,Alexandria,NY,City,Q3300252,http://townofalexandria.org
ontariotown.org,Ontario,Ontario,NY,City,Q3308155,http://www.ontariotown.org/
ogdenny.com,Ogden,Ogden,NY,City,Q3357955,http://www.ogdenny.com/
hamlinny.org,Hamlin,Hamlin,NY,City,Q3357965,https://www.hamlinny.org/
townofgates.org,Gates,Gates,NY,City,Q3357975,https://www.townofgates.org/
clarksonny.org,Clarkson,Clarkson,NY,City,Q3357981,http://www.clarksonny.org/
townoffayetteny.org,Fayette,Fayette,NY,City,Q3359142,https://townoffayetteny.org/
queensbury.net,Queensbury,Queensbury,NY,City,Q3414040,https://www.queensbury.net/
irondequoit.org,Irondequoit,Irondequoit,NY,City,Q3452472,http://www.irondequoit.org/
townofgreenvilleny.com,Greenville,Greenville,NY,City,Q3461004,http://www.townofgreenvilleny.com
villageofgreenisland.com,Green Island,Green Island,NY,City,Q3461486,http://www.villageofgreenisland.com/
eastrochester.org,East Rochester,East Rochester,NY,City,Q3476557,http://www.eastrochester.org/
townofchesterny.org,Chester,Chester,NY,City,Q3490784,https://www.townofchesterny.org/
townofsullivan.org,Sullivan,Sullivan,NY,City,Q3501230,http://www.townofsullivan.org
townofunion.com,Union,Union,NY,City,Q3501594,http://www.townofunion.com/
townofplainfieldny.org,Plainfield,Plainfield,NY,City,Q3501654,http://www.townofplainfieldny.org/
coventryny.com,Coventry,Coventry,NY,City,Q3505448,https://coventryny.com/
townofwarrensburg.org,Warrensburg,Warrensburg,NY,City,Q3506095,http://www.townofwarrensburg.org/
townoffallsburg.com,Fallsburg,Fallsburg,NY,City,Q3569718,http://www.townoffallsburg.com
townofhamiltonny.org,Hamilton,Hamilton,NY,City,Q3626259,http://www.townofhamiltonny.org
townofbrighton.org,Brighton,Brighton,NY,City,Q3644692,http://www.townofbrighton.org/
townofheidelberg.com,Heidelberg,Heidelberg,MS,City,Q2441982,http://www.townofheidelberg.com/
canterbury-ct.org,Canterbury,Canterbury,CT,City,Q2446069,http://canterbury-ct.org/
plainvillect.com,Plainville,Plainville,CT,City,Q2446095,http://www.plainvillect.com/
sterlingct.us,Sterling,Sterling,CT,City,Q2446103,http://www.sterlingct.us/
burlingtonct.us,Burlington,Burlington,CT,City,Q2446117,http://www.burlingtonct.us/
townofshermanct.org,Sherman,Sherman,CT,City,Q2446125,http://www.townofshermanct.org/
unionconnecticut.org,Union,Union,CT,City,Q2446133,http://www.unionconnecticut.org/
colebrooktownhall.org,Colebrook,Colebrook,CT,City,Q2446187,http://www.colebrooktownhall.org/
townofmorrisct.org,Morris,Morris,CT,City,Q2446194,http://www.townofmorrisct.org/
newfairfield.org,New Fairfield,New Fairfield,CT,City,Q2446204,http://www.newfairfield.org/
cornwallct.org,Cornwall,Cornwall,CT,City,Q2446215,http://www.cornwallct.org/
washingtonct.org,Washington,Washington,CT,City,Q2446223,https://www.washingtonct.org/
norfolkct.org,Norfolk,Norfolk,CT,City,Q2446234,http://www.norfolkct.org
eastgranbyct.org,East Granby,East Granby,CT,City,Q2446250,https://eastgranbyct.org/
monroect.org,Monroe,Monroe,CT,City,Q2446258,http://www.monroect.org/
northcanaan.org,North Canaan,North Canaan,CT,City,Q2446269,http://www.northcanaan.org/
scotlandct.org,Scotland,Scotland,CT,City,Q2446275,https://www.scotlandct.org/
lebanontownhall.org,Lebanon,Lebanon,CT,City,Q2446284,http://www.lebanontownhall.org/
brooklynct.org,Brooklyn,Brooklyn,CT,City,Q2446296,http://www.brooklynct.org/
trimbletennessee.com,Trimble,Trimble,TN,City,Q2447390,http://www.trimbletennessee.com/
marlboroughct.net,Marlborough,Marlborough,CT,City,Q2447484,https://www.marlboroughct.net/
new-shoreham.com,New Shoreham,New Shoreham,RI,City,Q2448480,http://www.new-shoreham.com
little-compton.com,Little Compton,Little Compton,RI,City,Q2448539,http://www.little-compton.com
elloreesc.com,Elloree,Elloree,SC,City,Q2455087,https://www.elloreesc.com/
townofwelsh.com,Welsh,Welsh,LA,City,Q2459054,http://www.townofwelsh.com/
townofblackville.com,Blackville,Blackville,SC,City,Q2464650,http://www.townofblackville.com
townofrockville.com,Rockville,Rockville,SC,City,Q2466870,http://townofrockville.com/
townofedgewoodin.us,Edgewood,Edgewood,IN,City,Q2473132,http://townofedgewoodin.us/
jay.org,Jay,Jay,ME,City,Q2482981,http://www.jay.org
townofcalhounfallssc.com,Calhoun Falls,Calhoun Falls,SC,City,Q2483637,http://www.townofcalhounfallssc.com
syracusein.org,Syracuse,Syracuse,IN,City,Q2486563,http://www.syracusein.org
villageofpittsford.com,New Lebanon,New Lebanon,NY,City,Q3708218,https://www.villageofpittsford.com
townofmeredith.com,Meredith,Meredith,NY,City,Q3708223,https://townofmeredith.com
philipstown.com,Philipstown,Philipstown,NY,City,Q3708246,http://philipstown.com
townofhopeny.org,Hope,Hope,NY,City,Q3708248,http://townofhopeny.org
townofcovert.org,Covert,Covert,NY,City,Q3708263,http://www.townofcovert.org/
roxburyny.com,Roxbury,Roxbury,NY,City,Q3708265,http://roxburyny.com/
townofsmithfield.org,Smithfield,Smithfield,NY,City,Q3708280,http://townofsmithfield.org
grovelandny.org,Groveland,Groveland,NY,City,Q3708283,http://grovelandny.org
townofwesterlony.com,Westerlo,Westerlo,NY,City,Q3708285,https://townofwesterlony.com
townofdeerfield.org,Deerfield,Deerfield,NY,City,Q3708294,http://www.townofdeerfield.org
townofarietta.com,Arietta,Arietta,NY,City,Q3708335,http://www.townofarietta.com/
townofpierrepont.com,Pierrepont,Pierrepont,NY,City,Q3708336,http://www.townofpierrepont.com
erwinny.org,Erwin,Erwin,NY,City,Q3708337,http://www.erwinny.org
townofchenango.com,Chenango,Chenango,NY,City,Q3708356,http://www.townofchenango.com
marylandny.org,Maryland,Maryland,NY,City,Q3708363,https://www.marylandny.org/
townofmarshall.com,Marshall,Marshall,NY,City,Q3708383,http://www.townofmarshall.com/
townofhuron.org,Huron,Huron,NY,City,Q3708387,http://townofhuron.org/
walkerton.org,Walkerton,Walkerton,IN,City,Q2496370,http://www.walkerton.org/
westville.us,Westville,Westville,IN,City,Q2499782,http://www.westville.us
millersburgin.com,Millersburg,Millersburg,IN,City,Q2504157,https://millersburgin.com
townofarlington.org,Arlington,Arlington,TN,City,Q2508961,http://www.townofarlington.org/
townofelton.municipalimpact.com,Elton,Elton,LA,City,Q2510375,https://townofelton.municipalimpact.com/
clarksburgtn.org,Clarksburg,Clarksburg,TN,City,Q2513096,http://clarksburgtn.org/
vanburenindiana.com,Van Buren,Van Buren,IN,City,Q2526696,http://www.vanburenindiana.com
burnettown.com,Burnettown,Burnettown,SC,City,Q2530105,http://www.burnettown.com/
townofoneida.com,Oneida,Oneida,TN,City,Q2531712,http://www.townofoneida.com/
eastbrookfieldma.us,East Brookfield,East Brookfield,MA,City,Q2534054,http://www.eastbrookfieldma.us/
eutawvillesc.org,Eutawville,Eutawville,SC,City,Q2534172,http://www.eutawvillesc.org
northbrookfield.net,North Brookfield,North Brookfield,MA,City,Q2534635,http://www.northbrookfield.net/
ashfield.org,Ashfield,Ashfield,MA,City,Q2536103,http://www.ashfield.org
middleborough.com,Middleborough,Middleborough,MA,City,Q2536810,http://www.middleborough.com
brookfieldma.us,Brookfield,Brookfield,MA,City,Q2536826,http://www.brookfieldma.us
lakevillema.org,Lakeville,Lakeville,MA,City,Q2536837,http://www.lakevillema.org/
new-marlborough.ma.us,New Marlborough,New Marlborough,MA,City,Q2536854,http://www.new-marlborough.ma.us/
townofpelham.org,Pelham,Pelham,MA,City,Q2536864,http://www.townofpelham.org
townofpembrokemass.org,Pembroke,Pembroke,MA,City,Q2536875,http://www.townofpembrokemass.org/
townofmedway.org,Medway,Medway,MA,City,Q2536948,http://www.townofmedway.org/
huntingtonma.us,Huntington,Huntington,MA,City,Q2536955,http://www.huntingtonma.us/
middlefieldma.us,Middlefield,Middlefield,MA,City,Q2536964,http://www.middlefieldma.us/
plainville.ma.us,Plainville,Plainville,MA,City,Q2536981,https://www.plainville.ma.us/
town.plympton.ma.us,Plympton,Plympton,MA,City,Q2536988,http://town.plympton.ma.us/
hubbardstonma.us,Hubbardston,Hubbardston,MA,City,Q2537019,http://www.hubbardstonma.us/
mendonma.net,Mendon,Mendon,MA,City,Q2539175,http://www.mendonma.net/
monononline.com,Monon,Monon,IN,City,Q2539176,http://www.monononline.com/
townofpaxton.net,Paxton,Paxton,MA,City,Q2539237,http://www.townofpaxton.net/
townofskiatook.com,Skiatook,Skiatook,OK,City,Q2539627,http://www.townofskiatook.com/
westmorelandtn.com,Westmoreland,Westmoreland,TN,City,Q2541402,http://www.westmorelandtn.com
dayton.in.gov,Dayton,Dayton,IN,City,Q2547035,http://dayton.in.gov/
townofheathsprings.org,Heath Springs,Heath Springs,SC,City,Q2548622,http://www.townofheathsprings.org/
worthington-ma.us,Worthington,Worthington,MA,City,Q2549311,http://www.worthington-ma.us/
townofhollyhillsc.com,Holly Hill,Holly Hill,SC,City,Q2550488,http://www.townofhollyhillsc.com
townofdeerpark.org,Deerpark,Deerpark,NY,City,Q3709734,http://townofdeerpark.org
yorktownny.org,Yorktown,Yorktown,NY,City,Q3709801,http://www.yorktownny.org
townofstonypoint.org,Stony Point,Stony Point,NY,City,Q3709831,http://www.townofstonypoint.org/
townoflisbonny.org,Lisbon,Lisbon,NY,City,Q3709864,https://www.townoflisbonny.org/
townofmurray.org,Murray,Murray,NY,City,Q3709879,https://townofmurray.org/
townofriga.org,Riga,Riga,NY,City,Q3709884,http://www.townofriga.org/
cornwallny.com,Cornwall,Cornwall,NY,City,Q3710140,http://www.cornwallny.com/
constantiany.org,Constantia,Constantia,NY,City,Q3710249,https://constantiany.org
townofcazenovia.org,Cazenovia,Cazenovia,NY,City,Q3710260,http://townofcazenovia.org/content/
townofhaverstraw.us,Haverstraw,Haverstraw,NY,City,Q3710418,http://www.townofhaverstraw.us/
schroon.net,Schroon,Schroon,NY,City,Q3710613,https://www.schroon.net/
benningtonny.com,Bennington,Bennington,NY,City,Q3710625,http://www.benningtonny.com/
schodack.org,Schodack,Schodack,NY,City,Q3710635,http://www.schodack.org/
townofgardiner.org,Gardiner,Gardiner,NY,City,Q3710642,https://www.townofgardiner.org/
chathamnewyork.us,Chatham,Chatham,NY,City,Q3723184,http://www.chathamnewyork.us/
colonie.org,Colonie,Colonie,NY,City,Q3723193,http://www.colonie.org/
germantownny.org,Germantown,Germantown,NY,City,Q3761144,http://www.germantownny.org/
townofalbion.com,Albion,Albion,NY,City,Q4325183,http://www.townofalbion.com
townofalbion-ny.us,Albion,Albion,NY,City,Q4712477,http://www.townofalbion-ny.us/
avon-ny.org,Avon,Avon,NY,City,Q4829170,http://www.avon-ny.org/index_town.html
townofbolivar.com,Bolivar,Bolivar,NY,City,Q4939487,http://www.townofbolivar.com
townofcaledoniany.com,Caledonia,Caledonia,NY,City,Q5019357,http://www.townofcaledoniany.com
chateaugayny.org,Chateaugay,Chateaugay,NY,City,Q5087566,http://www.chateaugayny.org/
cherryvalleyny.us,Cherry Valley,Cherry Valley,NY,City,Q5092494,http://www.cherryvalleyny.us/
townofclayton.com,Clayton,Clayton,NY,City,Q5130156,http://www.townofclayton.com/
townofcobleskill.com,Cobleskill,Cobleskill,NY,City,Q5138934,http://townofcobleskill.com
townofcroghan.com,Croghan,Croghan,NY,City,Q5187506,https://www.townofcroghan.com/
libertymaine.us,Liberty,Liberty,ME,City,Q2888983,http://www.libertymaine.us
elwoodtown.com,Elwood,Elwood,UT,City,Q2890560,http://www.elwoodtown.com/
north-salem.com,North Salem,North Salem,IN,City,Q2894084,http://north-salem.com/
townofhoneapath.com,Honea Path,Honea Path,SC,City,Q2906432,http://www.townofhoneapath.com/
fillmoreindiana.com,Fillmore,Fillmore,IN,City,Q2917952,http://www.fillmoreindiana.com
townofdyer.com,Dyer,Dyer,IN,City,Q2918650,http://www.townofdyer.com
tyrone.org,Tyrone,Tyrone,GA,City,Q2919179,http://www.tyrone.org/
burnsflatok.com,Burns Flat,Burns Flat,OK,City,Q2920502,http://www.BurnsFlatOK.com/
andrewsindiana.net,Andrews,Andrews,IN,City,Q2929499,http://andrewsindiana.net/
glenlyn.org,Glen Lyn,Glen Lyn,VA,City,Q2988869,https://glenlyn.org/
stpaulva.org,St. Paul,St. Paul,VA,City,Q2989543,http://www.stpaulva.org/Pages/default.aspx
sjcindiana.com,Roseland,Roseland,IN,City,Q3008083,https://www.sjcindiana.com/1635/Town-of-Roseland
talmo-ga.com,Talmo,Talmo,GA,City,Q3019078,http://www.talmo-ga.com/
ci.minot.me.us,Minot,Minot,ME,City,Q3045880,http://www.ci.minot.me.us
sabattus.org,Sabattus,Sabattus,ME,City,Q3045920,https://www.sabattus.org/
townofgreene.net,Greene,Greene,ME,City,Q3045933,http://www.townofgreene.net
jackmanmaine.org,Jackman,Jackman,ME,City,Q3045962,http://jackmanmaine.org
tremont.maine.gov,Tremont,Tremont,ME,City,Q3053721,http://tremont.maine.gov/
mtdesert.org,Mount Desert,Mount Desert,ME,City,Q3053737,http://www.mtdesert.org
westunion-wv.com,West Union,West Union,WV,City,Q3053751,http://www.westunion-wv.com
ci.grandisle.ri.us,Grand Isle,Grand Isle,ME,City,Q3057652,http://www.ci.grandisle.ri.us
stagatha.com,St. Agatha,St. Agatha,ME,City,Q3057671,http://www.stagatha.com/
townofheath.org,Heath,Heath,MA,City,Q2557377,http://www.townofheath.org/
townofcharlton.net,Charlton,Charlton,MA,City,Q2559543,http://www.townofcharlton.net/
templeton1.org,Templeton,Templeton,MA,City,Q2559640,http://www.templeton1.org/
townofholden.net,Holden,Holden,MA,City,Q2559867,http://www.townofholden.net
upton.ma.us,Upton,Upton,MA,City,Q2559976,http://www.upton.ma.us/
southboroughtown.com,Southborough,Southborough,MA,City,Q2560012,http://www.southboroughtown.com/
townofvivian.us,Vivian,Vivian,LA,City,Q2560255,https://townofvivian.us/
townofbolton.com,Bolton,Bolton,MA,City,Q2560271,http://www.townofbolton.com
newbraintree.org,New Braintree,New Braintree,MA,City,Q2560349,http://www.newbraintree.org/
crothersville.net,Crothersville,Crothersville,IN,City,Q2562466,http://www.crothersville.net
westboylston.com,West Boylston,West Boylston,MA,City,Q2562576,http://www.westboylston.com
cityofgoshen.net,Goshen,Goshen,AR,City,Q2564384,http://www.cityofgoshen.net
farmerville.org,Farmerville,Farmerville,LA,City,Q2565238,http://www.farmerville.org
townoffarmersburg.com,Farmersburg,Farmersburg,IN,City,Q2567207,https://townoffarmersburg.com/
glocesterri.org,Glocester,Glocester,RI,City,Q2569213,http://www.glocesterri.org
middlebury-ct.org,Middlebury,Middlebury,CT,City,Q2572235,http://www.middlebury-ct.org/
willingtonct.org,Willington,Willington,CT,City,Q2572248,http://www.willingtonct.org/
bolton.govoffice.com,Bolton,Bolton,CT,City,Q2572280,http://bolton.govoffice.com/
beaconfalls-ct.org,Beacon Falls,Beacon Falls,CT,City,Q2572361,http://www.beaconfalls-ct.org/
ctsprague.org,Sprague,Sprague,CT,City,Q2572372,https://www.ctsprague.org/
chaplinct.org,Chaplin,Chaplin,CT,City,Q2572385,http://chaplinct.org/
harwinton.us,Harwinton,Harwinton,CT,City,Q2572425,https://www.harwinton.us/
hamptonct.org,Hampton,Hampton,CT,City,Q2572461,http://hamptonct.org/
ci.rocky-hill.ct.us,Rocky Hill,Rocky Hill,CT,City,Q2572498,http://www.ci.rocky-hill.ct.us/
oaktownindiana.org,Oaktown,Oaktown,IN,City,Q2575314,http://oaktownindiana.org/index.html
ci.ashby.ma.us,Ashby,Ashby,MA,City,Q2577594,http://www.ci.ashby.ma.us
keoar.com,Keo,Keo,AR,City,Q2580662,http://www.keoar.com/
meromindiana.org,Merom,Merom,IN,City,Q2580784,http://meromindiana.org/
swayzee.org,Swayzee,Swayzee,IN,City,Q2587400,http://www.swayzee.org
townofcaryvilletn.com,Caryville,Caryville,TN,City,Q2589500,https://www.townofcaryvilletn.com
huntingdontn.com,Huntingdon,Huntingdon,TN,City,Q2589662,http://www.huntingdontn.com/index.htm
winonalake.net,Winona Lake,Winona Lake,IN,City,Q2590154,http://www.winonalake.net/
darlingtonindiana.com,Darlington,Darlington,IN,City,Q2592998,http://www.darlingtonindiana.com/
atlantaindiana.com,Atlanta,Atlanta,IN,City,Q2598396,http://www.atlantaindiana.com
stjohnwa.com,St. John,St. John,WA,City,Q2602013,http://www.stjohnwa.com/
lindentn.org,Linden,Linden,TN,City,Q2607529,http://lindentn.org/
talihinacc.com,Talihina,Talihina,OK,City,Q2610778,http://www.talihinacc.com
townofpageland.com,Pageland,Pageland,SC,City,Q2621058,http://townofpageland.com/
leavenworthindiana.org,Leavenworth,Leavenworth,IN,City,Q2627737,http://www.leavenworthindiana.org
visithebron.org,Hebron,Hebron,IN,City,Q2630045,http://www.visithebron.org
townofnorris.org,Norris,Norris,SC,City,Q2637381,http://www.townofnorris.org/
suttonwv.com,Sutton,Sutton,WV,City,Q2638305,http://suttonwv.com
cityofscottshill.com,Scotts Hill,Scotts Hill,TN,City,Q2646768,http://cityofscottshill.com/
sweetserin.com,Sweetser,Sweetser,IN,City,Q2648220,http://www.sweetserin.com/
townofnewwhiteland.com,New Whiteland,New Whiteland,IN,City,Q2648248,http://www.townofnewwhiteland.com/index.php
townofspringcitytn.com,Spring City,Spring City,TN,City,Q2648949,http://www.townofspringcitytn.com/
newpointin.com,New Point,New Point,IN,City,Q2650757,http://www.newpointin.com
remingtonindiana.com,Remington,Remington,IN,City,Q2654506,http://remingtonindiana.com/
prosperitysc.com,Prosperity,Prosperity,SC,City,Q2658999,https://www.prosperitysc.com/
townofburnstn.net,Burns,Burns,TN,City,Q2660550,http://townofburnstn.net/
kingstonsprings.net,Kingston Springs,Kingston Springs,TN,City,Q2661439,http://www.kingstonsprings.net
highlandbeachmd.org,Highland Beach,Highland Beach,MD,City,Q2661909,http://highlandbeachmd.org
townofestill.sc.gov,Estill,Estill,SC,City,Q2662972,http://www.townofestill.sc.gov
fryeburgmaine.org,Fryeburg,Fryeburg,ME,City,Q3451647,http://www.fryeburgmaine.org/
springdalesc.com,Springdale,Springdale,SC,City,Q3461017,http://www.springdalesc.com/
lfme.org,Livermore Falls,Livermore Falls,ME,City,Q3461492,http://www.lfme.org
madisonmaine.com,Madison,Madison,ME,City,Q3461573,https://www.madisonmaine.com/
dixfield.org,Dixfield,Dixfield,ME,City,Q3462177,https://dixfield.org/
town.lincolnville.me.us,Lincolnville,Lincolnville,ME,City,Q3476310,https://www.town.lincolnville.me.us/
alna.maine.gov,Alna,Alna,ME,City,Q3476857,http://alna.maine.gov
farmingdalemaine.org,Farmingdale,Farmingdale,ME,City,Q3476861,http://farmingdalemaine.org/
fryeisland.com,Frye Island,Frye Island,ME,City,Q3476885,http://www.fryeisland.com
dextermaine.org,Dexter,Dexter,ME,City,Q3476898,http://www.dextermaine.org/
penobscotmaine.org,Penobscot,Penobscot,ME,City,Q3476924,http://penobscotmaine.org/
townofbarre.com,Barre,Barre,MA,City,Q3635167,http://www.townofbarre.com
clarksburgma.us,Clarksburg,Clarksburg,MA,City,Q3679152,http://www.clarksburgma.us/
yso.com,Yellow Springs,Yellow Springs,OH,City,Q49000,https://www.yso.com/
unioncityvillage.homestead.com,Union City,Union City,OH,City,Q265818,http://unioncityvillage.homestead.com
villageofsouthpoint.com,South Point,South Point,OH,City,Q280269,http://www.villageofsouthpoint.com/
bradfordoh.com,Bradford,Bradford,OH,City,Q280278,http://www.bradfordoh.com/
villageofaberdeen.com,Aberdeen,Aberdeen,OH,City,Q281150,http://villageofaberdeen.com/
huntingvalley.net,Hunting Valley,Hunting Valley,OH,City,Q284734,https://www.huntingvalley.net/
addystonohio.org,Addyston,Addyston,OH,City,Q353439,http://www.addystonohio.org
sebringohio.net,Sebring,Sebring,OH,City,Q377905,http://www.sebringohio.net/
pandoraoh.com,Pandora,Pandora,OH,City,Q386856,http://www.pandoraoh.com/
villageofamanda.com,Amanda,Amanda,OH,City,Q453735,https://villageofamanda.com/
botkinsohio.com,Botkins,Botkins,OH,City,Q512794,http://www.botkinsohio.com
blanvillage.com,Blanchester,Blanchester,OH,City,Q527491,https://www.blanvillage.com/
chagrin-falls.org,Chagrin Falls,Chagrin Falls,OH,City,Q534836,https://chagrin-falls.org/
thornville.us,Thornville,Thornville,OH,City,Q547541,http://www.thornville.us
bataviavillage.org,Batavia,Batavia,OH,City,Q586282,http://bataviavillage.org/
evendaleohio.org,Evendale,Evendale,OH,City,Q606839,http://www.evendaleohio.org
villageofdresden.com,Dresden,Dresden,OH,City,Q649432,http://www.villageofdresden.com/
villageofmagnolia.com,Magnolia,Magnolia,OH,City,Q661557,http://www.villageofmagnolia.com/
caledonia-village.com,Caledonia,Caledonia,OH,City,Q683507,http://www.caledonia-village.com
ashvilleohio.net,Ashville,Ashville,OH,City,Q726559,http://www.ashvilleohio.net/
plymouthoh.org,Plymouth,Plymouth,OH,City,Q741038,http://www.plymouthoh.org/
bellecenterohio.com,Belle Center,Belle Center,OH,City,Q815840,http://bellecenterohio.com
bellvilleohio.net,Bellville,Bellville,OH,City,Q816072,http://www.bellvilleohio.net/
bratenahl.org,Bratenahl,Bratenahl,OH,City,Q899590,https://www.bratenahl.org/
loudonville-oh.us,Loudonville,Loudonville,OH,City,Q925581,http://www.loudonville-oh.us/
brooklynhts.org,Brooklyn Heights,Brooklyn Heights,OH,City,Q929578,https://www.brooklynhts.org/
fairportharbor.org,Fairport Harbor,Fairport Harbor,OH,City,Q995641,http://www.fairportharbor.org
v3.cambridgeny.gov,Cambridge,Cambridge,NY,City,Q11151861,https://v3.cambridgeny.gov/
townofnassau.org,Nassau,Nassau,NY,City,Q11695104,http://townofnassau.org/
townofbluffton.sc.gov,Bluffton,Bluffton,SC,City,Q3243593,https://www.townofbluffton.sc.gov/
townofblacksburgsc.com,Blacksburg,Blacksburg,SC,City,Q3243604,http://www.townofblacksburgsc.com/
ball.govoffice2.com,Ball,Ball,LA,City,Q3244086,http://www.ball.govoffice2.com/
bethlehemga.org,Bethlehem,Bethlehem,GA,City,Q3261160,http://www.bethlehemga.org/
cityofmaysvillega.org,Maysville,Maysville,GA,City,Q3261840,http://cityofmaysvillega.org/
m.facebook.com,Empire City,Empire City,OK,City,Q3287162,https://m.facebook.com/people/Empire-City-Oklahoma/100067648984220/
townofwhitebluff.com,White Bluff,White Bluff,TN,City,Q3287270,http://www.townofwhitebluff.com
shattuckok.com,Shattuck,Shattuck,OK,City,Q3287528,http://www.shattuckok.com
townofbethelsprings.com,Bethel Springs,Bethel Springs,TN,City,Q3287621,https://townofbethelsprings.com/
valliantchamber.org,Valliant,Valliant,OK,City,Q3287655,http://www.valliantchamber.org
sellersburg.org,Sellersburg,Sellersburg,IN,City,Q3287732,http://www.sellersburg.org/
thompsons-station.com,Thompson's Station,Thompson's Station,TN,City,Q3289379,http://www.thompsons-station.com
obiontn.com,Obion,Obion,TN,City,Q3289390,http://www.obiontn.com/
erwintn.org,Erwin,Erwin,TN,City,Q3289449,http://www.erwintn.org/
newtazewelltn.org,New Tazewell,New Tazewell,TN,City,Q3289460,http://newtazewelltn.org/
townofchapelhilltn.com,Chapel Hill,Chapel Hill,TN,City,Q3289472,http://www.townofchapelhilltn.com/
townofrutherford.org,Rutherford,Rutherford,TN,City,Q3289492,http://www.townofrutherford.org/
cedarvilleohio.net,Cedarville,Cedarville,OH,City,Q1014183,http://www.cedarvilleohio.net/
leesburgohio.org,Leesburg,Leesburg,OH,City,Q1023486,http://www.leesburgohio.org/
villageofeastsparta.com,East Sparta,East Sparta,OH,City,Q1023487,http://www.villageofeastsparta.com/
townofchandler.org,Chandler,Chandler,IN,City,Q3292351,http://www.townofchandler.org/
mosheim-tn.org,Mosheim,Mosheim,TN,City,Q3292367,http://www.mosheim-tn.org
townofclaytonin.org,Clayton,Clayton,IN,City,Q3292489,http://www.townofclaytonin.org/
chestertonin.org,Chesterton,Chesterton,IN,City,Q3292506,http://www.chestertonin.org/
lincolnmaine.org,Lincoln,Lincoln,ME,City,Q3293275,http://www.lincolnmaine.org/
townofculver.org,Culver,Culver,IN,City,Q3293358,http://www.townofculver.org/
townofclermont.com,Clermont,Clermont,IN,City,Q3293366,http://townofclermont.com/
fortvilleindiana.org,Fortville,Fortville,IN,City,Q3293398,http://www.fortvilleindiana.org/
claycity.net,Clay City,Clay City,IN,City,Q3293413,http://www.claycity.net/
town.orleans.in.us,Orleans,Orleans,IN,City,Q3293461,http://www.town.orleans.in.us/
montezuma.in.gov,Montezuma,Montezuma,IN,City,Q3293495,http://www.montezuma.in.gov/
townofpittsboro.org,Pittsboro,Pittsboro,IN,City,Q3293518,http://www.townofpittsboro.org/
townofwhiteland.com,Whiteland,Whiteland,IN,City,Q3296022,http://www.townofwhiteland.com
bccn.boone.in.us,Thorntown,Thorntown,IN,City,Q3299809,http://www.bccn.boone.in.us/thorntown/
rockyripple.com,Rocky Ripple,Rocky Ripple,IN,City,Q3299854,http://rockyripple.com/
townofbriarcliffe.us,Briarcliffe Acres,Briarcliffe Acres,SC,City,Q3306696,http://www.townofbriarcliffe.us
townofturbeville.com,Turbeville,Turbeville,SC,City,Q3306731,http://www.townofturbeville.com/
bolivarwv.org,Bolivar,Bolivar,WV,City,Q3313625,http://www.bolivarwv.org/
thecityofmiltonwv.com,Milton,Milton,WV,City,Q3313661,http://www.thecityofmiltonwv.com/
thurmondwv.org,Thurmond,Thurmond,WV,City,Q3313681,http://thurmondwv.org/
belington.net,Belington,Belington,WV,City,Q3314522,http://www.belington.net/
hurleynm.com,Hurley,Hurley,NM,City,Q3322283,http://www.hurleynm.com/
townofelbridge.com,Elbridge,Elbridge,NY,City,Q5353808,http://townofelbridge.com/
ellicottvillegov.com,Ellicottville,Ellicottville,NY,City,Q5365314,https://www.ellicottvillegov.com/
townofgeneva.com,Geneva,Geneva,NY,City,Q5532974,https://townofgeneva.com/
greenwichny.org,Greenwich,Greenwich,NY,City,Q5604828,http://www.greenwichny.org/
townofgrotonny.org,Groton,Groton,NY,City,Q5610763,http://townofgrotonny.org/
townofowego.com,Owego,Owego,NY,City,Q5638611,https://www.townofowego.com/
lodiny.com,Lodi,Lodi,NY,City,Q6666393,http://www.lodiny.com/
lyonstown.com,Lyons,Lyons,NY,City,Q6709776,http://lyonstown.com/
macedontown.net,Macedon,Macedon,NY,City,Q6723044,http://www.macedontown.net/
townofnewburgh.org,Newburgh,Newburgh,NY,City,Q7017154,http://www.townofnewburgh.org
northcollinsny.org,North Collins,North Collins,NY,City,Q7054889,http://www.northcollinsny.org/
townofovid.org,Ovid,Ovid,NY,City,Q7114113,http://www.townofovid.org/
phelpsny.com,Phelps,Phelps,NY,City,Q7181259,http://www.phelpsny.com/
poestenkillny.com,Poestenkill,Poestenkill,NY,City,Q7207410,http://www.poestenkillny.com/
waterlootown.org,Waterloo,Waterloo,NY,City,Q7974211,http://www.waterlootown.org/
wilsonnewyork.com,Wilson,Wilson,NY,City,Q8022965,http://www.wilsonnewyork.com/
townofwolcottny.org,Wolcott,Wolcott,NY,City,Q8029722,http://www.townofwolcottny.org/
townofsodus.com,Sodus,Sodus,NY,City,Q9078559,http://www.townofsodus.com/
townofleicester.org,Leicester,Leicester,NY,City,Q10751420,http://www.townofleicester.org
bullsgaptn.us,Bulls Gap,Bulls Gap,TN,City,Q3068941,http://www.bullsgaptn.us
townofhornbeck.com,Hornbeck,Hornbeck,LA,City,Q3070165,http://townofhornbeck.com
wynnedale.org,Wynnedale,Wynnedale,IN,City,Q3166162,http://www.wynnedale.org
townofcottonport.com,Cottonport,Cottonport,LA,City,Q3172324,https://townofcottonport.com
townofabitasprings.com,Abita Springs,Abita Springs,LA,City,Q3193360,http://www.townofabitasprings.com/
townofkershaw.net,Kershaw,Kershaw,SC,City,Q3239690,http://www.townofkershaw.net/
cresbardsd.com,Cresbard,Cresbard,SD,City,Q3239698,http://www.cresbardsd.com/
townofreidville.org,Reidville,Reidville,SC,City,Q3239766,http://townofreidville.org/
eastoversc.com,Eastover,Eastover,SC,City,Q3239801,http://www.eastoversc.com/
melvillela.gov,Melville,Melville,LA,City,Q3239870,http://melvillela.gov/
townofswansea.sc.gov,Swansea,Swansea,SC,City,Q3239937,https://townofswansea.sc.gov
surfsidebeach.org,Surfside Beach,Surfside Beach,SC,City,Q3240108,http://www.surfsidebeach.org
townofhollywood.org,Hollywood,Hollywood,SC,City,Q3240472,https://www.townofhollywood.org/
townofmcclellanville-sc.net,McClellanville,McClellanville,SC,City,Q3240531,http://www.townofmcclellanville-sc.net/
vassalboro.net,Vassalboro,Vassalboro,ME,City,Q3241006,http://www.vassalboro.net/
asherok.info,Asher,Asher,OK,City,Q3241360,http://www.asherok.info
bethelmaine.org,Bethel,Bethel,ME,City,Q3241389,http://www.bethelmaine.org/
cutlermaine.net,Cutler,Cutler,ME,City,Q3242153,http://cutlermaine.net/
searsport.maine.gov,Searsport,Searsport,ME,City,Q3242161,http://www.searsport.maine.gov/
hollandohio.com,Holland,Holland,OH,City,Q1025979,http://www.hollandohio.com/
villageofcoldwater.com,Coldwater,Coldwater,OH,City,Q1025998,http://www.villageofcoldwater.com
leipsic.com,Leipsic,Leipsic,OH,City,Q1026003,http://www.leipsic.com/
hartvilleoh.com,Hartville,Hartville,OH,City,Q1026016,https://www.hartvilleoh.com/
mountgilead.net,Mount Gilead,Mount Gilead,OH,City,Q1026019,http://www.mountgilead.net/
villageofgrafton.org,Grafton,Grafton,OH,City,Q1028075,https://www.villageofgrafton.org
alexandriaoh.org,Alexandria,Alexandria,OH,City,Q1030219,http://www.alexandriaoh.org
clintonvillageohio.com,Clinton,Clinton,OH,City,Q1101670,http://clintonvillageohio.com/
orangevillage.com,Orange,Orange,OH,City,Q1253863,http://www.orangevillage.com/
newbremen.com,New Bremen,New Bremen,OH,City,Q1465092,http://www.newbremen.com/
garrettsville.org,Garrettsville,Garrettsville,OH,City,Q1494483,http://garrettsville.org/
northkingsvilleohio.org,North Kingsville,North Kingsville,OH,City,Q1514568,http://www.northkingsvilleohio.org/
greenfieldohio.net,Greenfield,Greenfield,OH,City,Q1544743,http://www.greenfieldohio.net
hiramvillage.org,Hiram,Hiram,OH,City,Q1620123,http://www.hiramvillage.org/
lexingtonohio.us,Lexington,Lexington,OH,City,Q1759463,http://www.lexingtonohio.us/
waynesfieldohio.com,Waynesfield,Waynesfield,OH,City,Q1807210,http://www.waynesfieldohio.com/
ci.minerva.oh.us,Minerva,Minerva,OH,City,Q1812525,http://ci.minerva.oh.us/
mtoraboh.us,Mount Orab,Mount Orab,OH,City,Q1812547,https://www.mtoraboh.us/
montpelieroh.net,Montpelier,Montpelier,OH,City,Q1812567,http://www.montpelieroh.net/
spencervillageohio.com,Spencer,Spencer,OH,City,Q1816661,https://spencervillageohio.com/
lordstown.com,Lordstown,Lordstown,OH,City,Q1816711,http://www.lordstown.com/home.asp
oakharbor.oh.us,Oak Harbor,Oak Harbor,OH,City,Q1816725,http://www.oakharbor.oh.us/
apple-creek.org,Apple Creek,Apple Creek,OH,City,Q1816973,https://www.apple-creek.org/
fortrecovery.org,Fort Recovery,Fort Recovery,OH,City,Q1861739,http://www.fortrecovery.org/
spencervilleoh.com,Spencerville,Spencerville,OH,City,Q1873471,http://spencervilleoh.com/
roamingshores.org,Roaming Shores,Roaming Shores,OH,City,Q1881194,http://www.roamingshores.org/
madisonvillage.org,Madison,Madison,OH,City,Q1883378,http://www.madisonvillage.org/
southrussell.com,South Russell,South Russell,OH,City,Q1888998,http://www.southrussell.com/
baltimoreohio.org,Baltimore,Baltimore,OH,City,Q1889293,https://www.baltimoreohio.org/
fredericksburgohio.org,Fredericksburg,Fredericksburg,OH,City,Q1898469,https://fredericksburgohio.org/
southbloomfieldoh.com,South Bloomfield,South Bloomfield,OH,City,Q1930809,http://www.southbloomfieldoh.com/
adaoh.org,Ada,Ada,OH,City,Q1934356,https://www.adaoh.org/
villageofseville.com,Seville,Seville,OH,City,Q1943127,http://www.villageofseville.com/
villageofseville.org,Seville,Seville,OH,City,Q1943127,https://www.villageofseville.org/
wellsvillage.com,Wellsville,Wellsville,OH,City,Q1982442,http://wellsvillage.com/
bellaireohio.net,Bellaire,Bellaire,OH,City,Q1985364,http://bellaireohio.net/
mechanicsburgohio.org,Mechanicsburg,Mechanicsburg,OH,City,Q1986032,http://www.mechanicsburgohio.org/
nlewisburg.com,North Lewisburg,North Lewisburg,OH,City,Q1991617,http://www.nlewisburg.com/
northrandall.com,North Randall,North Randall,OH,City,Q2252769,http://www.northrandall.com
ansoniaohio.us,Ansonia,Ansonia,OH,City,Q2279267,http://www.ansoniaohio.us/
villageofelmore.com,Elmore,Elmore,OH,City,Q2289399,http://www.villageofelmore.com/
somersetohio.us,Somerset,Somerset,OH,City,Q2300861,http://www.somersetohio.us
milanohio.com,Syracuse,Syracuse,OH,City,Q2303111,http://www.milanohio.com/
villageofannaoh.com,Anna,Anna,OH,City,Q2303540,http://villageofannaoh.com/
lafayetteoh.com,Lafayette,Lafayette,OH,City,Q2309209,http://www.lafayetteoh.com/
villageofsouthcharleston.net,South Charleston,South Charleston,OH,City,Q2319316,http://villageofsouthcharleston.net/
ci.toledo.oh.us,Empire,Empire,OH,City,Q2323283,http://www.ci.toledo.oh.us/
riverleaohio.com,Riverlea,Riverlea,OH,City,Q2324729,http://www.riverleaohio.com/
obetz.oh.us,Obetz,Obetz,OH,City,Q2326559,http://www.obetz.oh.us
newrichmond.org,New Richmond,New Richmond,OH,City,Q2341134,http://www.newrichmond.org/
villageofwellington.com,Wellington,Wellington,OH,City,Q2344895,http://www.villageofwellington.com
lithopolis.com,Lithopolis,Lithopolis,OH,City,Q2358133,http://www.lithopolis.com
greenhillsohio.us,Greenhills,Greenhills,OH,City,Q2361579,http://www.greenhillsohio.us/
valleyview.net,Valley View,Valley View,OH,City,Q2368989,http://www.valleyview.net/
villageofwoodville.com,Woodville,Woodville,OH,City,Q2377012,http://villageofwoodville.com/
newburghhtsoh.gov,Newburgh Heights,Newburgh Heights,OH,City,Q2378122,http://www.newburghhtsoh.gov/
westonohio.org,Weston,Weston,OH,City,Q2412190,https://www.westonohio.org/
edon-ohio.com,Edon,Edon,OH,City,Q2446037,http://www.edon-ohio.com/
villageoflowellville.com,Lowellville,Lowellville,OH,City,Q2460456,http://www.villageoflowellville.com
cardington.org,Cardington,Cardington,OH,City,Q2461475,http://www.cardington.org/
russiaoh.com,Russia,Russia,OH,City,Q2477732,http://www.russiaoh.com/
voelida.com,Elida,Elida,OH,City,Q2482637,https://voelida.com/
granville.oh.us,Granville,Granville,OH,City,Q2485187,http://www.granville.oh.us
mainevilleoh.com,Maineville,Maineville,OH,City,Q2013104,http://www.mainevilleoh.com
litchfieldmaine.com,Litchfield,Litchfield,ME,City,Q3447393,http://www.litchfieldmaine.com
andovermaine.com,Andover,Andover,ME,City,Q3447418,http://andovermaine.com/
belmontme.org,Belmont,Belmont,ME,City,Q3447467,https://belmontme.org/
china.govoffice.com,China,China,ME,City,Q3447500,http://china.govoffice.com
knoxmaine.com,Knox,Knox,ME,City,Q3447546,http://knoxmaine.com
raymondmaine.org,Raymond,Raymond,ME,City,Q3447575,http://www.raymondmaine.org
townofislesboro.com,Islesboro,Islesboro,ME,City,Q3447585,http://www.townofislesboro.com/
brooks.govoffice2.com,Brooks,Brooks,ME,City,Q3447608,https://www.brooks.govoffice2.com/
harrisonmaine.org,Harrison,Harrison,ME,City,Q3447863,http://www.harrisonmaine.org
washingtonme.govoffice.com,Washington,Washington,ME,City,Q3448011,http://www.washingtonme.govoffice.com/
townofmilbridge.webs.com,,,ME,City,Q3448024,https://townofmilbridge.webs.com/
townofsebago.org,Sebago,Sebago,ME,City,Q3448087,http://www.townofsebago.org
graymaine.org,Gray,Gray,ME,City,Q3448132,http://www.graymaine.org
searsmont.com,Searsmont,Searsmont,ME,City,Q3448358,http://searsmont.com/
maineshighpeaks.com,Eustis,Eustis,ME,City,Q3448450,http://www.maineshighpeaks.com/town/eustis-and-stratton
yarmouth.me.us,Yarmouth,Yarmouth,ME,City,Q3448462,http://www.yarmouth.me.us/
townofwhitefield.com,Whitefield,Whitefield,ME,City,Q3448486,http://www.townofwhitefield.com
romemaine.com,Rome,Rome,ME,City,Q3448522,https://www.romemaine.com/
greenvilleme.com,Greenville,Greenville,ME,City,Q3448547,http://www.greenvilleme.com
northyarmouth.govoffice.com,North Yarmouth,North Yarmouth,ME,City,Q3448783,http://www.northyarmouth.govoffice.com/
randolphmaine.org,Randolph,Randolph,ME,City,Q3448797,https://www.randolphmaine.org/
baileyville.org,Baileyville,Baileyville,ME,City,Q3449292,http://www.baileyville.org/
thorndikeme.com,Thorndike,Thorndike,ME,City,Q3449303,http://thorndikeme.com/
starksme.com,Starks,Starks,ME,City,Q3449314,http://www.starksme.com
milo.trcmaine.org,Milo,Milo,ME,City,Q3449338,http://www.milo.trcmaine.org/
wiltonmaine.org,Wilton,Wilton,ME,City,Q3449404,http://www.wiltonmaine.org/
westparisme.com,West Paris,West Paris,ME,City,Q3449635,https://www.westparisme.com/
roxburymaine.com,Roxbury,Roxbury,ME,City,Q3449732,http://www.roxburymaine.com/
kingfield.me,Kingfield,Kingfield,ME,City,Q3449790,http://www.kingfield.me
townofgreenbushmaine.org,Greenbush,Greenbush,ME,City,Q3449824,http://www.townofgreenbushmaine.org/
prospectmaine.org,Prospect,Prospect,ME,City,Q3449846,http://www.prospectmaine.org/
pownalmaine.org,Pownal,Pownal,ME,City,Q3449916,http://www.pownalmaine.org
montvillemaine.org,Montville,Montville,ME,City,Q3449946,http://www.montvillemaine.org
maineanencyclopedia.com,Wallagrass,Wallagrass,ME,City,Q3449967,https://maineanencyclopedia.com/wallagrass/
monmouthme.govoffice2.com,Monmouth,Monmouth,ME,City,Q3450325,http://www.monmouthme.govoffice2.com/
sidneymaine.org,Sidney,Sidney,ME,City,Q3450385,https://www.sidneymaine.org/
townofboothbay.org,Boothbay,Boothbay,ME,City,Q3450437,http://www.townofboothbay.org/
townofwaldo.com,Waldo,Waldo,ME,City,Q3450460,http://www.townofwaldo.com/
townofbuckfield.com,Buckfield,Buckfield,ME,City,Q3450596,http://www.townofbuckfield.com/
easton.me.us,Easton,Easton,ME,City,Q3450654,http://www.easton.me.us/
cambridgemaine.com,Cambridge,Cambridge,ME,City,Q3450679,http://cambridgemaine.com
turnermaine.com,Turner,Turner,ME,City,Q3451014,http://www.turnermaine.com/
bowdoinham.com,Bowdoinham,Bowdoinham,ME,City,Q3451533,http://www.bowdoinham.com/
fairfaxoh.com,Fairfax,Fairfax,OH,City,Q2489074,https://fairfaxoh.com/
visitgenevaonthelake.com,Geneva-on-the-Lake,Geneva-on-the-Lake,OH,City,Q2496958,http://www.visitgenevaonthelake.com
villageofarcadia.com,Arcadia,Arcadia,OH,City,Q2499360,http://www.villageofarcadia.com/
columbusgrove.org,Columbus Grove,Columbus Grove,OH,City,Q2501955,http://www.columbusgrove.org/
peeblesohio.us,Peebles,Peebles,OH,City,Q2516748,http://peeblesohio.us/
versaillesohio.cc,Versailles,Versailles,OH,City,Q2538368,http://www.versaillesohio.cc/
holidaycityohio.org,Holiday City,Holiday City,OH,City,Q2548169,http://www.holidaycityohio.org/
villageofpib.com,Put-in-Bay,Put-in-Bay,OH,City,Q2561935,http://villageofpib.com/
woodmerevillage.com,Woodmere,Woodmere,OH,City,Q2598722,http://www.woodmerevillage.com/
frazeysburg.us,Frazeysburg,Frazeysburg,OH,City,Q2608161,http://www.frazeysburg.us
wintersville.net,Wintersville,Wintersville,OH,City,Q2611964,http://www.wintersville.net/index2.htm
vhhohio.org,Highland Hills,Highland Hills,OH,City,Q2614240,http://www.vhhohio.org/
stparisohio.org,St. Paris,St. Paris,OH,City,Q2622241,http://www.stparisohio.org
andovervillage.com,Andover,Andover,OH,City,Q2646414,http://www.andovervillage.com/
villageofburbankohio.com,Burbank,Burbank,OH,City,Q2652849,http://villageofburbankohio.com/
luckeyohio.org,Luckey,Luckey,OH,City,Q2653457,http://luckeyohio.org/
centerburgoh.org,Centerburg,Centerburg,OH,City,Q2666466,http://www.centerburgoh.org/
johnstownohio.org,Johnstown,Johnstown,OH,City,Q2666471,http://www.johnstownohio.org/
careyohio.org,Carey,Carey,OH,City,Q2666477,http://www.careyohio.org/
huntsvilleohio.com,Huntsville,Huntsville,OH,City,Q2666493,http://huntsvilleohio.com/
villageofbentleyville.com,Bentleyville,Bentleyville,OH,City,Q2666744,https://villageofbentleyville.com/
malta.20m.com,Malta,Malta,OH,City,Q2666766,http://www.malta.20m.com/
enonohio.com,Enon,Enon,OH,City,Q2666913,http://www.enonohio.com/
villageofripley.com,Ripley,Ripley,OH,City,Q2666983,http://villageofripley.com/
villageofdalton.us,Dalton,Dalton,OH,City,Q2666988,https://www.villageofdalton.us/
edgerton-ohio.com,Edgerton,Edgerton,OH,City,Q2666993,http://www.edgerton-ohio.com/
fredericktownohio.net,Fredericktown,Fredericktown,OH,City,Q2666999,http://www.fredericktownohio.net
manchesterohio.org,Manchester,Manchester,OH,City,Q2668469,http://www.manchesterohio.org/
thevillageofsmithville.com,Smithville,Smithville,OH,City,Q2668548,https://thevillageofsmithville.com/
rockfordohio.org,Rockford,Rockford,OH,City,Q2668552,http://www.rockfordohio.org/
villageofsilverlake.com,Silver Lake,Silver Lake,OH,City,Q2668635,http://www.villageofsilverlake.com
villageofsugarcreek.com,Sugarcreek,Sugarcreek,OH,City,Q2668651,http://www.villageofsugarcreek.com/
northbendohio.org,North Bend,North Bend,OH,City,Q2668659,http://www.northbendohio.org/
vil.morrow.oh.us,Morrow,Morrow,OH,City,Q2668678,http://www.vil.morrow.oh.us/
westsalemvillage.com,West Salem,West Salem,OH,City,Q2018675,http://westsalemvillage.com/
williamsburgohio.org,Williamsburg,Williamsburg,OH,City,Q2031259,http://www.williamsburgohio.org/
doylestown.com,Doylestown,Doylestown,OH,City,Q2035196,http://www.doylestown.com/
westunity.org,West Unity,West Unity,OH,City,Q2048505,http://www.westunity.org/
villageofbostonheights.com,Boston Heights,Boston Heights,OH,City,Q2056836,http://www.villageofbostonheights.com/
mywestliberty.com,West Liberty,West Liberty,OH,City,Q2062869,http://www.mywestliberty.com/
reminderville.com,Reminderville,Reminderville,OH,City,Q2072096,http://www.reminderville.com/
lakemoreohio.org,Lakemore,Lakemore,OH,City,Q2083346,http://www.lakemoreohio.org
villageofgambier.org,Gambier,Gambier,OH,City,Q2093658,http://www.villageofgambier.org/
mantuavillage.com,Mantua,Mantua,OH,City,Q2131270,https://mantuavillage.com
jeromesville.org,Jeromesville,Jeromesville,OH,City,Q2144296,http://www.jeromesville.org/
villageofmarshallville.org,Marshallville,Marshallville,OH,City,Q2160973,http://www.villageofmarshallville.org
lakeviewohio.com,Lakeview,Lakeview,OH,City,Q2162101,http://lakeviewohio.com
villageofhicksville.com,Hicksville,Hicksville,OH,City,Q2165400,http://www.villageofhicksville.com/
villageofdelta.org,Delta,Delta,OH,City,Q2173847,http://www.villageofdelta.org
oakwoodvillageoh.com,Oakwood,Oakwood,OH,City,Q2184774,http://www.oakwoodvillageoh.com/
pleasanthillohio.com,Pleasant Hill,Pleasant Hill,OH,City,Q2190567,http://www.pleasanthillohio.com
lagrangeohio.net,LaGrange,LaGrange,OH,City,Q2191469,http://lagrangeohio.net
shreveohio.com,Shreve,Shreve,OH,City,Q2203942,https://www.shreveohio.com/
danvilleohio.org,Danville,Danville,OH,City,Q2216280,http://www.danvilleohio.org
walexpreb.org,West Alexandria,West Alexandria,OH,City,Q2218011,http://www.walexpreb.org/
hopedaleohio.com,Hopedale,Hopedale,OH,City,Q2224953,http://www.hopedaleohio.com/
monroevilleohio.com,Monroeville,Monroeville,OH,City,Q2226047,http://www.monroevilleohio.com/
windhamvillage.com,Windham,Windham,OH,City,Q2242395,http://www.windhamvillage.com
sugarbushknollsohio.org,Sugar Bush Knolls,Sugar Bush Knolls,OH,City,Q2249450,http://sugarbushknollsohio.org/
jamesislandsc.us,James Island,James Island,SC,City,Q6136614,http://jamesislandsc.us/
mexicomaine.net,Mexico,Mexico,ME,City,Q3710682,http://www.mexicomaine.net
townofhardwick.com,Hardwick,Hardwick,MA,City,Q3783358,http://www.townofhardwick.com/
lunenburgonline.com,Lunenburg,Lunenburg,MA,City,Q3840692,http://www.lunenburgonline.com/
town.northborough.ma.us,Northborough,Northborough,MA,City,Q3878560,https://www.town.northborough.ma.us/
northbridgemass.org,Northbridge,Northbridge,MA,City,Q3878561,http://www.northbridgemass.org/
town.princeton.ma.us,Princeton,Princeton,MA,City,Q3921977,http://town.princeton.ma.us/
town.sturbridge.ma.us,Sturbridge,Sturbridge,MA,City,Q3976365,http://www.town.sturbridge.ma.us/
windsormass.com,Windsor,Windsor,MA,City,Q4020379,http://windsormass.com
northriverside-il.org,North Riverside,North Riverside,IL,City,Q2666482,https://www.northriverside-il.org/
villageofnorridge.com,Norridge,Norridge,IL,City,Q2666488,http://www.villageofnorridge.com/
ursavillage.org,Ursa,Ursa,IL,City,Q2666711,http://ursavillage.org/
wsprings.com,Western Springs,Western Springs,IL,City,Q2666737,http://www.wsprings.com/
villageofgrayslake.com,Grayslake,Grayslake,IL,City,Q2666920,http://www.villageofgrayslake.com/
villageofalsip.org,Alsip,Alsip,IL,City,Q2668403,http://villageofalsip.org/wp/
eastdundee.net,East Dundee,East Dundee,IL,City,Q2668415,http://eastdundee.net
villageofdeerpark.com,Deer Park,Deer Park,IL,City,Q2668419,http://www.villageofdeerpark.com/
villageoflansing.org,Lansing,Lansing,IL,City,Q2668483,http://villageoflansing.org/
villageofsteger.org,Steger,Steger,IL,City,Q2668495,http://www.villageofsteger.org/
southchicagoheights.com,South Chicago Heights,South Chicago Heights,IL,City,Q2668863,http://www.southchicagoheights.com/
newlenox.net,New Lenox,New Lenox,IL,City,Q2668887,http://www.newlenox.net/
villageofriverdale.org,Riverdale,Riverdale,IL,City,Q2668893,http://www.villageofriverdale.org/
vil.maryville.il.us,Maryville,Maryville,IL,City,Q2669251,http://www.vil.maryville.il.us/
roxana-il.org,Roxana,Roxana,IL,City,Q2670479,http://www.roxana-il.org/
villageofbeachpark.com,Beach Park,Beach Park,IL,City,Q2671206,http://www.villageofbeachpark.com
berkeley.il.us,Berkeley,Berkeley,IL,City,Q2671225,http://www.berkeley.il.us/
villageoffranklinpark.com,Franklin Park,Franklin Park,IL,City,Q2671244,http://www.villageoffranklinpark.com/
itasca.com,Itasca,Itasca,IL,City,Q2671295,http://www.itasca.com/
villageofroscoe.com,Roscoe,Roscoe,IL,City,Q139639,http://www.villageofroscoe.com
maywood-il.org,Maywood,Maywood,IL,City,Q165247,https://www.maywood-il.org/
carolstream.org,Carol Stream,Carol Stream,IL,City,Q195144,http://www.carolstream.org/
villageofbloomingdale.org,Bloomingdale,Bloomingdale,IL,City,Q212086,https://www.villageofbloomingdale.org/
bensenville.il.us,Bensenville,Bensenville,IL,City,Q277017,https://www.bensenville.il.us/
vil.bellwood.il.us,Bellwood,Bellwood,IL,City,Q277068,http://www.vil.bellwood.il.us/
village.bartlett.il.us,Bartlett,Bartlett,IL,City,Q287459,http://www.village.bartlett.il.us/
waukeganweb.net,Deerfield,Deerfield,IL,City,Q287895,http://www.waukeganweb.net/
algonquin.org,Algonquin,Algonquin,IL,City,Q328446,https://www.algonquin.org/
elkgrove.com,Elk Grove Village,Elk Grove Village,IL,City,Q328455,http://www.elkgrove.com/
oak-park.us,Oak Park,Oak Park,IL,City,Q331397,http://www.oak-park.us/
bethalto.com,Bethalto,Bethalto,IL,City,Q383168,https://bethalto.com/
village.savoy.il.us,Savoy,Savoy,IL,City,Q389382,http://www.village.savoy.il.us/
evergreenpark-ill.com,Evergreen Park,Evergreen Park,IL,City,Q391071,http://evergreenpark-ill.com/
hanoverparkillinois.org,Hanover Park,Hanover Park,IL,City,Q391077,http://hanoverparkillinois.org/
villageoflombard.org,Lombard,Lombard,IL,City,Q404610,http://www.villageoflombard.org/
southholland.org,South Holland,South Holland,IL,City,Q404614,https://www.southholland.org/
lovingtonil.com,Lovington,Lovington,IL,City,Q541733,http://www.lovingtonil.com/
durand-il.com,Durand,Durand,IL,City,Q569966,http://www.durand-il.com
northbrook.il.us,Northbrook,Northbrook,IL,City,Q570986,http://www.northbrook.il.us/
wilmette.com,Wilmette,Wilmette,IL,City,Q578301,https://www.wilmette.com/
tremontil.com,Tremont,Tremont,IL,City,Q579320,https://www.tremontil.com/
westchester-il.org,Westchester,Westchester,IL,City,Q595299,http://www.westchester-il.org/
villageofhamel.com,Hamel,Hamel,IL,City,Q599438,http://www.villageofhamel.com
lynwoodil.us,Lynwood,Lynwood,IL,City,Q600928,http://www.lynwoodil.us/
vniles.com,Niles,Niles,IL,City,Q601166,http://www.vniles.com/
royaltonillinois.com,Royalton,Royalton,IL,City,Q607578,http://www.royaltonillinois.com
oakwoodhills.org,Oakwood Hills,Oakwood Hills,IL,City,Q635855,https://www.oakwoodhills.org
villageofkenilworth.org,Kenilworth,Kenilworth,IL,City,Q640701,http://www.villageofkenilworth.org/
poplargroveonline.us,Poplar Grove,Poplar Grove,IL,City,Q663058,http://www.poplargroveonline.us/
ogdenil.com,Ogden,Ogden,IL,City,Q749419,http://www.ogdenil.com/
villageofrivergrove.org,River Grove,River Grove,IL,City,Q783421,http://villageofrivergrove.org/index.html
ci.barrington.il.us,Barrington,Barrington,IL,City,Q808937,http://www.ci.barrington.il.us
villageofbridgeview.com,Bridgeview,Bridgeview,IL,City,Q913915,http://villageofbridgeview.com/
thevillageofshilohohio.vpweb.com,Shiloh,Shiloh,OH,City,Q3826248,http://thevillageofshilohohio.vpweb.com/Home.html
eastcantonvillage.com,East Canton,East Canton,OH,City,Q2668722,http://eastcantonvillage.com/
fortloramie.com,Fort Loramie,Fort Loramie,OH,City,Q2668736,http://www.fortloramie.com/
deshlerohiochamber.com,Deshler,Deshler,OH,City,Q2668753,http://www.deshlerohiochamber.com/
cuyahogaheights.com,Cuyahoga Heights,Cuyahoga Heights,OH,City,Q2668758,http://www.cuyahogaheights.com/
villageofconvoy.com,Convoy,Convoy,OH,City,Q2668820,http://www.villageofconvoy.com/
villageofarcanum.com,Arcanum,Arcanum,OH,City,Q2668825,http://villageofarcanum.com/
antwerpohio.com,Antwerp,Antwerp,OH,City,Q2668866,http://www.antwerpohio.com/
beaverdamoh.com,Beaverdam,Beaverdam,OH,City,Q2668884,http://www.beaverdamoh.com
morelandhills.com,Moreland Hills,Moreland Hills,OH,City,Q2668987,http://www.morelandhills.com/
villageofmoscow.org,Moscow,Moscow,OH,City,Q2670838,https://www.villageofmoscow.org/
oakhillvillage.net,Oak Hill,Oak Hill,OH,City,Q2672467,http://www.oakhillvillage.net
villageofmendon.com,Mendon,Mendon,OH,City,Q2672473,http://villageofmendon.com
explorepeninsula.com,Peninsula,Peninsula,OH,City,Q2672552,http://www.explorepeninsula.com
villageofottoville.org,Ottoville,Ottoville,OH,City,Q2672557,http://www.villageofottoville.org/
stockportohio.weebly.com,Stockport,Stockport,OH,City,Q2673100,http://stockportohio.weebly.com/
venedocia.org,Venedocia,Venedocia,OH,City,Q2673499,http://www.venedocia.org/
westlafayettevillage.com,West Lafayette,West Lafayette,OH,City,Q2674149,http://www.westlafayettevillage.com/
walbridgeohio.org,Walbridge,Walbridge,OH,City,Q2674154,http://www.walbridgeohio.org/index.asp?id=1
woodstockohio.org,Woodstock,Woodstock,OH,City,Q2674160,http://www.woodstockohio.org
villageofutica.com,Utica,Utica,OH,City,Q2674175,http://www.villageofutica.com/
westunionoh.net,West Union,West Union,OH,City,Q2718223,https://www.westunionoh.net/
crestonvillage.org,Creston,Creston,OH,City,Q2775502,https://crestonvillage.org
hopkinspark-il.gov,Hopkins Park,Hopkins Park,IL,City,Q1835899,http://www.hopkinspark-il.gov
villageoflyons-il.net,Lyons,Lyons,IL,City,Q1857424,http://www.villageoflyons-il.net/
invillapark.com,Villa Park,Villa Park,IL,City,Q1863204,http://www.invillapark.com/
villageofwestville.com,Westville,Westville,IL,City,Q1874241,http://www.villageofwestville.com/
arthuril.com,Arthur,Arthur,IL,City,Q1876997,http://www.arthuril.com/
villageofbartonville-il.com,Bartonville,Bartonville,IL,City,Q1881588,https://villageofbartonville-il.com/
villageofburnhamil.com,Burnham,Burnham,IL,City,Q1885602,http://villageofburnhamil.com
chathamil.net,Chatham,Chatham,IL,City,Q1916590,https://www.chathamil.net/
richmondil.com,Richmond,Richmond,IL,City,Q1916748,http://www.richmondil.com/
villageofmaplepark.com,Maple Park,Maple Park,IL,City,Q1920931,http://www.villageofmaplepark.com
oswegoil.org,Oswego,Oswego,IL,City,Q1923761,https://www.oswegoil.org/
ashlandil.com,Ashland,Ashland,IL,City,Q1924198,https://www.ashlandil.com/
valmeyerillinois.com,Valmeyer,Valmeyer,IL,City,Q1936540,http://www.valmeyerillinois.com/
vil.somonauk.il.us,Somonauk,Somonauk,IL,City,Q1944217,https://www.vil.somonauk.il.us/
newathens.us,New Athens,New Athens,IL,City,Q1958857,http://www.newathens.us/
vosp.us,Stone Park,Stone Park,IL,City,Q1970830,http://www.vosp.us/
villageofworth.com,Worth,Worth,IL,City,Q1972787,http://www.villageofworth.com/
vernonhills.org,Vernon Hills,Vernon Hills,IL,City,Q1973428,http://www.vernonhills.org
harwoodheights.org,Harwood Heights,Harwood Heights,IL,City,Q1976009,http://www.harwoodheights.org/
lake-villa.org,Lake Villa,Lake Villa,IL,City,Q1989579,http://www.lake-villa.org/
villageofmatteson.org,Matteson,Matteson,IL,City,Q1998830,http://www.villageofmatteson.org/
saukvillage.org,Sauk Village,Sauk Village,IL,City,Q2023995,http://www.saukvillage.org/
lincolnwoodil.org,Lincolnwood,Lincolnwood,IL,City,Q2025535,http://www.lincolnwoodil.org
villageofbullvalley.org,Bull Valley,Bull Valley,IL,City,Q2032266,http://villageofbullvalley.org/
poundva.com,Pound,Pound,VA,City,Q1373766,http://www.poundva.com/
marionva.org,Marion,Marion,VA,City,Q1373794,https://www.marionva.org/
tappahannock.va.org,Tappahannock,Tappahannock,VA,City,Q1373810,http://www.tappahannock.va.org/
southboston.com,South Boston,South Boston,VA,City,Q1373937,http://www.southboston.com/
townofluray.com,Luray,Luray,VA,City,Q1373971,https://www.townofluray.com/
honakerva.com,Honaker,Honaker,VA,City,Q1374035,http://www.honakerva.com
cliftonva.us,Clifton,Clifton,VA,City,Q1374067,http://cliftonva.us/
scottsville.org,Scottsville,Scottsville,VA,City,Q1375176,http://www.scottsville.org
townofappalachiava.us,Appalachia,Appalachia,VA,City,Q1375253,https://www.townofappalachiava.us/
glasgowvirginia.org,Glasgow,Glasgow,VA,City,Q1376339,http://www.glasgowvirginia.org/
courtlandvirginia.com,Courtland,Courtland,VA,City,Q1376759,http://www.courtlandvirginia.com/
purcellvilleva.com,Purcellville,Purcellville,VA,City,Q1376808,http://www.purcellvilleva.com/
hillsville.com,Hillsville,Hillsville,VA,City,Q1377006,http://www.hillsville.com
townofdungannon.com,Dungannon,Dungannon,VA,City,Q383910,http://www.townofdungannon.com/
townofhaymarket.org,Haymarket,Haymarket,VA,City,Q685489,http://www.townofhaymarket.org/
townofblackstoneva.com,Blackstone,Blackstone,VA,City,Q1373412,http://www.townofblackstoneva.com
townofrichland.com,Richland,Richland,IN,City,Q7330613,https://townofrichland.com/
town-of-interlaken.com,Interlaken,Interlaken,UT,City,Q30626276,https://www.town-of-interlaken.com
fh.az.gov,Fountain Hills,Fountain Hills,AZ,City,Q31820343,http://www.fh.az.gov/
dawson.illinois.gov,Dawson,Dawson,IL,City,Q922394,http://dawson.illinois.gov/
hopedale.net,Hopedale,Hopedale,IL,City,Q932830,http://www.hopedale.net/
vi.wheeling.il.us,Wheeling,Wheeling,IL,City,Q935043,http://www.vi.wheeling.il.us/
oak-brook.org,Oak Brook,Oak Brook,IL,City,Q935479,http://www.oak-brook.org/
villageofhinsdale.org,Hinsdale,Hinsdale,IL,City,Q939529,http://www.villageofhinsdale.org/
palospark.org,Palos Park,Palos Park,IL,City,Q947915,http://www.palospark.org/
villageofparkforest.net,Park Forest,Park Forest,IL,City,Q949596,http://www.villageofparkforest.net
vbg.org,Buffalo Grove,Buffalo Grove,IL,City,Q967086,https://www.vbg.org/
villageoflagrange.com,La Grange,La Grange,IL,City,Q968621,http://www.villageoflagrange.com/
harristownil.us,Harristown,Harristown,IL,City,Q980911,https://harristownil.us/
skokie.org,Skokie,Skokie,IL,City,Q985536,http://skokie.org/
ci.schaumburg.il.us,Schaumburg,Schaumburg,IL,City,Q988162,http://www.ci.schaumburg.il.us/
mountprospect.org,Mount Prospect,Mount Prospect,IL,City,Q995793,https://www.mountprospect.org/
vah.com,Arlington Heights,Arlington Heights,IL,City,Q997132,https://www.vah.com/
palatine.il.us,Palatine,Palatine,IL,City,Q998726,http://www.palatine.il.us/
downers.us,Downers Grove,Downers Grove,IL,City,Q1007011,http://www.downers.us/
hoffmanestates.org,Hoffman Estates,Hoffman Estates,IL,City,Q1012388,http://www.hoffmanestates.org/
romeoville.org,Romeoville,Romeoville,IL,City,Q1012403,http://www.romeoville.org
machesneypark.org,Machesney Park,Machesney Park,IL,City,Q1013494,http://machesneypark.org/
northfieldil.org,Northfield,Northfield,IL,City,Q1014178,http://www.northfieldil.org/
villageofwinnetka.org,Winnetka,Winnetka,IL,City,Q1016595,https://www.villageofwinnetka.org/
vil.woodridge.il.us,Woodridge,Woodridge,IL,City,Q1020589,http://www.vil.woodridge.il.us/
cherryvalley.org,Cherry Valley,Cherry Valley,IL,City,Q1020605,http://www.cherryvalley.org/homeframe.htm
melrosepark.org,Melrose Park,Melrose Park,IL,City,Q1020714,http://www.melrosepark.org/
villageoflisle.org,Lisle,Lisle,IL,City,Q1023953,https://www.villageoflisle.org/
myrantoul.com,Rantoul,Rantoul,IL,City,Q1025637,http://www.myrantoul.com/
villageofcaledonia.com,Caledonia,Caledonia,IL,City,Q1112046,http://www.villageofcaledonia.com
rosemont.com,Rosemont,Rosemont,IL,City,Q1191401,http://www.rosemont.com/
villageofelwood.com,Elwood,Elwood,IL,City,Q1334394,http://www.villageofelwood.com/
glen-carbon.il.us,Glen Carbon,Glen Carbon,IL,City,Q1375820,http://www.glen-carbon.il.us/
streamwood.org,Streamwood,Streamwood,IL,City,Q1446379,http://www.streamwood.org/
glenellyn.org,Glen Ellyn,Glen Ellyn,IL,City,Q1530761,http://www.glenellyn.org/
glenview.il.us,Glenview,Glenview,IL,City,Q1531184,http://www.glenview.il.us/
lemont.il.us,Lemont,Lemont,IL,City,Q1589523,http://lemont.il.us/
mortongroveil.org,Morton Grove,Morton Grove,IL,City,Q1641893,http://www.mortongroveil.org/
shilohil.org,Shiloh,Shiloh,IL,City,Q1641918,http://www.shilohil.org/
tinleypark.org,Tinley Park,Tinley Park,IL,City,Q1761214,http://www.tinleypark.org/
villageoflena.com,Lena,Lena,IL,City,Q1778940,http://www.villageoflena.com/
winslow-illinois.com,Winslow,Winslow,IL,City,Q1786794,http://www.winslow-illinois.com/
libertyville.com,Libertyville,Libertyville,IL,City,Q1787181,http://www.libertyville.com/
villageoflouisvilleil.com,Louisville,Louisville,IL,City,Q1787261,http://villageoflouisvilleil.com
lakebluff.org,Lake Bluff,Lake Bluff,IL,City,Q1800874,https://www.lakebluff.org/
southbarrington.org,South Barrington,South Barrington,IL,City,Q1805309,http://www.southbarrington.org/
villageofcrestwood.org,Crestwood,Crestwood,IL,City,Q1807599,http://www.villageofcrestwood.org/
westmont.il.gov,Westmont,Westmont,IL,City,Q1812554,http://www.westmont.il.gov/
mundelein.org,Mundelein,Mundelein,IL,City,Q1812582,http://www.mundelein.org
chicagoridge.org,Chicago Ridge,Chicago Ridge,IL,City,Q1827599,http://chicagoridge.org/
springgrovevillage.com,Spring Grove,Spring Grove,IL,City,Q1829014,http://www.springgrovevillage.com/
tolonoil.us,Tolono,Tolono,IL,City,Q2671721,http://tolonoil.us/
illiopolis.illinois.gov,Illiopolis,Illiopolis,IL,City,Q2671777,http://illiopolis.illinois.gov
cliftonillinois.com,Clifton,Clifton,IL,City,Q2671816,https://www.cliftonillinois.com
odinishome.com,Odin,Odin,IL,City,Q2671837,http://www.odinishome.com/
villageoflilylake.org,Lily Lake,Lily Lake,IL,City,Q2671864,https://www.villageoflilylake.org/
villageoforangeville.com,Orangeville,Orangeville,IL,City,Q2671866,http://villageoforangeville.com/
villageofrossville.org,Rossville,Rossville,IL,City,Q2671893,https://www.villageofrossville.org/
kansasillinois.com,Kansas,Kansas,IL,City,Q2671926,https://kansasillinois.com/
thevillageofwhitecity.com,White City,White City,IL,City,Q2671971,http://thevillageofwhitecity.com/
villageofwinnebago.com,Winnebago,Winnebago,IL,City,Q2671996,http://www.villageofwinnebago.com/
scalesmound.com,Scales Mound,Scales Mound,IL,City,Q2672125,https://scalesmound.com/
hanover-il.com,Hanover,Hanover,IL,City,Q2672128,http://www.hanover-il.com/
woodsonillinois.net,Woodson,Woodson,IL,City,Q2672153,http://woodsonillinois.net/
villageofsheridan.org,Sheridan,Sheridan,IL,City,Q2672186,http://www.villageofsheridan.org
foxrivergrove.org,Fox River Grove,Fox River Grove,IL,City,Q2672194,https://www.foxrivergrove.org/
villageofforestview.com,Forest View,Forest View,IL,City,Q2672248,http://villageofforestview.com/
elsah.org,Elsah,Elsah,IL,City,Q2034014,http://www.elsah.org/
villageofroundlakebeach.com,Round Lake Beach,Round Lake Beach,IL,City,Q2049990,http://www.villageofroundlakebeach.com/
sleepyhollowil.org,Sleepy Hollow,Sleepy Hollow,IL,City,Q2050423,https://www.sleepyhollowil.org/
villageofgolf.us,Golf,Golf,IL,City,Q2054459,http://www.villageofgolf.us/
freeburg.com,Freeburg,Freeburg,IL,City,Q2070046,http://www.freeburg.com
villageofmccook.org,McCook,McCook,IL,City,Q2072076,http://www.villageofmccook.org/
brocton.org,Brocton,Brocton,IL,City,Q2077348,https://www.brocton.org/
villageofstickney.com,Stickney,Stickney,IL,City,Q2081638,http://www.villageofstickney.com/
riverton.illinois.gov,Riverton,Riverton,IL,City,Q2100595,http://riverton.illinois.gov/Home/
villageofvolo.com,Volo,Volo,IL,City,Q2102240,http://www.villageofvolo.com
villageofbourbonnais.com,Bourbonnais,Bourbonnais,IL,City,Q2110162,https://www.villageofbourbonnais.com
vil.mark.il.us,Mark,Mark,IL,City,Q2115506,http://www.vil.mark.il.us/
villageofdixmoor.org,Dixmoor,Dixmoor,IL,City,Q2124225,http://www.villageofdixmoor.org/
ci.montgomery.il.us,Montgomery,Montgomery,IL,City,Q2127297,http://ci.montgomery.il.us/
village.homewood.il.us,Homewood,Homewood,IL,City,Q2134249,http://www.village.homewood.il.us/
villageofphoenix.org,Phoenix,Phoenix,IL,City,Q2146681,http://www.villageofphoenix.org/
richtonpark.org,Richton Park,Richton Park,IL,City,Q2148211,http://www.richtonpark.org/
villageofhebron.org,Hebron,Hebron,IL,City,Q2155823,http://www.villageofhebron.org
villageofmanito.com,Manito,Manito,IL,City,Q2180129,http://www.villageofmanito.com/
villageofoblong.com,Oblong,Oblong,IL,City,Q2180935,http://www.villageofoblong.com/
franklingrove.org,Franklin Grove,Franklin Grove,IL,City,Q2181228,http://www.franklingrove.org/
nobleillinois.com,Noble,Noble,IL,City,Q2189326,http://www.nobleillinois.com/
villageofcapron.com,Capron,Capron,IL,City,Q2190269,http://www.villageofcapron.com/
pawpawil.org,Paw Paw,Paw Paw,IL,City,Q2225657,http://pawpawil.org/
villageofschillerpark.com,Schiller Park,Schiller Park,IL,City,Q2229136,http://www.villageofschillerpark.com/
myweb.cebridge.net,Bethany,Bethany,IL,City,Q2230049,http://myweb.cebridge.net/bethmayr/
grantpark-il.org,Grant Park,Grant Park,IL,City,Q2243984,http://www.grantpark-il.org
oldmillcreekil.govoffice3.com,Old Mill Creek,Old Mill Creek,IL,City,Q2244926,https://oldmillcreekil.govoffice3.com/
huntley.il.us,Huntley,Huntley,IL,City,Q2255383,http://www.huntley.il.us/default.asp
prairiegrove.org,Prairie Grove,Prairie Grove,IL,City,Q2257106,https://www.prairiegrove.org/
flossmoor.org,Flossmoor,Flossmoor,IL,City,Q2265697,http://flossmoor.org/
caryillinois.com,Cary,Cary,IL,City,Q2282347,http://www.caryillinois.com/
merrionettepark.org,Merrionette Park,Merrionette Park,IL,City,Q2284534,http://www.merrionettepark.org/
portbarrington.net,Port Barrington,Port Barrington,IL,City,Q2287122,http://www.portbarrington.net/
villageofvirgil.com,Virgil,Virgil,IL,City,Q2294718,http://www.villageofvirgil.com/
tiltonil.com,Tilton,Tilton,IL,City,Q2304097,http://www.tiltonil.com/
thornton60476.com,Thornton,Thornton,IL,City,Q2308438,http://www.thornton60476.com/
vil.shorewood.il.us,Shorewood,Shorewood,IL,City,Q2308441,http://vil.shorewood.il.us/
villageoftimberlane.org,Timberlane,Timberlane,IL,City,Q2319006,http://villageoftimberlane.org/
dwightillinois.org,Dwight,Dwight,IL,City,Q2338703,http://www.dwightillinois.org
rocktonvillage.com,Rockton,Rockton,IL,City,Q2339403,http://www.rocktonvillage.com/
camargoinfo.com,Camargo,Camargo,IL,City,Q2343434,http://camargoinfo.com
vil.ladd.il.us,Ladd,Ladd,IL,City,Q2348362,http://www.vil.ladd.il.us/
villageofglenwood.com,Glenwood,Glenwood,IL,City,Q2349434,http://villageofglenwood.com/
lagrangepark.org,La Grange Park,La Grange Park,IL,City,Q2358179,http://www.lagrangepark.org/
mokena.org,Mokena,Mokena,IL,City,Q2359062,http://www.mokena.org/
robbins-il.com,Robbins,Robbins,IL,City,Q2361139,http://www.robbins-il.com
villageoffrankfort.com,Frankfort,Frankfort,IL,City,Q2384761,http://www.villageoffrankfort.com/
village.lakewood.il.us,Lakewood,Lakewood,IL,City,Q2385521,http://www.village.lakewood.il.us/
sanjoseil.com,San Jose,San Jose,IL,City,Q2391712,https://www.sanjoseil.com/
villageofransom.com,Ransom,Ransom,IL,City,Q2396251,http://www.villageofransom.com
university-park-il.com,University Park,University Park,IL,City,Q2398096,http://university-park-il.com/
calumetparkvillage.org,Calumet Park,Calumet Park,IL,City,Q2398391,http://calumetparkvillage.org/
villageofkingston.org,Kingston,Kingston,IL,City,Q2411695,http://www.villageofkingston.org
villageofinverness.org,Inverness,Inverness,IL,City,Q2412154,http://www.villageofinverness.org/
willowbrookil.org,Willowbrook,Willowbrook,IL,City,Q2416692,http://www.willowbrookil.org/
subletteweb.com,Sublette,Sublette,IL,City,Q2423485,http://www.subletteweb.com/
villageofbedfordpark.com,Bedford Park,Bedford Park,IL,City,Q2428467,http://www.villageofbedfordpark.com/
olympia-fields.com,Olympia Fields,Olympia Fields,IL,City,Q2432178,http://www.olympia-fields.com/
villageofwaterman.com,Waterman,Waterman,IL,City,Q2438897,https://villageofwaterman.com/
coalcity-il.com,Coal City,Coal City,IL,City,Q2442973,http://www.coalcity-il.com/
villageofjustice.org,Justice,Justice,IL,City,Q2456850,https://www.villageofjustice.org/
riverside.il.us,Riverside,Riverside,IL,City,Q2462183,http://www.riverside.il.us/
villageofmcnabb.org,McNabb,McNabb,IL,City,Q2463766,http://www.villageofmcnabb.org/
milledgevilleil.net,Milledgeville,Milledgeville,IL,City,Q2475740,http://www.milledgevilleil.net/
villageofglencoe.org,Glencoe,Glencoe,IL,City,Q2482588,http://www.villageofglencoe.org/
villageofhodgkins.org,Hodgkins,Hodgkins,IL,City,Q2483006,http://www.villageofhodgkins.org
forestpark.net,Forest Park,Forest Park,IL,City,Q2483749,http://www.forestpark.net/
villageofwinfield.com,Winfield,Winfield,IL,City,Q2485575,https://www.villageofwinfield.com/
fisher.il.us,Fisher,Fisher,IL,City,Q2494526,http://www.fisher.il.us/
villageofmidlothian.net,Midlothian,Midlothian,IL,City,Q2500754,http://villageofmidlothian.net/
roselle.il.us,Roselle,Roselle,IL,City,Q2508487,https://www.roselle.il.us/
rochesteril.org,Rochester,Rochester,IL,City,Q2514320,http://www.rochesteril.org
manteno.govoffice.com,Manteno,Manteno,IL,City,Q2536706,http://manteno.govoffice.com
il-bradley.civicplus.com,Bradley,Bradley,IL,City,Q2548702,http://il-bradley.civicplus.com/
villageofposen.org,Posen,Posen,IL,City,Q2552416,http://www.villageofposen.org/
villageofessex.com,Essex,Essex,IL,City,Q2562545,http://villageofessex.com/
clarendonhills.us,Clarendon Hills,Clarendon Hills,IL,City,Q2574398,https://www.clarendonhills.us/
villageofcrete.org,Crete,Crete,IL,City,Q2575698,http://www.villageofcrete.org/
sunriverterrace.com,Sun River Terrace,Sun River Terrace,IL,City,Q2586212,http://www.sunriverterrace.com/home.html
winthropharbor.com,Winthrop Harbor,Winthrop Harbor,IL,City,Q2600649,http://www.winthropharbor.com/
villageofsidney.com,Sidney,Sidney,IL,City,Q2614398,http://villageofsidney.com/index.html
coulterville.org,Coulterville,Coulterville,IL,City,Q2617989,https://www.coulterville.org
villageofwayne.org,Wayne,Wayne,IL,City,Q2625806,http://www.villageofwayne.org/
villageofloda.com,Loda,Loda,IL,City,Q2629951,http://www.villageofloda.com
stewardsonil.com,Stewardson,Stewardson,IL,City,Q2633513,http://www.stewardsonil.com
antioch.il.gov,Antioch,Antioch,IL,City,Q520010,http://www.antioch.il.gov/
bolingbrook.com,Bolingbrook,Bolingbrook,IL,City,Q891359,http://www.bolingbrook.com
plainfield-il.org,Plainfield,Plainfield,IL,City,Q1012017,http://www.plainfield-il.org
pesotum.org,Pesotum,Pesotum,IL,City,Q2043546,https://pesotum.org/
newberlin.il.us,New Berlin,New Berlin,IL,City,Q2102828,http://newberlin.il.us
villageofgranville.org,Granville,Granville,IL,City,Q2393789,http://villageofgranville.org/
shannonillinois.com,Shannon,Shannon,IL,City,Q2672301,http://www.shannonillinois.com/
villageofmccullomlake.org,McCullom Lake,McCullom Lake,IL,City,Q2672330,http://www.villageofmccullomlake.org/
germantownhills.com,Germantown Hills,Germantown Hills,IL,City,Q2672339,http://www.germantownhills.com
villageofphilo.com,Philo,Philo,IL,City,Q2672392,http://villageofphilo.com/
villageofmalta.net,Malta,Malta,IL,City,Q2672411,http://villageofmalta.net/
villageofdeland.com,De Land,De Land,IL,City,Q2672422,http://www.villageofdeland.com
villageofpecatonica.com,Pecatonica,Pecatonica,IL,City,Q2672428,http://www.villageofpecatonica.com
thevillageofsummit.com,Summit,Summit,IL,City,Q2674024,http://www.thevillageofsummit.com/
hillside-il.org,Hillside,Hillside,IL,City,Q2674802,http://www.hillside-il.org/
minooka.com,Minooka,Minooka,IL,City,Q2742114,http://www.minooka.com/
villageofkaneville.com,Kaneville,Kaneville,IL,City,Q6362086,http://villageofkaneville.com/
ocgov.com,Orange County,Orange County,CA,City,Q5925,https://ocgov.com/
acgov.org,Alameda County,Alameda County,CA,City,Q107146,https://www.acgov.org/
main.sbcounty.gov,San Bernardino County,San Bernardino County,CA,City,Q108053,https://main.sbcounty.gov/
eldoradocounty.ca.gov,El Dorado County,El Dorado County,CA,City,Q108093,https://www.eldoradocounty.ca.gov/
smcgov.org,San Mateo County,San Mateo County,CA,City,Q108101,https://smcgov.org
tehama.gov,Tehama County,Tehama County,CA,City,Q109705,https://www.tehama.gov/
buttecounty.net,Butte County,Butte County,CA,City,Q156181,https://www.buttecounty.net/
placer.ca.gov,Placer County,Placer County,CA,City,Q156353,http://www.placer.ca.gov/
townofjohnstonri.com,Johnston,Johnston,RI,City,Q368233,http://townofjohnstonri.com
ci.barrington.ri.us,Barrington,Barrington,RI,City,Q641871,http://www.ci.barrington.ri.us
berkeleysprings.com,Berkeley Springs,Berkeley Springs,WV,City,Q778044,http://www.berkeleysprings.com/
jamestownri.net,Jamestown,Jamestown,RI,City,Q1378580,http://www.jamestownri.net
nsmithfieldri.org,North Smithfield,North Smithfield,RI,City,Q1816636,http://www.nsmithfieldri.org
northkingstown.org,North Kingstown,North Kingstown,RI,City,Q2000741,http://www.northkingstown.org
scituateri.org,Scituate,Scituate,RI,City,Q2462665,http://www.scituateri.org
townoflaplata.org,La Plata,La Plata,MD,City,Q286925,http://townoflaplata.org
townofprincessanne.com,Princess Anne,Princess Anne,MD,City,Q754512,http://www.townofprincessanne.com/
leonardtown.somd.com,Leonardtown,Leonardtown,MD,City,Q754573,http://leonardtown.somd.com
townofgardencity.com,Garden City,Garden City,CO,City,Q2073691,http://townofgardencity.com
townofchevychase.org,Chevy Chase,Chevy Chase,MD,City,Q5094454,https://www.townofchevychase.org/
ci.springfield.or.us,Springfield,Springfield,OR,City,Q40268,http://www.ci.springfield.or.us/
cityofclatskanie.com,Clatskanie,Clatskanie,OR,City,Q332856,http://cityofclatskanie.com
cityofjacksonvilleoregon.com,Jacksonville,Jacksonville,OR,City,Q335307,http://www.cityofjacksonvilleoregon.com
ci.troutdale.or.us,Troutdale,Troutdale,OR,City,Q426942,http://www.ci.troutdale.or.us/
astoria.or.us,Astoria,Astoria,OR,City,Q490724,https://www.astoria.or.us/
ci.gearhart.or.us,Gearhart,Gearhart,OR,City,Q526534,http://www.ci.gearhart.or.us/
ci.sisters.or.us,Sisters,Sisters,OR,City,Q532964,http://www.ci.sisters.or.us/
cityofantelope.us,Antelope,Antelope,OR,City,Q571771,http://cityofantelope.us/
ci.monroe.or.us,Monroe,Monroe,OR,City,Q576754,https://ci.monroe.or.us/
cityofmolalla.com,Molalla,Molalla,OR,City,Q588919,http://www.cityofmolalla.com/
cityofrainier.com,Rainier,Rainier,OR,City,Q594515,http://www.cityofrainier.com/
ci.hines.or.us,Hines,Hines,OR,City,Q606726,http://ci.hines.or.us
ci.dallas.or.us,Dallas,Dallas,OR,City,Q630985,http://www.ci.dallas.or.us/
ci.aurora.or.us,Aurora,Aurora,OR,City,Q657273,http://www.ci.aurora.or.us/
northbendcity.org,North Bend,North Bend,OR,City,Q669104,http://www.northbendcity.org/
cityofpilotrock.org,Pilot Rock,Pilot Rock,OR,City,Q769242,http://www.cityofpilotrock.org/
cityofhainesor.org,Haines,Haines,OR,City,Q783889,http://www.cityofhainesor.org/
ci.florence.or.us,Florence,Florence,OR,City,Q862740,http://www.ci.florence.or.us/
coosbay.org,Coos Bay,Coos Bay,OR,City,Q913266,http://www.coosbay.org/
ci.depoe-bay.or.us,Depoe Bay,Depoe Bay,OR,City,Q924884,http://www.ci.depoe-bay.or.us/
ci.manzanita.or.us,Manzanita,Manzanita,OR,City,Q927704,http://www.ci.manzanita.or.us/
ci.carlton.or.us,Carlton,Carlton,OR,City,Q932375,http://www.ci.carlton.or.us/
silverton.or.us,Silverton,Silverton,OR,City,Q947353,http://www.silverton.or.us
cityofmilwaukie.org,Milwaukie,Milwaukie,OR,City,Q968392,http://www.cityofmilwaukie.org/
cityofmyrtlecreek.com,Myrtle Creek,Myrtle Creek,OR,City,Q981114,http://cityofmyrtlecreek.com/
ci.oswego.or.us,Lake Oswego,Lake Oswego,OR,City,Q983805,https://www.ci.oswego.or.us/
ci.cannon-beach.or.us,Cannon Beach,Cannon Beach,OR,City,Q988747,http://www.ci.cannon-beach.or.us/
lincolncity.org,Lincoln City,Lincoln City,OR,City,Q988751,http://www.lincolncity.org/
cityofukiahoregon.com,Ukiah,Ukiah,OR,City,Q991224,http://www.cityofukiahoregon.com/
ci.garibaldi.or.us,Garibaldi,Garibaldi,OR,City,Q993548,https://ci.garibaldi.or.us/
ci.wood-village.or.us,Wood Village,Wood Village,OR,City,Q994939,http://www.ci.wood-village.or.us/
ci.sweet-home.or.us,Sweet Home,Sweet Home,OR,City,Q994957,http://www.ci.sweet-home.or.us/
cascade-locks.or.us,Cascade Locks,Cascade Locks,OR,City,Q1003672,https://www.cascade-locks.or.us
cityofyamhill.com,Yamhill,Yamhill,OR,City,Q1003826,http://www.cityofyamhill.com
cottagegrove.org,Cottage Grove,Cottage Grove,OR,City,Q1007028,http://www.cottagegrove.org/
ci.sutherlin.or.us,Sutherlin,Sutherlin,OR,City,Q1012351,http://www.ci.sutherlin.or.us
ci.lafayette.or.us,Lafayette,Lafayette,OR,City,Q1012371,http://www.ci.lafayette.or.us
cityofpaisley.net,Paisley,Paisley,OR,City,Q1022986,http://cityofpaisley.net/1801.html
cityofjohnday.com,John Day,John Day,OR,City,Q1282972,https://www.cityofjohnday.com/
brookings.or.us,Brookings,Brookings,OR,City,Q1630187,http://www.brookings.or.us/
ontariooregon.org,Ontario,Ontario,OR,City,Q1639059,http://www.ontariooregon.org/
ci.redmond.or.us,Redmond,Redmond,OR,City,Q1650600,http://www.ci.redmond.or.us
ci.monmouth.or.us,Monmouth,Monmouth,OR,City,Q1650626,http://www.ci.monmouth.or.us
ci.wilsonville.or.us,Wilsonville,Wilsonville,OR,City,Q1762801,http://www.ci.wilsonville.or.us/
ci.tualatin.or.us,Tualatin,Tualatin,OR,City,Q1762839,http://www.ci.tualatin.or.us/
keizer.org,Keizer,Keizer,OR,City,Q1762871,http://www.keizer.org/
ci.gladstone.or.us,Gladstone,Gladstone,OR,City,Q1778831,http://www.ci.gladstone.or.us
aumsville.us,Aumsville,Aumsville,OR,City,Q1780008,http://www.aumsville.us/
cityofturner.org,Turner,Turner,OR,City,Q1814306,http://www.cityofturner.org/
ci.cornelius.or.us,Cornelius,Cornelius,OR,City,Q1822776,http://www.ci.cornelius.or.us
ci.philomath.or.us,Philomath,Philomath,OR,City,Q1864767,http://www.ci.philomath.or.us
sodaville.org,Sodaville,Sodaville,OR,City,Q1912300,http://sodaville.org/
pps.net,Portland Public Schools,Portland Public Schools,OR,City,Q608234,https://www.pps.net
phoenixoregon.net,Phoenix,Phoenix,OR,City,Q1922043,http://www.phoenixoregon.net
hermiston.or.us,Hermiston,Hermiston,OR,City,Q1922555,http://hermiston.or.us/
ci.brownsville.or.us,Brownsville,Brownsville,OR,City,Q1925181,http://www.ci.brownsville.or.us/
cavejunctionoregon.us,Cave Junction,Cave Junction,OR,City,Q1928791,http://www.cavejunctionoregon.us
columbia-city.org,Columbia City,Columbia City,OR,City,Q1965608,http://www.columbia-city.org
city.jeffersonoregon.us,Jefferson,Jefferson,OR,City,Q1991020,http://city.jeffersonoregon.us
cityofhubbard.org,Hubbard,Hubbard,OR,City,Q1992774,http://www.cityofhubbard.org/
gervaisoregon.org,Gervais,Gervais,OR,City,Q1998340,http://www.gervaisoregon.org
ci.lebanon.or.us,Lebanon,Lebanon,OR,City,Q1998390,http://www.ci.lebanon.or.us/
ci.canby.or.us,Canby,Canby,OR,City,Q2005284,http://www.ci.canby.or.us/
cityofsublimity.org,Sublimity,Sublimity,OR,City,Q2019228,http://www.cityofsublimity.org
scottsmills.org,Scotts Mills,Scotts Mills,OR,City,Q2019248,http://scottsmills.org/
sprayoregon.us,Spray,Spray,OR,City,Q2050063,http://www.sprayoregon.us
yachatsoregon.org,Yachats,Yachats,OR,City,Q2066091,https://yachatsoregon.org
cityofbandon.org,Bandon,Bandon,OR,City,Q2088015,https://www.cityofbandon.org/
cityofbanks.org,Banks,Banks,OR,City,Q2088611,http://www.cityofbanks.org/
coburgoregon.org,Coburg,Coburg,OR,City,Q2104308,http://www.coburgoregon.org
cityoftalent.org,Talent,Talent,OR,City,Q2106770,http://www.cityoftalent.org
cityofsheridanor.com,Sheridan,Sheridan,OR,City,Q2107670,http://www.cityofsheridanor.com/
cityofirrigon.org,Irrigon,Irrigon,OR,City,Q2132394,http://cityofirrigon.org/
cityofarlingtonoregon.com,Arlington,Arlington,OR,City,Q2140579,http://www.cityofarlingtonoregon.com/
rockawaybeachor.us,Rockaway Beach,Rockaway Beach,OR,City,Q2142275,http://rockawaybeachor.us/
lexingtonoregon.com,Lexington,Lexington,OR,City,Q2156765,http://www.lexingtonoregon.com/
detroitoregon.us,Detroit,Detroit,OR,City,Q2187605,https://detroitoregon.us/
ci.creswell.or.us,Creswell,Creswell,OR,City,Q2213840,http://www.ci.creswell.or.us/
ci.warrenton.or.us,Warrenton,Warrenton,OR,City,Q2224043,http://www.ci.warrenton.or.us/
historicsumpter.com,Sumpter,Sumpter,OR,City,Q2227395,https://www.historicsumpter.com/
cityofsiletz.org,Siletz,Siletz,OR,City,Q2241347,http://www.cityofsiletz.org/
cityofhalsey.com,Halsey,Halsey,OR,City,Q2254254,http://www.cityofhalsey.com
ci.mt-angel.or.us,Mt. Angel,Mt. Angel,OR,City,Q2284035,http://www.ci.mt-angel.or.us/
ci.veneta.or.us,Veneta,Veneta,OR,City,Q2293763,http://www.ci.veneta.or.us
albany-millersburg.com,Millersburg,Millersburg,OR,City,Q2299671,http://www.albany-millersburg.com/millersburg.htm
cityoflakeside.org,Lakeside,Lakeside,OR,City,Q2317135,http://www.cityoflakeside.org/
echo-oregon.com,Echo,Echo,OR,City,Q2317450,http://www.echo-oregon.com
cityofioneoregon.com,Ione,Ione,OR,City,Q2332819,http://www.cityofioneoregon.com/
nyssacity.org,Nyssa,Nyssa,OR,City,Q2340646,http://www.nyssacity.org
mosiercommunity.com,Mosier,Mosier,OR,City,Q2343129,http://www.mosiercommunity.com/
ci.dayton.or.us,Dayton,Dayton,OR,City,Q2353881,http://www.ci.dayton.or.us/
cityoflostine.com,Lostine,Lostine,OR,City,Q2355783,https://www.cityoflostine.com/
imbleroregon.com,Imbler,Imbler,OR,City,Q2355800,http://www.imbleroregon.com
ci.independence.or.us,Independence,Independence,OR,City,Q2355924,http://www.ci.independence.or.us/
shaniko.com,Shaniko,Shaniko,OR,City,Q2358660,http://www.shaniko.com
ci.amity.or.us,Amity,Amity,OR,City,Q2368711,http://www.ci.amity.or.us/
ci.oakridge.or.us,Oakridge,Oakridge,OR,City,Q2369855,http://www.ci.oakridge.or.us/
cityofestacada.org,Estacada,Estacada,OR,City,Q2372438,http://www.cityofestacada.org
ci.nehalem.or.us,Nehalem,Nehalem,OR,City,Q2379768,http://ci.nehalem.or.us
cityofadamsoregon.com,Adams,Adams,OR,City,Q2388838,http://www.cityofadamsoregon.com/
cityoftoledo.org,Toledo,Toledo,OR,City,Q2400170,http://cityoftoledo.org
dundeecity.org,Dundee,Dundee,OR,City,Q2404258,http://www.dundeecity.org
ci.sandy.or.us,Sandy,Sandy,OR,City,Q2416599,https://www.ci.sandy.or.us/
townofbuttefalls.com,Butte Falls,Butte Falls,OR,City,Q2418192,https://www.townofbuttefalls.com/
ci.myrtlepoint.or.us,Myrtle Point,Myrtle Point,OR,City,Q2439257,https://www.ci.myrtlepoint.or.us/
cityofadairvillage.org,Adair Village,Adair Village,OR,City,Q2442053,http://www.cityofadairvillage.org/
ci.bay-city.or.us,Bay City,Bay City,OR,City,Q2453865,http://www.ci.bay-city.or.us
cityofgates.com,Gates,Gates,OR,City,Q2454715,https://www.cityofgates.com/
waldport.org,Waldport,Waldport,OR,City,Q2473921,http://waldport.org
northplains.org,North Plains,North Plains,OR,City,Q2478118,http://www.northplains.org/
wascooregon.com,Wasco,Wasco,OR,City,Q2483652,http://www.wascooregon.com
cityoflyons.org,Lyons,Lyons,OR,City,Q2484995,https://www.cityoflyons.org/
cityofmetolius.org,Metolius,Metolius,OR,City,Q2488751,https://www.cityofmetolius.org/
cityofunion.com,Union,Union,OR,City,Q2500566,http://www.cityofunion.com
westonoregon.com,Weston,Weston,OR,City,Q2503196,http://westonoregon.com/
cityofstanfield.com,Stanfield,Stanfield,OR,City,Q2521965,https://cityofstanfield.com/
cityofboardman.com,Boardman,Boardman,OR,City,Q2538323,http://www.cityofboardman.com/
cityofdufur.org,Dufur,Dufur,OR,City,Q2591630,http://www.cityofdufur.org/
cityofathena.com,Athena,Athena,OR,City,Q2596206,http://cityofathena.com/
durham-oregon.us,Durham,Durham,OR,City,Q2598586,https://durham-oregon.us/
cityofcanyonville.com,Canyonville,Canyonville,OR,City,Q2622557,http://www.cityofcanyonville.com/
ci.sherwood.or.us,Sherwood,Sherwood,OR,City,Q2639776,http://www.ci.sherwood.or.us
cityofrogueriver.com,Rogue River,Rogue River,OR,City,Q2650126,http://www.cityofrogueriver.com
cityofeaglepoint.org,Eagle Point,Eagle Point,OR,City,Q2662130,http://www.cityofeaglepoint.org
ci.mill-city.or.us,Mill City,Mill City,OR,City,Q2684596,http://www.ci.mill-city.or.us
cityoftangent.org,Tangent,Tangent,OR,City,Q2703756,http://www.cityoftangent.org
cityofjordanvalley.com,Jordan Valley,Jordan Valley,OR,City,Q2717205,http://www.cityofjordanvalley.com
josephoregon.org,Joseph,Joseph,OR,City,Q2729524,http://www.josephoregon.org/
sos.oregon.gov,Richland,Richland,OR,City,Q2739134,https://sos.oregon.gov/blue-book/Pages/local/cities/l-r/richland.aspx
cityofdrain.org,Drain,Drain,OR,City,Q2752108,http://www.cityofdrain.org/
cityofmaupin.org,Maupin,Maupin,OR,City,Q2753179,http://cityofmaupin.org/
ci.scappoose.or.us,Scappoose,Scappoose,OR,City,Q2773268,https://www.ci.scappoose.or.us/
ci.wheeler.or.us,Wheeler,Wheeler,OR,City,Q2780129,http://ci.wheeler.or.us
cityofrivergrove.org,Rivergrove,Rivergrove,OR,City,Q2793127,https://www.cityofrivergrove.org
ci.scio.or.us,Scio,Scio,OR,City,Q2796220,http://ci.scio.or.us/home%20page.htm
umatilla-city.org,Umatilla,Umatilla,OR,City,Q2862516,http://www.umatilla-city.org/
oaklandoregon.org,Oakland,Oakland,OR,City,Q3013252,http://www.oaklandoregon.org/
dunescity.com,Dunes City,Dunes City,OR,City,Q3021148,http://www.dunescity.com
cityofelginor.org,Elgin,Elgin,OR,City,Q3050890,http://www.cityofelginor.org/
ci.goldhill.or.us,Gold Hill,Gold Hill,OR,City,Q3109513,http://www.ci.goldhill.or.us
reedsport.or.us,Reedsport,Reedsport,OR,City,Q3285866,http://www.reedsport.or.us
mitchelloregon.us,Mitchell,Mitchell,OR,City,Q3296990,http://www.mitchelloregon.us
chiloquin.com,Chiloquin,Chiloquin,OR,City,Q3376588,http://www.chiloquin.com/city.html
winstonoregon.net,Winston,Winston,OR,City,Q3458875,http://www.winstonoregon.net/
prairiecityoregon.com,Prairie City,Prairie City,OR,City,Q3458885,http://www.prairiecityoregon.com/
rufuscityhall.com,Rufus,Rufus,OR,City,Q3458899,https://rufuscityhall.com/
cityofculver.net,Culver,Culver,OR,City,Q3458905,http://www.cityofculver.net/
ci.harrisburg.or.us,Harrisburg,Harrisburg,OR,City,Q3458906,http://ci.harrisburg.or.us
cityofgaston.com,Gaston,Gaston,OR,City,Q3458912,http://www.cityofgaston.com
shadycove.org,Shady Cove,Shady Cove,OR,City,Q3458923,https://shadycove.org/
elkton-oregon.com,Elkton,Elkton,OR,City,Q3458931,http://www.elkton-oregon.com/
angelfire.com,Monument,Monument,OR,City,Q3458939,http://www.angelfire.com/or2/Monument/
stpauloregon.org,St. Paul,St. Paul,OR,City,Q3476550,https://www.stpauloregon.org/
ci.king-city.or.us,King City,King City,OR,City,Q3619808,https://www.ci.king-city.or.us/
ashland.k12.or.us,Ashland School District No. 5,Ashland School District No. 5,OR,City,Q4805271,http://www.ashland.k12.or.us/
astoria.k12.or.us,Astoria School District No. 1,Astoria School District No. 1,OR,City,Q4811117,http://www.astoria.k12.or.us/
athwest.k12.or.us,Athena-Weston School District No. 29RJ,Athena-Weston School District No. 29RJ,OR,City,Q4813385,http://www.athwest.k12.or.us/
bend.k12.or.us,Bend-La Pine Administrative School District No. 1,Bend-La Pine Administrative School District No. 1,OR,City,Q4886972,https://www.bend.k12.or.us/
canby.k12.or.us,Canby School District No. 86,Canby School District No. 86,OR,City,Q5031307,http://www.canby.k12.or.us/
ccsd.k12.or.us,Central Curry School District No. 1,Central Curry School District No. 1,OR,City,Q5060679,http://www.ccsd.k12.or.us/
csd.k12.or.us,Clatskanie School District No. 6J,Clatskanie School District No. 6J,OR,City,Q5128591,http://www.csd.k12.or.us/
cbd9.net,Coos Bay School District No. 9,Coos Bay School District No. 9,OR,City,Q5168064,https://www.cbd9.net/
coquille.k12.or.us,Coquille School District No. 8,Coquille School District No. 8,OR,City,Q5169329,http://www.coquille.k12.or.us/
csd509j.net,Corvallis School District No. 509J,Corvallis School District No. 509J,OR,City,Q5173442,https://www.csd509j.net/
dufur.k12.or.us,Dufur School District No. 29,Dufur School District No. 29,OR,City,Q5312428,http://www.dufur.k12.or.us/
gladstone.k12.or.us,Gladstone School District No. 115,Gladstone School District No. 115,OR,City,Q5566354,http://www.gladstone.k12.or.us
losdschools.org,Lake Oswego School District No. 7J,Lake Oswego School District No. 7J,OR,City,Q6477244,https://www.losdschools.org
nbend.k12.or.us,North Bend School District No. 13,North Bend School District No. 13,OR,City,Q7054145,http://www.nbend.k12.or.us/
nclack.k12.or.us,North Clackamas School District No. 12,North Clackamas School District No. 12,OR,City,Q7054828,https://www.nclack.k12.or.us/
ocsd62.org,Oregon City School District No. 62,Oregon City School District No. 62,OR,City,Q7101129,https://www.ocsd62.org/
oregontrailschools.com,Oregon Trail School District No. 46,Oregon Trail School District No. 46,OR,City,Q7101414,https://oregontrailschools.com/
philomathsd.net,Philomath School District No. 17J,Philomath School District No. 17J,OR,City,Q7186107,https://www.philomathsd.net/
redmondschools.org,Redmond School District No. 2J,Redmond School District No. 2J,OR,City,Q7306131,https://redmondschools.org/
roseburg.k12.or.us,Roseburg School District No. 4,Roseburg School District No. 4,OR,City,Q7368117,http://www.roseburg.k12.or.us/
sthelens.k12.or.us,St. Helens School District No. 502,St. Helens School District No. 502,OR,City,Q7588324,https://www.sthelens.k12.or.us/
wlwv.k12.or.us,West Linn–Wilsonville School District No. 3J,West Linn–Wilsonville School District No. 3J,OR,City,Q7985769,https://www.wlwv.k12.or.us/
molallariv.k12.or.us,Molalla River School District No. 35,Molalla River School District No. 35,OR,City,Q17022350,http://www.molallariv.k12.or.us/
vernonia.k12.or.us,Vernonia School District No. 47J,Vernonia School District No. 47J,OR,City,Q19600120,http://www.vernonia.k12.or.us/
amity.k12.or.us,Amity School District No. 4J,Amity School District No. 4J,OR,City,Q64590605,https://amity.k12.or.us/
baker5j.org,Baker School District No. 5J,Baker School District No. 5J,OR,City,Q65759003,http://www.baker5j.org/
burntriver.k12.or.us,Burnt River School District No. 30J,Burnt River School District No. 30J,OR,City,Q65760000,https://burntriver.k12.or.us/
huntington.k12.or.us,Huntington School District No. 16J,Huntington School District No. 16J,OR,City,Q65760214,https://huntington.k12.or.us/
pineeaglesd.org,Pine Eagle School District No. 61,Pine Eagle School District No. 61,OR,City,Q65760449,http://www.pineeaglesd.org/
alsea.k12.or.us,Alsea School District No. 7J,Alsea School District No. 7J,OR,City,Q65760994,http://alsea.k12.or.us/
monroe.k12.or.us,Monroe School District No. 1J,Monroe School District No. 1J,OR,City,Q65761830,http://monroe.k12.or.us/
colton.k12.or.us,Colton School District No. 53,Colton School District No. 53,OR,City,Q65762623,https://www.colton.k12.or.us/
estacada.k12.or.us,Estacada School District No. 108,Estacada School District No. 108,OR,City,Q65762751,http://www.estacada.k12.or.us/
jewell.k12.or.us,Jewell School District No. 8,Jewell School District No. 8,OR,City,Q66661638,http://www.jewell.k12.or.us/
seaside.k12.or.us,Seaside School District No. 10,Seaside School District No. 10,OR,City,Q66661684,http://www.seaside.k12.or.us/
warrentonschools.com,Warrenton–Hammond School District No. 30,Warrenton–Hammond School District No. 30,OR,City,Q66661709,https://www.warrentonschools.com/
rainier.k12.or.us,Rainier School District No. 13,Rainier School District No. 13,OR,City,Q66666314,http://www.rainier.k12.or.us/
scappoosek12.org,Scappoose School District No. 1J,Scappoose School District No. 1J,OR,City,Q66669396,https://www.scappoosek12.org/
bandon.k12.or.us,Bandon School District No. 54,Bandon School District No. 54,OR,City,Q66764440,http://www.bandon.k12.or.us/
mpsd.k12.or.us,Myrtle Point School District No. 41,Myrtle Point School District No. 41,OR,City,Q66985619,https://www.mpsd.k12.or.us/
powersschools.com,Powers School District No. 31,Powers School District No. 31,OR,City,Q66986187,https://www.powersschools.com/
2cj.com,Port Orford-Langlois School District No. 2CJ,Port Orford-Langlois School District No. 2CJ,OR,City,Q67037196,https://www.2cj.com/
ssd6.org,Sisters School District No. 6,Sisters School District No. 6,OR,City,Q67161955,http://ssd6.org/
camasvalley.k12.or.us,Camas Valley School District No. 21J,Camas Valley School District No. 21J,OR,City,Q67162154,http://www.camasvalley.k12.or.us/
dayscreek.k12.or.us,Douglas County School District No. 15,Douglas County School District No. 15,OR,City,Q67162456,https://www.dayscreek.k12.or.us/
mcraega.org,McRae,McRae,GA,City,Q1282939,http://mcraega.org/
townofmadison.wordpress.com,Madison,Madison,WI,City,Q6727859,https://townofmadison.wordpress.com/
townofparadise.com,Paradise,Paradise,CA,City,Q387183,http://www.townofparadise.com
townoftruckee.com,Truckee,Truckee,CA,City,Q506402,https://www.townoftruckee.com
ci.moraga.ca.us,Moraga,Moraga,CA,City,Q594122,http://www.ci.moraga.ca.us
applevalley.org,Apple Valley,Apple Valley,CA,City,Q621372,http://www.applevalley.org
yucca-valley.org,Yucca Valley,Yucca Valley,CA,City,Q862684,https://www.yucca-valley.org/
losaltoshills.ca.gov,Los Altos Hills,Los Altos Hills,CA,City,Q868677,http://www.losaltoshills.ca.gov
ci.mammoth-lakes.ca.us,Mammoth Lakes,Mammoth Lakes,CA,City,Q983604,http://www.ci.mammoth-lakes.ca.us
woodsidetown.org,Woodside,Woodside,CA,City,Q984177,https://www.woodsidetown.org/
townofsananselmo.org,San Anselmo,San Anselmo,CA,City,Q984597,http://townofsananselmo.org
townoftiburon.org,Tiburon,Tiburon,CA,City,Q984603,http://www.townoftiburon.org
ci.corte-madera.ca.us,Corte Madera,Corte Madera,CA,City,Q985266,http://www.ci.corte-madera.ca.us/index.html
colma.ca.gov,Colma,Colma,CA,City,Q987296,http://www.colma.ca.gov
portolavalley.net,Portola Valley,Portola Valley,CA,City,Q1011116,http://www.portolavalley.net
hillsborough.net,Hillsborough,Hillsborough,CA,City,Q1011171,https://www.hillsborough.net/
thisisindiana.org,Corydon,Corydon,IN,City,Q1196479,http://www.thisisindiana.org/
sheridan.org,Sheridan,Sheridan,IN,City,Q1573441,http://www.sheridan.org/
townofsantaclaus.com,Santa Claus,Santa Claus,IN,City,Q1856420,http://www.townofsantaclaus.com/
ashley.in.gov,Ashley,Ashley,IN,City,Q2064860,http://ashley.in.gov/
townoffairfax.org,Fairfax,Fairfax,CA,City,Q2108879,https://www.townoffairfax.org/
townofmarkleville.us,Markleville,Markleville,IN,City,Q2208176,http://www.townofmarkleville.us/
jamestownin.com,Jamestown,Jamestown,IN,City,Q2407123,http://jamestownin.com/default.aspx
edinburgh.in.us,Edinburgh,Edinburgh,IN,City,Q2617448,http://www.edinburgh.in.us
townofross.org,Ross,Ross,CA,City,Q2747056,http://www.townofross.org
townofyountville.com,Yountville,Yountville,CA,City,Q2781893,http://www.townofyountville.com
loomis.ca.gov,Loomis,Loomis,CA,City,Q2835325,http://www.loomis.ca.gov
ci.atherton.ca.us,Atherton,Atherton,CA,City,Q2869080,http://www.ci.atherton.ca.us
townofconverse.com,Converse,Converse,IN,City,Q3293373,http://www.townofconverse.com
waynetown.net,Waynetown,Waynetown,IN,City,Q3299844,http://www.waynetown.net/
otterbein.in.gov,Otterbein,Otterbein,IN,City,Q3306676,http://otterbein.in.gov/
cityoflakegeneva.com,Lake Geneva,Lake Geneva,WI,City,Q82230,https://www.cityoflakegeneva.com
ci.altoona.wi.us,Altoona,Altoona,WI,City,Q444199,http://www.ci.altoona.wi.us/
cityofsheboyganfalls.com,Sheboygan Falls,Sheboygan Falls,WI,City,Q521280,https://www.cityofsheboyganfalls.com/
clintonvillewi.org,Clintonville,Clintonville,WI,City,Q645222,http://clintonvillewi.org/
ci.newholstein.wi.gov,New Holstein,New Holstein,WI,City,Q648714,http://ci.newholstein.wi.gov/
cityhoriconwi.us,Horicon,Horicon,WI,City,Q767576,http://cityhoriconwi.us/
boscobelwisconsin.com,Boscobel,Boscobel,WI,City,Q798640,http://www.boscobelwisconsin.com/
citywd.org,Wisconsin Dells,Wisconsin Dells,WI,City,Q913413,https://www.citywd.org
ci.brillion.wi.us,Brillion,Brillion,WI,City,Q917222,http://www.ci.brillion.wi.us/
omro-wi.com,Omro,Omro,WI,City,Q921862,http://omro-wi.com
two-rivers.org,Two Rivers,Two Rivers,WI,City,Q957313,http://www.two-rivers.org
ci.peshtigo.wi.us,Peshtigo,Peshtigo,WI,City,Q1017578,https://ci.peshtigo.wi.us/
platteville.org,Platteville,Platteville,WI,City,Q1023529,http://www.platteville.org/
cityofripon.com,Ripon,Ripon,WI,City,Q1025333,https://www.cityofripon.com
fennimore.com,Fennimore,Fennimore,WI,City,Q1404789,http://www.fennimore.com/
rfcity.org,River Falls,River Falls,WI,City,Q1569304,http://www.rfcity.org/
ci.milton.wi.us,Milton,Milton,WI,City,Q1569325,http://www.ci.milton.wi.us/
independencewi.org,Independence,Independence,WI,City,Q1569356,http://www.independencewi.org/
ci.hartford.wi.us,Hartford,Hartford,WI,City,Q1569368,http://www.ci.hartford.wi.us/
cityofnewlisbon.com,New Lisbon,New Lisbon,WI,City,Q1569375,https://cityofnewlisbon.com/
mellenwi.com,Mellen,Mellen,WI,City,Q1569383,http://www.mellenwi.com/
amerywisconsin.org,Amery,Amery,WI,City,Q1569395,http://www.amerywisconsin.org
cityofnekoosa.org,Nekoosa,Nekoosa,WI,City,Q1569409,http://www.cityofnekoosa.org/index.php
cityofspooner.org,Spooner,Spooner,WI,City,Q1569418,http://www.cityofspooner.org/cms/
glenwoodcitywi.com,Glenwood City,Glenwood City,WI,City,Q1569427,http://glenwoodcitywi.com/
cityofsunprairie.com,Sun Prairie,Sun Prairie,WI,City,Q1569489,http://www.cityofsunprairie.com
cityofbethel.org,Bethel,Bethel,AK,City,Q80022,http://www.cityofbethel.org/
cityofnenana.com,Nenana,Nenana,AK,City,Q80058,https://www.cityofnenana.com/
stgeorgealaska.com,St. George,St. George,AK,City,Q79363,http://www.stgeorgealaska.com/index.asp
adak-ak.us,Adak,Adak,AK,City,Q79371,http://www.adak-ak.us/
cityoflodi.us,Lodi,Lodi,WI,City,Q1569446,http://www.cityoflodi.us
algomacity.org,Algoma,Algoma,WI,City,Q1569498,http://www.algomacity.org/
cityofniagara.org,Niagara,Niagara,WI,City,Q1569510,https://www.cityofniagara.org/
ci.verona.wi.us,Verona,Verona,WI,City,Q1569520,http://www.ci.verona.wi.us
glendale-wi.org,Glendale,Glendale,WI,City,Q1569527,http://www.glendale-wi.org
cityofonalaska.com,Onalaska,Onalaska,WI,City,Q1569538,http://www.cityofonalaska.com/
ci.ocontofalls.wi.us,Oconto Falls,Oconto Falls,WI,City,Q1569548,http://www.ci.ocontofalls.wi.us
cityoffoxlake.org,Fox Lake,Fox Lake,WI,City,Q1569716,http://cityoffoxlake.org/
cityofcornell.com,Cornell,Cornell,WI,City,Q1569729,http://cityofcornell.com/
cityofosseo.us,Osseo,Osseo,WI,City,Q1569748,http://www.cityofosseo.us/
ci.marshfield.wi.us,Marshfield,Marshfield,WI,City,Q1569760,http://ci.marshfield.wi.us/
cityofmarshfieldwi.gov,Marshfield,Marshfield,WI,City,Q1569760,https://cityofmarshfieldwi.gov/
cityofberlin.net,Berlin,Berlin,WI,City,Q1569850,http://cityofberlin.net/
newlondonwi.org,New London,New London,WI,City,Q1569868,http://www.newlondonwi.org
cubacity.org,Cuba City,Cuba City,WI,City,Q1569875,http://cubacity.org
cityofedgerton.com,Edgerton,Edgerton,WI,City,Q1569885,http://www.cityofedgerton.com/
ci.evansville.wi.gov,Evansville,Evansville,WI,City,Q1569954,http://www.ci.evansville.wi.gov/
mineralpoint.com,Mineral Point,Mineral Point,WI,City,Q1569984,https://www.mineralpoint.com/
mymonona.com,Monona,Monona,WI,City,Q1569998,http://www.mymonona.com/
ci.rice-lake.wi.us,Rice Lake,Rice Lake,WI,City,Q1570007,http://www.ci.rice-lake.wi.us
tomahonline.com,Tomah,Tomah,WI,City,Q1570021,http://www.tomahonline.com
cityofcolumbuswi.com,Columbus,Columbus,WI,City,Q1570063,http://www.cityofcolumbuswi.com/
cityofcumberland.net,Cumberland,Cumberland,WI,City,Q1570109,http://www.cityofcumberland.net
ci.bloomer.wi.us,Bloomer,Bloomer,WI,City,Q1570143,http://ci.bloomer.wi.us/
cityofkaukauna.com,Kaukauna,Kaukauna,WI,City,Q1570157,http://www.cityofkaukauna.com/
cityofwaupun.org,Waupun,Waupun,WI,City,Q1570163,http://www.cityofwaupun.org
mosinee.wi.us,Mosinee,Mosinee,WI,City,Q1570170,http://mosinee.wi.us
cityofdelafield.com,Delafield,Delafield,WI,City,Q1570178,http://www.cityofdelafield.com
ci.lake-mills.wi.us,Lake Mills,Lake Mills,WI,City,Q1570186,http://www.ci.lake-mills.wi.us/
ci.delavan.wi.us,Delavan,Delavan,WI,City,Q1570241,http://www.ci.delavan.wi.us/
hillsborowi.com,Hillsboro,Hillsboro,WI,City,Q1570251,http://www.hillsborowi.com/
fortatkinsonwi.net,Fort Atkinson,Fort Atkinson,WI,City,Q1570350,http://www.fortatkinsonwi.net
ci.stoughton.wi.us,Stoughton,Stoughton,WI,City,Q1570402,http://ci.stoughton.wi.us
ci.kiel.wi.us,Kiel,Kiel,WI,City,Q1570473,http://ci.kiel.wi.us/
ci.whitewater.wi.us,Whitewater,Whitewater,WI,City,Q1570484,http://www.ci.whitewater.wi.us
cityofarcadiawi.org,Arcadia,Arcadia,WI,City,Q1570504,http://www.cityofarcadiawi.org/
ci.abbotsford.wi.us,Abbotsford,Abbotsford,WI,City,Q1570511,http://www.ci.abbotsford.wi.us/
seymour.govoffice.com,Seymour,Seymour,WI,City,Q1570564,http://www.seymour.govoffice.com/
cityofbeaverdam.com,Beaver Dam,Beaver Dam,WI,City,Q1570610,https://www.cityofbeaverdam.com
cityofmenasha-wi.gov,Menasha,Menasha,WI,City,Q1570626,http://www.cityofmenasha-wi.gov
ci.middleton.wi.us,Middleton,Middleton,WI,City,Q1570640,http://ci.middleton.wi.us/
cityofpewaukee.us,Pewaukee,Pewaukee,WI,City,Q1992191,http://www.cityofpewaukee.us
stfranciswi.org,St. Francis,St. Francis,WI,City,Q2001652,http://www.stfranciswi.org
cityofstcroixfalls.com,St. Croix Falls,St. Croix Falls,WI,City,Q3470469,http://www.cityofstcroixfalls.com/
cityofmcgrath.org,McGrath,McGrath,AK,City,Q79574,https://cityofmcgrath.org/
cityofsalemin.com,Salem,Salem,IN,City,Q931178,http://www.cityofsalemin.com/
ci.galena.ak.us,Galena,Galena,AK,City,Q79737,http://www.ci.galena.ak.us/
ci.unalaska.ak.us,Unalaska,Unalaska,AK,City,Q79982,https://www.ci.unalaska.ak.us
commerce.alaska.gov,Atka,Atka,AK,City,Q748556,https://www.commerce.alaska.gov/dcra/DCRAExternal/community/Details/1416bd82-ae8b-413c-a12c-5c56c233e3e3
cityofoxford.org,Oxford,Oxford,OH,City,Q990940,http://www.cityofoxford.org/
cityofkinloch.org:80,Kinloch,Kinloch,MO,City,Q958579,http://www.cityofkinloch.org:80/
cityofcarmi.com,Carmi,Carmi,IL,City,Q574889,http://www.cityofcarmi.com/
byron.govoffice.com,Byron,Byron,IL,City,Q575646,http://byron.govoffice.com/
lawrenceburg-in.com,Lawrenceburg,Lawrenceburg,IN,City,Q1026789,http://lawrenceburg-in.com/
boonegov.com,Boone,Boone,IA,City,Q1898112,http://www.boonegov.com/
lebanon.mykansaslibrary.org,Lebanon,Lebanon,KS,City,Q1012298,http://lebanon.mykansaslibrary.org/
grangeriowa.org,Granger,Granger,IA,City,Q1922586,https://www.grangeriowa.org/
yorkcitysc.com:80,York,York,SC,City,Q2076202,http://www.yorkcitysc.com:80/
ontarioohio.org,Ontario,Ontario,OH,City,Q2233872,http://www.ontarioohio.org/
petersburg.in.gov,Petersburg,Petersburg,IN,City,Q2304224,http://www.petersburg.in.gov
ridgeside.net,Ridgeside,Ridgeside,TN,City,Q3048801,http://www.ridgeside.net
cityofdurantiowa.com,Durant,Durant,IA,City,Q1933124,https://cityofdurantiowa.com/
madridiowa.com,Madrid,Madrid,IA,City,Q1934324,http://www.madridiowa.com
cityofcorningia.com,Corning,Corning,IA,City,Q1986523,https://www.cityofcorningia.com/
